start experiment=cifar100_resnet20_re_author_code seed=1001
epoch=1/300 lr=0.10000 train_acc=7.07 test_acc=10.95
epoch=2/300 lr=0.10000 train_acc=13.31 test_acc=14.89
epoch=3/300 lr=0.10000 train_acc=19.17 test_acc=19.43
epoch=4/300 lr=0.10000 train_acc=24.51 test_acc=22.92
epoch=5/300 lr=0.10000 train_acc=28.06 test_acc=23.49
epoch=6/300 lr=0.10000 train_acc=31.07 test_acc=30.50
epoch=7/300 lr=0.10000 train_acc=33.96 test_acc=34.93
epoch=8/300 lr=0.10000 train_acc=36.31 test_acc=36.51
epoch=9/300 lr=0.10000 train_acc=37.84 test_acc=36.86
epoch=10/300 lr=0.10000 train_acc=39.19 test_acc=33.29
epoch=11/300 lr=0.10000 train_acc=40.60 test_acc=37.84
epoch=12/300 lr=0.10000 train_acc=41.65 test_acc=41.67
epoch=13/300 lr=0.10000 train_acc=41.94 test_acc=37.20
epoch=14/300 lr=0.10000 train_acc=42.73 test_acc=39.85
epoch=15/300 lr=0.10000 train_acc=43.58 test_acc=40.61
epoch=16/300 lr=0.10000 train_acc=43.63 test_acc=43.51
epoch=17/300 lr=0.10000 train_acc=44.63 test_acc=38.94
epoch=18/300 lr=0.10000 train_acc=44.80 test_acc=39.69
epoch=19/300 lr=0.10000 train_acc=45.33 test_acc=39.37
epoch=20/300 lr=0.10000 train_acc=45.44 test_acc=39.67
epoch=21/300 lr=0.10000 train_acc=45.51 test_acc=40.08
epoch=22/300 lr=0.10000 train_acc=46.41 test_acc=43.13
epoch=23/300 lr=0.10000 train_acc=46.27 test_acc=44.35
epoch=24/300 lr=0.10000 train_acc=46.47 test_acc=39.84
epoch=25/300 lr=0.10000 train_acc=46.45 test_acc=41.23
epoch=26/300 lr=0.10000 train_acc=46.74 test_acc=41.01
epoch=27/300 lr=0.10000 train_acc=47.15 test_acc=40.58
epoch=28/300 lr=0.10000 train_acc=46.93 test_acc=40.22
epoch=29/300 lr=0.10000 train_acc=47.28 test_acc=39.71
epoch=30/300 lr=0.10000 train_acc=47.30 test_acc=40.52
epoch=31/300 lr=0.10000 train_acc=47.40 test_acc=41.81
epoch=32/300 lr=0.10000 train_acc=47.52 test_acc=43.76
epoch=33/300 lr=0.10000 train_acc=47.57 test_acc=43.87
epoch=34/300 lr=0.10000 train_acc=47.78 test_acc=42.12
epoch=35/300 lr=0.10000 train_acc=47.87 test_acc=46.86
epoch=36/300 lr=0.10000 train_acc=47.98 test_acc=47.33
epoch=37/300 lr=0.10000 train_acc=48.70 test_acc=42.85
epoch=38/300 lr=0.10000 train_acc=48.55 test_acc=44.18
epoch=39/300 lr=0.10000 train_acc=48.22 test_acc=43.97
epoch=40/300 lr=0.10000 train_acc=48.75 test_acc=45.95
epoch=41/300 lr=0.10000 train_acc=48.57 test_acc=47.42
epoch=42/300 lr=0.10000 train_acc=48.57 test_acc=35.06
epoch=43/300 lr=0.10000 train_acc=48.93 test_acc=42.00
epoch=44/300 lr=0.10000 train_acc=48.94 test_acc=46.91
epoch=45/300 lr=0.10000 train_acc=49.09 test_acc=44.25
epoch=46/300 lr=0.10000 train_acc=49.12 test_acc=41.34
epoch=47/300 lr=0.10000 train_acc=49.07 test_acc=43.06
epoch=48/300 lr=0.10000 train_acc=48.79 test_acc=42.69
epoch=49/300 lr=0.10000 train_acc=49.24 test_acc=47.82
epoch=50/300 lr=0.10000 train_acc=49.59 test_acc=43.79
epoch=51/300 lr=0.10000 train_acc=49.51 test_acc=43.13
epoch=52/300 lr=0.10000 train_acc=49.46 test_acc=40.73
epoch=53/300 lr=0.10000 train_acc=49.24 test_acc=45.94
epoch=54/300 lr=0.10000 train_acc=49.64 test_acc=45.49
epoch=55/300 lr=0.10000 train_acc=49.63 test_acc=44.49
epoch=56/300 lr=0.10000 train_acc=49.41 test_acc=41.25
epoch=57/300 lr=0.10000 train_acc=49.62 test_acc=46.29
epoch=58/300 lr=0.10000 train_acc=49.88 test_acc=44.97
epoch=59/300 lr=0.10000 train_acc=49.55 test_acc=46.57
epoch=60/300 lr=0.10000 train_acc=49.80 test_acc=47.73
epoch=61/300 lr=0.10000 train_acc=49.75 test_acc=46.50
epoch=62/300 lr=0.10000 train_acc=50.04 test_acc=44.66
epoch=63/300 lr=0.10000 train_acc=50.13 test_acc=46.57
epoch=64/300 lr=0.10000 train_acc=50.18 test_acc=41.78
epoch=65/300 lr=0.10000 train_acc=50.08 test_acc=41.33
epoch=66/300 lr=0.10000 train_acc=50.04 test_acc=46.71
epoch=67/300 lr=0.10000 train_acc=50.09 test_acc=45.80
epoch=68/300 lr=0.10000 train_acc=50.19 test_acc=46.93
epoch=69/300 lr=0.10000 train_acc=49.85 test_acc=43.83
epoch=70/300 lr=0.10000 train_acc=50.04 test_acc=45.12
epoch=71/300 lr=0.10000 train_acc=49.99 test_acc=43.05
epoch=72/300 lr=0.10000 train_acc=50.27 test_acc=43.36
epoch=73/300 lr=0.10000 train_acc=50.81 test_acc=46.90
epoch=74/300 lr=0.10000 train_acc=50.71 test_acc=47.35
epoch=75/300 lr=0.10000 train_acc=50.18 test_acc=48.55
epoch=76/300 lr=0.10000 train_acc=50.44 test_acc=42.52
epoch=77/300 lr=0.10000 train_acc=50.65 test_acc=45.33
epoch=78/300 lr=0.10000 train_acc=50.36 test_acc=47.18
epoch=79/300 lr=0.10000 train_acc=50.35 test_acc=48.24
epoch=80/300 lr=0.10000 train_acc=50.63 test_acc=44.85
epoch=81/300 lr=0.10000 train_acc=50.44 test_acc=46.50
epoch=82/300 lr=0.10000 train_acc=50.80 test_acc=45.91
epoch=83/300 lr=0.10000 train_acc=50.42 test_acc=46.23
epoch=84/300 lr=0.10000 train_acc=50.80 test_acc=47.29
epoch=85/300 lr=0.10000 train_acc=50.88 test_acc=45.53
epoch=86/300 lr=0.10000 train_acc=50.82 test_acc=46.57
epoch=87/300 lr=0.10000 train_acc=50.92 test_acc=42.39
epoch=88/300 lr=0.10000 train_acc=50.46 test_acc=46.67
epoch=89/300 lr=0.10000 train_acc=50.92 test_acc=45.77
epoch=90/300 lr=0.10000 train_acc=50.66 test_acc=49.47
epoch=91/300 lr=0.10000 train_acc=50.78 test_acc=48.20
epoch=92/300 lr=0.10000 train_acc=50.82 test_acc=46.15
epoch=93/300 lr=0.10000 train_acc=50.39 test_acc=48.08
epoch=94/300 lr=0.10000 train_acc=50.81 test_acc=44.89
epoch=95/300 lr=0.10000 train_acc=50.52 test_acc=48.80
epoch=96/300 lr=0.10000 train_acc=50.65 test_acc=47.43
epoch=97/300 lr=0.10000 train_acc=51.03 test_acc=48.23
epoch=98/300 lr=0.10000 train_acc=50.86 test_acc=43.75
epoch=99/300 lr=0.10000 train_acc=51.05 test_acc=46.05
epoch=100/300 lr=0.10000 train_acc=50.82 test_acc=47.91
epoch=101/300 lr=0.10000 train_acc=51.13 test_acc=42.99
epoch=102/300 lr=0.10000 train_acc=50.88 test_acc=45.51
epoch=103/300 lr=0.10000 train_acc=51.06 test_acc=44.01
epoch=104/300 lr=0.10000 train_acc=50.76 test_acc=48.01
epoch=105/300 lr=0.10000 train_acc=50.83 test_acc=45.94
epoch=106/300 lr=0.10000 train_acc=50.95 test_acc=42.91
epoch=107/300 lr=0.10000 train_acc=50.84 test_acc=51.22
epoch=108/300 lr=0.10000 train_acc=50.74 test_acc=45.02
epoch=109/300 lr=0.10000 train_acc=50.35 test_acc=44.31
epoch=110/300 lr=0.10000 train_acc=51.02 test_acc=46.13
epoch=111/300 lr=0.10000 train_acc=51.14 test_acc=48.07
epoch=112/300 lr=0.10000 train_acc=51.10 test_acc=46.15
epoch=113/300 lr=0.10000 train_acc=51.33 test_acc=45.30
epoch=114/300 lr=0.10000 train_acc=50.99 test_acc=45.54
epoch=115/300 lr=0.10000 train_acc=51.25 test_acc=45.23
epoch=116/300 lr=0.10000 train_acc=50.76 test_acc=41.16
epoch=117/300 lr=0.10000 train_acc=50.70 test_acc=49.41
epoch=118/300 lr=0.10000 train_acc=51.18 test_acc=44.32
epoch=119/300 lr=0.10000 train_acc=50.86 test_acc=47.25
epoch=120/300 lr=0.10000 train_acc=50.74 test_acc=46.34
epoch=121/300 lr=0.10000 train_acc=50.82 test_acc=44.95
epoch=122/300 lr=0.10000 train_acc=51.22 test_acc=45.88
epoch=123/300 lr=0.10000 train_acc=51.13 test_acc=45.67
epoch=124/300 lr=0.10000 train_acc=51.04 test_acc=41.46
epoch=125/300 lr=0.10000 train_acc=51.22 test_acc=44.40
epoch=126/300 lr=0.10000 train_acc=51.43 test_acc=48.88
epoch=127/300 lr=0.10000 train_acc=51.39 test_acc=48.01
epoch=128/300 lr=0.10000 train_acc=51.31 test_acc=42.74
epoch=129/300 lr=0.10000 train_acc=51.36 test_acc=44.10
epoch=130/300 lr=0.10000 train_acc=50.96 test_acc=46.37
epoch=131/300 lr=0.10000 train_acc=51.19 test_acc=46.38
epoch=132/300 lr=0.10000 train_acc=51.38 test_acc=47.80
epoch=133/300 lr=0.10000 train_acc=51.30 test_acc=46.21
epoch=134/300 lr=0.10000 train_acc=51.23 test_acc=45.75
epoch=135/300 lr=0.10000 train_acc=51.30 test_acc=49.14
epoch=136/300 lr=0.10000 train_acc=51.46 test_acc=44.05
epoch=137/300 lr=0.10000 train_acc=51.31 test_acc=49.03
epoch=138/300 lr=0.10000 train_acc=51.50 test_acc=44.38
epoch=139/300 lr=0.10000 train_acc=51.57 test_acc=50.00
epoch=140/300 lr=0.10000 train_acc=51.36 test_acc=45.40
epoch=141/300 lr=0.10000 train_acc=51.19 test_acc=46.39
epoch=142/300 lr=0.10000 train_acc=51.02 test_acc=49.22
epoch=143/300 lr=0.10000 train_acc=51.39 test_acc=44.65
epoch=144/300 lr=0.10000 train_acc=51.69 test_acc=46.89
epoch=145/300 lr=0.10000 train_acc=51.43 test_acc=48.18
epoch=146/300 lr=0.10000 train_acc=51.32 test_acc=35.79
epoch=147/300 lr=0.10000 train_acc=51.41 test_acc=43.81
epoch=148/300 lr=0.10000 train_acc=51.50 test_acc=44.99
epoch=149/300 lr=0.10000 train_acc=51.52 test_acc=46.96
epoch=150/300 lr=0.10000 train_acc=51.45 test_acc=46.46
epoch=151/300 lr=0.01000 train_acc=60.95 test_acc=63.70
epoch=152/300 lr=0.01000 train_acc=63.81 test_acc=64.55
epoch=153/300 lr=0.01000 train_acc=64.57 test_acc=65.07
epoch=154/300 lr=0.01000 train_acc=65.15 test_acc=65.44
epoch=155/300 lr=0.01000 train_acc=65.90 test_acc=65.15
epoch=156/300 lr=0.01000 train_acc=66.11 test_acc=65.46
epoch=157/300 lr=0.01000 train_acc=66.46 test_acc=65.53
epoch=158/300 lr=0.01000 train_acc=66.68 test_acc=66.46
epoch=159/300 lr=0.01000 train_acc=66.96 test_acc=65.90
epoch=160/300 lr=0.01000 train_acc=66.99 test_acc=65.49
epoch=161/300 lr=0.01000 train_acc=67.13 test_acc=65.65
epoch=162/300 lr=0.01000 train_acc=67.21 test_acc=66.01
epoch=163/300 lr=0.01000 train_acc=67.53 test_acc=65.70
epoch=164/300 lr=0.01000 train_acc=67.85 test_acc=65.82
epoch=165/300 lr=0.01000 train_acc=67.75 test_acc=65.38
epoch=166/300 lr=0.01000 train_acc=68.08 test_acc=65.72
epoch=167/300 lr=0.01000 train_acc=67.97 test_acc=65.34
epoch=168/300 lr=0.01000 train_acc=68.10 test_acc=65.21
epoch=169/300 lr=0.01000 train_acc=68.06 test_acc=65.79
epoch=170/300 lr=0.01000 train_acc=67.74 test_acc=65.96
epoch=171/300 lr=0.01000 train_acc=67.98 test_acc=64.69
epoch=172/300 lr=0.01000 train_acc=68.28 test_acc=65.14
epoch=173/300 lr=0.01000 train_acc=67.99 test_acc=66.03
epoch=174/300 lr=0.01000 train_acc=67.97 test_acc=65.66
epoch=175/300 lr=0.01000 train_acc=68.11 test_acc=65.46
epoch=176/300 lr=0.01000 train_acc=68.17 test_acc=65.00
epoch=177/300 lr=0.01000 train_acc=68.18 test_acc=63.88
epoch=178/300 lr=0.01000 train_acc=68.00 test_acc=64.86
epoch=179/300 lr=0.01000 train_acc=68.34 test_acc=63.64
epoch=180/300 lr=0.01000 train_acc=68.34 test_acc=64.83
epoch=181/300 lr=0.01000 train_acc=68.16 test_acc=65.41
epoch=182/300 lr=0.01000 train_acc=68.35 test_acc=64.24
epoch=183/300 lr=0.01000 train_acc=68.14 test_acc=64.50
epoch=184/300 lr=0.01000 train_acc=68.21 test_acc=64.38
epoch=185/300 lr=0.01000 train_acc=68.11 test_acc=65.10
epoch=186/300 lr=0.01000 train_acc=67.96 test_acc=64.67
epoch=187/300 lr=0.01000 train_acc=68.07 test_acc=64.49
epoch=188/300 lr=0.01000 train_acc=68.19 test_acc=63.08
epoch=189/300 lr=0.01000 train_acc=68.07 test_acc=65.19
epoch=190/300 lr=0.01000 train_acc=68.37 test_acc=64.51
epoch=191/300 lr=0.01000 train_acc=68.22 test_acc=62.63
epoch=192/300 lr=0.01000 train_acc=68.27 test_acc=64.22
epoch=193/300 lr=0.01000 train_acc=68.34 test_acc=65.25
epoch=194/300 lr=0.01000 train_acc=68.45 test_acc=64.30
epoch=195/300 lr=0.01000 train_acc=67.99 test_acc=63.77
epoch=196/300 lr=0.01000 train_acc=68.08 test_acc=63.67
epoch=197/300 lr=0.01000 train_acc=68.19 test_acc=63.94
epoch=198/300 lr=0.01000 train_acc=68.07 test_acc=63.44
epoch=199/300 lr=0.01000 train_acc=68.48 test_acc=62.91
epoch=200/300 lr=0.01000 train_acc=68.54 test_acc=64.80
epoch=201/300 lr=0.01000 train_acc=68.30 test_acc=64.26
epoch=202/300 lr=0.01000 train_acc=68.33 test_acc=63.65
epoch=203/300 lr=0.01000 train_acc=68.21 test_acc=64.44
epoch=204/300 lr=0.01000 train_acc=68.43 test_acc=64.21
epoch=205/300 lr=0.01000 train_acc=68.42 test_acc=63.16
epoch=206/300 lr=0.01000 train_acc=68.57 test_acc=63.37
epoch=207/300 lr=0.01000 train_acc=68.48 test_acc=64.87
epoch=208/300 lr=0.01000 train_acc=68.60 test_acc=64.02
epoch=209/300 lr=0.01000 train_acc=68.48 test_acc=63.98
epoch=210/300 lr=0.01000 train_acc=68.71 test_acc=63.67
epoch=211/300 lr=0.01000 train_acc=68.73 test_acc=63.36
epoch=212/300 lr=0.01000 train_acc=68.04 test_acc=64.00
epoch=213/300 lr=0.01000 train_acc=68.49 test_acc=63.06
epoch=214/300 lr=0.01000 train_acc=68.44 test_acc=64.41
epoch=215/300 lr=0.01000 train_acc=68.93 test_acc=64.25
epoch=216/300 lr=0.01000 train_acc=68.75 test_acc=64.30
epoch=217/300 lr=0.01000 train_acc=68.78 test_acc=64.97
epoch=218/300 lr=0.01000 train_acc=68.75 test_acc=64.96
epoch=219/300 lr=0.01000 train_acc=68.88 test_acc=62.56
epoch=220/300 lr=0.01000 train_acc=68.74 test_acc=64.01
epoch=221/300 lr=0.01000 train_acc=68.82 test_acc=62.00
epoch=222/300 lr=0.01000 train_acc=68.80 test_acc=63.05
epoch=223/300 lr=0.01000 train_acc=68.61 test_acc=64.53
epoch=224/300 lr=0.01000 train_acc=69.12 test_acc=62.27
epoch=225/300 lr=0.01000 train_acc=68.81 test_acc=63.36
epoch=226/300 lr=0.00100 train_acc=73.09 test_acc=68.74
epoch=227/300 lr=0.00100 train_acc=74.21 test_acc=69.33
epoch=228/300 lr=0.00100 train_acc=74.95 test_acc=69.30
epoch=229/300 lr=0.00100 train_acc=75.30 test_acc=69.47
epoch=230/300 lr=0.00100 train_acc=75.32 test_acc=69.68
epoch=231/300 lr=0.00100 train_acc=75.38 test_acc=69.31
epoch=232/300 lr=0.00100 train_acc=75.62 test_acc=69.46
epoch=233/300 lr=0.00100 train_acc=75.65 test_acc=69.72
epoch=234/300 lr=0.00100 train_acc=75.79 test_acc=69.55
epoch=235/300 lr=0.00100 train_acc=75.83 test_acc=69.47
epoch=236/300 lr=0.00100 train_acc=76.24 test_acc=69.75
epoch=237/300 lr=0.00100 train_acc=76.01 test_acc=69.68
epoch=238/300 lr=0.00100 train_acc=76.23 test_acc=69.59
epoch=239/300 lr=0.00100 train_acc=76.48 test_acc=69.64
epoch=240/300 lr=0.00100 train_acc=76.49 test_acc=69.76
epoch=241/300 lr=0.00100 train_acc=76.50 test_acc=69.81
epoch=242/300 lr=0.00100 train_acc=76.49 test_acc=70.08
epoch=243/300 lr=0.00100 train_acc=76.39 test_acc=69.63
epoch=244/300 lr=0.00100 train_acc=76.68 test_acc=70.11
epoch=245/300 lr=0.00100 train_acc=76.71 test_acc=69.96
epoch=246/300 lr=0.00100 train_acc=76.85 test_acc=69.75
epoch=247/300 lr=0.00100 train_acc=76.63 test_acc=69.77
epoch=248/300 lr=0.00100 train_acc=76.69 test_acc=69.88
epoch=249/300 lr=0.00100 train_acc=76.77 test_acc=69.73
epoch=250/300 lr=0.00100 train_acc=76.96 test_acc=69.84
epoch=251/300 lr=0.00100 train_acc=76.59 test_acc=69.99
epoch=252/300 lr=0.00100 train_acc=76.86 test_acc=69.70
epoch=253/300 lr=0.00100 train_acc=76.97 test_acc=69.54
epoch=254/300 lr=0.00100 train_acc=77.11 test_acc=69.94
epoch=255/300 lr=0.00100 train_acc=77.05 test_acc=69.51
epoch=256/300 lr=0.00100 train_acc=76.97 test_acc=69.64
epoch=257/300 lr=0.00100 train_acc=77.03 test_acc=70.03
epoch=258/300 lr=0.00100 train_acc=77.07 test_acc=69.92
epoch=259/300 lr=0.00100 train_acc=77.00 test_acc=69.91
epoch=260/300 lr=0.00100 train_acc=77.13 test_acc=69.60
epoch=261/300 lr=0.00100 train_acc=77.48 test_acc=69.70
epoch=262/300 lr=0.00100 train_acc=77.31 test_acc=69.95
epoch=263/300 lr=0.00100 train_acc=77.53 test_acc=69.39
epoch=264/300 lr=0.00100 train_acc=77.46 test_acc=69.91
epoch=265/300 lr=0.00100 train_acc=77.27 test_acc=70.02
epoch=266/300 lr=0.00100 train_acc=77.52 test_acc=69.71
epoch=267/300 lr=0.00100 train_acc=77.20 test_acc=69.92
epoch=268/300 lr=0.00100 train_acc=77.75 test_acc=69.87
epoch=269/300 lr=0.00100 train_acc=77.65 test_acc=69.75
epoch=270/300 lr=0.00100 train_acc=77.63 test_acc=69.48
epoch=271/300 lr=0.00100 train_acc=77.54 test_acc=69.55
epoch=272/300 lr=0.00100 train_acc=77.73 test_acc=69.45
epoch=273/300 lr=0.00100 train_acc=77.51 test_acc=69.82
epoch=274/300 lr=0.00100 train_acc=77.47 test_acc=69.41
epoch=275/300 lr=0.00100 train_acc=77.63 test_acc=69.67
epoch=276/300 lr=0.00100 train_acc=77.61 test_acc=69.64
epoch=277/300 lr=0.00100 train_acc=77.68 test_acc=69.48
epoch=278/300 lr=0.00100 train_acc=77.78 test_acc=69.21
epoch=279/300 lr=0.00100 train_acc=77.70 test_acc=69.70
epoch=280/300 lr=0.00100 train_acc=77.61 test_acc=70.07
epoch=281/300 lr=0.00100 train_acc=77.88 test_acc=69.61
epoch=282/300 lr=0.00100 train_acc=77.63 test_acc=69.75
epoch=283/300 lr=0.00100 train_acc=77.74 test_acc=69.72
epoch=284/300 lr=0.00100 train_acc=77.86 test_acc=69.59
epoch=285/300 lr=0.00100 train_acc=77.92 test_acc=69.49
epoch=286/300 lr=0.00100 train_acc=78.15 test_acc=69.50
epoch=287/300 lr=0.00100 train_acc=77.88 test_acc=69.39
epoch=288/300 lr=0.00100 train_acc=78.12 test_acc=69.66
epoch=289/300 lr=0.00100 train_acc=77.98 test_acc=69.71
epoch=290/300 lr=0.00100 train_acc=78.08 test_acc=69.55
epoch=291/300 lr=0.00100 train_acc=78.06 test_acc=69.51
epoch=292/300 lr=0.00100 train_acc=77.93 test_acc=69.23
epoch=293/300 lr=0.00100 train_acc=77.88 test_acc=69.43
epoch=294/300 lr=0.00100 train_acc=77.89 test_acc=69.23
epoch=295/300 lr=0.00100 train_acc=78.24 test_acc=69.17
epoch=296/300 lr=0.00100 train_acc=78.09 test_acc=69.55
epoch=297/300 lr=0.00100 train_acc=78.09 test_acc=69.24
epoch=298/300 lr=0.00100 train_acc=78.27 test_acc=69.57
epoch=299/300 lr=0.00100 train_acc=78.05 test_acc=69.40
epoch=300/300 lr=0.00100 train_acc=78.18 test_acc=69.26
{
  "best_accuracy": 70.11,
  "best_error_rate": 29.89,
  "final_accuracy": 69.26,
  "final_error_rate": 30.739999999999995,
  "elapsed_seconds": 1942.5054228305817,
  "is_paper_result": false,
  "note": "New reproduction result; compare against paper target separately."
}
start experiment=cifar100_resnet20_re_author_code seed=1002
epoch=1/300 lr=0.10000 train_acc=7.27 test_acc=11.75
epoch=2/300 lr=0.10000 train_acc=14.12 test_acc=15.37
epoch=3/300 lr=0.10000 train_acc=19.98 test_acc=23.43
epoch=4/300 lr=0.10000 train_acc=25.31 test_acc=21.42
epoch=5/300 lr=0.10000 train_acc=29.34 test_acc=26.10
epoch=6/300 lr=0.10000 train_acc=32.66 test_acc=29.98
epoch=7/300 lr=0.10000 train_acc=35.03 test_acc=32.19
epoch=8/300 lr=0.10000 train_acc=37.05 test_acc=34.76
epoch=9/300 lr=0.10000 train_acc=39.11 test_acc=33.24
epoch=10/300 lr=0.10000 train_acc=40.27 test_acc=36.90
epoch=11/300 lr=0.10000 train_acc=41.19 test_acc=42.33
epoch=12/300 lr=0.10000 train_acc=42.10 test_acc=39.12
epoch=13/300 lr=0.10000 train_acc=43.06 test_acc=39.94
epoch=14/300 lr=0.10000 train_acc=43.43 test_acc=38.24
epoch=15/300 lr=0.10000 train_acc=44.09 test_acc=40.53
epoch=16/300 lr=0.10000 train_acc=44.75 test_acc=40.36
epoch=17/300 lr=0.10000 train_acc=45.00 test_acc=41.95
epoch=18/300 lr=0.10000 train_acc=45.23 test_acc=39.15
epoch=19/300 lr=0.10000 train_acc=45.70 test_acc=44.58
epoch=20/300 lr=0.10000 train_acc=45.94 test_acc=39.60
epoch=21/300 lr=0.10000 train_acc=46.41 test_acc=38.31
epoch=22/300 lr=0.10000 train_acc=46.66 test_acc=45.66
epoch=23/300 lr=0.10000 train_acc=46.80 test_acc=42.34
epoch=24/300 lr=0.10000 train_acc=47.17 test_acc=46.21
epoch=25/300 lr=0.10000 train_acc=47.45 test_acc=44.04
epoch=26/300 lr=0.10000 train_acc=47.47 test_acc=39.67
epoch=27/300 lr=0.10000 train_acc=47.70 test_acc=45.69
epoch=28/300 lr=0.10000 train_acc=47.55 test_acc=46.54
epoch=29/300 lr=0.10000 train_acc=48.30 test_acc=45.61
epoch=30/300 lr=0.10000 train_acc=48.21 test_acc=43.03
epoch=31/300 lr=0.10000 train_acc=48.59 test_acc=39.93
epoch=32/300 lr=0.10000 train_acc=48.55 test_acc=46.47
epoch=33/300 lr=0.10000 train_acc=48.67 test_acc=45.79
epoch=34/300 lr=0.10000 train_acc=48.79 test_acc=40.42
epoch=35/300 lr=0.10000 train_acc=49.06 test_acc=42.36
epoch=36/300 lr=0.10000 train_acc=48.84 test_acc=46.68
epoch=37/300 lr=0.10000 train_acc=48.96 test_acc=46.73
epoch=38/300 lr=0.10000 train_acc=49.18 test_acc=44.18
epoch=39/300 lr=0.10000 train_acc=49.36 test_acc=43.64
epoch=40/300 lr=0.10000 train_acc=49.04 test_acc=40.97
epoch=41/300 lr=0.10000 train_acc=49.17 test_acc=44.51
epoch=42/300 lr=0.10000 train_acc=49.49 test_acc=41.80
epoch=43/300 lr=0.10000 train_acc=49.47 test_acc=45.14
epoch=44/300 lr=0.10000 train_acc=49.31 test_acc=43.31
epoch=45/300 lr=0.10000 train_acc=49.50 test_acc=46.22
epoch=46/300 lr=0.10000 train_acc=49.49 test_acc=47.04
epoch=47/300 lr=0.10000 train_acc=49.41 test_acc=48.55
epoch=48/300 lr=0.10000 train_acc=49.60 test_acc=46.06
epoch=49/300 lr=0.10000 train_acc=49.86 test_acc=41.94
epoch=50/300 lr=0.10000 train_acc=50.24 test_acc=45.31
epoch=51/300 lr=0.10000 train_acc=50.04 test_acc=46.72
epoch=52/300 lr=0.10000 train_acc=49.73 test_acc=49.47
epoch=53/300 lr=0.10000 train_acc=50.04 test_acc=43.71
epoch=54/300 lr=0.10000 train_acc=50.08 test_acc=42.41
epoch=55/300 lr=0.10000 train_acc=50.46 test_acc=44.94
epoch=56/300 lr=0.10000 train_acc=50.17 test_acc=44.76
epoch=57/300 lr=0.10000 train_acc=50.04 test_acc=44.02
epoch=58/300 lr=0.10000 train_acc=50.42 test_acc=39.56
epoch=59/300 lr=0.10000 train_acc=50.00 test_acc=44.18
epoch=60/300 lr=0.10000 train_acc=50.30 test_acc=39.70
epoch=61/300 lr=0.10000 train_acc=49.98 test_acc=43.22
epoch=62/300 lr=0.10000 train_acc=50.83 test_acc=45.92
epoch=63/300 lr=0.10000 train_acc=50.67 test_acc=48.49
epoch=64/300 lr=0.10000 train_acc=50.18 test_acc=40.35
epoch=65/300 lr=0.10000 train_acc=50.58 test_acc=40.57
epoch=66/300 lr=0.10000 train_acc=50.33 test_acc=44.59
epoch=67/300 lr=0.10000 train_acc=50.79 test_acc=44.60
epoch=68/300 lr=0.10000 train_acc=50.57 test_acc=47.32
epoch=69/300 lr=0.10000 train_acc=50.53 test_acc=44.13
epoch=70/300 lr=0.10000 train_acc=50.52 test_acc=44.19
epoch=71/300 lr=0.10000 train_acc=51.01 test_acc=47.35
epoch=72/300 lr=0.10000 train_acc=50.76 test_acc=46.57
epoch=73/300 lr=0.10000 train_acc=50.57 test_acc=45.96
epoch=74/300 lr=0.10000 train_acc=50.27 test_acc=46.63
epoch=75/300 lr=0.10000 train_acc=50.59 test_acc=44.02
epoch=76/300 lr=0.10000 train_acc=50.86 test_acc=40.78
epoch=77/300 lr=0.10000 train_acc=50.81 test_acc=44.42
epoch=78/300 lr=0.10000 train_acc=50.45 test_acc=46.50
epoch=79/300 lr=0.10000 train_acc=50.84 test_acc=48.83
epoch=80/300 lr=0.10000 train_acc=50.53 test_acc=44.33
epoch=81/300 lr=0.10000 train_acc=50.66 test_acc=44.39
epoch=82/300 lr=0.10000 train_acc=51.09 test_acc=46.34
epoch=83/300 lr=0.10000 train_acc=50.79 test_acc=48.53
epoch=84/300 lr=0.10000 train_acc=50.96 test_acc=45.62
epoch=85/300 lr=0.10000 train_acc=50.90 test_acc=42.63
epoch=86/300 lr=0.10000 train_acc=50.84 test_acc=48.39
epoch=87/300 lr=0.10000 train_acc=50.91 test_acc=48.55
epoch=88/300 lr=0.10000 train_acc=50.91 test_acc=47.44
epoch=89/300 lr=0.10000 train_acc=50.67 test_acc=50.43
epoch=90/300 lr=0.10000 train_acc=51.06 test_acc=49.03
epoch=91/300 lr=0.10000 train_acc=50.89 test_acc=48.17
epoch=92/300 lr=0.10000 train_acc=51.08 test_acc=44.84
epoch=93/300 lr=0.10000 train_acc=51.28 test_acc=42.10
epoch=94/300 lr=0.10000 train_acc=51.18 test_acc=44.66
epoch=95/300 lr=0.10000 train_acc=50.99 test_acc=48.35
epoch=96/300 lr=0.10000 train_acc=51.15 test_acc=47.67
epoch=97/300 lr=0.10000 train_acc=51.14 test_acc=48.30
epoch=98/300 lr=0.10000 train_acc=50.97 test_acc=47.74
epoch=99/300 lr=0.10000 train_acc=50.85 test_acc=46.76
epoch=100/300 lr=0.10000 train_acc=51.09 test_acc=49.42
epoch=101/300 lr=0.10000 train_acc=51.06 test_acc=45.31
epoch=102/300 lr=0.10000 train_acc=51.32 test_acc=46.63
epoch=103/300 lr=0.10000 train_acc=51.44 test_acc=45.92
epoch=104/300 lr=0.10000 train_acc=51.19 test_acc=45.46
epoch=105/300 lr=0.10000 train_acc=51.36 test_acc=46.57
epoch=106/300 lr=0.10000 train_acc=51.35 test_acc=43.88
epoch=107/300 lr=0.10000 train_acc=50.84 test_acc=45.97
epoch=108/300 lr=0.10000 train_acc=51.37 test_acc=46.31
epoch=109/300 lr=0.10000 train_acc=50.80 test_acc=47.04
epoch=110/300 lr=0.10000 train_acc=51.15 test_acc=49.03
epoch=111/300 lr=0.10000 train_acc=51.24 test_acc=46.16
epoch=112/300 lr=0.10000 train_acc=51.45 test_acc=45.83
epoch=113/300 lr=0.10000 train_acc=51.09 test_acc=47.30
epoch=114/300 lr=0.10000 train_acc=51.33 test_acc=45.76
epoch=115/300 lr=0.10000 train_acc=51.32 test_acc=47.98
epoch=116/300 lr=0.10000 train_acc=51.06 test_acc=41.44
epoch=117/300 lr=0.10000 train_acc=51.13 test_acc=48.16
epoch=118/300 lr=0.10000 train_acc=51.40 test_acc=47.47
epoch=119/300 lr=0.10000 train_acc=51.46 test_acc=45.15
epoch=120/300 lr=0.10000 train_acc=51.16 test_acc=40.78
epoch=121/300 lr=0.10000 train_acc=51.33 test_acc=48.10
epoch=122/300 lr=0.10000 train_acc=51.22 test_acc=48.91
epoch=123/300 lr=0.10000 train_acc=51.42 test_acc=49.64
epoch=124/300 lr=0.10000 train_acc=51.44 test_acc=41.30
epoch=125/300 lr=0.10000 train_acc=51.62 test_acc=47.71
epoch=126/300 lr=0.10000 train_acc=51.26 test_acc=46.13
epoch=127/300 lr=0.10000 train_acc=50.97 test_acc=45.89
epoch=128/300 lr=0.10000 train_acc=51.47 test_acc=44.51
epoch=129/300 lr=0.10000 train_acc=50.99 test_acc=41.99
epoch=130/300 lr=0.10000 train_acc=51.53 test_acc=46.72
epoch=131/300 lr=0.10000 train_acc=51.12 test_acc=48.90
epoch=132/300 lr=0.10000 train_acc=51.26 test_acc=50.06
epoch=133/300 lr=0.10000 train_acc=51.69 test_acc=46.67
epoch=134/300 lr=0.10000 train_acc=51.36 test_acc=47.51
epoch=135/300 lr=0.10000 train_acc=51.07 test_acc=48.38
epoch=136/300 lr=0.10000 train_acc=51.72 test_acc=48.34
epoch=137/300 lr=0.10000 train_acc=51.54 test_acc=50.12
epoch=138/300 lr=0.10000 train_acc=51.56 test_acc=46.73
epoch=139/300 lr=0.10000 train_acc=51.45 test_acc=46.94
epoch=140/300 lr=0.10000 train_acc=51.38 test_acc=45.46
epoch=141/300 lr=0.10000 train_acc=51.32 test_acc=47.42
epoch=142/300 lr=0.10000 train_acc=51.40 test_acc=47.53
epoch=143/300 lr=0.10000 train_acc=51.59 test_acc=46.31
epoch=144/300 lr=0.10000 train_acc=51.15 test_acc=50.05
epoch=145/300 lr=0.10000 train_acc=51.73 test_acc=47.15
epoch=146/300 lr=0.10000 train_acc=51.12 test_acc=48.65
epoch=147/300 lr=0.10000 train_acc=51.65 test_acc=42.05
epoch=148/300 lr=0.10000 train_acc=51.49 test_acc=49.28
epoch=149/300 lr=0.10000 train_acc=51.65 test_acc=46.28
epoch=150/300 lr=0.10000 train_acc=51.18 test_acc=43.45
epoch=151/300 lr=0.01000 train_acc=60.75 test_acc=63.81
epoch=152/300 lr=0.01000 train_acc=63.78 test_acc=64.23
epoch=153/300 lr=0.01000 train_acc=64.78 test_acc=64.99
epoch=154/300 lr=0.01000 train_acc=65.32 test_acc=65.47
epoch=155/300 lr=0.01000 train_acc=65.96 test_acc=65.14
epoch=156/300 lr=0.01000 train_acc=66.16 test_acc=65.80
epoch=157/300 lr=0.01000 train_acc=67.03 test_acc=66.18
epoch=158/300 lr=0.01000 train_acc=66.88 test_acc=65.72
epoch=159/300 lr=0.01000 train_acc=66.95 test_acc=66.46
epoch=160/300 lr=0.01000 train_acc=67.27 test_acc=66.55
epoch=161/300 lr=0.01000 train_acc=67.78 test_acc=65.97
epoch=162/300 lr=0.01000 train_acc=67.40 test_acc=65.80
epoch=163/300 lr=0.01000 train_acc=67.71 test_acc=65.99
epoch=164/300 lr=0.01000 train_acc=67.88 test_acc=65.83
epoch=165/300 lr=0.01000 train_acc=67.81 test_acc=65.96
epoch=166/300 lr=0.01000 train_acc=67.92 test_acc=65.78
epoch=167/300 lr=0.01000 train_acc=67.90 test_acc=65.18
epoch=168/300 lr=0.01000 train_acc=68.16 test_acc=64.86
epoch=169/300 lr=0.01000 train_acc=68.20 test_acc=65.57
epoch=170/300 lr=0.01000 train_acc=68.22 test_acc=65.48
epoch=171/300 lr=0.01000 train_acc=68.30 test_acc=66.29
epoch=172/300 lr=0.01000 train_acc=68.43 test_acc=65.66
epoch=173/300 lr=0.01000 train_acc=68.37 test_acc=65.70
epoch=174/300 lr=0.01000 train_acc=68.40 test_acc=65.48
epoch=175/300 lr=0.01000 train_acc=68.33 test_acc=65.45
epoch=176/300 lr=0.01000 train_acc=68.56 test_acc=64.20
epoch=177/300 lr=0.01000 train_acc=68.13 test_acc=64.87
epoch=178/300 lr=0.01000 train_acc=68.22 test_acc=65.46
epoch=179/300 lr=0.01000 train_acc=68.39 test_acc=63.95
epoch=180/300 lr=0.01000 train_acc=68.22 test_acc=65.19
epoch=181/300 lr=0.01000 train_acc=68.26 test_acc=64.67
epoch=182/300 lr=0.01000 train_acc=68.34 test_acc=64.48
epoch=183/300 lr=0.01000 train_acc=68.36 test_acc=65.68
epoch=184/300 lr=0.01000 train_acc=68.50 test_acc=63.36
epoch=185/300 lr=0.01000 train_acc=68.47 test_acc=65.28
epoch=186/300 lr=0.01000 train_acc=68.19 test_acc=63.98
epoch=187/300 lr=0.01000 train_acc=68.51 test_acc=63.99
epoch=188/300 lr=0.01000 train_acc=68.24 test_acc=65.14
epoch=189/300 lr=0.01000 train_acc=68.55 test_acc=64.49
epoch=190/300 lr=0.01000 train_acc=68.52 test_acc=65.03
epoch=191/300 lr=0.01000 train_acc=68.26 test_acc=64.81
epoch=192/300 lr=0.01000 train_acc=68.35 test_acc=64.63
epoch=193/300 lr=0.01000 train_acc=68.36 test_acc=65.62
epoch=194/300 lr=0.01000 train_acc=68.67 test_acc=63.83
epoch=195/300 lr=0.01000 train_acc=68.51 test_acc=64.35
epoch=196/300 lr=0.01000 train_acc=68.06 test_acc=64.90
epoch=197/300 lr=0.01000 train_acc=68.36 test_acc=64.66
epoch=198/300 lr=0.01000 train_acc=68.34 test_acc=64.76
epoch=199/300 lr=0.01000 train_acc=68.65 test_acc=64.13
epoch=200/300 lr=0.01000 train_acc=68.71 test_acc=63.75
epoch=201/300 lr=0.01000 train_acc=68.38 test_acc=63.96
epoch=202/300 lr=0.01000 train_acc=68.52 test_acc=63.39
epoch=203/300 lr=0.01000 train_acc=68.53 test_acc=65.20
epoch=204/300 lr=0.01000 train_acc=68.38 test_acc=62.93
epoch=205/300 lr=0.01000 train_acc=68.74 test_acc=64.41
epoch=206/300 lr=0.01000 train_acc=68.45 test_acc=64.34
epoch=207/300 lr=0.01000 train_acc=68.89 test_acc=65.62
epoch=208/300 lr=0.01000 train_acc=68.67 test_acc=64.28
epoch=209/300 lr=0.01000 train_acc=68.81 test_acc=65.19
epoch=210/300 lr=0.01000 train_acc=68.73 test_acc=64.16
epoch=211/300 lr=0.01000 train_acc=68.57 test_acc=63.14
epoch=212/300 lr=0.01000 train_acc=68.81 test_acc=64.15
epoch=213/300 lr=0.01000 train_acc=68.68 test_acc=64.32
epoch=214/300 lr=0.01000 train_acc=68.99 test_acc=63.20
epoch=215/300 lr=0.01000 train_acc=68.73 test_acc=64.25
epoch=216/300 lr=0.01000 train_acc=68.94 test_acc=64.74
epoch=217/300 lr=0.01000 train_acc=69.00 test_acc=63.90
epoch=218/300 lr=0.01000 train_acc=68.89 test_acc=64.61
epoch=219/300 lr=0.01000 train_acc=68.96 test_acc=64.46
epoch=220/300 lr=0.01000 train_acc=69.00 test_acc=64.38
epoch=221/300 lr=0.01000 train_acc=69.00 test_acc=64.24
epoch=222/300 lr=0.01000 train_acc=69.13 test_acc=63.89
epoch=223/300 lr=0.01000 train_acc=69.08 test_acc=64.03
epoch=224/300 lr=0.01000 train_acc=68.96 test_acc=63.63
epoch=225/300 lr=0.01000 train_acc=69.17 test_acc=64.58
epoch=226/300 lr=0.00100 train_acc=73.23 test_acc=68.87
epoch=227/300 lr=0.00100 train_acc=74.55 test_acc=69.21
epoch=228/300 lr=0.00100 train_acc=75.16 test_acc=69.16
epoch=229/300 lr=0.00100 train_acc=75.41 test_acc=69.30
epoch=230/300 lr=0.00100 train_acc=75.77 test_acc=69.55
epoch=231/300 lr=0.00100 train_acc=75.36 test_acc=69.86
epoch=232/300 lr=0.00100 train_acc=75.98 test_acc=69.67
epoch=233/300 lr=0.00100 train_acc=75.95 test_acc=69.65
epoch=234/300 lr=0.00100 train_acc=76.06 test_acc=69.61
epoch=235/300 lr=0.00100 train_acc=76.16 test_acc=69.72
epoch=236/300 lr=0.00100 train_acc=76.40 test_acc=69.72
epoch=237/300 lr=0.00100 train_acc=76.08 test_acc=69.80
epoch=238/300 lr=0.00100 train_acc=76.31 test_acc=69.82
epoch=239/300 lr=0.00100 train_acc=76.40 test_acc=69.91
epoch=240/300 lr=0.00100 train_acc=76.85 test_acc=69.89
epoch=241/300 lr=0.00100 train_acc=76.60 test_acc=70.04
epoch=242/300 lr=0.00100 train_acc=76.58 test_acc=69.77
epoch=243/300 lr=0.00100 train_acc=76.86 test_acc=69.85
epoch=244/300 lr=0.00100 train_acc=76.81 test_acc=69.63
epoch=245/300 lr=0.00100 train_acc=76.87 test_acc=69.79
epoch=246/300 lr=0.00100 train_acc=76.82 test_acc=69.95
epoch=247/300 lr=0.00100 train_acc=77.01 test_acc=69.75
epoch=248/300 lr=0.00100 train_acc=76.92 test_acc=69.91
epoch=249/300 lr=0.00100 train_acc=77.10 test_acc=69.89
epoch=250/300 lr=0.00100 train_acc=76.97 test_acc=69.76
epoch=251/300 lr=0.00100 train_acc=77.45 test_acc=70.00
epoch=252/300 lr=0.00100 train_acc=77.26 test_acc=69.93
epoch=253/300 lr=0.00100 train_acc=77.24 test_acc=69.84
epoch=254/300 lr=0.00100 train_acc=77.18 test_acc=69.88
epoch=255/300 lr=0.00100 train_acc=77.36 test_acc=69.93
epoch=256/300 lr=0.00100 train_acc=77.33 test_acc=69.74
epoch=257/300 lr=0.00100 train_acc=77.62 test_acc=69.76
epoch=258/300 lr=0.00100 train_acc=77.43 test_acc=69.80
epoch=259/300 lr=0.00100 train_acc=77.73 test_acc=69.86
epoch=260/300 lr=0.00100 train_acc=77.56 test_acc=69.71
epoch=261/300 lr=0.00100 train_acc=77.39 test_acc=69.90
epoch=262/300 lr=0.00100 train_acc=77.51 test_acc=69.62
epoch=263/300 lr=0.00100 train_acc=77.55 test_acc=69.81
epoch=264/300 lr=0.00100 train_acc=77.43 test_acc=69.53
epoch=265/300 lr=0.00100 train_acc=77.49 test_acc=69.86
epoch=266/300 lr=0.00100 train_acc=77.53 test_acc=69.84
epoch=267/300 lr=0.00100 train_acc=77.60 test_acc=69.53
epoch=268/300 lr=0.00100 train_acc=77.88 test_acc=69.70
epoch=269/300 lr=0.00100 train_acc=77.77 test_acc=69.92
epoch=270/300 lr=0.00100 train_acc=77.70 test_acc=69.68
epoch=271/300 lr=0.00100 train_acc=77.76 test_acc=69.92
epoch=272/300 lr=0.00100 train_acc=77.89 test_acc=69.61
epoch=273/300 lr=0.00100 train_acc=77.84 test_acc=70.04
epoch=274/300 lr=0.00100 train_acc=77.98 test_acc=70.23
epoch=275/300 lr=0.00100 train_acc=78.08 test_acc=69.88
epoch=276/300 lr=0.00100 train_acc=77.86 test_acc=69.99
epoch=277/300 lr=0.00100 train_acc=77.95 test_acc=70.01
epoch=278/300 lr=0.00100 train_acc=77.82 test_acc=69.58
epoch=279/300 lr=0.00100 train_acc=78.11 test_acc=70.15
epoch=280/300 lr=0.00100 train_acc=77.85 test_acc=70.00
epoch=281/300 lr=0.00100 train_acc=78.24 test_acc=69.58
epoch=282/300 lr=0.00100 train_acc=78.09 test_acc=69.94
epoch=283/300 lr=0.00100 train_acc=77.94 test_acc=69.48
epoch=284/300 lr=0.00100 train_acc=78.10 test_acc=69.57
epoch=285/300 lr=0.00100 train_acc=78.03 test_acc=69.91
epoch=286/300 lr=0.00100 train_acc=77.89 test_acc=69.54
epoch=287/300 lr=0.00100 train_acc=78.09 test_acc=69.56
epoch=288/300 lr=0.00100 train_acc=77.70 test_acc=69.48
epoch=289/300 lr=0.00100 train_acc=78.14 test_acc=69.49
epoch=290/300 lr=0.00100 train_acc=78.14 test_acc=69.52
epoch=291/300 lr=0.00100 train_acc=78.43 test_acc=69.59
epoch=292/300 lr=0.00100 train_acc=78.41 test_acc=69.44
epoch=293/300 lr=0.00100 train_acc=78.27 test_acc=69.44
epoch=294/300 lr=0.00100 train_acc=78.44 test_acc=69.64
epoch=295/300 lr=0.00100 train_acc=78.09 test_acc=69.74
epoch=296/300 lr=0.00100 train_acc=78.05 test_acc=69.14
epoch=297/300 lr=0.00100 train_acc=78.20 test_acc=69.63
epoch=298/300 lr=0.00100 train_acc=78.23 test_acc=69.40
epoch=299/300 lr=0.00100 train_acc=78.22 test_acc=69.61
epoch=300/300 lr=0.00100 train_acc=78.28 test_acc=69.54
{
  "best_accuracy": 70.23,
  "best_error_rate": 29.769999999999996,
  "final_accuracy": 69.54,
  "final_error_rate": 30.459999999999994,
  "elapsed_seconds": 1947.107450246811,
  "is_paper_result": false,
  "note": "New reproduction result; compare against paper target separately."
}
start experiment=cifar100_resnet20_re_author_code seed=1003
epoch=1/300 lr=0.10000 train_acc=7.19 test_acc=10.23
epoch=2/300 lr=0.10000 train_acc=13.60 test_acc=14.68
epoch=3/300 lr=0.10000 train_acc=20.03 test_acc=20.69
epoch=4/300 lr=0.10000 train_acc=24.98 test_acc=25.33
epoch=5/300 lr=0.10000 train_acc=28.91 test_acc=28.15
epoch=6/300 lr=0.10000 train_acc=32.30 test_acc=31.49
epoch=7/300 lr=0.10000 train_acc=34.60 test_acc=33.56
epoch=8/300 lr=0.10000 train_acc=37.04 test_acc=35.71
epoch=9/300 lr=0.10000 train_acc=38.43 test_acc=33.89
epoch=10/300 lr=0.10000 train_acc=39.96 test_acc=37.84
epoch=11/300 lr=0.10000 train_acc=41.41 test_acc=40.24
epoch=12/300 lr=0.10000 train_acc=42.00 test_acc=31.59
epoch=13/300 lr=0.10000 train_acc=42.57 test_acc=36.78
epoch=14/300 lr=0.10000 train_acc=43.29 test_acc=44.01
epoch=15/300 lr=0.10000 train_acc=44.39 test_acc=40.06
epoch=16/300 lr=0.10000 train_acc=44.53 test_acc=39.18
epoch=17/300 lr=0.10000 train_acc=45.05 test_acc=34.82
epoch=18/300 lr=0.10000 train_acc=45.23 test_acc=38.17
epoch=19/300 lr=0.10000 train_acc=45.51 test_acc=42.73
epoch=20/300 lr=0.10000 train_acc=45.79 test_acc=37.73
epoch=21/300 lr=0.10000 train_acc=45.91 test_acc=43.62
epoch=22/300 lr=0.10000 train_acc=46.37 test_acc=40.08
epoch=23/300 lr=0.10000 train_acc=46.48 test_acc=42.52
epoch=24/300 lr=0.10000 train_acc=46.80 test_acc=39.43
epoch=25/300 lr=0.10000 train_acc=47.00 test_acc=32.31
epoch=26/300 lr=0.10000 train_acc=47.20 test_acc=42.83
epoch=27/300 lr=0.10000 train_acc=47.42 test_acc=37.41
epoch=28/300 lr=0.10000 train_acc=47.60 test_acc=43.56
epoch=29/300 lr=0.10000 train_acc=47.77 test_acc=44.45
epoch=30/300 lr=0.10000 train_acc=48.24 test_acc=39.45
epoch=31/300 lr=0.10000 train_acc=48.07 test_acc=43.98
epoch=32/300 lr=0.10000 train_acc=48.21 test_acc=44.79
epoch=33/300 lr=0.10000 train_acc=48.43 test_acc=38.78
epoch=34/300 lr=0.10000 train_acc=48.22 test_acc=45.43
epoch=35/300 lr=0.10000 train_acc=48.15 test_acc=43.58
epoch=36/300 lr=0.10000 train_acc=48.41 test_acc=42.93
epoch=37/300 lr=0.10000 train_acc=48.69 test_acc=41.40
epoch=38/300 lr=0.10000 train_acc=48.51 test_acc=44.72
epoch=39/300 lr=0.10000 train_acc=48.74 test_acc=43.38
epoch=40/300 lr=0.10000 train_acc=48.70 test_acc=42.38
epoch=41/300 lr=0.10000 train_acc=48.92 test_acc=43.67
epoch=42/300 lr=0.10000 train_acc=49.10 test_acc=45.72
epoch=43/300 lr=0.10000 train_acc=48.90 test_acc=44.22
epoch=44/300 lr=0.10000 train_acc=48.90 test_acc=47.93
epoch=45/300 lr=0.10000 train_acc=49.18 test_acc=47.59
epoch=46/300 lr=0.10000 train_acc=49.14 test_acc=39.03
epoch=47/300 lr=0.10000 train_acc=49.29 test_acc=46.55
epoch=48/300 lr=0.10000 train_acc=48.92 test_acc=44.17
epoch=49/300 lr=0.10000 train_acc=49.53 test_acc=44.37
epoch=50/300 lr=0.10000 train_acc=49.65 test_acc=44.50
epoch=51/300 lr=0.10000 train_acc=49.47 test_acc=45.72
epoch=52/300 lr=0.10000 train_acc=49.32 test_acc=48.52
epoch=53/300 lr=0.10000 train_acc=49.68 test_acc=44.07
epoch=54/300 lr=0.10000 train_acc=49.72 test_acc=45.08
epoch=55/300 lr=0.10000 train_acc=49.63 test_acc=46.81
epoch=56/300 lr=0.10000 train_acc=49.67 test_acc=47.47
epoch=57/300 lr=0.10000 train_acc=49.56 test_acc=45.31
epoch=58/300 lr=0.10000 train_acc=49.83 test_acc=44.43
epoch=59/300 lr=0.10000 train_acc=49.80 test_acc=46.45
epoch=60/300 lr=0.10000 train_acc=49.76 test_acc=47.53
epoch=61/300 lr=0.10000 train_acc=50.16 test_acc=47.11
epoch=62/300 lr=0.10000 train_acc=50.14 test_acc=47.15
epoch=63/300 lr=0.10000 train_acc=49.73 test_acc=46.26
epoch=64/300 lr=0.10000 train_acc=50.29 test_acc=44.72
epoch=65/300 lr=0.10000 train_acc=50.07 test_acc=42.32
epoch=66/300 lr=0.10000 train_acc=50.21 test_acc=48.29
epoch=67/300 lr=0.10000 train_acc=50.50 test_acc=44.54
epoch=68/300 lr=0.10000 train_acc=50.30 test_acc=44.06
epoch=69/300 lr=0.10000 train_acc=50.62 test_acc=46.52
epoch=70/300 lr=0.10000 train_acc=50.17 test_acc=42.49
epoch=71/300 lr=0.10000 train_acc=50.11 test_acc=47.09
epoch=72/300 lr=0.10000 train_acc=50.54 test_acc=46.65
epoch=73/300 lr=0.10000 train_acc=50.23 test_acc=49.48
epoch=74/300 lr=0.10000 train_acc=50.48 test_acc=46.07
epoch=75/300 lr=0.10000 train_acc=50.81 test_acc=44.39
epoch=76/300 lr=0.10000 train_acc=50.65 test_acc=40.94
epoch=77/300 lr=0.10000 train_acc=50.25 test_acc=45.03
epoch=78/300 lr=0.10000 train_acc=50.41 test_acc=49.18
epoch=79/300 lr=0.10000 train_acc=50.89 test_acc=45.33
epoch=80/300 lr=0.10000 train_acc=50.51 test_acc=47.27
epoch=81/300 lr=0.10000 train_acc=50.54 test_acc=45.41
epoch=82/300 lr=0.10000 train_acc=50.60 test_acc=43.16
epoch=83/300 lr=0.10000 train_acc=50.62 test_acc=43.65
epoch=84/300 lr=0.10000 train_acc=50.78 test_acc=45.84
epoch=85/300 lr=0.10000 train_acc=50.42 test_acc=48.32
epoch=86/300 lr=0.10000 train_acc=50.45 test_acc=49.50
epoch=87/300 lr=0.10000 train_acc=50.93 test_acc=49.52
epoch=88/300 lr=0.10000 train_acc=50.82 test_acc=45.28
epoch=89/300 lr=0.10000 train_acc=50.43 test_acc=47.25
epoch=90/300 lr=0.10000 train_acc=51.06 test_acc=46.59
epoch=91/300 lr=0.10000 train_acc=50.38 test_acc=46.62
epoch=92/300 lr=0.10000 train_acc=50.62 test_acc=47.48
epoch=93/300 lr=0.10000 train_acc=50.66 test_acc=41.84
epoch=94/300 lr=0.10000 train_acc=50.59 test_acc=50.77
epoch=95/300 lr=0.10000 train_acc=50.65 test_acc=46.31
epoch=96/300 lr=0.10000 train_acc=50.58 test_acc=40.41
epoch=97/300 lr=0.10000 train_acc=51.02 test_acc=46.83
epoch=98/300 lr=0.10000 train_acc=50.94 test_acc=42.98
epoch=99/300 lr=0.10000 train_acc=50.81 test_acc=45.07
epoch=100/300 lr=0.10000 train_acc=50.87 test_acc=45.35
epoch=101/300 lr=0.10000 train_acc=51.25 test_acc=40.53
epoch=102/300 lr=0.10000 train_acc=50.80 test_acc=46.55
epoch=103/300 lr=0.10000 train_acc=50.82 test_acc=40.13
epoch=104/300 lr=0.10000 train_acc=50.93 test_acc=40.98
epoch=105/300 lr=0.10000 train_acc=50.96 test_acc=46.00
epoch=106/300 lr=0.10000 train_acc=51.09 test_acc=48.00
epoch=107/300 lr=0.10000 train_acc=51.31 test_acc=47.02
epoch=108/300 lr=0.10000 train_acc=51.10 test_acc=42.92
epoch=109/300 lr=0.10000 train_acc=51.41 test_acc=44.11
epoch=110/300 lr=0.10000 train_acc=50.98 test_acc=44.46
epoch=111/300 lr=0.10000 train_acc=51.03 test_acc=44.17
epoch=112/300 lr=0.10000 train_acc=51.00 test_acc=47.74
epoch=113/300 lr=0.10000 train_acc=51.26 test_acc=45.87
epoch=114/300 lr=0.10000 train_acc=50.86 test_acc=47.66
epoch=115/300 lr=0.10000 train_acc=50.95 test_acc=48.00
epoch=116/300 lr=0.10000 train_acc=51.02 test_acc=47.54
epoch=117/300 lr=0.10000 train_acc=51.29 test_acc=45.96
epoch=118/300 lr=0.10000 train_acc=51.00 test_acc=46.15
epoch=119/300 lr=0.10000 train_acc=51.32 test_acc=49.49
epoch=120/300 lr=0.10000 train_acc=50.89 test_acc=47.44
epoch=121/300 lr=0.10000 train_acc=51.09 test_acc=50.34
epoch=122/300 lr=0.10000 train_acc=51.17 test_acc=42.87
epoch=123/300 lr=0.10000 train_acc=51.25 test_acc=40.65
epoch=124/300 lr=0.10000 train_acc=51.07 test_acc=43.36
epoch=125/300 lr=0.10000 train_acc=51.34 test_acc=45.48
epoch=126/300 lr=0.10000 train_acc=50.97 test_acc=47.61
epoch=127/300 lr=0.10000 train_acc=51.49 test_acc=47.62
epoch=128/300 lr=0.10000 train_acc=51.38 test_acc=49.14
epoch=129/300 lr=0.10000 train_acc=51.04 test_acc=49.18
epoch=130/300 lr=0.10000 train_acc=51.33 test_acc=45.11
epoch=131/300 lr=0.10000 train_acc=51.44 test_acc=47.81
epoch=132/300 lr=0.10000 train_acc=51.25 test_acc=46.38
epoch=133/300 lr=0.10000 train_acc=51.11 test_acc=44.73
epoch=134/300 lr=0.10000 train_acc=51.14 test_acc=47.23
epoch=135/300 lr=0.10000 train_acc=51.59 test_acc=45.75
epoch=136/300 lr=0.10000 train_acc=51.39 test_acc=50.46
epoch=137/300 lr=0.10000 train_acc=51.25 test_acc=49.17
epoch=138/300 lr=0.10000 train_acc=51.21 test_acc=43.07
epoch=139/300 lr=0.10000 train_acc=51.04 test_acc=46.60
epoch=140/300 lr=0.10000 train_acc=51.41 test_acc=49.03
epoch=141/300 lr=0.10000 train_acc=51.26 test_acc=48.29
epoch=142/300 lr=0.10000 train_acc=51.27 test_acc=48.34
epoch=143/300 lr=0.10000 train_acc=50.95 test_acc=40.84
epoch=144/300 lr=0.10000 train_acc=51.20 test_acc=45.36
epoch=145/300 lr=0.10000 train_acc=51.45 test_acc=45.18
epoch=146/300 lr=0.10000 train_acc=51.58 test_acc=48.75
epoch=147/300 lr=0.10000 train_acc=51.17 test_acc=44.63
epoch=148/300 lr=0.10000 train_acc=51.28 test_acc=47.79
epoch=149/300 lr=0.10000 train_acc=51.35 test_acc=46.52
epoch=150/300 lr=0.10000 train_acc=51.58 test_acc=44.96
epoch=151/300 lr=0.01000 train_acc=61.06 test_acc=63.88
epoch=152/300 lr=0.01000 train_acc=63.77 test_acc=64.14
epoch=153/300 lr=0.01000 train_acc=64.53 test_acc=64.59
epoch=154/300 lr=0.01000 train_acc=65.14 test_acc=65.12
epoch=155/300 lr=0.01000 train_acc=65.81 test_acc=65.24
epoch=156/300 lr=0.01000 train_acc=66.12 test_acc=65.38
epoch=157/300 lr=0.01000 train_acc=66.38 test_acc=65.54
epoch=158/300 lr=0.01000 train_acc=66.55 test_acc=66.02
epoch=159/300 lr=0.01000 train_acc=66.97 test_acc=65.79
epoch=160/300 lr=0.01000 train_acc=67.04 test_acc=65.43
epoch=161/300 lr=0.01000 train_acc=67.04 test_acc=65.84
epoch=162/300 lr=0.01000 train_acc=67.46 test_acc=65.69
epoch=163/300 lr=0.01000 train_acc=67.42 test_acc=65.71
epoch=164/300 lr=0.01000 train_acc=67.61 test_acc=66.45
epoch=165/300 lr=0.01000 train_acc=67.87 test_acc=66.17
epoch=166/300 lr=0.01000 train_acc=67.76 test_acc=65.65
epoch=167/300 lr=0.01000 train_acc=67.87 test_acc=65.24
epoch=168/300 lr=0.01000 train_acc=67.70 test_acc=63.94
epoch=169/300 lr=0.01000 train_acc=67.82 test_acc=64.24
epoch=170/300 lr=0.01000 train_acc=68.14 test_acc=65.62
epoch=171/300 lr=0.01000 train_acc=67.98 test_acc=64.19
epoch=172/300 lr=0.01000 train_acc=67.70 test_acc=65.33
epoch=173/300 lr=0.01000 train_acc=67.99 test_acc=65.72
epoch=174/300 lr=0.01000 train_acc=67.85 test_acc=65.39
epoch=175/300 lr=0.01000 train_acc=68.14 test_acc=66.67
epoch=176/300 lr=0.01000 train_acc=67.79 test_acc=64.99
epoch=177/300 lr=0.01000 train_acc=68.01 test_acc=64.67
epoch=178/300 lr=0.01000 train_acc=67.98 test_acc=65.09
epoch=179/300 lr=0.01000 train_acc=68.12 test_acc=63.73
epoch=180/300 lr=0.01000 train_acc=67.92 test_acc=65.54
epoch=181/300 lr=0.01000 train_acc=68.39 test_acc=63.27
epoch=182/300 lr=0.01000 train_acc=68.03 test_acc=65.29
epoch=183/300 lr=0.01000 train_acc=67.98 test_acc=65.87
epoch=184/300 lr=0.01000 train_acc=68.15 test_acc=65.73
epoch=185/300 lr=0.01000 train_acc=67.96 test_acc=63.91
epoch=186/300 lr=0.01000 train_acc=67.73 test_acc=63.20
epoch=187/300 lr=0.01000 train_acc=68.06 test_acc=63.80
epoch=188/300 lr=0.01000 train_acc=67.92 test_acc=64.37
epoch=189/300 lr=0.01000 train_acc=67.97 test_acc=63.87
epoch=190/300 lr=0.01000 train_acc=68.43 test_acc=63.71
epoch=191/300 lr=0.01000 train_acc=68.02 test_acc=64.30
epoch=192/300 lr=0.01000 train_acc=68.14 test_acc=64.02
epoch=193/300 lr=0.01000 train_acc=68.05 test_acc=63.30
epoch=194/300 lr=0.01000 train_acc=67.95 test_acc=64.40
epoch=195/300 lr=0.01000 train_acc=68.12 test_acc=63.89
epoch=196/300 lr=0.01000 train_acc=68.32 test_acc=62.76
epoch=197/300 lr=0.01000 train_acc=68.66 test_acc=64.78
epoch=198/300 lr=0.01000 train_acc=68.08 test_acc=63.67
epoch=199/300 lr=0.01000 train_acc=68.22 test_acc=64.40
epoch=200/300 lr=0.01000 train_acc=68.37 test_acc=64.76
epoch=201/300 lr=0.01000 train_acc=68.14 test_acc=64.15
epoch=202/300 lr=0.01000 train_acc=68.18 test_acc=64.50
epoch=203/300 lr=0.01000 train_acc=68.22 test_acc=64.50
epoch=204/300 lr=0.01000 train_acc=68.46 test_acc=64.34
epoch=205/300 lr=0.01000 train_acc=68.54 test_acc=63.22
epoch=206/300 lr=0.01000 train_acc=68.23 test_acc=63.70
epoch=207/300 lr=0.01000 train_acc=68.36 test_acc=64.30
epoch=208/300 lr=0.01000 train_acc=68.11 test_acc=64.34
epoch=209/300 lr=0.01000 train_acc=68.73 test_acc=65.15
epoch=210/300 lr=0.01000 train_acc=68.56 test_acc=64.39
epoch=211/300 lr=0.01000 train_acc=68.43 test_acc=63.27
epoch=212/300 lr=0.01000 train_acc=68.49 test_acc=63.78
epoch=213/300 lr=0.01000 train_acc=68.36 test_acc=63.86
epoch=214/300 lr=0.01000 train_acc=68.68 test_acc=65.18
epoch=215/300 lr=0.01000 train_acc=68.89 test_acc=64.00
epoch=216/300 lr=0.01000 train_acc=68.47 test_acc=62.85
epoch=217/300 lr=0.01000 train_acc=68.55 test_acc=61.69
epoch=218/300 lr=0.01000 train_acc=68.56 test_acc=64.51
epoch=219/300 lr=0.01000 train_acc=68.29 test_acc=63.59
epoch=220/300 lr=0.01000 train_acc=68.55 test_acc=63.07
epoch=221/300 lr=0.01000 train_acc=68.67 test_acc=63.77
epoch=222/300 lr=0.01000 train_acc=68.59 test_acc=63.73
epoch=223/300 lr=0.01000 train_acc=68.77 test_acc=63.91
epoch=224/300 lr=0.01000 train_acc=68.69 test_acc=64.38
epoch=225/300 lr=0.01000 train_acc=68.55 test_acc=63.13
epoch=226/300 lr=0.00100 train_acc=72.72 test_acc=69.13
epoch=227/300 lr=0.00100 train_acc=74.15 test_acc=68.95
epoch=228/300 lr=0.00100 train_acc=74.74 test_acc=69.29
epoch=229/300 lr=0.00100 train_acc=75.24 test_acc=69.44
epoch=230/300 lr=0.00100 train_acc=75.27 test_acc=69.56
epoch=231/300 lr=0.00100 train_acc=75.42 test_acc=69.41
epoch=232/300 lr=0.00100 train_acc=75.54 test_acc=69.73
epoch=233/300 lr=0.00100 train_acc=75.35 test_acc=69.63
epoch=234/300 lr=0.00100 train_acc=76.06 test_acc=69.76
epoch=235/300 lr=0.00100 train_acc=76.01 test_acc=69.70
epoch=236/300 lr=0.00100 train_acc=75.88 test_acc=69.77
epoch=237/300 lr=0.00100 train_acc=75.97 test_acc=69.79
epoch=238/300 lr=0.00100 train_acc=76.12 test_acc=69.64
epoch=239/300 lr=0.00100 train_acc=76.21 test_acc=69.30
epoch=240/300 lr=0.00100 train_acc=76.34 test_acc=69.83
epoch=241/300 lr=0.00100 train_acc=76.17 test_acc=69.77
epoch=242/300 lr=0.00100 train_acc=76.25 test_acc=69.75
epoch=243/300 lr=0.00100 train_acc=76.33 test_acc=69.57
epoch=244/300 lr=0.00100 train_acc=76.42 test_acc=69.81
epoch=245/300 lr=0.00100 train_acc=76.55 test_acc=69.71
epoch=246/300 lr=0.00100 train_acc=76.56 test_acc=69.61
epoch=247/300 lr=0.00100 train_acc=76.55 test_acc=69.90
epoch=248/300 lr=0.00100 train_acc=76.70 test_acc=69.81
epoch=249/300 lr=0.00100 train_acc=76.60 test_acc=69.81
epoch=250/300 lr=0.00100 train_acc=76.70 test_acc=69.86
epoch=251/300 lr=0.00100 train_acc=77.02 test_acc=69.74
epoch=252/300 lr=0.00100 train_acc=77.00 test_acc=70.02
epoch=253/300 lr=0.00100 train_acc=76.95 test_acc=69.69
epoch=254/300 lr=0.00100 train_acc=76.85 test_acc=69.98
epoch=255/300 lr=0.00100 train_acc=77.19 test_acc=69.89
epoch=256/300 lr=0.00100 train_acc=77.09 test_acc=69.48
epoch=257/300 lr=0.00100 train_acc=77.17 test_acc=69.59
epoch=258/300 lr=0.00100 train_acc=76.95 test_acc=69.53
epoch=259/300 lr=0.00100 train_acc=76.99 test_acc=69.69
epoch=260/300 lr=0.00100 train_acc=77.11 test_acc=69.36
epoch=261/300 lr=0.00100 train_acc=77.31 test_acc=69.53
epoch=262/300 lr=0.00100 train_acc=77.29 test_acc=69.25
epoch=263/300 lr=0.00100 train_acc=77.34 test_acc=69.77
epoch=264/300 lr=0.00100 train_acc=77.23 test_acc=69.36
epoch=265/300 lr=0.00100 train_acc=77.32 test_acc=69.61
epoch=266/300 lr=0.00100 train_acc=76.88 test_acc=69.66
epoch=267/300 lr=0.00100 train_acc=77.41 test_acc=69.19
epoch=268/300 lr=0.00100 train_acc=77.59 test_acc=69.64
epoch=269/300 lr=0.00100 train_acc=77.50 test_acc=69.67
epoch=270/300 lr=0.00100 train_acc=77.28 test_acc=69.66
epoch=271/300 lr=0.00100 train_acc=77.60 test_acc=69.55
epoch=272/300 lr=0.00100 train_acc=77.15 test_acc=69.81
epoch=273/300 lr=0.00100 train_acc=77.37 test_acc=69.54
epoch=274/300 lr=0.00100 train_acc=77.53 test_acc=69.40
epoch=275/300 lr=0.00100 train_acc=77.75 test_acc=69.82
epoch=276/300 lr=0.00100 train_acc=77.56 test_acc=69.40
epoch=277/300 lr=0.00100 train_acc=77.58 test_acc=69.64
epoch=278/300 lr=0.00100 train_acc=77.67 test_acc=69.55
epoch=279/300 lr=0.00100 train_acc=77.67 test_acc=69.42
epoch=280/300 lr=0.00100 train_acc=77.71 test_acc=69.61
epoch=281/300 lr=0.00100 train_acc=77.87 test_acc=69.74
epoch=282/300 lr=0.00100 train_acc=77.60 test_acc=69.77
epoch=283/300 lr=0.00100 train_acc=77.95 test_acc=69.53
epoch=284/300 lr=0.00100 train_acc=77.64 test_acc=69.52
epoch=285/300 lr=0.00100 train_acc=77.63 test_acc=69.26
epoch=286/300 lr=0.00100 train_acc=77.70 test_acc=69.77
epoch=287/300 lr=0.00100 train_acc=77.85 test_acc=69.29
epoch=288/300 lr=0.00100 train_acc=77.69 test_acc=69.67
epoch=289/300 lr=0.00100 train_acc=77.74 test_acc=69.71
epoch=290/300 lr=0.00100 train_acc=78.31 test_acc=69.85
epoch=291/300 lr=0.00100 train_acc=77.96 test_acc=69.52
epoch=292/300 lr=0.00100 train_acc=77.80 test_acc=69.43
epoch=293/300 lr=0.00100 train_acc=77.83 test_acc=69.71
epoch=294/300 lr=0.00100 train_acc=77.91 test_acc=69.94
epoch=295/300 lr=0.00100 train_acc=77.79 test_acc=70.12
epoch=296/300 lr=0.00100 train_acc=77.97 test_acc=69.61
epoch=297/300 lr=0.00100 train_acc=78.06 test_acc=69.37
epoch=298/300 lr=0.00100 train_acc=77.83 test_acc=68.80
epoch=299/300 lr=0.00100 train_acc=77.97 test_acc=69.25
epoch=300/300 lr=0.00100 train_acc=78.04 test_acc=69.38
{
  "best_accuracy": 70.12,
  "best_error_rate": 29.879999999999995,
  "final_accuracy": 69.38,
  "final_error_rate": 30.620000000000005,
  "elapsed_seconds": 1947.5943245887756,
  "is_paper_result": false,
  "note": "New reproduction result; compare against paper target separately."
}
start experiment=cifar100_resnet20_re_author_code seed=1004
epoch=1/300 lr=0.10000 train_acc=7.35 test_acc=11.22
epoch=2/300 lr=0.10000 train_acc=13.74 test_acc=18.51
epoch=3/300 lr=0.10000 train_acc=19.24 test_acc=18.52
epoch=4/300 lr=0.10000 train_acc=24.50 test_acc=23.16
epoch=5/300 lr=0.10000 train_acc=27.82 test_acc=23.26
epoch=6/300 lr=0.10000 train_acc=31.60 test_acc=30.19
epoch=7/300 lr=0.10000 train_acc=34.52 test_acc=32.42
epoch=8/300 lr=0.10000 train_acc=36.89 test_acc=32.97
epoch=9/300 lr=0.10000 train_acc=38.77 test_acc=36.57
epoch=10/300 lr=0.10000 train_acc=39.85 test_acc=40.32
epoch=11/300 lr=0.10000 train_acc=41.44 test_acc=38.06
epoch=12/300 lr=0.10000 train_acc=42.03 test_acc=32.76
epoch=13/300 lr=0.10000 train_acc=42.80 test_acc=40.66
epoch=14/300 lr=0.10000 train_acc=43.42 test_acc=40.06
epoch=15/300 lr=0.10000 train_acc=44.18 test_acc=42.26
epoch=16/300 lr=0.10000 train_acc=44.64 test_acc=38.75
epoch=17/300 lr=0.10000 train_acc=44.77 test_acc=38.16
epoch=18/300 lr=0.10000 train_acc=45.33 test_acc=41.46
epoch=19/300 lr=0.10000 train_acc=45.75 test_acc=45.29
epoch=20/300 lr=0.10000 train_acc=46.11 test_acc=44.49
epoch=21/300 lr=0.10000 train_acc=46.43 test_acc=42.33
epoch=22/300 lr=0.10000 train_acc=46.63 test_acc=41.94
epoch=23/300 lr=0.10000 train_acc=46.64 test_acc=39.84
epoch=24/300 lr=0.10000 train_acc=47.27 test_acc=44.02
epoch=25/300 lr=0.10000 train_acc=47.28 test_acc=38.52
epoch=26/300 lr=0.10000 train_acc=47.55 test_acc=42.64
epoch=27/300 lr=0.10000 train_acc=47.33 test_acc=44.77
epoch=28/300 lr=0.10000 train_acc=47.92 test_acc=41.13
epoch=29/300 lr=0.10000 train_acc=47.71 test_acc=39.93
epoch=30/300 lr=0.10000 train_acc=48.15 test_acc=44.88
epoch=31/300 lr=0.10000 train_acc=47.92 test_acc=48.83
epoch=32/300 lr=0.10000 train_acc=48.07 test_acc=41.00
epoch=33/300 lr=0.10000 train_acc=48.53 test_acc=44.92
epoch=34/300 lr=0.10000 train_acc=48.34 test_acc=42.75
epoch=35/300 lr=0.10000 train_acc=48.93 test_acc=41.82
epoch=36/300 lr=0.10000 train_acc=48.81 test_acc=48.06
epoch=37/300 lr=0.10000 train_acc=48.61 test_acc=40.17
epoch=38/300 lr=0.10000 train_acc=49.06 test_acc=44.73
epoch=39/300 lr=0.10000 train_acc=48.84 test_acc=41.07
epoch=40/300 lr=0.10000 train_acc=49.20 test_acc=46.34
epoch=41/300 lr=0.10000 train_acc=48.99 test_acc=49.78
epoch=42/300 lr=0.10000 train_acc=49.25 test_acc=42.06
epoch=43/300 lr=0.10000 train_acc=49.45 test_acc=46.08
epoch=44/300 lr=0.10000 train_acc=49.02 test_acc=42.17
epoch=45/300 lr=0.10000 train_acc=49.19 test_acc=41.56
epoch=46/300 lr=0.10000 train_acc=49.39 test_acc=47.80
epoch=47/300 lr=0.10000 train_acc=49.58 test_acc=45.84
epoch=48/300 lr=0.10000 train_acc=49.81 test_acc=46.08
epoch=49/300 lr=0.10000 train_acc=49.75 test_acc=38.65
epoch=50/300 lr=0.10000 train_acc=49.74 test_acc=40.89
epoch=51/300 lr=0.10000 train_acc=49.63 test_acc=48.13
epoch=52/300 lr=0.10000 train_acc=49.84 test_acc=37.46
epoch=53/300 lr=0.10000 train_acc=49.61 test_acc=49.31
epoch=54/300 lr=0.10000 train_acc=49.85 test_acc=45.06
epoch=55/300 lr=0.10000 train_acc=49.85 test_acc=44.92
epoch=56/300 lr=0.10000 train_acc=49.66 test_acc=44.29
epoch=57/300 lr=0.10000 train_acc=50.35 test_acc=43.79
epoch=58/300 lr=0.10000 train_acc=50.35 test_acc=47.69
epoch=59/300 lr=0.10000 train_acc=49.87 test_acc=43.66
epoch=60/300 lr=0.10000 train_acc=50.04 test_acc=48.58
epoch=61/300 lr=0.10000 train_acc=50.31 test_acc=47.44
epoch=62/300 lr=0.10000 train_acc=50.31 test_acc=46.00
epoch=63/300 lr=0.10000 train_acc=49.96 test_acc=48.71
epoch=64/300 lr=0.10000 train_acc=50.28 test_acc=43.64
epoch=65/300 lr=0.10000 train_acc=50.26 test_acc=46.06
epoch=66/300 lr=0.10000 train_acc=49.88 test_acc=42.12
epoch=67/300 lr=0.10000 train_acc=50.29 test_acc=48.03
epoch=68/300 lr=0.10000 train_acc=50.25 test_acc=48.74
epoch=69/300 lr=0.10000 train_acc=50.30 test_acc=43.97
epoch=70/300 lr=0.10000 train_acc=50.59 test_acc=43.11
epoch=71/300 lr=0.10000 train_acc=49.97 test_acc=47.60
epoch=72/300 lr=0.10000 train_acc=50.32 test_acc=43.85
epoch=73/300 lr=0.10000 train_acc=50.58 test_acc=46.73
epoch=74/300 lr=0.10000 train_acc=50.11 test_acc=47.66
epoch=75/300 lr=0.10000 train_acc=50.80 test_acc=41.55
epoch=76/300 lr=0.10000 train_acc=50.45 test_acc=47.65
epoch=77/300 lr=0.10000 train_acc=50.51 test_acc=46.56
epoch=78/300 lr=0.10000 train_acc=50.44 test_acc=38.60
epoch=79/300 lr=0.10000 train_acc=50.24 test_acc=44.29
epoch=80/300 lr=0.10000 train_acc=50.52 test_acc=46.03
epoch=81/300 lr=0.10000 train_acc=50.57 test_acc=46.04
epoch=82/300 lr=0.10000 train_acc=50.40 test_acc=49.00
epoch=83/300 lr=0.10000 train_acc=50.49 test_acc=45.98
epoch=84/300 lr=0.10000 train_acc=50.43 test_acc=46.31
epoch=85/300 lr=0.10000 train_acc=50.71 test_acc=48.35
epoch=86/300 lr=0.10000 train_acc=50.66 test_acc=46.82
epoch=87/300 lr=0.10000 train_acc=50.90 test_acc=42.62
epoch=88/300 lr=0.10000 train_acc=50.70 test_acc=46.38
epoch=89/300 lr=0.10000 train_acc=50.72 test_acc=44.86
epoch=90/300 lr=0.10000 train_acc=50.60 test_acc=44.59
epoch=91/300 lr=0.10000 train_acc=50.82 test_acc=44.80
epoch=92/300 lr=0.10000 train_acc=50.60 test_acc=50.19
epoch=93/300 lr=0.10000 train_acc=50.74 test_acc=46.74
epoch=94/300 lr=0.10000 train_acc=50.68 test_acc=46.89
epoch=95/300 lr=0.10000 train_acc=50.55 test_acc=47.62
epoch=96/300 lr=0.10000 train_acc=50.81 test_acc=47.72
epoch=97/300 lr=0.10000 train_acc=50.57 test_acc=44.78
epoch=98/300 lr=0.10000 train_acc=50.68 test_acc=43.63
epoch=99/300 lr=0.10000 train_acc=50.77 test_acc=40.99
epoch=100/300 lr=0.10000 train_acc=50.75 test_acc=46.38
epoch=101/300 lr=0.10000 train_acc=50.64 test_acc=45.61
epoch=102/300 lr=0.10000 train_acc=51.18 test_acc=45.57
epoch=103/300 lr=0.10000 train_acc=50.96 test_acc=46.65
epoch=104/300 lr=0.10000 train_acc=50.96 test_acc=42.92
epoch=105/300 lr=0.10000 train_acc=50.72 test_acc=44.47
epoch=106/300 lr=0.10000 train_acc=50.99 test_acc=43.77
epoch=107/300 lr=0.10000 train_acc=50.94 test_acc=47.96
epoch=108/300 lr=0.10000 train_acc=51.15 test_acc=48.18
epoch=109/300 lr=0.10000 train_acc=50.59 test_acc=46.41
epoch=110/300 lr=0.10000 train_acc=51.25 test_acc=49.35
epoch=111/300 lr=0.10000 train_acc=51.03 test_acc=47.49
epoch=112/300 lr=0.10000 train_acc=50.95 test_acc=45.68
epoch=113/300 lr=0.10000 train_acc=50.90 test_acc=44.52
epoch=114/300 lr=0.10000 train_acc=51.18 test_acc=48.99
epoch=115/300 lr=0.10000 train_acc=51.41 test_acc=47.40
epoch=116/300 lr=0.10000 train_acc=51.05 test_acc=48.59
epoch=117/300 lr=0.10000 train_acc=51.09 test_acc=45.37
epoch=118/300 lr=0.10000 train_acc=51.24 test_acc=47.57
epoch=119/300 lr=0.10000 train_acc=51.10 test_acc=50.83
epoch=120/300 lr=0.10000 train_acc=51.03 test_acc=48.01
epoch=121/300 lr=0.10000 train_acc=51.05 test_acc=35.42
epoch=122/300 lr=0.10000 train_acc=51.09 test_acc=48.48
epoch=123/300 lr=0.10000 train_acc=50.92 test_acc=45.52
epoch=124/300 lr=0.10000 train_acc=50.91 test_acc=47.41
epoch=125/300 lr=0.10000 train_acc=51.46 test_acc=49.85
epoch=126/300 lr=0.10000 train_acc=51.43 test_acc=46.78
epoch=127/300 lr=0.10000 train_acc=51.33 test_acc=46.47
epoch=128/300 lr=0.10000 train_acc=51.44 test_acc=45.76
epoch=129/300 lr=0.10000 train_acc=51.12 test_acc=46.89
epoch=130/300 lr=0.10000 train_acc=51.50 test_acc=47.84
epoch=131/300 lr=0.10000 train_acc=51.05 test_acc=46.42
epoch=132/300 lr=0.10000 train_acc=51.23 test_acc=48.72
epoch=133/300 lr=0.10000 train_acc=51.31 test_acc=45.39
epoch=134/300 lr=0.10000 train_acc=51.13 test_acc=39.58
epoch=135/300 lr=0.10000 train_acc=51.37 test_acc=42.79
epoch=136/300 lr=0.10000 train_acc=51.31 test_acc=47.49
epoch=137/300 lr=0.10000 train_acc=51.67 test_acc=45.68
epoch=138/300 lr=0.10000 train_acc=51.59 test_acc=51.78
epoch=139/300 lr=0.10000 train_acc=51.25 test_acc=47.56
epoch=140/300 lr=0.10000 train_acc=51.41 test_acc=42.75
epoch=141/300 lr=0.10000 train_acc=51.45 test_acc=44.10
epoch=142/300 lr=0.10000 train_acc=51.26 test_acc=46.25
epoch=143/300 lr=0.10000 train_acc=51.51 test_acc=47.79
epoch=144/300 lr=0.10000 train_acc=51.31 test_acc=48.98
epoch=145/300 lr=0.10000 train_acc=51.24 test_acc=45.06
epoch=146/300 lr=0.10000 train_acc=51.35 test_acc=48.11
epoch=147/300 lr=0.10000 train_acc=51.47 test_acc=45.59
epoch=148/300 lr=0.10000 train_acc=51.67 test_acc=46.50
epoch=149/300 lr=0.10000 train_acc=51.36 test_acc=45.62
epoch=150/300 lr=0.10000 train_acc=51.48 test_acc=47.13
epoch=151/300 lr=0.01000 train_acc=60.72 test_acc=64.20
epoch=152/300 lr=0.01000 train_acc=63.56 test_acc=64.79
epoch=153/300 lr=0.01000 train_acc=64.71 test_acc=65.27
epoch=154/300 lr=0.01000 train_acc=65.16 test_acc=65.83
epoch=155/300 lr=0.01000 train_acc=65.61 test_acc=65.44
epoch=156/300 lr=0.01000 train_acc=66.21 test_acc=66.32
epoch=157/300 lr=0.01000 train_acc=66.50 test_acc=66.02
epoch=158/300 lr=0.01000 train_acc=66.69 test_acc=65.68
epoch=159/300 lr=0.01000 train_acc=66.84 test_acc=65.77
epoch=160/300 lr=0.01000 train_acc=66.93 test_acc=65.62
epoch=161/300 lr=0.01000 train_acc=67.38 test_acc=66.60
epoch=162/300 lr=0.01000 train_acc=67.57 test_acc=65.81
epoch=163/300 lr=0.01000 train_acc=67.89 test_acc=65.47
epoch=164/300 lr=0.01000 train_acc=67.87 test_acc=65.59
epoch=165/300 lr=0.01000 train_acc=67.94 test_acc=65.84
epoch=166/300 lr=0.01000 train_acc=67.77 test_acc=64.14
epoch=167/300 lr=0.01000 train_acc=67.66 test_acc=65.50
epoch=168/300 lr=0.01000 train_acc=68.18 test_acc=64.94
epoch=169/300 lr=0.01000 train_acc=67.90 test_acc=65.46
epoch=170/300 lr=0.01000 train_acc=68.38 test_acc=65.19
epoch=171/300 lr=0.01000 train_acc=68.22 test_acc=64.87
epoch=172/300 lr=0.01000 train_acc=67.98 test_acc=65.46
epoch=173/300 lr=0.01000 train_acc=68.26 test_acc=64.28
epoch=174/300 lr=0.01000 train_acc=67.98 test_acc=65.75
epoch=175/300 lr=0.01000 train_acc=68.34 test_acc=64.77
epoch=176/300 lr=0.01000 train_acc=68.17 test_acc=64.95
epoch=177/300 lr=0.01000 train_acc=67.96 test_acc=65.24
epoch=178/300 lr=0.01000 train_acc=68.39 test_acc=63.96
epoch=179/300 lr=0.01000 train_acc=68.01 test_acc=64.43
epoch=180/300 lr=0.01000 train_acc=68.24 test_acc=64.00
epoch=181/300 lr=0.01000 train_acc=68.14 test_acc=65.26
epoch=182/300 lr=0.01000 train_acc=68.49 test_acc=63.95
epoch=183/300 lr=0.01000 train_acc=68.21 test_acc=64.26
epoch=184/300 lr=0.01000 train_acc=68.55 test_acc=65.50
epoch=185/300 lr=0.01000 train_acc=68.13 test_acc=64.33
epoch=186/300 lr=0.01000 train_acc=68.48 test_acc=64.47
epoch=187/300 lr=0.01000 train_acc=68.15 test_acc=63.67
epoch=188/300 lr=0.01000 train_acc=68.39 test_acc=62.87
epoch=189/300 lr=0.01000 train_acc=68.19 test_acc=65.59
epoch=190/300 lr=0.01000 train_acc=68.34 test_acc=62.21
epoch=191/300 lr=0.01000 train_acc=68.51 test_acc=63.82
epoch=192/300 lr=0.01000 train_acc=68.41 test_acc=63.39
epoch=193/300 lr=0.01000 train_acc=68.07 test_acc=63.40
epoch=194/300 lr=0.01000 train_acc=68.22 test_acc=62.98
epoch=195/300 lr=0.01000 train_acc=68.48 test_acc=64.71
epoch=196/300 lr=0.01000 train_acc=68.35 test_acc=62.70
epoch=197/300 lr=0.01000 train_acc=68.44 test_acc=62.63
epoch=198/300 lr=0.01000 train_acc=68.08 test_acc=63.24
epoch=199/300 lr=0.01000 train_acc=68.36 test_acc=63.79
epoch=200/300 lr=0.01000 train_acc=68.30 test_acc=64.88
epoch=201/300 lr=0.01000 train_acc=68.44 test_acc=62.71
epoch=202/300 lr=0.01000 train_acc=68.80 test_acc=65.11
epoch=203/300 lr=0.01000 train_acc=68.50 test_acc=63.76
epoch=204/300 lr=0.01000 train_acc=68.42 test_acc=64.34
epoch=205/300 lr=0.01000 train_acc=68.59 test_acc=63.44
epoch=206/300 lr=0.01000 train_acc=68.54 test_acc=64.12
epoch=207/300 lr=0.01000 train_acc=68.52 test_acc=63.62
epoch=208/300 lr=0.01000 train_acc=68.96 test_acc=63.24
epoch=209/300 lr=0.01000 train_acc=68.77 test_acc=62.47
epoch=210/300 lr=0.01000 train_acc=68.58 test_acc=64.56
epoch=211/300 lr=0.01000 train_acc=68.68 test_acc=64.51
epoch=212/300 lr=0.01000 train_acc=68.35 test_acc=63.55
epoch=213/300 lr=0.01000 train_acc=68.85 test_acc=64.67
epoch=214/300 lr=0.01000 train_acc=68.63 test_acc=63.31
epoch=215/300 lr=0.01000 train_acc=68.65 test_acc=63.87
epoch=216/300 lr=0.01000 train_acc=68.92 test_acc=64.35
epoch=217/300 lr=0.01000 train_acc=68.81 test_acc=64.27
epoch=218/300 lr=0.01000 train_acc=69.05 test_acc=63.70
epoch=219/300 lr=0.01000 train_acc=68.88 test_acc=63.84
epoch=220/300 lr=0.01000 train_acc=68.80 test_acc=64.66
epoch=221/300 lr=0.01000 train_acc=68.76 test_acc=64.34
epoch=222/300 lr=0.01000 train_acc=68.92 test_acc=64.86
epoch=223/300 lr=0.01000 train_acc=68.86 test_acc=62.34
epoch=224/300 lr=0.01000 train_acc=69.08 test_acc=63.79
epoch=225/300 lr=0.01000 train_acc=69.20 test_acc=63.64
epoch=226/300 lr=0.00100 train_acc=72.83 test_acc=68.71
epoch=227/300 lr=0.00100 train_acc=74.36 test_acc=69.17
epoch=228/300 lr=0.00100 train_acc=75.04 test_acc=69.43
epoch=229/300 lr=0.00100 train_acc=75.39 test_acc=69.32
epoch=230/300 lr=0.00100 train_acc=75.56 test_acc=69.27
epoch=231/300 lr=0.00100 train_acc=75.73 test_acc=69.42
epoch=232/300 lr=0.00100 train_acc=75.84 test_acc=69.52
epoch=233/300 lr=0.00100 train_acc=75.84 test_acc=69.33
epoch=234/300 lr=0.00100 train_acc=75.98 test_acc=69.86
epoch=235/300 lr=0.00100 train_acc=75.99 test_acc=69.58
epoch=236/300 lr=0.00100 train_acc=76.07 test_acc=69.70
epoch=237/300 lr=0.00100 train_acc=76.24 test_acc=69.67
epoch=238/300 lr=0.00100 train_acc=76.36 test_acc=69.65
epoch=239/300 lr=0.00100 train_acc=76.47 test_acc=69.58
epoch=240/300 lr=0.00100 train_acc=76.42 test_acc=69.42
epoch=241/300 lr=0.00100 train_acc=76.24 test_acc=69.56
epoch=242/300 lr=0.00100 train_acc=76.78 test_acc=69.69
epoch=243/300 lr=0.00100 train_acc=76.44 test_acc=69.52
epoch=244/300 lr=0.00100 train_acc=76.79 test_acc=69.65
epoch=245/300 lr=0.00100 train_acc=76.84 test_acc=69.66
epoch=246/300 lr=0.00100 train_acc=76.84 test_acc=69.65
epoch=247/300 lr=0.00100 train_acc=76.76 test_acc=69.60
epoch=248/300 lr=0.00100 train_acc=77.00 test_acc=69.67
epoch=249/300 lr=0.00100 train_acc=77.24 test_acc=69.47
epoch=250/300 lr=0.00100 train_acc=77.20 test_acc=69.31
epoch=251/300 lr=0.00100 train_acc=77.15 test_acc=69.82
epoch=252/300 lr=0.00100 train_acc=77.14 test_acc=69.54
epoch=253/300 lr=0.00100 train_acc=77.17 test_acc=69.52
epoch=254/300 lr=0.00100 train_acc=77.11 test_acc=69.94
epoch=255/300 lr=0.00100 train_acc=77.25 test_acc=69.55
epoch=256/300 lr=0.00100 train_acc=77.34 test_acc=69.50
epoch=257/300 lr=0.00100 train_acc=77.41 test_acc=69.50
epoch=258/300 lr=0.00100 train_acc=77.28 test_acc=69.51
epoch=259/300 lr=0.00100 train_acc=77.39 test_acc=69.48
epoch=260/300 lr=0.00100 train_acc=77.37 test_acc=69.67
epoch=261/300 lr=0.00100 train_acc=77.44 test_acc=69.51
epoch=262/300 lr=0.00100 train_acc=77.46 test_acc=69.19
epoch=263/300 lr=0.00100 train_acc=77.37 test_acc=69.20
epoch=264/300 lr=0.00100 train_acc=77.66 test_acc=69.28
epoch=265/300 lr=0.00100 train_acc=77.68 test_acc=69.55
epoch=266/300 lr=0.00100 train_acc=77.81 test_acc=69.59
epoch=267/300 lr=0.00100 train_acc=77.60 test_acc=69.70
epoch=268/300 lr=0.00100 train_acc=77.66 test_acc=69.28
epoch=269/300 lr=0.00100 train_acc=77.53 test_acc=69.42
epoch=270/300 lr=0.00100 train_acc=77.70 test_acc=69.20
epoch=271/300 lr=0.00100 train_acc=77.76 test_acc=69.18
epoch=272/300 lr=0.00100 train_acc=77.89 test_acc=69.42
epoch=273/300 lr=0.00100 train_acc=77.83 test_acc=69.14
epoch=274/300 lr=0.00100 train_acc=77.94 test_acc=69.46
epoch=275/300 lr=0.00100 train_acc=77.80 test_acc=69.71
epoch=276/300 lr=0.00100 train_acc=77.67 test_acc=69.77
epoch=277/300 lr=0.00100 train_acc=77.90 test_acc=69.79
epoch=278/300 lr=0.00100 train_acc=78.01 test_acc=69.26
epoch=279/300 lr=0.00100 train_acc=77.83 test_acc=69.37
epoch=280/300 lr=0.00100 train_acc=78.08 test_acc=69.68
epoch=281/300 lr=0.00100 train_acc=77.99 test_acc=69.53
epoch=282/300 lr=0.00100 train_acc=78.06 test_acc=69.64
epoch=283/300 lr=0.00100 train_acc=77.89 test_acc=69.70
epoch=284/300 lr=0.00100 train_acc=78.22 test_acc=69.75
epoch=285/300 lr=0.00100 train_acc=77.96 test_acc=69.44
epoch=286/300 lr=0.00100 train_acc=77.93 test_acc=69.82
epoch=287/300 lr=0.00100 train_acc=78.03 test_acc=69.37
epoch=288/300 lr=0.00100 train_acc=77.92 test_acc=69.58
epoch=289/300 lr=0.00100 train_acc=77.78 test_acc=69.43
epoch=290/300 lr=0.00100 train_acc=78.14 test_acc=69.51
epoch=291/300 lr=0.00100 train_acc=78.35 test_acc=69.76
epoch=292/300 lr=0.00100 train_acc=78.04 test_acc=69.00
epoch=293/300 lr=0.00100 train_acc=78.39 test_acc=69.44
epoch=294/300 lr=0.00100 train_acc=78.34 test_acc=69.20
epoch=295/300 lr=0.00100 train_acc=78.24 test_acc=69.52
epoch=296/300 lr=0.00100 train_acc=78.39 test_acc=69.19
epoch=297/300 lr=0.00100 train_acc=78.33 test_acc=69.32
epoch=298/300 lr=0.00100 train_acc=78.15 test_acc=69.25
epoch=299/300 lr=0.00100 train_acc=78.17 test_acc=69.73
epoch=300/300 lr=0.00100 train_acc=78.30 test_acc=69.46
{
  "best_accuracy": 69.94,
  "best_error_rate": 30.060000000000002,
  "final_accuracy": 69.46,
  "final_error_rate": 30.540000000000006,
  "elapsed_seconds": 1948.5184035301208,
  "is_paper_result": false,
  "note": "New reproduction result; compare against paper target separately."
}
start experiment=cifar100_resnet20_re_author_code seed=1005
epoch=1/300 lr=0.10000 train_acc=7.14 test_acc=11.04
epoch=2/300 lr=0.10000 train_acc=14.26 test_acc=16.52
epoch=3/300 lr=0.10000 train_acc=19.21 test_acc=20.58
epoch=4/300 lr=0.10000 train_acc=24.08 test_acc=24.44
epoch=5/300 lr=0.10000 train_acc=28.40 test_acc=29.19
epoch=6/300 lr=0.10000 train_acc=31.87 test_acc=27.61
epoch=7/300 lr=0.10000 train_acc=34.68 test_acc=32.38
epoch=8/300 lr=0.10000 train_acc=37.03 test_acc=35.37
epoch=9/300 lr=0.10000 train_acc=38.67 test_acc=39.26
epoch=10/300 lr=0.10000 train_acc=40.25 test_acc=38.83
epoch=11/300 lr=0.10000 train_acc=41.03 test_acc=41.54
epoch=12/300 lr=0.10000 train_acc=42.09 test_acc=39.57
epoch=13/300 lr=0.10000 train_acc=42.93 test_acc=40.43
epoch=14/300 lr=0.10000 train_acc=43.95 test_acc=44.33
epoch=15/300 lr=0.10000 train_acc=44.24 test_acc=38.75
epoch=16/300 lr=0.10000 train_acc=44.86 test_acc=39.65
epoch=17/300 lr=0.10000 train_acc=45.12 test_acc=43.01
epoch=18/300 lr=0.10000 train_acc=45.43 test_acc=40.42
epoch=19/300 lr=0.10000 train_acc=46.29 test_acc=43.15
epoch=20/300 lr=0.10000 train_acc=46.23 test_acc=44.03
epoch=21/300 lr=0.10000 train_acc=46.40 test_acc=44.30
epoch=22/300 lr=0.10000 train_acc=46.49 test_acc=42.99
epoch=23/300 lr=0.10000 train_acc=46.67 test_acc=42.80
epoch=24/300 lr=0.10000 train_acc=47.34 test_acc=42.66
epoch=25/300 lr=0.10000 train_acc=46.94 test_acc=45.95
epoch=26/300 lr=0.10000 train_acc=47.44 test_acc=44.30
epoch=27/300 lr=0.10000 train_acc=47.84 test_acc=44.42
epoch=28/300 lr=0.10000 train_acc=47.60 test_acc=43.79
epoch=29/300 lr=0.10000 train_acc=47.89 test_acc=42.60
epoch=30/300 lr=0.10000 train_acc=48.41 test_acc=41.33
epoch=31/300 lr=0.10000 train_acc=48.29 test_acc=40.67
epoch=32/300 lr=0.10000 train_acc=48.25 test_acc=38.96
epoch=33/300 lr=0.10000 train_acc=48.55 test_acc=46.87
epoch=34/300 lr=0.10000 train_acc=48.78 test_acc=46.28
epoch=35/300 lr=0.10000 train_acc=48.37 test_acc=44.46
epoch=36/300 lr=0.10000 train_acc=48.74 test_acc=44.29
epoch=37/300 lr=0.10000 train_acc=48.87 test_acc=44.94
epoch=38/300 lr=0.10000 train_acc=48.91 test_acc=40.63
epoch=39/300 lr=0.10000 train_acc=48.88 test_acc=45.30
epoch=40/300 lr=0.10000 train_acc=48.90 test_acc=45.58
epoch=41/300 lr=0.10000 train_acc=49.07 test_acc=43.01
epoch=42/300 lr=0.10000 train_acc=49.05 test_acc=43.36
epoch=43/300 lr=0.10000 train_acc=49.29 test_acc=41.51
epoch=44/300 lr=0.10000 train_acc=49.49 test_acc=45.41
epoch=45/300 lr=0.10000 train_acc=49.38 test_acc=43.76
epoch=46/300 lr=0.10000 train_acc=49.58 test_acc=45.58
epoch=47/300 lr=0.10000 train_acc=49.25 test_acc=49.37
epoch=48/300 lr=0.10000 train_acc=49.31 test_acc=39.65
epoch=49/300 lr=0.10000 train_acc=49.62 test_acc=44.81
epoch=50/300 lr=0.10000 train_acc=49.61 test_acc=45.98
epoch=51/300 lr=0.10000 train_acc=49.67 test_acc=40.72
epoch=52/300 lr=0.10000 train_acc=49.73 test_acc=47.71
epoch=53/300 lr=0.10000 train_acc=49.70 test_acc=48.19
epoch=54/300 lr=0.10000 train_acc=49.76 test_acc=43.26
epoch=55/300 lr=0.10000 train_acc=50.14 test_acc=43.68
epoch=56/300 lr=0.10000 train_acc=49.64 test_acc=47.26
epoch=57/300 lr=0.10000 train_acc=49.63 test_acc=44.59
epoch=58/300 lr=0.10000 train_acc=49.83 test_acc=48.76
epoch=59/300 lr=0.10000 train_acc=49.78 test_acc=46.71
epoch=60/300 lr=0.10000 train_acc=50.00 test_acc=42.03
epoch=61/300 lr=0.10000 train_acc=50.03 test_acc=44.61
epoch=62/300 lr=0.10000 train_acc=50.17 test_acc=43.38
epoch=63/300 lr=0.10000 train_acc=49.95 test_acc=40.93
epoch=64/300 lr=0.10000 train_acc=49.93 test_acc=39.17
epoch=65/300 lr=0.10000 train_acc=49.99 test_acc=47.29
epoch=66/300 lr=0.10000 train_acc=50.50 test_acc=45.95
epoch=67/300 lr=0.10000 train_acc=50.12 test_acc=44.01
epoch=68/300 lr=0.10000 train_acc=50.44 test_acc=46.21
epoch=69/300 lr=0.10000 train_acc=50.23 test_acc=40.47
epoch=70/300 lr=0.10000 train_acc=50.30 test_acc=46.82
epoch=71/300 lr=0.10000 train_acc=50.44 test_acc=43.22
epoch=72/300 lr=0.10000 train_acc=50.28 test_acc=49.64
epoch=73/300 lr=0.10000 train_acc=50.53 test_acc=48.20
epoch=74/300 lr=0.10000 train_acc=50.33 test_acc=46.87
epoch=75/300 lr=0.10000 train_acc=50.18 test_acc=43.22
epoch=76/300 lr=0.10000 train_acc=49.90 test_acc=49.08
epoch=77/300 lr=0.10000 train_acc=50.82 test_acc=49.72
epoch=78/300 lr=0.10000 train_acc=50.52 test_acc=45.73
epoch=79/300 lr=0.10000 train_acc=50.45 test_acc=48.50
epoch=80/300 lr=0.10000 train_acc=50.89 test_acc=48.00
epoch=81/300 lr=0.10000 train_acc=50.66 test_acc=43.99
epoch=82/300 lr=0.10000 train_acc=50.52 test_acc=45.61
epoch=83/300 lr=0.10000 train_acc=50.52 test_acc=47.75
epoch=84/300 lr=0.10000 train_acc=50.55 test_acc=40.14
epoch=85/300 lr=0.10000 train_acc=50.75 test_acc=47.26
epoch=86/300 lr=0.10000 train_acc=50.51 test_acc=43.80
epoch=87/300 lr=0.10000 train_acc=50.81 test_acc=46.21
epoch=88/300 lr=0.10000 train_acc=50.99 test_acc=48.17
epoch=89/300 lr=0.10000 train_acc=50.54 test_acc=44.84
epoch=90/300 lr=0.10000 train_acc=50.66 test_acc=50.39
epoch=91/300 lr=0.10000 train_acc=50.83 test_acc=46.98
epoch=92/300 lr=0.10000 train_acc=50.96 test_acc=45.00
epoch=93/300 lr=0.10000 train_acc=50.52 test_acc=45.39
epoch=94/300 lr=0.10000 train_acc=50.98 test_acc=45.40
epoch=95/300 lr=0.10000 train_acc=50.55 test_acc=46.12
epoch=96/300 lr=0.10000 train_acc=50.93 test_acc=48.48
epoch=97/300 lr=0.10000 train_acc=51.08 test_acc=43.37
epoch=98/300 lr=0.10000 train_acc=50.73 test_acc=44.85
epoch=99/300 lr=0.10000 train_acc=50.66 test_acc=46.63
epoch=100/300 lr=0.10000 train_acc=50.87 test_acc=39.57
epoch=101/300 lr=0.10000 train_acc=50.96 test_acc=41.86
epoch=102/300 lr=0.10000 train_acc=50.88 test_acc=46.99
epoch=103/300 lr=0.10000 train_acc=50.86 test_acc=44.88
epoch=104/300 lr=0.10000 train_acc=51.37 test_acc=43.69
epoch=105/300 lr=0.10000 train_acc=51.01 test_acc=47.73
epoch=106/300 lr=0.10000 train_acc=51.02 test_acc=44.91
epoch=107/300 lr=0.10000 train_acc=50.99 test_acc=47.78
epoch=108/300 lr=0.10000 train_acc=51.20 test_acc=46.55
epoch=109/300 lr=0.10000 train_acc=50.96 test_acc=46.95
epoch=110/300 lr=0.10000 train_acc=51.19 test_acc=47.53
epoch=111/300 lr=0.10000 train_acc=51.22 test_acc=43.63
epoch=112/300 lr=0.10000 train_acc=51.10 test_acc=46.41
epoch=113/300 lr=0.10000 train_acc=51.09 test_acc=45.13
epoch=114/300 lr=0.10000 train_acc=51.13 test_acc=52.99
epoch=115/300 lr=0.10000 train_acc=51.51 test_acc=44.63
epoch=116/300 lr=0.10000 train_acc=50.98 test_acc=43.95
epoch=117/300 lr=0.10000 train_acc=51.26 test_acc=49.68
epoch=118/300 lr=0.10000 train_acc=51.05 test_acc=48.01
epoch=119/300 lr=0.10000 train_acc=51.32 test_acc=47.81
epoch=120/300 lr=0.10000 train_acc=51.11 test_acc=42.66
epoch=121/300 lr=0.10000 train_acc=51.33 test_acc=43.98
epoch=122/300 lr=0.10000 train_acc=51.07 test_acc=42.98
epoch=123/300 lr=0.10000 train_acc=51.27 test_acc=51.44
epoch=124/300 lr=0.10000 train_acc=51.12 test_acc=43.74
epoch=125/300 lr=0.10000 train_acc=50.98 test_acc=42.11
epoch=126/300 lr=0.10000 train_acc=51.05 test_acc=47.11
epoch=127/300 lr=0.10000 train_acc=51.32 test_acc=43.41
epoch=128/300 lr=0.10000 train_acc=51.00 test_acc=45.59
epoch=129/300 lr=0.10000 train_acc=51.34 test_acc=44.77
epoch=130/300 lr=0.10000 train_acc=51.08 test_acc=45.90
epoch=131/300 lr=0.10000 train_acc=51.38 test_acc=42.29
epoch=132/300 lr=0.10000 train_acc=50.91 test_acc=48.00
epoch=133/300 lr=0.10000 train_acc=50.97 test_acc=45.68
epoch=134/300 lr=0.10000 train_acc=51.18 test_acc=43.85
epoch=135/300 lr=0.10000 train_acc=51.42 test_acc=42.07
epoch=136/300 lr=0.10000 train_acc=51.11 test_acc=41.08
epoch=137/300 lr=0.10000 train_acc=51.04 test_acc=42.37
epoch=138/300 lr=0.10000 train_acc=51.49 test_acc=46.94
epoch=139/300 lr=0.10000 train_acc=51.23 test_acc=47.76
epoch=140/300 lr=0.10000 train_acc=51.55 test_acc=42.95
epoch=141/300 lr=0.10000 train_acc=51.06 test_acc=45.30
epoch=142/300 lr=0.10000 train_acc=51.35 test_acc=49.18
epoch=143/300 lr=0.10000 train_acc=51.57 test_acc=43.02
epoch=144/300 lr=0.10000 train_acc=51.41 test_acc=46.93
epoch=145/300 lr=0.10000 train_acc=51.58 test_acc=48.76
epoch=146/300 lr=0.10000 train_acc=51.36 test_acc=43.79
epoch=147/300 lr=0.10000 train_acc=50.99 test_acc=45.40
epoch=148/300 lr=0.10000 train_acc=51.43 test_acc=47.42
epoch=149/300 lr=0.10000 train_acc=51.21 test_acc=46.26
epoch=150/300 lr=0.10000 train_acc=51.65 test_acc=47.16
epoch=151/300 lr=0.01000 train_acc=60.76 test_acc=64.00
epoch=152/300 lr=0.01000 train_acc=63.72 test_acc=64.42
epoch=153/300 lr=0.01000 train_acc=64.54 test_acc=65.14
epoch=154/300 lr=0.01000 train_acc=65.21 test_acc=65.50
epoch=155/300 lr=0.01000 train_acc=65.88 test_acc=64.76
epoch=156/300 lr=0.01000 train_acc=66.17 test_acc=64.79
epoch=157/300 lr=0.01000 train_acc=66.33 test_acc=64.96
epoch=158/300 lr=0.01000 train_acc=66.46 test_acc=65.41
epoch=159/300 lr=0.01000 train_acc=66.94 test_acc=65.55
epoch=160/300 lr=0.01000 train_acc=67.33 test_acc=65.28
epoch=161/300 lr=0.01000 train_acc=67.24 test_acc=65.81
epoch=162/300 lr=0.01000 train_acc=67.14 test_acc=65.29
epoch=163/300 lr=0.01000 train_acc=67.56 test_acc=65.23
epoch=164/300 lr=0.01000 train_acc=68.00 test_acc=65.62
epoch=165/300 lr=0.01000 train_acc=67.89 test_acc=64.82
epoch=166/300 lr=0.01000 train_acc=68.08 test_acc=65.50
epoch=167/300 lr=0.01000 train_acc=68.46 test_acc=65.42
epoch=168/300 lr=0.01000 train_acc=68.24 test_acc=64.95
epoch=169/300 lr=0.01000 train_acc=67.94 test_acc=65.78
epoch=170/300 lr=0.01000 train_acc=68.04 test_acc=65.26
epoch=171/300 lr=0.01000 train_acc=68.35 test_acc=64.92
epoch=172/300 lr=0.01000 train_acc=68.06 test_acc=64.75
epoch=173/300 lr=0.01000 train_acc=68.20 test_acc=64.00
epoch=174/300 lr=0.01000 train_acc=68.33 test_acc=64.14
epoch=175/300 lr=0.01000 train_acc=68.35 test_acc=64.55
epoch=176/300 lr=0.01000 train_acc=68.01 test_acc=64.07
epoch=177/300 lr=0.01000 train_acc=68.39 test_acc=63.50
epoch=178/300 lr=0.01000 train_acc=68.33 test_acc=64.74
epoch=179/300 lr=0.01000 train_acc=68.27 test_acc=64.81
epoch=180/300 lr=0.01000 train_acc=68.17 test_acc=64.29
epoch=181/300 lr=0.01000 train_acc=68.44 test_acc=63.47
epoch=182/300 lr=0.01000 train_acc=68.51 test_acc=64.18
epoch=183/300 lr=0.01000 train_acc=68.07 test_acc=64.17
epoch=184/300 lr=0.01000 train_acc=68.20 test_acc=63.72
epoch=185/300 lr=0.01000 train_acc=68.16 test_acc=64.79
epoch=186/300 lr=0.01000 train_acc=68.27 test_acc=63.10
epoch=187/300 lr=0.01000 train_acc=67.98 test_acc=63.35
epoch=188/300 lr=0.01000 train_acc=68.54 test_acc=64.55
epoch=189/300 lr=0.01000 train_acc=68.36 test_acc=64.14
epoch=190/300 lr=0.01000 train_acc=68.16 test_acc=62.88
epoch=191/300 lr=0.01000 train_acc=68.21 test_acc=64.18
epoch=192/300 lr=0.01000 train_acc=68.23 test_acc=64.32
epoch=193/300 lr=0.01000 train_acc=68.46 test_acc=64.06
epoch=194/300 lr=0.01000 train_acc=68.20 test_acc=63.98
epoch=195/300 lr=0.01000 train_acc=68.55 test_acc=63.54
epoch=196/300 lr=0.01000 train_acc=68.23 test_acc=63.49
epoch=197/300 lr=0.01000 train_acc=68.59 test_acc=63.35
epoch=198/300 lr=0.01000 train_acc=68.20 test_acc=63.67
epoch=199/300 lr=0.01000 train_acc=68.21 test_acc=63.80
epoch=200/300 lr=0.01000 train_acc=68.58 test_acc=63.45
epoch=201/300 lr=0.01000 train_acc=69.00 test_acc=63.97
epoch=202/300 lr=0.01000 train_acc=68.41 test_acc=63.98
epoch=203/300 lr=0.01000 train_acc=68.44 test_acc=62.97
epoch=204/300 lr=0.01000 train_acc=68.53 test_acc=64.25
epoch=205/300 lr=0.01000 train_acc=68.59 test_acc=64.44
epoch=206/300 lr=0.01000 train_acc=68.51 test_acc=63.88
epoch=207/300 lr=0.01000 train_acc=68.63 test_acc=64.68
epoch=208/300 lr=0.01000 train_acc=68.69 test_acc=63.28
epoch=209/300 lr=0.01000 train_acc=68.76 test_acc=63.17
epoch=210/300 lr=0.01000 train_acc=68.95 test_acc=63.39
epoch=211/300 lr=0.01000 train_acc=68.53 test_acc=63.62
epoch=212/300 lr=0.01000 train_acc=68.70 test_acc=64.08
epoch=213/300 lr=0.01000 train_acc=68.58 test_acc=64.62
epoch=214/300 lr=0.01000 train_acc=68.44 test_acc=64.61
epoch=215/300 lr=0.01000 train_acc=68.79 test_acc=64.94
epoch=216/300 lr=0.01000 train_acc=68.85 test_acc=63.20
epoch=217/300 lr=0.01000 train_acc=68.73 test_acc=63.50
epoch=218/300 lr=0.01000 train_acc=68.75 test_acc=62.79
epoch=219/300 lr=0.01000 train_acc=68.69 test_acc=63.24
epoch=220/300 lr=0.01000 train_acc=68.75 test_acc=63.73
epoch=221/300 lr=0.01000 train_acc=68.76 test_acc=64.12
epoch=222/300 lr=0.01000 train_acc=69.14 test_acc=64.13
epoch=223/300 lr=0.01000 train_acc=69.03 test_acc=63.15
epoch=224/300 lr=0.01000 train_acc=68.79 test_acc=62.49
epoch=225/300 lr=0.01000 train_acc=69.03 test_acc=63.12
epoch=226/300 lr=0.00100 train_acc=73.05 test_acc=68.51
epoch=227/300 lr=0.00100 train_acc=74.42 test_acc=68.69
epoch=228/300 lr=0.00100 train_acc=74.98 test_acc=68.88
epoch=229/300 lr=0.00100 train_acc=75.31 test_acc=68.96
epoch=230/300 lr=0.00100 train_acc=75.47 test_acc=68.96
epoch=231/300 lr=0.00100 train_acc=75.43 test_acc=68.92
epoch=232/300 lr=0.00100 train_acc=75.85 test_acc=68.75
epoch=233/300 lr=0.00100 train_acc=75.95 test_acc=69.00
epoch=234/300 lr=0.00100 train_acc=76.03 test_acc=68.70
epoch=235/300 lr=0.00100 train_acc=76.04 test_acc=68.66
epoch=236/300 lr=0.00100 train_acc=76.09 test_acc=68.98
epoch=237/300 lr=0.00100 train_acc=76.24 test_acc=69.11
epoch=238/300 lr=0.00100 train_acc=76.16 test_acc=68.99
epoch=239/300 lr=0.00100 train_acc=76.46 test_acc=68.75
epoch=240/300 lr=0.00100 train_acc=76.58 test_acc=69.13
epoch=241/300 lr=0.00100 train_acc=76.41 test_acc=69.01
epoch=242/300 lr=0.00100 train_acc=76.50 test_acc=68.91
epoch=243/300 lr=0.00100 train_acc=76.84 test_acc=69.09
epoch=244/300 lr=0.00100 train_acc=76.57 test_acc=69.18
epoch=245/300 lr=0.00100 train_acc=76.81 test_acc=69.39
epoch=246/300 lr=0.00100 train_acc=76.98 test_acc=69.04
epoch=247/300 lr=0.00100 train_acc=76.85 test_acc=68.81
epoch=248/300 lr=0.00100 train_acc=76.68 test_acc=68.91
epoch=249/300 lr=0.00100 train_acc=76.85 test_acc=68.83
epoch=250/300 lr=0.00100 train_acc=77.21 test_acc=69.02
epoch=251/300 lr=0.00100 train_acc=77.26 test_acc=68.67
epoch=252/300 lr=0.00100 train_acc=77.19 test_acc=68.85
epoch=253/300 lr=0.00100 train_acc=77.21 test_acc=68.98
epoch=254/300 lr=0.00100 train_acc=77.06 test_acc=69.25
epoch=255/300 lr=0.00100 train_acc=77.13 test_acc=68.82
epoch=256/300 lr=0.00100 train_acc=77.29 test_acc=68.60
epoch=257/300 lr=0.00100 train_acc=77.49 test_acc=68.91
epoch=258/300 lr=0.00100 train_acc=77.05 test_acc=69.12
epoch=259/300 lr=0.00100 train_acc=77.34 test_acc=69.25
epoch=260/300 lr=0.00100 train_acc=77.50 test_acc=69.04
epoch=261/300 lr=0.00100 train_acc=77.20 test_acc=68.92
epoch=262/300 lr=0.00100 train_acc=77.49 test_acc=68.93
epoch=263/300 lr=0.00100 train_acc=77.38 test_acc=68.91
epoch=264/300 lr=0.00100 train_acc=77.64 test_acc=69.02
epoch=265/300 lr=0.00100 train_acc=77.58 test_acc=69.05
epoch=266/300 lr=0.00100 train_acc=77.40 test_acc=68.69
epoch=267/300 lr=0.00100 train_acc=77.56 test_acc=69.06
epoch=268/300 lr=0.00100 train_acc=77.73 test_acc=68.96
epoch=269/300 lr=0.00100 train_acc=77.47 test_acc=68.94
epoch=270/300 lr=0.00100 train_acc=77.81 test_acc=68.91
epoch=271/300 lr=0.00100 train_acc=77.44 test_acc=69.05
epoch=272/300 lr=0.00100 train_acc=77.53 test_acc=69.20
epoch=273/300 lr=0.00100 train_acc=77.75 test_acc=69.24
epoch=274/300 lr=0.00100 train_acc=77.69 test_acc=69.05
epoch=275/300 lr=0.00100 train_acc=77.83 test_acc=69.13
epoch=276/300 lr=0.00100 train_acc=77.79 test_acc=68.86
epoch=277/300 lr=0.00100 train_acc=77.53 test_acc=69.08
epoch=278/300 lr=0.00100 train_acc=77.73 test_acc=68.63
epoch=279/300 lr=0.00100 train_acc=77.82 test_acc=69.19
epoch=280/300 lr=0.00100 train_acc=78.10 test_acc=69.17
epoch=281/300 lr=0.00100 train_acc=77.82 test_acc=68.92
epoch=282/300 lr=0.00100 train_acc=77.70 test_acc=69.24
epoch=283/300 lr=0.00100 train_acc=77.66 test_acc=68.94
epoch=284/300 lr=0.00100 train_acc=77.92 test_acc=69.05
epoch=285/300 lr=0.00100 train_acc=78.13 test_acc=69.19
epoch=286/300 lr=0.00100 train_acc=78.11 test_acc=68.72
epoch=287/300 lr=0.00100 train_acc=77.98 test_acc=69.16
epoch=288/300 lr=0.00100 train_acc=78.07 test_acc=69.27
epoch=289/300 lr=0.00100 train_acc=78.01 test_acc=69.11
epoch=290/300 lr=0.00100 train_acc=78.16 test_acc=68.90
epoch=291/300 lr=0.00100 train_acc=77.97 test_acc=68.76
epoch=292/300 lr=0.00100 train_acc=78.24 test_acc=68.73
epoch=293/300 lr=0.00100 train_acc=78.52 test_acc=68.92
epoch=294/300 lr=0.00100 train_acc=78.07 test_acc=68.72
epoch=295/300 lr=0.00100 train_acc=77.99 test_acc=68.68
epoch=296/300 lr=0.00100 train_acc=78.53 test_acc=68.83
epoch=297/300 lr=0.00100 train_acc=78.28 test_acc=68.84
epoch=298/300 lr=0.00100 train_acc=78.33 test_acc=69.22
epoch=299/300 lr=0.00100 train_acc=78.12 test_acc=68.72
epoch=300/300 lr=0.00100 train_acc=78.23 test_acc=68.72
{
  "best_accuracy": 69.39,
  "best_error_rate": 30.61,
  "final_accuracy": 68.72,
  "final_error_rate": 31.28,
  "elapsed_seconds": 1946.13210439682,
  "is_paper_result": false,
  "note": "New reproduction result; compare against paper target separately."
}
{
  "experiment": "cifar100_resnet20_re_author_code",
  "seeds": [
    1001,
    1002,
    1003,
    1004,
    1005
  ],
  "smoke": false,
  "is_paper_result": false,
  "best_error_rate": {
    "values": [
      29.89,
      29.769999999999996,
      29.879999999999995,
      30.060000000000002,
      30.61
    ],
    "mean": 30.041999999999998,
    "population_std": 0.2987574266859329,
    "sample_std": 0.33402095742632787
  },
  "final_error_rate": {
    "values": [
      30.739999999999995,
      30.459999999999994,
      30.620000000000005,
      30.540000000000006,
      31.28
    ],
    "mean": 30.728,
    "population_std": 0.29109448637856444,
    "sample_std": 0.3254535297089283
  },
  "note": "New reproduction aggregate; paper does not state best-vs-final or std convention."
}
start experiment=fashionmnist_resnet20_re_author_code seed=1001
epoch=1/300 lr=0.10000 train_acc=70.08 test_acc=81.71
epoch=2/300 lr=0.10000 train_acc=82.54 test_acc=85.73
epoch=3/300 lr=0.10000 train_acc=84.93 test_acc=85.76
epoch=4/300 lr=0.10000 train_acc=86.02 test_acc=87.32
epoch=5/300 lr=0.10000 train_acc=86.33 test_acc=87.77
epoch=6/300 lr=0.10000 train_acc=86.54 test_acc=86.70
epoch=7/300 lr=0.10000 train_acc=87.41 test_acc=78.70
epoch=8/300 lr=0.10000 train_acc=87.19 test_acc=88.50
epoch=9/300 lr=0.10000 train_acc=87.56 test_acc=85.47
epoch=10/300 lr=0.10000 train_acc=87.49 test_acc=87.34
epoch=11/300 lr=0.10000 train_acc=87.69 test_acc=87.91
epoch=12/300 lr=0.10000 train_acc=87.97 test_acc=88.78
epoch=13/300 lr=0.10000 train_acc=88.03 test_acc=88.58
epoch=14/300 lr=0.10000 train_acc=88.40 test_acc=86.56
epoch=15/300 lr=0.10000 train_acc=88.51 test_acc=88.94
epoch=16/300 lr=0.10000 train_acc=88.39 test_acc=87.32
epoch=17/300 lr=0.10000 train_acc=88.49 test_acc=90.65
epoch=18/300 lr=0.10000 train_acc=88.50 test_acc=88.88
epoch=19/300 lr=0.10000 train_acc=88.50 test_acc=89.63
epoch=20/300 lr=0.10000 train_acc=89.01 test_acc=90.33
epoch=21/300 lr=0.10000 train_acc=88.72 test_acc=87.06
epoch=22/300 lr=0.10000 train_acc=88.79 test_acc=89.12
epoch=23/300 lr=0.10000 train_acc=88.70 test_acc=87.14
epoch=24/300 lr=0.10000 train_acc=88.92 test_acc=90.12
epoch=25/300 lr=0.10000 train_acc=89.01 test_acc=75.70
epoch=26/300 lr=0.10000 train_acc=89.12 test_acc=89.59
epoch=27/300 lr=0.10000 train_acc=89.04 test_acc=90.80
epoch=28/300 lr=0.10000 train_acc=89.22 test_acc=86.52
epoch=29/300 lr=0.10000 train_acc=88.98 test_acc=88.64
epoch=30/300 lr=0.10000 train_acc=89.20 test_acc=86.27
epoch=31/300 lr=0.10000 train_acc=89.26 test_acc=89.93
epoch=32/300 lr=0.10000 train_acc=89.28 test_acc=90.67
epoch=33/300 lr=0.10000 train_acc=89.43 test_acc=90.13
epoch=34/300 lr=0.10000 train_acc=89.09 test_acc=89.25
epoch=35/300 lr=0.10000 train_acc=89.17 test_acc=91.15
epoch=36/300 lr=0.10000 train_acc=89.26 test_acc=90.90
epoch=37/300 lr=0.10000 train_acc=89.34 test_acc=89.35
epoch=38/300 lr=0.10000 train_acc=89.02 test_acc=91.09
epoch=39/300 lr=0.10000 train_acc=89.44 test_acc=88.72
epoch=40/300 lr=0.10000 train_acc=89.40 test_acc=90.85
epoch=41/300 lr=0.10000 train_acc=89.34 test_acc=90.53
epoch=42/300 lr=0.10000 train_acc=89.45 test_acc=88.21
epoch=43/300 lr=0.10000 train_acc=89.31 test_acc=89.04
epoch=44/300 lr=0.10000 train_acc=89.53 test_acc=90.54
epoch=45/300 lr=0.10000 train_acc=89.41 test_acc=89.20
epoch=46/300 lr=0.10000 train_acc=89.52 test_acc=85.16
epoch=47/300 lr=0.10000 train_acc=89.24 test_acc=87.92
epoch=48/300 lr=0.10000 train_acc=89.25 test_acc=89.71
epoch=49/300 lr=0.10000 train_acc=89.55 test_acc=84.30
epoch=50/300 lr=0.10000 train_acc=89.48 test_acc=90.64
epoch=51/300 lr=0.10000 train_acc=89.40 test_acc=90.45
epoch=52/300 lr=0.10000 train_acc=89.48 test_acc=90.99
epoch=53/300 lr=0.10000 train_acc=89.73 test_acc=90.80
epoch=54/300 lr=0.10000 train_acc=89.40 test_acc=90.41
epoch=55/300 lr=0.10000 train_acc=89.62 test_acc=88.80
epoch=56/300 lr=0.10000 train_acc=89.51 test_acc=91.00
epoch=57/300 lr=0.10000 train_acc=89.59 test_acc=89.37
epoch=58/300 lr=0.10000 train_acc=89.53 test_acc=89.32
epoch=59/300 lr=0.10000 train_acc=89.66 test_acc=90.40
epoch=60/300 lr=0.10000 train_acc=89.46 test_acc=90.80
epoch=61/300 lr=0.10000 train_acc=89.48 test_acc=90.87
epoch=62/300 lr=0.10000 train_acc=89.92 test_acc=89.35
epoch=63/300 lr=0.10000 train_acc=89.62 test_acc=91.76
epoch=64/300 lr=0.10000 train_acc=89.65 test_acc=89.78
epoch=65/300 lr=0.10000 train_acc=89.67 test_acc=89.08
epoch=66/300 lr=0.10000 train_acc=89.67 test_acc=87.62
epoch=67/300 lr=0.10000 train_acc=89.53 test_acc=90.46
epoch=68/300 lr=0.10000 train_acc=89.60 test_acc=91.06
epoch=69/300 lr=0.10000 train_acc=89.73 test_acc=90.28
epoch=70/300 lr=0.10000 train_acc=89.95 test_acc=90.77
epoch=71/300 lr=0.10000 train_acc=89.65 test_acc=90.22
epoch=72/300 lr=0.10000 train_acc=89.75 test_acc=90.08
epoch=73/300 lr=0.10000 train_acc=89.75 test_acc=88.72
epoch=74/300 lr=0.10000 train_acc=89.57 test_acc=90.29
epoch=75/300 lr=0.10000 train_acc=89.71 test_acc=90.32
epoch=76/300 lr=0.10000 train_acc=89.73 test_acc=89.85
epoch=77/300 lr=0.10000 train_acc=89.63 test_acc=91.49
epoch=78/300 lr=0.10000 train_acc=89.67 test_acc=90.91
epoch=79/300 lr=0.10000 train_acc=89.71 test_acc=87.41
epoch=80/300 lr=0.10000 train_acc=89.51 test_acc=86.50
epoch=81/300 lr=0.10000 train_acc=89.68 test_acc=89.37
epoch=82/300 lr=0.10000 train_acc=89.76 test_acc=90.54
epoch=83/300 lr=0.10000 train_acc=89.82 test_acc=91.74
epoch=84/300 lr=0.10000 train_acc=89.67 test_acc=90.86
epoch=85/300 lr=0.10000 train_acc=89.75 test_acc=90.42
epoch=86/300 lr=0.10000 train_acc=89.70 test_acc=87.85
epoch=87/300 lr=0.10000 train_acc=89.81 test_acc=88.30
epoch=88/300 lr=0.10000 train_acc=89.85 test_acc=91.23
epoch=89/300 lr=0.10000 train_acc=89.62 test_acc=89.57
epoch=90/300 lr=0.10000 train_acc=89.88 test_acc=89.45
epoch=91/300 lr=0.10000 train_acc=89.98 test_acc=88.99
epoch=92/300 lr=0.10000 train_acc=89.85 test_acc=92.04
epoch=93/300 lr=0.10000 train_acc=89.74 test_acc=90.54
epoch=94/300 lr=0.10000 train_acc=89.58 test_acc=90.76
epoch=95/300 lr=0.10000 train_acc=89.81 test_acc=91.65
epoch=96/300 lr=0.10000 train_acc=89.73 test_acc=91.49
epoch=97/300 lr=0.10000 train_acc=89.93 test_acc=91.19
epoch=98/300 lr=0.10000 train_acc=89.78 test_acc=90.04
epoch=99/300 lr=0.10000 train_acc=89.62 test_acc=91.14
epoch=100/300 lr=0.10000 train_acc=89.83 test_acc=89.26
epoch=101/300 lr=0.10000 train_acc=89.63 test_acc=91.53
epoch=102/300 lr=0.10000 train_acc=89.73 test_acc=91.06
epoch=103/300 lr=0.10000 train_acc=90.00 test_acc=86.15
epoch=104/300 lr=0.10000 train_acc=89.73 test_acc=82.63
epoch=105/300 lr=0.10000 train_acc=89.73 test_acc=91.89
epoch=106/300 lr=0.10000 train_acc=89.90 test_acc=91.20
epoch=107/300 lr=0.10000 train_acc=89.79 test_acc=89.54
epoch=108/300 lr=0.10000 train_acc=89.80 test_acc=88.78
epoch=109/300 lr=0.10000 train_acc=89.61 test_acc=89.19
epoch=110/300 lr=0.10000 train_acc=89.61 test_acc=89.53
epoch=111/300 lr=0.10000 train_acc=89.65 test_acc=87.76
epoch=112/300 lr=0.10000 train_acc=89.94 test_acc=91.95
epoch=113/300 lr=0.10000 train_acc=89.70 test_acc=91.10
epoch=114/300 lr=0.10000 train_acc=89.81 test_acc=90.75
epoch=115/300 lr=0.10000 train_acc=89.86 test_acc=91.41
epoch=116/300 lr=0.10000 train_acc=89.89 test_acc=89.37
epoch=117/300 lr=0.10000 train_acc=89.86 test_acc=90.25
epoch=118/300 lr=0.10000 train_acc=89.82 test_acc=89.84
epoch=119/300 lr=0.10000 train_acc=90.05 test_acc=90.57
epoch=120/300 lr=0.10000 train_acc=89.73 test_acc=90.52
epoch=121/300 lr=0.10000 train_acc=89.97 test_acc=90.80
epoch=122/300 lr=0.10000 train_acc=89.70 test_acc=81.62
epoch=123/300 lr=0.10000 train_acc=89.89 test_acc=91.85
epoch=124/300 lr=0.10000 train_acc=89.98 test_acc=89.14
epoch=125/300 lr=0.10000 train_acc=89.83 test_acc=90.48
epoch=126/300 lr=0.10000 train_acc=89.86 test_acc=89.73
epoch=127/300 lr=0.10000 train_acc=89.81 test_acc=90.92
epoch=128/300 lr=0.10000 train_acc=89.96 test_acc=90.45
epoch=129/300 lr=0.10000 train_acc=89.81 test_acc=91.56
epoch=130/300 lr=0.10000 train_acc=89.78 test_acc=91.65
epoch=131/300 lr=0.10000 train_acc=89.99 test_acc=90.45
epoch=132/300 lr=0.10000 train_acc=90.08 test_acc=90.19
epoch=133/300 lr=0.10000 train_acc=90.04 test_acc=88.74
epoch=134/300 lr=0.10000 train_acc=89.95 test_acc=87.33
epoch=135/300 lr=0.10000 train_acc=89.96 test_acc=90.35
epoch=136/300 lr=0.10000 train_acc=89.77 test_acc=90.82
epoch=137/300 lr=0.10000 train_acc=89.73 test_acc=90.74
epoch=138/300 lr=0.10000 train_acc=89.85 test_acc=87.57
epoch=139/300 lr=0.10000 train_acc=90.00 test_acc=89.07
epoch=140/300 lr=0.10000 train_acc=89.93 test_acc=90.93
epoch=141/300 lr=0.10000 train_acc=89.94 test_acc=89.34
epoch=142/300 lr=0.10000 train_acc=89.93 test_acc=88.76
epoch=143/300 lr=0.10000 train_acc=89.99 test_acc=90.86
epoch=144/300 lr=0.10000 train_acc=89.96 test_acc=89.90
epoch=145/300 lr=0.10000 train_acc=89.67 test_acc=90.38
epoch=146/300 lr=0.10000 train_acc=89.91 test_acc=86.59
epoch=147/300 lr=0.10000 train_acc=89.86 test_acc=88.85
epoch=148/300 lr=0.10000 train_acc=89.72 test_acc=88.36
epoch=149/300 lr=0.10000 train_acc=89.91 test_acc=90.11
epoch=150/300 lr=0.10000 train_acc=89.86 test_acc=90.50
epoch=151/300 lr=0.01000 train_acc=92.42 test_acc=93.84
epoch=152/300 lr=0.01000 train_acc=93.11 test_acc=93.98
epoch=153/300 lr=0.01000 train_acc=93.22 test_acc=94.16
epoch=154/300 lr=0.01000 train_acc=93.56 test_acc=94.14
epoch=155/300 lr=0.01000 train_acc=93.57 test_acc=94.21
epoch=156/300 lr=0.01000 train_acc=93.53 test_acc=94.36
epoch=157/300 lr=0.01000 train_acc=93.67 test_acc=94.04
epoch=158/300 lr=0.01000 train_acc=93.64 test_acc=94.37
epoch=159/300 lr=0.01000 train_acc=93.86 test_acc=94.21
epoch=160/300 lr=0.01000 train_acc=93.89 test_acc=94.31
epoch=161/300 lr=0.01000 train_acc=93.91 test_acc=94.38
epoch=162/300 lr=0.01000 train_acc=93.93 test_acc=94.33
epoch=163/300 lr=0.01000 train_acc=94.01 test_acc=94.21
epoch=164/300 lr=0.01000 train_acc=93.97 test_acc=94.49
epoch=165/300 lr=0.01000 train_acc=94.07 test_acc=94.22
epoch=166/300 lr=0.01000 train_acc=93.97 test_acc=93.94
epoch=167/300 lr=0.01000 train_acc=94.00 test_acc=94.50
epoch=168/300 lr=0.01000 train_acc=94.04 test_acc=94.07
epoch=169/300 lr=0.01000 train_acc=93.92 test_acc=94.33
epoch=170/300 lr=0.01000 train_acc=93.95 test_acc=94.49
epoch=171/300 lr=0.01000 train_acc=94.11 test_acc=94.66
epoch=172/300 lr=0.01000 train_acc=94.01 test_acc=94.27
epoch=173/300 lr=0.01000 train_acc=94.03 test_acc=94.37
epoch=174/300 lr=0.01000 train_acc=94.05 test_acc=93.93
epoch=175/300 lr=0.01000 train_acc=94.00 test_acc=94.00
epoch=176/300 lr=0.01000 train_acc=93.99 test_acc=94.50
epoch=177/300 lr=0.01000 train_acc=94.01 test_acc=94.31
epoch=178/300 lr=0.01000 train_acc=93.94 test_acc=94.16
epoch=179/300 lr=0.01000 train_acc=94.13 test_acc=94.16
epoch=180/300 lr=0.01000 train_acc=94.09 test_acc=94.33
epoch=181/300 lr=0.01000 train_acc=94.18 test_acc=93.86
epoch=182/300 lr=0.01000 train_acc=93.98 test_acc=94.60
epoch=183/300 lr=0.01000 train_acc=94.00 test_acc=94.01
epoch=184/300 lr=0.01000 train_acc=94.14 test_acc=94.06
epoch=185/300 lr=0.01000 train_acc=94.11 test_acc=94.09
epoch=186/300 lr=0.01000 train_acc=94.08 test_acc=93.96
epoch=187/300 lr=0.01000 train_acc=94.03 test_acc=93.95
epoch=188/300 lr=0.01000 train_acc=93.95 test_acc=94.11
epoch=189/300 lr=0.01000 train_acc=94.04 test_acc=94.34
epoch=190/300 lr=0.01000 train_acc=94.14 test_acc=94.04
epoch=191/300 lr=0.01000 train_acc=94.16 test_acc=94.09
epoch=192/300 lr=0.01000 train_acc=93.97 test_acc=94.37
epoch=193/300 lr=0.01000 train_acc=94.09 test_acc=94.49
epoch=194/300 lr=0.01000 train_acc=94.17 test_acc=94.33
epoch=195/300 lr=0.01000 train_acc=94.11 test_acc=93.51
epoch=196/300 lr=0.01000 train_acc=94.13 test_acc=94.43
epoch=197/300 lr=0.01000 train_acc=94.14 test_acc=93.90
epoch=198/300 lr=0.01000 train_acc=94.03 test_acc=94.15
epoch=199/300 lr=0.01000 train_acc=94.27 test_acc=94.30
epoch=200/300 lr=0.01000 train_acc=93.98 test_acc=94.22
epoch=201/300 lr=0.01000 train_acc=94.09 test_acc=94.10
epoch=202/300 lr=0.01000 train_acc=94.12 test_acc=94.11
epoch=203/300 lr=0.01000 train_acc=94.33 test_acc=94.34
epoch=204/300 lr=0.01000 train_acc=94.26 test_acc=94.06
epoch=205/300 lr=0.01000 train_acc=94.03 test_acc=94.43
epoch=206/300 lr=0.01000 train_acc=94.14 test_acc=94.42
epoch=207/300 lr=0.01000 train_acc=94.17 test_acc=94.41
epoch=208/300 lr=0.01000 train_acc=94.22 test_acc=94.16
epoch=209/300 lr=0.01000 train_acc=94.29 test_acc=94.36
epoch=210/300 lr=0.01000 train_acc=94.19 test_acc=94.47
epoch=211/300 lr=0.01000 train_acc=94.19 test_acc=93.80
epoch=212/300 lr=0.01000 train_acc=94.03 test_acc=94.39
epoch=213/300 lr=0.01000 train_acc=94.17 test_acc=92.83
epoch=214/300 lr=0.01000 train_acc=94.08 test_acc=94.40
epoch=215/300 lr=0.01000 train_acc=94.23 test_acc=94.18
epoch=216/300 lr=0.01000 train_acc=94.24 test_acc=93.55
epoch=217/300 lr=0.01000 train_acc=94.27 test_acc=94.47
epoch=218/300 lr=0.01000 train_acc=94.29 test_acc=93.69
epoch=219/300 lr=0.01000 train_acc=94.28 test_acc=94.38
epoch=220/300 lr=0.01000 train_acc=94.28 test_acc=93.81
epoch=221/300 lr=0.01000 train_acc=94.28 test_acc=94.04
epoch=222/300 lr=0.01000 train_acc=94.26 test_acc=93.66
epoch=223/300 lr=0.01000 train_acc=94.31 test_acc=94.22
epoch=224/300 lr=0.01000 train_acc=94.10 test_acc=93.70
epoch=225/300 lr=0.01000 train_acc=94.28 test_acc=94.45
epoch=226/300 lr=0.00100 train_acc=95.19 test_acc=95.05
epoch=227/300 lr=0.00100 train_acc=95.64 test_acc=95.19
epoch=228/300 lr=0.00100 train_acc=95.70 test_acc=95.17
epoch=229/300 lr=0.00100 train_acc=95.76 test_acc=95.09
epoch=230/300 lr=0.00100 train_acc=95.96 test_acc=95.21
epoch=231/300 lr=0.00100 train_acc=95.81 test_acc=95.28
epoch=232/300 lr=0.00100 train_acc=96.07 test_acc=95.19
epoch=233/300 lr=0.00100 train_acc=96.00 test_acc=95.27
epoch=234/300 lr=0.00100 train_acc=96.14 test_acc=95.28
epoch=235/300 lr=0.00100 train_acc=96.04 test_acc=95.38
epoch=236/300 lr=0.00100 train_acc=96.07 test_acc=95.36
epoch=237/300 lr=0.00100 train_acc=96.19 test_acc=95.32
epoch=238/300 lr=0.00100 train_acc=96.23 test_acc=95.25
epoch=239/300 lr=0.00100 train_acc=96.16 test_acc=95.35
epoch=240/300 lr=0.00100 train_acc=96.28 test_acc=95.21
epoch=241/300 lr=0.00100 train_acc=96.15 test_acc=95.43
epoch=242/300 lr=0.00100 train_acc=96.27 test_acc=95.39
epoch=243/300 lr=0.00100 train_acc=96.31 test_acc=95.27
epoch=244/300 lr=0.00100 train_acc=96.46 test_acc=95.30
epoch=245/300 lr=0.00100 train_acc=96.40 test_acc=95.23
epoch=246/300 lr=0.00100 train_acc=96.37 test_acc=95.34
epoch=247/300 lr=0.00100 train_acc=96.44 test_acc=95.32
epoch=248/300 lr=0.00100 train_acc=96.36 test_acc=95.34
epoch=249/300 lr=0.00100 train_acc=96.37 test_acc=95.25
epoch=250/300 lr=0.00100 train_acc=96.52 test_acc=95.34
epoch=251/300 lr=0.00100 train_acc=96.52 test_acc=95.48
epoch=252/300 lr=0.00100 train_acc=96.45 test_acc=95.48
epoch=253/300 lr=0.00100 train_acc=96.51 test_acc=95.35
epoch=254/300 lr=0.00100 train_acc=96.53 test_acc=95.39
epoch=255/300 lr=0.00100 train_acc=96.58 test_acc=95.22
epoch=256/300 lr=0.00100 train_acc=96.52 test_acc=95.30
epoch=257/300 lr=0.00100 train_acc=96.50 test_acc=95.29
epoch=258/300 lr=0.00100 train_acc=96.59 test_acc=95.41
epoch=259/300 lr=0.00100 train_acc=96.65 test_acc=95.35
epoch=260/300 lr=0.00100 train_acc=96.60 test_acc=95.38
epoch=261/300 lr=0.00100 train_acc=96.62 test_acc=95.38
epoch=262/300 lr=0.00100 train_acc=96.46 test_acc=95.16
epoch=263/300 lr=0.00100 train_acc=96.55 test_acc=95.24
epoch=264/300 lr=0.00100 train_acc=96.59 test_acc=95.37
epoch=265/300 lr=0.00100 train_acc=96.68 test_acc=95.32
epoch=266/300 lr=0.00100 train_acc=96.69 test_acc=95.27
epoch=267/300 lr=0.00100 train_acc=96.70 test_acc=95.38
epoch=268/300 lr=0.00100 train_acc=96.71 test_acc=95.44
epoch=269/300 lr=0.00100 train_acc=96.70 test_acc=95.32
epoch=270/300 lr=0.00100 train_acc=96.70 test_acc=95.29
epoch=271/300 lr=0.00100 train_acc=96.66 test_acc=95.27
epoch=272/300 lr=0.00100 train_acc=96.84 test_acc=95.25
epoch=273/300 lr=0.00100 train_acc=96.78 test_acc=95.39
epoch=274/300 lr=0.00100 train_acc=96.78 test_acc=95.24
epoch=275/300 lr=0.00100 train_acc=96.81 test_acc=95.25
epoch=276/300 lr=0.00100 train_acc=96.80 test_acc=95.46
epoch=277/300 lr=0.00100 train_acc=96.87 test_acc=95.22
epoch=278/300 lr=0.00100 train_acc=96.68 test_acc=95.23
epoch=279/300 lr=0.00100 train_acc=96.84 test_acc=95.24
epoch=280/300 lr=0.00100 train_acc=96.81 test_acc=95.35
epoch=281/300 lr=0.00100 train_acc=96.87 test_acc=95.25
epoch=282/300 lr=0.00100 train_acc=96.77 test_acc=95.38
epoch=283/300 lr=0.00100 train_acc=96.94 test_acc=95.37
epoch=284/300 lr=0.00100 train_acc=96.94 test_acc=95.42
epoch=285/300 lr=0.00100 train_acc=96.88 test_acc=95.31
epoch=286/300 lr=0.00100 train_acc=96.88 test_acc=95.25
epoch=287/300 lr=0.00100 train_acc=96.87 test_acc=95.10
epoch=288/300 lr=0.00100 train_acc=96.98 test_acc=95.12
epoch=289/300 lr=0.00100 train_acc=96.90 test_acc=95.30
epoch=290/300 lr=0.00100 train_acc=96.87 test_acc=95.16
epoch=291/300 lr=0.00100 train_acc=97.05 test_acc=95.14
epoch=292/300 lr=0.00100 train_acc=96.90 test_acc=95.12
epoch=293/300 lr=0.00100 train_acc=97.02 test_acc=95.19
epoch=294/300 lr=0.00100 train_acc=96.90 test_acc=95.13
epoch=295/300 lr=0.00100 train_acc=97.00 test_acc=95.05
epoch=296/300 lr=0.00100 train_acc=96.89 test_acc=95.23
epoch=297/300 lr=0.00100 train_acc=96.86 test_acc=95.32
epoch=298/300 lr=0.00100 train_acc=96.84 test_acc=94.99
epoch=299/300 lr=0.00100 train_acc=96.99 test_acc=95.35
epoch=300/300 lr=0.00100 train_acc=97.01 test_acc=95.17
{
  "best_accuracy": 95.48,
  "best_error_rate": 4.519999999999996,
  "final_accuracy": 95.17,
  "final_error_rate": 4.829999999999998,
  "elapsed_seconds": 2173.397626399994,
  "is_paper_result": false,
  "note": "New reproduction result; compare against paper target separately."
}
start experiment=fashionmnist_resnet20_re_author_code seed=1002
epoch=1/300 lr=0.10000 train_acc=69.50 test_acc=74.33
epoch=2/300 lr=0.10000 train_acc=82.39 test_acc=83.97
epoch=3/300 lr=0.10000 train_acc=84.75 test_acc=87.58
epoch=4/300 lr=0.10000 train_acc=85.76 test_acc=88.63
epoch=5/300 lr=0.10000 train_acc=86.41 test_acc=86.24
epoch=6/300 lr=0.10000 train_acc=86.75 test_acc=87.83
epoch=7/300 lr=0.10000 train_acc=87.09 test_acc=86.89
epoch=8/300 lr=0.10000 train_acc=87.22 test_acc=87.06
epoch=9/300 lr=0.10000 train_acc=87.58 test_acc=88.07
epoch=10/300 lr=0.10000 train_acc=87.68 test_acc=90.28
epoch=11/300 lr=0.10000 train_acc=88.03 test_acc=86.43
epoch=12/300 lr=0.10000 train_acc=87.97 test_acc=88.78
epoch=13/300 lr=0.10000 train_acc=88.14 test_acc=89.11
epoch=14/300 lr=0.10000 train_acc=88.17 test_acc=87.01
epoch=15/300 lr=0.10000 train_acc=88.23 test_acc=89.54
epoch=16/300 lr=0.10000 train_acc=88.15 test_acc=85.41
epoch=17/300 lr=0.10000 train_acc=88.43 test_acc=87.68
epoch=18/300 lr=0.10000 train_acc=88.50 test_acc=90.51
epoch=19/300 lr=0.10000 train_acc=88.50 test_acc=89.75
epoch=20/300 lr=0.10000 train_acc=88.37 test_acc=90.27
epoch=21/300 lr=0.10000 train_acc=88.72 test_acc=85.63
epoch=22/300 lr=0.10000 train_acc=88.52 test_acc=86.94
epoch=23/300 lr=0.10000 train_acc=88.66 test_acc=89.78
epoch=24/300 lr=0.10000 train_acc=88.59 test_acc=89.02
epoch=25/300 lr=0.10000 train_acc=88.78 test_acc=89.08
epoch=26/300 lr=0.10000 train_acc=88.94 test_acc=87.52
epoch=27/300 lr=0.10000 train_acc=88.77 test_acc=89.96
epoch=28/300 lr=0.10000 train_acc=88.90 test_acc=90.29
epoch=29/300 lr=0.10000 train_acc=89.01 test_acc=90.85
epoch=30/300 lr=0.10000 train_acc=88.98 test_acc=89.51
epoch=31/300 lr=0.10000 train_acc=89.02 test_acc=83.52
epoch=32/300 lr=0.10000 train_acc=89.06 test_acc=91.13
epoch=33/300 lr=0.10000 train_acc=89.16 test_acc=90.41
epoch=34/300 lr=0.10000 train_acc=88.96 test_acc=88.62
epoch=35/300 lr=0.10000 train_acc=89.14 test_acc=89.62
epoch=36/300 lr=0.10000 train_acc=89.23 test_acc=88.74
epoch=37/300 lr=0.10000 train_acc=89.25 test_acc=89.88
epoch=38/300 lr=0.10000 train_acc=89.34 test_acc=91.06
epoch=39/300 lr=0.10000 train_acc=89.30 test_acc=89.00
epoch=40/300 lr=0.10000 train_acc=89.30 test_acc=85.11
epoch=41/300 lr=0.10000 train_acc=89.25 test_acc=87.10
epoch=42/300 lr=0.10000 train_acc=89.29 test_acc=89.79
epoch=43/300 lr=0.10000 train_acc=89.32 test_acc=90.44
epoch=44/300 lr=0.10000 train_acc=89.36 test_acc=88.53
epoch=45/300 lr=0.10000 train_acc=89.33 test_acc=86.27
epoch=46/300 lr=0.10000 train_acc=89.33 test_acc=90.90
epoch=47/300 lr=0.10000 train_acc=89.22 test_acc=89.76
epoch=48/300 lr=0.10000 train_acc=89.32 test_acc=89.82
epoch=49/300 lr=0.10000 train_acc=89.36 test_acc=88.31
epoch=50/300 lr=0.10000 train_acc=89.49 test_acc=88.34
epoch=51/300 lr=0.10000 train_acc=89.42 test_acc=91.30
epoch=52/300 lr=0.10000 train_acc=89.56 test_acc=92.03
epoch=53/300 lr=0.10000 train_acc=89.44 test_acc=89.00
epoch=54/300 lr=0.10000 train_acc=89.78 test_acc=90.89
epoch=55/300 lr=0.10000 train_acc=89.42 test_acc=88.27
epoch=56/300 lr=0.10000 train_acc=89.25 test_acc=88.74
epoch=57/300 lr=0.10000 train_acc=89.31 test_acc=86.43
epoch=58/300 lr=0.10000 train_acc=89.42 test_acc=89.20
epoch=59/300 lr=0.10000 train_acc=89.64 test_acc=89.62
epoch=60/300 lr=0.10000 train_acc=89.45 test_acc=90.89
epoch=61/300 lr=0.10000 train_acc=89.45 test_acc=90.91
epoch=62/300 lr=0.10000 train_acc=89.31 test_acc=90.37
epoch=63/300 lr=0.10000 train_acc=89.66 test_acc=90.62
epoch=64/300 lr=0.10000 train_acc=89.31 test_acc=89.37
epoch=65/300 lr=0.10000 train_acc=89.57 test_acc=89.03
epoch=66/300 lr=0.10000 train_acc=89.43 test_acc=90.99
epoch=67/300 lr=0.10000 train_acc=89.65 test_acc=86.88
epoch=68/300 lr=0.10000 train_acc=89.61 test_acc=91.26
epoch=69/300 lr=0.10000 train_acc=89.64 test_acc=90.54
epoch=70/300 lr=0.10000 train_acc=89.44 test_acc=89.24
epoch=71/300 lr=0.10000 train_acc=89.51 test_acc=87.46
epoch=72/300 lr=0.10000 train_acc=89.34 test_acc=91.63
epoch=73/300 lr=0.10000 train_acc=89.58 test_acc=90.98
epoch=74/300 lr=0.10000 train_acc=89.64 test_acc=88.90
epoch=75/300 lr=0.10000 train_acc=89.66 test_acc=86.87
epoch=76/300 lr=0.10000 train_acc=89.61 test_acc=91.18
epoch=77/300 lr=0.10000 train_acc=89.58 test_acc=88.17
epoch=78/300 lr=0.10000 train_acc=89.64 test_acc=89.63
epoch=79/300 lr=0.10000 train_acc=89.60 test_acc=90.06
epoch=80/300 lr=0.10000 train_acc=89.70 test_acc=91.79
epoch=81/300 lr=0.10000 train_acc=89.72 test_acc=88.68
epoch=82/300 lr=0.10000 train_acc=89.65 test_acc=89.79
epoch=83/300 lr=0.10000 train_acc=89.62 test_acc=89.23
epoch=84/300 lr=0.10000 train_acc=89.74 test_acc=88.91
epoch=85/300 lr=0.10000 train_acc=89.63 test_acc=90.34
epoch=86/300 lr=0.10000 train_acc=89.62 test_acc=87.83
epoch=87/300 lr=0.10000 train_acc=89.42 test_acc=89.77
epoch=88/300 lr=0.10000 train_acc=89.39 test_acc=89.44
epoch=89/300 lr=0.10000 train_acc=89.64 test_acc=90.26
epoch=90/300 lr=0.10000 train_acc=89.67 test_acc=85.67
epoch=91/300 lr=0.10000 train_acc=89.71 test_acc=89.13
epoch=92/300 lr=0.10000 train_acc=89.78 test_acc=91.46
epoch=93/300 lr=0.10000 train_acc=89.51 test_acc=89.91
epoch=94/300 lr=0.10000 train_acc=89.65 test_acc=89.75
epoch=95/300 lr=0.10000 train_acc=89.65 test_acc=90.51
epoch=96/300 lr=0.10000 train_acc=89.71 test_acc=89.15
epoch=97/300 lr=0.10000 train_acc=89.64 test_acc=90.54
epoch=98/300 lr=0.10000 train_acc=89.68 test_acc=88.64
epoch=99/300 lr=0.10000 train_acc=89.65 test_acc=90.59
epoch=100/300 lr=0.10000 train_acc=89.71 test_acc=90.94
epoch=101/300 lr=0.10000 train_acc=89.72 test_acc=91.46
epoch=102/300 lr=0.10000 train_acc=89.75 test_acc=90.72
epoch=103/300 lr=0.10000 train_acc=89.82 test_acc=86.02
epoch=104/300 lr=0.10000 train_acc=89.47 test_acc=90.63
epoch=105/300 lr=0.10000 train_acc=89.53 test_acc=89.83
epoch=106/300 lr=0.10000 train_acc=89.75 test_acc=89.72
epoch=107/300 lr=0.10000 train_acc=89.54 test_acc=90.49
epoch=108/300 lr=0.10000 train_acc=89.71 test_acc=89.39
epoch=109/300 lr=0.10000 train_acc=89.62 test_acc=91.14
epoch=110/300 lr=0.10000 train_acc=89.64 test_acc=90.58
epoch=111/300 lr=0.10000 train_acc=89.81 test_acc=91.75
epoch=112/300 lr=0.10000 train_acc=89.64 test_acc=90.98
epoch=113/300 lr=0.10000 train_acc=89.82 test_acc=91.41
epoch=114/300 lr=0.10000 train_acc=89.56 test_acc=86.57
epoch=115/300 lr=0.10000 train_acc=89.55 test_acc=82.76
epoch=116/300 lr=0.10000 train_acc=89.56 test_acc=89.88
epoch=117/300 lr=0.10000 train_acc=89.66 test_acc=90.91
epoch=118/300 lr=0.10000 train_acc=89.77 test_acc=90.84
epoch=119/300 lr=0.10000 train_acc=89.86 test_acc=77.85
epoch=120/300 lr=0.10000 train_acc=89.52 test_acc=91.00
epoch=121/300 lr=0.10000 train_acc=89.57 test_acc=91.39
epoch=122/300 lr=0.10000 train_acc=89.84 test_acc=90.27
epoch=123/300 lr=0.10000 train_acc=89.66 test_acc=91.00
epoch=124/300 lr=0.10000 train_acc=89.70 test_acc=91.48
epoch=125/300 lr=0.10000 train_acc=89.76 test_acc=89.98
epoch=126/300 lr=0.10000 train_acc=89.65 test_acc=91.98
epoch=127/300 lr=0.10000 train_acc=89.67 test_acc=90.52
epoch=128/300 lr=0.10000 train_acc=89.88 test_acc=90.90
epoch=129/300 lr=0.10000 train_acc=89.60 test_acc=91.72
epoch=130/300 lr=0.10000 train_acc=89.45 test_acc=89.39
epoch=131/300 lr=0.10000 train_acc=89.80 test_acc=92.00
epoch=132/300 lr=0.10000 train_acc=89.82 test_acc=91.67
epoch=133/300 lr=0.10000 train_acc=89.84 test_acc=90.82
epoch=134/300 lr=0.10000 train_acc=89.60 test_acc=89.86
epoch=135/300 lr=0.10000 train_acc=89.89 test_acc=88.49
epoch=136/300 lr=0.10000 train_acc=89.78 test_acc=90.24
epoch=137/300 lr=0.10000 train_acc=89.58 test_acc=89.70
epoch=138/300 lr=0.10000 train_acc=89.92 test_acc=91.51
epoch=139/300 lr=0.10000 train_acc=90.00 test_acc=89.35
epoch=140/300 lr=0.10000 train_acc=89.89 test_acc=90.86
epoch=141/300 lr=0.10000 train_acc=89.83 test_acc=91.33
epoch=142/300 lr=0.10000 train_acc=89.79 test_acc=90.12
epoch=143/300 lr=0.10000 train_acc=89.80 test_acc=90.55
epoch=144/300 lr=0.10000 train_acc=89.59 test_acc=89.55
epoch=145/300 lr=0.10000 train_acc=89.65 test_acc=85.68
epoch=146/300 lr=0.10000 train_acc=89.58 test_acc=86.65
epoch=147/300 lr=0.10000 train_acc=89.58 test_acc=91.92
epoch=148/300 lr=0.10000 train_acc=89.91 test_acc=89.40
epoch=149/300 lr=0.10000 train_acc=89.78 test_acc=90.75
epoch=150/300 lr=0.10000 train_acc=89.75 test_acc=89.36
epoch=151/300 lr=0.01000 train_acc=92.07 test_acc=93.94
epoch=152/300 lr=0.01000 train_acc=92.91 test_acc=94.03
epoch=153/300 lr=0.01000 train_acc=93.12 test_acc=94.02
epoch=154/300 lr=0.01000 train_acc=93.32 test_acc=94.30
epoch=155/300 lr=0.01000 train_acc=93.45 test_acc=94.26
epoch=156/300 lr=0.01000 train_acc=93.33 test_acc=94.43
epoch=157/300 lr=0.01000 train_acc=93.70 test_acc=94.42
epoch=158/300 lr=0.01000 train_acc=93.77 test_acc=94.13
epoch=159/300 lr=0.01000 train_acc=93.71 test_acc=94.50
epoch=160/300 lr=0.01000 train_acc=93.75 test_acc=94.41
epoch=161/300 lr=0.01000 train_acc=93.82 test_acc=94.44
epoch=162/300 lr=0.01000 train_acc=93.80 test_acc=94.40
epoch=163/300 lr=0.01000 train_acc=93.84 test_acc=94.31
epoch=164/300 lr=0.01000 train_acc=93.88 test_acc=94.35
epoch=165/300 lr=0.01000 train_acc=93.80 test_acc=94.42
epoch=166/300 lr=0.01000 train_acc=93.83 test_acc=94.15
epoch=167/300 lr=0.01000 train_acc=93.95 test_acc=94.56
epoch=168/300 lr=0.01000 train_acc=93.82 test_acc=94.46
epoch=169/300 lr=0.01000 train_acc=94.00 test_acc=94.20
epoch=170/300 lr=0.01000 train_acc=93.83 test_acc=94.08
epoch=171/300 lr=0.01000 train_acc=93.94 test_acc=94.36
epoch=172/300 lr=0.01000 train_acc=93.94 test_acc=94.38
epoch=173/300 lr=0.01000 train_acc=93.83 test_acc=94.29
epoch=174/300 lr=0.01000 train_acc=93.96 test_acc=94.12
epoch=175/300 lr=0.01000 train_acc=93.91 test_acc=94.40
epoch=176/300 lr=0.01000 train_acc=93.92 test_acc=93.87
epoch=177/300 lr=0.01000 train_acc=93.90 test_acc=93.93
epoch=178/300 lr=0.01000 train_acc=93.95 test_acc=94.11
epoch=179/300 lr=0.01000 train_acc=93.99 test_acc=94.35
epoch=180/300 lr=0.01000 train_acc=93.96 test_acc=93.63
epoch=181/300 lr=0.01000 train_acc=94.00 test_acc=94.21
epoch=182/300 lr=0.01000 train_acc=93.94 test_acc=94.19
epoch=183/300 lr=0.01000 train_acc=94.06 test_acc=94.54
epoch=184/300 lr=0.01000 train_acc=94.03 test_acc=94.24
epoch=185/300 lr=0.01000 train_acc=93.89 test_acc=93.95
epoch=186/300 lr=0.01000 train_acc=93.87 test_acc=94.10
epoch=187/300 lr=0.01000 train_acc=93.98 test_acc=94.04
epoch=188/300 lr=0.01000 train_acc=94.02 test_acc=93.97
epoch=189/300 lr=0.01000 train_acc=93.92 test_acc=93.94
epoch=190/300 lr=0.01000 train_acc=93.94 test_acc=93.99
epoch=191/300 lr=0.01000 train_acc=93.98 test_acc=94.41
epoch=192/300 lr=0.01000 train_acc=94.14 test_acc=94.22
epoch=193/300 lr=0.01000 train_acc=93.94 test_acc=94.33
epoch=194/300 lr=0.01000 train_acc=93.94 test_acc=93.48
epoch=195/300 lr=0.01000 train_acc=93.95 test_acc=94.21
epoch=196/300 lr=0.01000 train_acc=93.84 test_acc=93.14
epoch=197/300 lr=0.01000 train_acc=93.86 test_acc=93.91
epoch=198/300 lr=0.01000 train_acc=94.07 test_acc=94.15
epoch=199/300 lr=0.01000 train_acc=93.96 test_acc=94.05
epoch=200/300 lr=0.01000 train_acc=94.11 test_acc=94.21
epoch=201/300 lr=0.01000 train_acc=93.91 test_acc=94.27
epoch=202/300 lr=0.01000 train_acc=94.06 test_acc=94.09
epoch=203/300 lr=0.01000 train_acc=94.16 test_acc=94.21
epoch=204/300 lr=0.01000 train_acc=94.16 test_acc=94.01
epoch=205/300 lr=0.01000 train_acc=94.06 test_acc=93.89
epoch=206/300 lr=0.01000 train_acc=93.88 test_acc=94.34
epoch=207/300 lr=0.01000 train_acc=94.05 test_acc=94.39
epoch=208/300 lr=0.01000 train_acc=94.11 test_acc=94.37
epoch=209/300 lr=0.01000 train_acc=94.01 test_acc=94.35
epoch=210/300 lr=0.01000 train_acc=94.06 test_acc=93.94
epoch=211/300 lr=0.01000 train_acc=94.14 test_acc=94.40
epoch=212/300 lr=0.01000 train_acc=94.15 test_acc=94.06
epoch=213/300 lr=0.01000 train_acc=94.05 test_acc=93.95
epoch=214/300 lr=0.01000 train_acc=94.14 test_acc=94.42
epoch=215/300 lr=0.01000 train_acc=93.98 test_acc=94.51
epoch=216/300 lr=0.01000 train_acc=94.08 test_acc=93.55
epoch=217/300 lr=0.01000 train_acc=94.00 test_acc=94.12
epoch=218/300 lr=0.01000 train_acc=94.21 test_acc=94.46
epoch=219/300 lr=0.01000 train_acc=94.19 test_acc=93.86
epoch=220/300 lr=0.01000 train_acc=94.13 test_acc=94.66
epoch=221/300 lr=0.01000 train_acc=94.23 test_acc=94.21
epoch=222/300 lr=0.01000 train_acc=94.21 test_acc=93.47
epoch=223/300 lr=0.01000 train_acc=94.28 test_acc=94.36
epoch=224/300 lr=0.01000 train_acc=94.28 test_acc=93.73
epoch=225/300 lr=0.01000 train_acc=94.20 test_acc=94.07
epoch=226/300 lr=0.00100 train_acc=95.14 test_acc=95.10
epoch=227/300 lr=0.00100 train_acc=95.65 test_acc=95.16
epoch=228/300 lr=0.00100 train_acc=95.60 test_acc=95.11
epoch=229/300 lr=0.00100 train_acc=95.74 test_acc=95.09
epoch=230/300 lr=0.00100 train_acc=95.75 test_acc=95.09
epoch=231/300 lr=0.00100 train_acc=95.90 test_acc=95.15
epoch=232/300 lr=0.00100 train_acc=95.91 test_acc=95.25
epoch=233/300 lr=0.00100 train_acc=95.94 test_acc=95.17
epoch=234/300 lr=0.00100 train_acc=96.09 test_acc=95.13
epoch=235/300 lr=0.00100 train_acc=95.92 test_acc=95.20
epoch=236/300 lr=0.00100 train_acc=96.09 test_acc=95.28
epoch=237/300 lr=0.00100 train_acc=96.00 test_acc=95.23
epoch=238/300 lr=0.00100 train_acc=96.15 test_acc=95.30
epoch=239/300 lr=0.00100 train_acc=96.12 test_acc=95.34
epoch=240/300 lr=0.00100 train_acc=96.03 test_acc=95.29
epoch=241/300 lr=0.00100 train_acc=96.35 test_acc=95.35
epoch=242/300 lr=0.00100 train_acc=96.17 test_acc=95.32
epoch=243/300 lr=0.00100 train_acc=96.20 test_acc=95.28
epoch=244/300 lr=0.00100 train_acc=96.34 test_acc=95.26
epoch=245/300 lr=0.00100 train_acc=96.32 test_acc=95.35
epoch=246/300 lr=0.00100 train_acc=96.33 test_acc=95.24
epoch=247/300 lr=0.00100 train_acc=96.28 test_acc=95.38
epoch=248/300 lr=0.00100 train_acc=96.33 test_acc=95.26
epoch=249/300 lr=0.00100 train_acc=96.39 test_acc=95.16
epoch=250/300 lr=0.00100 train_acc=96.33 test_acc=95.18
epoch=251/300 lr=0.00100 train_acc=96.32 test_acc=95.12
epoch=252/300 lr=0.00100 train_acc=96.41 test_acc=95.24
epoch=253/300 lr=0.00100 train_acc=96.38 test_acc=95.18
epoch=254/300 lr=0.00100 train_acc=96.47 test_acc=95.20
epoch=255/300 lr=0.00100 train_acc=96.41 test_acc=95.14
epoch=256/300 lr=0.00100 train_acc=96.59 test_acc=95.15
epoch=257/300 lr=0.00100 train_acc=96.43 test_acc=95.26
epoch=258/300 lr=0.00100 train_acc=96.50 test_acc=95.24
epoch=259/300 lr=0.00100 train_acc=96.47 test_acc=95.44
epoch=260/300 lr=0.00100 train_acc=96.53 test_acc=95.25
epoch=261/300 lr=0.00100 train_acc=96.63 test_acc=95.36
epoch=262/300 lr=0.00100 train_acc=96.61 test_acc=95.21
epoch=263/300 lr=0.00100 train_acc=96.54 test_acc=95.28
epoch=264/300 lr=0.00100 train_acc=96.53 test_acc=95.29
epoch=265/300 lr=0.00100 train_acc=96.61 test_acc=95.40
epoch=266/300 lr=0.00100 train_acc=96.55 test_acc=95.31
epoch=267/300 lr=0.00100 train_acc=96.56 test_acc=95.35
epoch=268/300 lr=0.00100 train_acc=96.50 test_acc=95.35
epoch=269/300 lr=0.00100 train_acc=96.62 test_acc=95.26
epoch=270/300 lr=0.00100 train_acc=96.62 test_acc=95.18
epoch=271/300 lr=0.00100 train_acc=96.64 test_acc=95.36
epoch=272/300 lr=0.00100 train_acc=96.62 test_acc=95.40
epoch=273/300 lr=0.00100 train_acc=96.68 test_acc=95.41
epoch=274/300 lr=0.00100 train_acc=96.65 test_acc=95.30
epoch=275/300 lr=0.00100 train_acc=96.64 test_acc=95.23
epoch=276/300 lr=0.00100 train_acc=96.78 test_acc=95.20
epoch=277/300 lr=0.00100 train_acc=96.58 test_acc=95.30
epoch=278/300 lr=0.00100 train_acc=96.70 test_acc=95.33
epoch=279/300 lr=0.00100 train_acc=96.69 test_acc=95.23
epoch=280/300 lr=0.00100 train_acc=96.66 test_acc=95.25
epoch=281/300 lr=0.00100 train_acc=96.76 test_acc=95.41
epoch=282/300 lr=0.00100 train_acc=96.71 test_acc=95.24
epoch=283/300 lr=0.00100 train_acc=96.79 test_acc=95.11
epoch=284/300 lr=0.00100 train_acc=96.78 test_acc=95.32
epoch=285/300 lr=0.00100 train_acc=96.74 test_acc=95.31
epoch=286/300 lr=0.00100 train_acc=96.80 test_acc=95.31
epoch=287/300 lr=0.00100 train_acc=96.85 test_acc=95.42
epoch=288/300 lr=0.00100 train_acc=96.80 test_acc=95.42
epoch=289/300 lr=0.00100 train_acc=96.94 test_acc=95.26
epoch=290/300 lr=0.00100 train_acc=96.85 test_acc=95.18
epoch=291/300 lr=0.00100 train_acc=96.82 test_acc=95.30
epoch=292/300 lr=0.00100 train_acc=96.75 test_acc=95.32
epoch=293/300 lr=0.00100 train_acc=96.85 test_acc=95.21
epoch=294/300 lr=0.00100 train_acc=96.83 test_acc=95.29
epoch=295/300 lr=0.00100 train_acc=96.88 test_acc=95.30
epoch=296/300 lr=0.00100 train_acc=96.85 test_acc=95.25
epoch=297/300 lr=0.00100 train_acc=96.89 test_acc=95.34
epoch=298/300 lr=0.00100 train_acc=96.89 test_acc=95.20
epoch=299/300 lr=0.00100 train_acc=96.84 test_acc=95.16
epoch=300/300 lr=0.00100 train_acc=96.77 test_acc=95.33
{
  "best_accuracy": 95.44,
  "best_error_rate": 4.560000000000002,
  "final_accuracy": 95.33,
  "final_error_rate": 4.670000000000002,
  "elapsed_seconds": 2181.7701914310455,
  "is_paper_result": false,
  "note": "New reproduction result; compare against paper target separately."
}
start experiment=fashionmnist_resnet20_re_author_code seed=1003
epoch=1/300 lr=0.10000 train_acc=70.34 test_acc=77.24
epoch=2/300 lr=0.10000 train_acc=82.12 test_acc=86.55
epoch=3/300 lr=0.10000 train_acc=84.70 test_acc=84.87
epoch=4/300 lr=0.10000 train_acc=85.81 test_acc=86.06
epoch=5/300 lr=0.10000 train_acc=86.62 test_acc=86.77
epoch=6/300 lr=0.10000 train_acc=86.75 test_acc=88.71
epoch=7/300 lr=0.10000 train_acc=86.95 test_acc=88.62
epoch=8/300 lr=0.10000 train_acc=87.47 test_acc=74.49
epoch=9/300 lr=0.10000 train_acc=87.42 test_acc=85.13
epoch=10/300 lr=0.10000 train_acc=87.70 test_acc=89.05
epoch=11/300 lr=0.10000 train_acc=87.92 test_acc=86.27
epoch=12/300 lr=0.10000 train_acc=87.86 test_acc=85.44
epoch=13/300 lr=0.10000 train_acc=87.98 test_acc=82.44
epoch=14/300 lr=0.10000 train_acc=88.13 test_acc=87.77
epoch=15/300 lr=0.10000 train_acc=88.16 test_acc=90.32
epoch=16/300 lr=0.10000 train_acc=88.36 test_acc=87.30
epoch=17/300 lr=0.10000 train_acc=88.38 test_acc=84.88
epoch=18/300 lr=0.10000 train_acc=88.31 test_acc=88.75
epoch=19/300 lr=0.10000 train_acc=88.50 test_acc=86.49
epoch=20/300 lr=0.10000 train_acc=88.38 test_acc=89.07
epoch=21/300 lr=0.10000 train_acc=88.73 test_acc=89.26
epoch=22/300 lr=0.10000 train_acc=88.53 test_acc=90.08
epoch=23/300 lr=0.10000 train_acc=88.71 test_acc=89.67
epoch=24/300 lr=0.10000 train_acc=88.55 test_acc=82.61
epoch=25/300 lr=0.10000 train_acc=88.81 test_acc=89.42
epoch=26/300 lr=0.10000 train_acc=89.10 test_acc=90.11
epoch=27/300 lr=0.10000 train_acc=88.97 test_acc=87.99
epoch=28/300 lr=0.10000 train_acc=88.89 test_acc=88.77
epoch=29/300 lr=0.10000 train_acc=88.97 test_acc=85.44
epoch=30/300 lr=0.10000 train_acc=88.86 test_acc=91.10
epoch=31/300 lr=0.10000 train_acc=88.88 test_acc=87.47
epoch=32/300 lr=0.10000 train_acc=88.95 test_acc=89.72
epoch=33/300 lr=0.10000 train_acc=89.07 test_acc=91.11
epoch=34/300 lr=0.10000 train_acc=88.85 test_acc=90.07
epoch=35/300 lr=0.10000 train_acc=89.28 test_acc=87.80
epoch=36/300 lr=0.10000 train_acc=89.14 test_acc=90.32
epoch=37/300 lr=0.10000 train_acc=88.97 test_acc=91.15
epoch=38/300 lr=0.10000 train_acc=89.30 test_acc=89.66
epoch=39/300 lr=0.10000 train_acc=89.15 test_acc=90.38
epoch=40/300 lr=0.10000 train_acc=89.35 test_acc=90.57
epoch=41/300 lr=0.10000 train_acc=89.25 test_acc=90.59
epoch=42/300 lr=0.10000 train_acc=89.32 test_acc=85.27
epoch=43/300 lr=0.10000 train_acc=89.15 test_acc=84.55
epoch=44/300 lr=0.10000 train_acc=89.10 test_acc=90.59
epoch=45/300 lr=0.10000 train_acc=89.38 test_acc=88.92
epoch=46/300 lr=0.10000 train_acc=89.26 test_acc=86.06
epoch=47/300 lr=0.10000 train_acc=89.47 test_acc=89.01
epoch=48/300 lr=0.10000 train_acc=89.22 test_acc=89.89
epoch=49/300 lr=0.10000 train_acc=89.31 test_acc=85.94
epoch=50/300 lr=0.10000 train_acc=89.56 test_acc=81.58
epoch=51/300 lr=0.10000 train_acc=89.26 test_acc=88.47
epoch=52/300 lr=0.10000 train_acc=89.52 test_acc=89.15
epoch=53/300 lr=0.10000 train_acc=89.43 test_acc=89.57
epoch=54/300 lr=0.10000 train_acc=89.49 test_acc=89.30
epoch=55/300 lr=0.10000 train_acc=89.51 test_acc=90.34
epoch=56/300 lr=0.10000 train_acc=89.27 test_acc=90.84
epoch=57/300 lr=0.10000 train_acc=89.47 test_acc=87.37
epoch=58/300 lr=0.10000 train_acc=89.48 test_acc=88.95
epoch=59/300 lr=0.10000 train_acc=89.59 test_acc=91.12
epoch=60/300 lr=0.10000 train_acc=89.47 test_acc=90.16
epoch=61/300 lr=0.10000 train_acc=89.18 test_acc=89.12
epoch=62/300 lr=0.10000 train_acc=89.54 test_acc=89.74
epoch=63/300 lr=0.10000 train_acc=89.42 test_acc=89.13
epoch=64/300 lr=0.10000 train_acc=89.59 test_acc=91.39
epoch=65/300 lr=0.10000 train_acc=89.54 test_acc=89.50
epoch=66/300 lr=0.10000 train_acc=89.62 test_acc=89.84
epoch=67/300 lr=0.10000 train_acc=89.31 test_acc=89.62
epoch=68/300 lr=0.10000 train_acc=89.42 test_acc=88.51
epoch=69/300 lr=0.10000 train_acc=89.59 test_acc=87.17
epoch=70/300 lr=0.10000 train_acc=89.64 test_acc=90.92
epoch=71/300 lr=0.10000 train_acc=89.59 test_acc=88.29
epoch=72/300 lr=0.10000 train_acc=89.65 test_acc=89.93
epoch=73/300 lr=0.10000 train_acc=89.67 test_acc=87.99
epoch=74/300 lr=0.10000 train_acc=89.37 test_acc=89.20
epoch=75/300 lr=0.10000 train_acc=89.54 test_acc=89.60
epoch=76/300 lr=0.10000 train_acc=89.72 test_acc=90.54
epoch=77/300 lr=0.10000 train_acc=89.49 test_acc=90.57
epoch=78/300 lr=0.10000 train_acc=89.52 test_acc=91.57
epoch=79/300 lr=0.10000 train_acc=89.53 test_acc=86.90
epoch=80/300 lr=0.10000 train_acc=89.55 test_acc=88.28
epoch=81/300 lr=0.10000 train_acc=89.78 test_acc=90.94
epoch=82/300 lr=0.10000 train_acc=89.86 test_acc=89.11
epoch=83/300 lr=0.10000 train_acc=89.84 test_acc=89.19
epoch=84/300 lr=0.10000 train_acc=89.67 test_acc=89.73
epoch=85/300 lr=0.10000 train_acc=89.62 test_acc=86.63
epoch=86/300 lr=0.10000 train_acc=89.58 test_acc=90.16
epoch=87/300 lr=0.10000 train_acc=89.67 test_acc=87.52
epoch=88/300 lr=0.10000 train_acc=89.65 test_acc=91.51
epoch=89/300 lr=0.10000 train_acc=89.48 test_acc=90.30
epoch=90/300 lr=0.10000 train_acc=89.73 test_acc=90.09
epoch=91/300 lr=0.10000 train_acc=89.71 test_acc=90.26
epoch=92/300 lr=0.10000 train_acc=89.52 test_acc=90.76
epoch=93/300 lr=0.10000 train_acc=89.70 test_acc=88.46
epoch=94/300 lr=0.10000 train_acc=89.73 test_acc=89.52
epoch=95/300 lr=0.10000 train_acc=89.70 test_acc=88.38
epoch=96/300 lr=0.10000 train_acc=89.67 test_acc=92.17
epoch=97/300 lr=0.10000 train_acc=89.72 test_acc=88.72
epoch=98/300 lr=0.10000 train_acc=89.54 test_acc=88.96
epoch=99/300 lr=0.10000 train_acc=89.67 test_acc=90.77
epoch=100/300 lr=0.10000 train_acc=89.63 test_acc=89.15
epoch=101/300 lr=0.10000 train_acc=89.88 test_acc=87.81
epoch=102/300 lr=0.10000 train_acc=89.87 test_acc=90.79
epoch=103/300 lr=0.10000 train_acc=89.73 test_acc=86.91
epoch=104/300 lr=0.10000 train_acc=89.81 test_acc=89.76
epoch=105/300 lr=0.10000 train_acc=89.85 test_acc=90.38
epoch=106/300 lr=0.10000 train_acc=89.70 test_acc=91.13
epoch=107/300 lr=0.10000 train_acc=89.69 test_acc=86.67
epoch=108/300 lr=0.10000 train_acc=89.65 test_acc=91.20
epoch=109/300 lr=0.10000 train_acc=89.80 test_acc=90.92
epoch=110/300 lr=0.10000 train_acc=89.73 test_acc=89.17
epoch=111/300 lr=0.10000 train_acc=89.68 test_acc=88.69
epoch=112/300 lr=0.10000 train_acc=89.67 test_acc=88.23
epoch=113/300 lr=0.10000 train_acc=89.79 test_acc=87.10
epoch=114/300 lr=0.10000 train_acc=89.90 test_acc=90.01
epoch=115/300 lr=0.10000 train_acc=89.78 test_acc=84.95
epoch=116/300 lr=0.10000 train_acc=89.69 test_acc=90.60
epoch=117/300 lr=0.10000 train_acc=89.68 test_acc=89.55
epoch=118/300 lr=0.10000 train_acc=89.86 test_acc=88.83
epoch=119/300 lr=0.10000 train_acc=89.63 test_acc=89.45
epoch=120/300 lr=0.10000 train_acc=89.87 test_acc=91.25
epoch=121/300 lr=0.10000 train_acc=89.75 test_acc=89.86
epoch=122/300 lr=0.10000 train_acc=89.86 test_acc=90.35
epoch=123/300 lr=0.10000 train_acc=89.72 test_acc=88.13
epoch=124/300 lr=0.10000 train_acc=89.88 test_acc=88.79
epoch=125/300 lr=0.10000 train_acc=89.92 test_acc=89.67
epoch=126/300 lr=0.10000 train_acc=89.72 test_acc=91.84
epoch=127/300 lr=0.10000 train_acc=89.90 test_acc=91.47
epoch=128/300 lr=0.10000 train_acc=89.61 test_acc=90.75
epoch=129/300 lr=0.10000 train_acc=89.88 test_acc=89.49
epoch=130/300 lr=0.10000 train_acc=89.99 test_acc=90.02
epoch=131/300 lr=0.10000 train_acc=89.77 test_acc=84.39
epoch=132/300 lr=0.10000 train_acc=89.78 test_acc=89.84
epoch=133/300 lr=0.10000 train_acc=89.79 test_acc=87.38
epoch=134/300 lr=0.10000 train_acc=89.92 test_acc=89.70
epoch=135/300 lr=0.10000 train_acc=89.70 test_acc=89.98
epoch=136/300 lr=0.10000 train_acc=89.77 test_acc=89.48
epoch=137/300 lr=0.10000 train_acc=89.77 test_acc=90.43
epoch=138/300 lr=0.10000 train_acc=89.84 test_acc=90.00
epoch=139/300 lr=0.10000 train_acc=89.81 test_acc=90.87
epoch=140/300 lr=0.10000 train_acc=89.90 test_acc=90.58
epoch=141/300 lr=0.10000 train_acc=89.75 test_acc=88.08
epoch=142/300 lr=0.10000 train_acc=90.02 test_acc=90.85
epoch=143/300 lr=0.10000 train_acc=90.00 test_acc=90.96
epoch=144/300 lr=0.10000 train_acc=89.67 test_acc=91.34
epoch=145/300 lr=0.10000 train_acc=89.72 test_acc=91.53
epoch=146/300 lr=0.10000 train_acc=89.87 test_acc=91.22
epoch=147/300 lr=0.10000 train_acc=89.71 test_acc=90.73
epoch=148/300 lr=0.10000 train_acc=89.90 test_acc=89.26
epoch=149/300 lr=0.10000 train_acc=89.98 test_acc=91.69
epoch=150/300 lr=0.10000 train_acc=89.66 test_acc=91.95
epoch=151/300 lr=0.01000 train_acc=92.23 test_acc=93.85
epoch=152/300 lr=0.01000 train_acc=92.94 test_acc=93.88
epoch=153/300 lr=0.01000 train_acc=92.94 test_acc=94.09
epoch=154/300 lr=0.01000 train_acc=93.33 test_acc=93.75
epoch=155/300 lr=0.01000 train_acc=93.41 test_acc=93.78
epoch=156/300 lr=0.01000 train_acc=93.51 test_acc=93.89
epoch=157/300 lr=0.01000 train_acc=93.62 test_acc=94.39
epoch=158/300 lr=0.01000 train_acc=93.67 test_acc=94.21
epoch=159/300 lr=0.01000 train_acc=93.75 test_acc=94.31
epoch=160/300 lr=0.01000 train_acc=93.79 test_acc=94.23
epoch=161/300 lr=0.01000 train_acc=93.81 test_acc=94.34
epoch=162/300 lr=0.01000 train_acc=93.83 test_acc=94.36
epoch=163/300 lr=0.01000 train_acc=93.64 test_acc=94.18
epoch=164/300 lr=0.01000 train_acc=93.89 test_acc=94.26
epoch=165/300 lr=0.01000 train_acc=93.80 test_acc=94.14
epoch=166/300 lr=0.01000 train_acc=93.73 test_acc=94.20
epoch=167/300 lr=0.01000 train_acc=93.90 test_acc=94.09
epoch=168/300 lr=0.01000 train_acc=93.91 test_acc=93.99
epoch=169/300 lr=0.01000 train_acc=94.02 test_acc=94.41
epoch=170/300 lr=0.01000 train_acc=93.97 test_acc=94.34
epoch=171/300 lr=0.01000 train_acc=93.96 test_acc=94.29
epoch=172/300 lr=0.01000 train_acc=93.95 test_acc=94.40
epoch=173/300 lr=0.01000 train_acc=93.94 test_acc=93.91
epoch=174/300 lr=0.01000 train_acc=94.01 test_acc=94.01
epoch=175/300 lr=0.01000 train_acc=93.91 test_acc=94.15
epoch=176/300 lr=0.01000 train_acc=93.92 test_acc=93.80
epoch=177/300 lr=0.01000 train_acc=93.94 test_acc=94.19
epoch=178/300 lr=0.01000 train_acc=93.92 test_acc=93.93
epoch=179/300 lr=0.01000 train_acc=94.02 test_acc=94.19
epoch=180/300 lr=0.01000 train_acc=93.95 test_acc=94.26
epoch=181/300 lr=0.01000 train_acc=93.98 test_acc=94.33
epoch=182/300 lr=0.01000 train_acc=93.95 test_acc=93.98
epoch=183/300 lr=0.01000 train_acc=94.04 test_acc=94.14
epoch=184/300 lr=0.01000 train_acc=93.96 test_acc=94.20
epoch=185/300 lr=0.01000 train_acc=93.94 test_acc=94.21
epoch=186/300 lr=0.01000 train_acc=93.95 test_acc=94.33
epoch=187/300 lr=0.01000 train_acc=94.04 test_acc=93.50
epoch=188/300 lr=0.01000 train_acc=93.87 test_acc=93.78
epoch=189/300 lr=0.01000 train_acc=93.96 test_acc=94.11
epoch=190/300 lr=0.01000 train_acc=94.01 test_acc=93.66
epoch=191/300 lr=0.01000 train_acc=93.94 test_acc=93.68
epoch=192/300 lr=0.01000 train_acc=93.92 test_acc=94.21
epoch=193/300 lr=0.01000 train_acc=93.97 test_acc=94.16
epoch=194/300 lr=0.01000 train_acc=93.96 test_acc=94.11
epoch=195/300 lr=0.01000 train_acc=93.86 test_acc=94.15
epoch=196/300 lr=0.01000 train_acc=93.95 test_acc=94.34
epoch=197/300 lr=0.01000 train_acc=94.05 test_acc=93.10
epoch=198/300 lr=0.01000 train_acc=93.94 test_acc=94.05
epoch=199/300 lr=0.01000 train_acc=93.93 test_acc=94.21
epoch=200/300 lr=0.01000 train_acc=94.02 test_acc=94.20
epoch=201/300 lr=0.01000 train_acc=93.96 test_acc=94.07
epoch=202/300 lr=0.01000 train_acc=94.22 test_acc=93.91
epoch=203/300 lr=0.01000 train_acc=93.88 test_acc=94.42
epoch=204/300 lr=0.01000 train_acc=94.09 test_acc=94.25
epoch=205/300 lr=0.01000 train_acc=93.98 test_acc=93.71
epoch=206/300 lr=0.01000 train_acc=94.09 test_acc=94.08
epoch=207/300 lr=0.01000 train_acc=94.11 test_acc=93.96
epoch=208/300 lr=0.01000 train_acc=94.17 test_acc=93.74
epoch=209/300 lr=0.01000 train_acc=94.03 test_acc=93.57
epoch=210/300 lr=0.01000 train_acc=94.06 test_acc=94.47
epoch=211/300 lr=0.01000 train_acc=94.24 test_acc=94.13
epoch=212/300 lr=0.01000 train_acc=93.98 test_acc=94.21
epoch=213/300 lr=0.01000 train_acc=94.14 test_acc=93.60
epoch=214/300 lr=0.01000 train_acc=94.24 test_acc=93.81
epoch=215/300 lr=0.01000 train_acc=94.17 test_acc=94.50
epoch=216/300 lr=0.01000 train_acc=94.09 test_acc=94.35
epoch=217/300 lr=0.01000 train_acc=94.15 test_acc=93.95
epoch=218/300 lr=0.01000 train_acc=94.19 test_acc=94.25
epoch=219/300 lr=0.01000 train_acc=94.19 test_acc=94.12
epoch=220/300 lr=0.01000 train_acc=94.05 test_acc=94.00
epoch=221/300 lr=0.01000 train_acc=94.25 test_acc=94.38
epoch=222/300 lr=0.01000 train_acc=94.13 test_acc=94.39
epoch=223/300 lr=0.01000 train_acc=94.22 test_acc=94.67
epoch=224/300 lr=0.01000 train_acc=94.20 test_acc=94.20
epoch=225/300 lr=0.01000 train_acc=94.19 test_acc=94.20
epoch=226/300 lr=0.00100 train_acc=95.14 test_acc=94.83
epoch=227/300 lr=0.00100 train_acc=95.57 test_acc=94.84
epoch=228/300 lr=0.00100 train_acc=95.60 test_acc=95.02
epoch=229/300 lr=0.00100 train_acc=95.75 test_acc=94.89
epoch=230/300 lr=0.00100 train_acc=95.70 test_acc=94.97
epoch=231/300 lr=0.00100 train_acc=95.80 test_acc=95.08
epoch=232/300 lr=0.00100 train_acc=95.86 test_acc=95.06
epoch=233/300 lr=0.00100 train_acc=95.86 test_acc=95.16
epoch=234/300 lr=0.00100 train_acc=95.86 test_acc=95.24
epoch=235/300 lr=0.00100 train_acc=95.97 test_acc=95.20
epoch=236/300 lr=0.00100 train_acc=96.02 test_acc=95.27
epoch=237/300 lr=0.00100 train_acc=96.06 test_acc=95.11
epoch=238/300 lr=0.00100 train_acc=95.99 test_acc=95.25
epoch=239/300 lr=0.00100 train_acc=96.24 test_acc=95.21
epoch=240/300 lr=0.00100 train_acc=96.19 test_acc=95.15
epoch=241/300 lr=0.00100 train_acc=96.22 test_acc=95.15
epoch=242/300 lr=0.00100 train_acc=96.29 test_acc=95.09
epoch=243/300 lr=0.00100 train_acc=96.19 test_acc=95.17
epoch=244/300 lr=0.00100 train_acc=96.25 test_acc=95.15
epoch=245/300 lr=0.00100 train_acc=96.26 test_acc=95.11
epoch=246/300 lr=0.00100 train_acc=96.31 test_acc=95.24
epoch=247/300 lr=0.00100 train_acc=96.43 test_acc=95.16
epoch=248/300 lr=0.00100 train_acc=96.35 test_acc=95.21
epoch=249/300 lr=0.00100 train_acc=96.36 test_acc=95.33
epoch=250/300 lr=0.00100 train_acc=96.35 test_acc=94.95
epoch=251/300 lr=0.00100 train_acc=96.33 test_acc=95.14
epoch=252/300 lr=0.00100 train_acc=96.26 test_acc=95.20
epoch=253/300 lr=0.00100 train_acc=96.34 test_acc=95.15
epoch=254/300 lr=0.00100 train_acc=96.50 test_acc=95.19
epoch=255/300 lr=0.00100 train_acc=96.35 test_acc=95.22
epoch=256/300 lr=0.00100 train_acc=96.51 test_acc=95.15
epoch=257/300 lr=0.00100 train_acc=96.56 test_acc=95.15
epoch=258/300 lr=0.00100 train_acc=96.59 test_acc=95.10
epoch=259/300 lr=0.00100 train_acc=96.51 test_acc=95.19
epoch=260/300 lr=0.00100 train_acc=96.60 test_acc=95.07
epoch=261/300 lr=0.00100 train_acc=96.52 test_acc=95.16
epoch=262/300 lr=0.00100 train_acc=96.43 test_acc=95.15
epoch=263/300 lr=0.00100 train_acc=96.52 test_acc=95.04
epoch=264/300 lr=0.00100 train_acc=96.48 test_acc=95.04
epoch=265/300 lr=0.00100 train_acc=96.66 test_acc=95.25
epoch=266/300 lr=0.00100 train_acc=96.50 test_acc=95.17
epoch=267/300 lr=0.00100 train_acc=96.54 test_acc=95.24
epoch=268/300 lr=0.00100 train_acc=96.56 test_acc=95.19
epoch=269/300 lr=0.00100 train_acc=96.68 test_acc=95.31
epoch=270/300 lr=0.00100 train_acc=96.62 test_acc=95.22
epoch=271/300 lr=0.00100 train_acc=96.66 test_acc=95.23
epoch=272/300 lr=0.00100 train_acc=96.72 test_acc=95.03
epoch=273/300 lr=0.00100 train_acc=96.66 test_acc=95.08
epoch=274/300 lr=0.00100 train_acc=96.68 test_acc=94.85
epoch=275/300 lr=0.00100 train_acc=96.75 test_acc=95.03
epoch=276/300 lr=0.00100 train_acc=96.68 test_acc=94.94
epoch=277/300 lr=0.00100 train_acc=96.74 test_acc=94.96
epoch=278/300 lr=0.00100 train_acc=96.65 test_acc=94.92
epoch=279/300 lr=0.00100 train_acc=96.67 test_acc=95.12
epoch=280/300 lr=0.00100 train_acc=96.70 test_acc=95.22
epoch=281/300 lr=0.00100 train_acc=96.82 test_acc=94.99
epoch=282/300 lr=0.00100 train_acc=96.88 test_acc=95.20
epoch=283/300 lr=0.00100 train_acc=96.83 test_acc=95.07
epoch=284/300 lr=0.00100 train_acc=96.85 test_acc=95.05
epoch=285/300 lr=0.00100 train_acc=96.72 test_acc=95.18
epoch=286/300 lr=0.00100 train_acc=96.82 test_acc=95.04
epoch=287/300 lr=0.00100 train_acc=96.73 test_acc=95.12
epoch=288/300 lr=0.00100 train_acc=96.80 test_acc=95.18
epoch=289/300 lr=0.00100 train_acc=96.80 test_acc=95.17
epoch=290/300 lr=0.00100 train_acc=96.87 test_acc=95.06
epoch=291/300 lr=0.00100 train_acc=96.78 test_acc=95.17
epoch=292/300 lr=0.00100 train_acc=96.86 test_acc=95.13
epoch=293/300 lr=0.00100 train_acc=96.78 test_acc=95.06
epoch=294/300 lr=0.00100 train_acc=96.81 test_acc=95.20
epoch=295/300 lr=0.00100 train_acc=96.82 test_acc=95.12
epoch=296/300 lr=0.00100 train_acc=96.86 test_acc=94.98
epoch=297/300 lr=0.00100 train_acc=96.86 test_acc=95.06
epoch=298/300 lr=0.00100 train_acc=96.79 test_acc=94.98
epoch=299/300 lr=0.00100 train_acc=96.89 test_acc=95.21
epoch=300/300 lr=0.00100 train_acc=96.87 test_acc=95.18
{
  "best_accuracy": 95.33,
  "best_error_rate": 4.670000000000002,
  "final_accuracy": 95.18,
  "final_error_rate": 4.819999999999993,
  "elapsed_seconds": 2181.506800889969,
  "is_paper_result": false,
  "note": "New reproduction result; compare against paper target separately."
}
start experiment=fashionmnist_resnet20_re_author_code seed=1004
epoch=1/300 lr=0.10000 train_acc=70.83 test_acc=83.66
epoch=2/300 lr=0.10000 train_acc=82.96 test_acc=82.85
epoch=3/300 lr=0.10000 train_acc=84.98 test_acc=86.11
epoch=4/300 lr=0.10000 train_acc=85.87 test_acc=87.81
epoch=5/300 lr=0.10000 train_acc=86.42 test_acc=83.60
epoch=6/300 lr=0.10000 train_acc=86.94 test_acc=85.86
epoch=7/300 lr=0.10000 train_acc=87.21 test_acc=84.32
epoch=8/300 lr=0.10000 train_acc=87.43 test_acc=85.16
epoch=9/300 lr=0.10000 train_acc=87.44 test_acc=87.13
epoch=10/300 lr=0.10000 train_acc=87.71 test_acc=88.81
epoch=11/300 lr=0.10000 train_acc=87.89 test_acc=89.25
epoch=12/300 lr=0.10000 train_acc=87.79 test_acc=89.00
epoch=13/300 lr=0.10000 train_acc=88.11 test_acc=80.31
epoch=14/300 lr=0.10000 train_acc=88.14 test_acc=84.64
epoch=15/300 lr=0.10000 train_acc=88.09 test_acc=89.59
epoch=16/300 lr=0.10000 train_acc=88.52 test_acc=90.01
epoch=17/300 lr=0.10000 train_acc=88.37 test_acc=84.17
epoch=18/300 lr=0.10000 train_acc=88.83 test_acc=83.90
epoch=19/300 lr=0.10000 train_acc=88.47 test_acc=87.33
epoch=20/300 lr=0.10000 train_acc=88.42 test_acc=89.28
epoch=21/300 lr=0.10000 train_acc=88.58 test_acc=89.49
epoch=22/300 lr=0.10000 train_acc=88.61 test_acc=86.94
epoch=23/300 lr=0.10000 train_acc=88.70 test_acc=89.72
epoch=24/300 lr=0.10000 train_acc=88.87 test_acc=60.04
epoch=25/300 lr=0.10000 train_acc=88.97 test_acc=89.80
epoch=26/300 lr=0.10000 train_acc=88.90 test_acc=90.31
epoch=27/300 lr=0.10000 train_acc=88.80 test_acc=87.84
epoch=28/300 lr=0.10000 train_acc=88.99 test_acc=90.49
epoch=29/300 lr=0.10000 train_acc=89.26 test_acc=88.97
epoch=30/300 lr=0.10000 train_acc=89.08 test_acc=89.86
epoch=31/300 lr=0.10000 train_acc=89.13 test_acc=86.68
epoch=32/300 lr=0.10000 train_acc=89.16 test_acc=90.59
epoch=33/300 lr=0.10000 train_acc=89.01 test_acc=86.91
epoch=34/300 lr=0.10000 train_acc=89.14 test_acc=90.27
epoch=35/300 lr=0.10000 train_acc=89.37 test_acc=85.91
epoch=36/300 lr=0.10000 train_acc=89.43 test_acc=89.22
epoch=37/300 lr=0.10000 train_acc=89.38 test_acc=89.91
epoch=38/300 lr=0.10000 train_acc=89.19 test_acc=89.39
epoch=39/300 lr=0.10000 train_acc=89.60 test_acc=89.90
epoch=40/300 lr=0.10000 train_acc=89.47 test_acc=90.72
epoch=41/300 lr=0.10000 train_acc=89.25 test_acc=91.57
epoch=42/300 lr=0.10000 train_acc=89.60 test_acc=86.92
epoch=43/300 lr=0.10000 train_acc=89.25 test_acc=89.48
epoch=44/300 lr=0.10000 train_acc=89.46 test_acc=88.10
epoch=45/300 lr=0.10000 train_acc=89.56 test_acc=90.37
epoch=46/300 lr=0.10000 train_acc=89.49 test_acc=90.12
epoch=47/300 lr=0.10000 train_acc=89.47 test_acc=90.57
epoch=48/300 lr=0.10000 train_acc=89.53 test_acc=90.83
epoch=49/300 lr=0.10000 train_acc=89.52 test_acc=90.25
epoch=50/300 lr=0.10000 train_acc=89.56 test_acc=89.66
epoch=51/300 lr=0.10000 train_acc=89.47 test_acc=90.17
epoch=52/300 lr=0.10000 train_acc=89.53 test_acc=88.65
epoch=53/300 lr=0.10000 train_acc=89.43 test_acc=90.17
epoch=54/300 lr=0.10000 train_acc=89.56 test_acc=84.35
epoch=55/300 lr=0.10000 train_acc=89.56 test_acc=90.37
epoch=56/300 lr=0.10000 train_acc=89.48 test_acc=87.30
epoch=57/300 lr=0.10000 train_acc=89.59 test_acc=88.62
epoch=58/300 lr=0.10000 train_acc=89.66 test_acc=90.60
epoch=59/300 lr=0.10000 train_acc=89.49 test_acc=87.43
epoch=60/300 lr=0.10000 train_acc=89.73 test_acc=90.16
epoch=61/300 lr=0.10000 train_acc=89.54 test_acc=88.19
epoch=62/300 lr=0.10000 train_acc=89.44 test_acc=89.86
epoch=63/300 lr=0.10000 train_acc=89.80 test_acc=91.00
epoch=64/300 lr=0.10000 train_acc=89.50 test_acc=88.57
epoch=65/300 lr=0.10000 train_acc=89.36 test_acc=91.60
epoch=66/300 lr=0.10000 train_acc=89.67 test_acc=87.81
epoch=67/300 lr=0.10000 train_acc=89.82 test_acc=89.50
epoch=68/300 lr=0.10000 train_acc=89.70 test_acc=82.43
epoch=69/300 lr=0.10000 train_acc=89.78 test_acc=91.16
epoch=70/300 lr=0.10000 train_acc=89.74 test_acc=89.81
epoch=71/300 lr=0.10000 train_acc=89.86 test_acc=88.97
epoch=72/300 lr=0.10000 train_acc=89.76 test_acc=91.09
epoch=73/300 lr=0.10000 train_acc=89.66 test_acc=92.05
epoch=74/300 lr=0.10000 train_acc=89.72 test_acc=90.20
epoch=75/300 lr=0.10000 train_acc=89.64 test_acc=90.58
epoch=76/300 lr=0.10000 train_acc=89.77 test_acc=90.30
epoch=77/300 lr=0.10000 train_acc=89.64 test_acc=87.18
epoch=78/300 lr=0.10000 train_acc=89.79 test_acc=91.05
epoch=79/300 lr=0.10000 train_acc=89.43 test_acc=89.68
epoch=80/300 lr=0.10000 train_acc=89.72 test_acc=91.63
epoch=81/300 lr=0.10000 train_acc=89.87 test_acc=87.55
epoch=82/300 lr=0.10000 train_acc=89.64 test_acc=86.36
epoch=83/300 lr=0.10000 train_acc=89.68 test_acc=86.97
epoch=84/300 lr=0.10000 train_acc=89.86 test_acc=90.83
epoch=85/300 lr=0.10000 train_acc=89.75 test_acc=87.09
epoch=86/300 lr=0.10000 train_acc=89.79 test_acc=87.84
epoch=87/300 lr=0.10000 train_acc=89.54 test_acc=91.61
epoch=88/300 lr=0.10000 train_acc=89.78 test_acc=89.19
epoch=89/300 lr=0.10000 train_acc=89.68 test_acc=90.42
epoch=90/300 lr=0.10000 train_acc=89.91 test_acc=90.56
epoch=91/300 lr=0.10000 train_acc=89.76 test_acc=87.97
epoch=92/300 lr=0.10000 train_acc=89.77 test_acc=89.85
epoch=93/300 lr=0.10000 train_acc=89.71 test_acc=87.23
epoch=94/300 lr=0.10000 train_acc=89.66 test_acc=91.32
epoch=95/300 lr=0.10000 train_acc=89.87 test_acc=83.04
epoch=96/300 lr=0.10000 train_acc=89.71 test_acc=87.96
epoch=97/300 lr=0.10000 train_acc=89.98 test_acc=90.79
epoch=98/300 lr=0.10000 train_acc=89.73 test_acc=88.44
epoch=99/300 lr=0.10000 train_acc=89.73 test_acc=89.18
epoch=100/300 lr=0.10000 train_acc=89.78 test_acc=79.59
epoch=101/300 lr=0.10000 train_acc=89.91 test_acc=90.44
epoch=102/300 lr=0.10000 train_acc=89.90 test_acc=90.92
epoch=103/300 lr=0.10000 train_acc=89.89 test_acc=89.60
epoch=104/300 lr=0.10000 train_acc=89.91 test_acc=89.13
epoch=105/300 lr=0.10000 train_acc=89.92 test_acc=91.33
epoch=106/300 lr=0.10000 train_acc=89.84 test_acc=91.74
epoch=107/300 lr=0.10000 train_acc=89.84 test_acc=88.80
epoch=108/300 lr=0.10000 train_acc=89.77 test_acc=90.12
epoch=109/300 lr=0.10000 train_acc=89.95 test_acc=89.67
epoch=110/300 lr=0.10000 train_acc=90.11 test_acc=89.54
epoch=111/300 lr=0.10000 train_acc=89.90 test_acc=90.91
epoch=112/300 lr=0.10000 train_acc=89.90 test_acc=90.44
epoch=113/300 lr=0.10000 train_acc=90.27 test_acc=90.07
epoch=114/300 lr=0.10000 train_acc=89.89 test_acc=89.54
epoch=115/300 lr=0.10000 train_acc=89.94 test_acc=91.80
epoch=116/300 lr=0.10000 train_acc=89.86 test_acc=91.06
epoch=117/300 lr=0.10000 train_acc=89.71 test_acc=90.98
epoch=118/300 lr=0.10000 train_acc=90.15 test_acc=83.23
epoch=119/300 lr=0.10000 train_acc=89.97 test_acc=89.27
epoch=120/300 lr=0.10000 train_acc=89.89 test_acc=91.68
epoch=121/300 lr=0.10000 train_acc=90.00 test_acc=87.71
epoch=122/300 lr=0.10000 train_acc=89.79 test_acc=90.63
epoch=123/300 lr=0.10000 train_acc=89.91 test_acc=89.91
epoch=124/300 lr=0.10000 train_acc=89.91 test_acc=89.88
epoch=125/300 lr=0.10000 train_acc=90.03 test_acc=90.47
epoch=126/300 lr=0.10000 train_acc=90.22 test_acc=89.79
epoch=127/300 lr=0.10000 train_acc=90.00 test_acc=90.80
epoch=128/300 lr=0.10000 train_acc=89.89 test_acc=88.35
epoch=129/300 lr=0.10000 train_acc=89.91 test_acc=87.10
epoch=130/300 lr=0.10000 train_acc=90.06 test_acc=92.14
epoch=131/300 lr=0.10000 train_acc=89.92 test_acc=86.09
epoch=132/300 lr=0.10000 train_acc=89.83 test_acc=90.10
epoch=133/300 lr=0.10000 train_acc=90.00 test_acc=90.78
epoch=134/300 lr=0.10000 train_acc=89.66 test_acc=90.87
epoch=135/300 lr=0.10000 train_acc=89.92 test_acc=91.47
epoch=136/300 lr=0.10000 train_acc=89.69 test_acc=89.20
epoch=137/300 lr=0.10000 train_acc=89.98 test_acc=90.47
epoch=138/300 lr=0.10000 train_acc=90.02 test_acc=90.42
epoch=139/300 lr=0.10000 train_acc=90.07 test_acc=91.01
epoch=140/300 lr=0.10000 train_acc=89.84 test_acc=90.58
epoch=141/300 lr=0.10000 train_acc=89.78 test_acc=90.92
epoch=142/300 lr=0.10000 train_acc=89.74 test_acc=91.00
epoch=143/300 lr=0.10000 train_acc=89.99 test_acc=90.23
epoch=144/300 lr=0.10000 train_acc=90.11 test_acc=90.43
epoch=145/300 lr=0.10000 train_acc=89.83 test_acc=90.76
epoch=146/300 lr=0.10000 train_acc=90.11 test_acc=88.96
epoch=147/300 lr=0.10000 train_acc=89.89 test_acc=88.78
epoch=148/300 lr=0.10000 train_acc=89.99 test_acc=88.58
epoch=149/300 lr=0.10000 train_acc=89.90 test_acc=92.39
epoch=150/300 lr=0.10000 train_acc=90.01 test_acc=91.06
epoch=151/300 lr=0.01000 train_acc=92.25 test_acc=93.88
epoch=152/300 lr=0.01000 train_acc=93.10 test_acc=94.05
epoch=153/300 lr=0.01000 train_acc=93.15 test_acc=94.19
epoch=154/300 lr=0.01000 train_acc=93.43 test_acc=94.22
epoch=155/300 lr=0.01000 train_acc=93.53 test_acc=94.18
epoch=156/300 lr=0.01000 train_acc=93.70 test_acc=94.22
epoch=157/300 lr=0.01000 train_acc=93.72 test_acc=94.12
epoch=158/300 lr=0.01000 train_acc=93.69 test_acc=94.22
epoch=159/300 lr=0.01000 train_acc=93.91 test_acc=94.36
epoch=160/300 lr=0.01000 train_acc=93.81 test_acc=94.48
epoch=161/300 lr=0.01000 train_acc=93.96 test_acc=94.54
epoch=162/300 lr=0.01000 train_acc=93.99 test_acc=94.35
epoch=163/300 lr=0.01000 train_acc=93.99 test_acc=94.48
epoch=164/300 lr=0.01000 train_acc=94.04 test_acc=94.44
epoch=165/300 lr=0.01000 train_acc=93.97 test_acc=94.44
epoch=166/300 lr=0.01000 train_acc=93.96 test_acc=94.53
epoch=167/300 lr=0.01000 train_acc=94.03 test_acc=93.89
epoch=168/300 lr=0.01000 train_acc=93.90 test_acc=94.02
epoch=169/300 lr=0.01000 train_acc=94.09 test_acc=94.43
epoch=170/300 lr=0.01000 train_acc=94.03 test_acc=94.41
epoch=171/300 lr=0.01000 train_acc=94.01 test_acc=94.09
epoch=172/300 lr=0.01000 train_acc=93.94 test_acc=93.99
epoch=173/300 lr=0.01000 train_acc=94.23 test_acc=93.96
epoch=174/300 lr=0.01000 train_acc=94.02 test_acc=94.19
epoch=175/300 lr=0.01000 train_acc=94.03 test_acc=94.14
epoch=176/300 lr=0.01000 train_acc=94.02 test_acc=93.00
epoch=177/300 lr=0.01000 train_acc=93.97 test_acc=94.06
epoch=178/300 lr=0.01000 train_acc=93.98 test_acc=94.36
epoch=179/300 lr=0.01000 train_acc=94.01 test_acc=94.22
epoch=180/300 lr=0.01000 train_acc=94.12 test_acc=93.93
epoch=181/300 lr=0.01000 train_acc=93.95 test_acc=94.08
epoch=182/300 lr=0.01000 train_acc=94.14 test_acc=94.09
epoch=183/300 lr=0.01000 train_acc=94.05 test_acc=93.91
epoch=184/300 lr=0.01000 train_acc=94.05 test_acc=94.38
epoch=185/300 lr=0.01000 train_acc=94.08 test_acc=93.54
epoch=186/300 lr=0.01000 train_acc=94.03 test_acc=93.96
epoch=187/300 lr=0.01000 train_acc=94.06 test_acc=94.03
epoch=188/300 lr=0.01000 train_acc=94.03 test_acc=93.89
epoch=189/300 lr=0.01000 train_acc=94.17 test_acc=94.58
epoch=190/300 lr=0.01000 train_acc=93.95 test_acc=94.52
epoch=191/300 lr=0.01000 train_acc=94.09 test_acc=94.34
epoch=192/300 lr=0.01000 train_acc=94.17 test_acc=94.09
epoch=193/300 lr=0.01000 train_acc=94.11 test_acc=94.25
epoch=194/300 lr=0.01000 train_acc=94.09 test_acc=93.60
epoch=195/300 lr=0.01000 train_acc=94.00 test_acc=94.25
epoch=196/300 lr=0.01000 train_acc=94.08 test_acc=94.41
epoch=197/300 lr=0.01000 train_acc=94.06 test_acc=94.14
epoch=198/300 lr=0.01000 train_acc=94.10 test_acc=94.65
epoch=199/300 lr=0.01000 train_acc=94.08 test_acc=94.18
epoch=200/300 lr=0.01000 train_acc=94.03 test_acc=94.23
epoch=201/300 lr=0.01000 train_acc=94.30 test_acc=94.44
epoch=202/300 lr=0.01000 train_acc=94.13 test_acc=93.80
epoch=203/300 lr=0.01000 train_acc=94.05 test_acc=94.04
epoch=204/300 lr=0.01000 train_acc=94.12 test_acc=94.03
epoch=205/300 lr=0.01000 train_acc=94.19 test_acc=94.60
epoch=206/300 lr=0.01000 train_acc=94.06 test_acc=94.27
epoch=207/300 lr=0.01000 train_acc=94.16 test_acc=94.30
epoch=208/300 lr=0.01000 train_acc=94.15 test_acc=93.89
epoch=209/300 lr=0.01000 train_acc=94.23 test_acc=94.33
epoch=210/300 lr=0.01000 train_acc=94.15 test_acc=94.05
epoch=211/300 lr=0.01000 train_acc=94.22 test_acc=94.34
epoch=212/300 lr=0.01000 train_acc=94.15 test_acc=94.33
epoch=213/300 lr=0.01000 train_acc=94.36 test_acc=94.38
epoch=214/300 lr=0.01000 train_acc=94.16 test_acc=94.40
epoch=215/300 lr=0.01000 train_acc=94.26 test_acc=94.21
epoch=216/300 lr=0.01000 train_acc=94.24 test_acc=93.86
epoch=217/300 lr=0.01000 train_acc=94.24 test_acc=94.45
epoch=218/300 lr=0.01000 train_acc=94.35 test_acc=94.33
epoch=219/300 lr=0.01000 train_acc=94.34 test_acc=93.77
epoch=220/300 lr=0.01000 train_acc=94.11 test_acc=94.03
epoch=221/300 lr=0.01000 train_acc=94.19 test_acc=94.16
epoch=222/300 lr=0.01000 train_acc=94.30 test_acc=94.09
epoch=223/300 lr=0.01000 train_acc=94.45 test_acc=94.03
epoch=224/300 lr=0.01000 train_acc=94.27 test_acc=94.45
epoch=225/300 lr=0.01000 train_acc=94.35 test_acc=94.03
epoch=226/300 lr=0.00100 train_acc=95.20 test_acc=94.97
epoch=227/300 lr=0.00100 train_acc=95.63 test_acc=95.07
epoch=228/300 lr=0.00100 train_acc=95.69 test_acc=95.21
epoch=229/300 lr=0.00100 train_acc=95.91 test_acc=95.15
epoch=230/300 lr=0.00100 train_acc=95.89 test_acc=95.24
epoch=231/300 lr=0.00100 train_acc=95.91 test_acc=95.16
epoch=232/300 lr=0.00100 train_acc=96.07 test_acc=95.10
epoch=233/300 lr=0.00100 train_acc=96.08 test_acc=95.10
epoch=234/300 lr=0.00100 train_acc=96.02 test_acc=95.14
epoch=235/300 lr=0.00100 train_acc=96.12 test_acc=95.08
epoch=236/300 lr=0.00100 train_acc=96.22 test_acc=95.25
epoch=237/300 lr=0.00100 train_acc=96.23 test_acc=95.16
epoch=238/300 lr=0.00100 train_acc=96.19 test_acc=95.18
epoch=239/300 lr=0.00100 train_acc=96.22 test_acc=95.23
epoch=240/300 lr=0.00100 train_acc=96.27 test_acc=95.26
epoch=241/300 lr=0.00100 train_acc=96.33 test_acc=95.25
epoch=242/300 lr=0.00100 train_acc=96.35 test_acc=95.18
epoch=243/300 lr=0.00100 train_acc=96.36 test_acc=95.16
epoch=244/300 lr=0.00100 train_acc=96.32 test_acc=95.22
epoch=245/300 lr=0.00100 train_acc=96.41 test_acc=95.17
epoch=246/300 lr=0.00100 train_acc=96.45 test_acc=95.22
epoch=247/300 lr=0.00100 train_acc=96.45 test_acc=95.19
epoch=248/300 lr=0.00100 train_acc=96.58 test_acc=95.18
epoch=249/300 lr=0.00100 train_acc=96.58 test_acc=95.18
epoch=250/300 lr=0.00100 train_acc=96.39 test_acc=95.18
epoch=251/300 lr=0.00100 train_acc=96.50 test_acc=95.34
epoch=252/300 lr=0.00100 train_acc=96.56 test_acc=95.25
epoch=253/300 lr=0.00100 train_acc=96.59 test_acc=95.13
epoch=254/300 lr=0.00100 train_acc=96.57 test_acc=95.23
epoch=255/300 lr=0.00100 train_acc=96.55 test_acc=95.11
epoch=256/300 lr=0.00100 train_acc=96.69 test_acc=95.12
epoch=257/300 lr=0.00100 train_acc=96.53 test_acc=95.18
epoch=258/300 lr=0.00100 train_acc=96.61 test_acc=95.22
epoch=259/300 lr=0.00100 train_acc=96.56 test_acc=95.06
epoch=260/300 lr=0.00100 train_acc=96.54 test_acc=95.25
epoch=261/300 lr=0.00100 train_acc=96.73 test_acc=95.02
epoch=262/300 lr=0.00100 train_acc=96.63 test_acc=95.15
epoch=263/300 lr=0.00100 train_acc=96.62 test_acc=95.18
epoch=264/300 lr=0.00100 train_acc=96.58 test_acc=95.29
epoch=265/300 lr=0.00100 train_acc=96.76 test_acc=95.24
epoch=266/300 lr=0.00100 train_acc=96.73 test_acc=95.05
epoch=267/300 lr=0.00100 train_acc=96.71 test_acc=95.13
epoch=268/300 lr=0.00100 train_acc=96.75 test_acc=95.25
epoch=269/300 lr=0.00100 train_acc=96.70 test_acc=95.26
epoch=270/300 lr=0.00100 train_acc=96.73 test_acc=95.24
epoch=271/300 lr=0.00100 train_acc=96.79 test_acc=95.14
epoch=272/300 lr=0.00100 train_acc=96.84 test_acc=95.19
epoch=273/300 lr=0.00100 train_acc=96.70 test_acc=95.21
epoch=274/300 lr=0.00100 train_acc=96.83 test_acc=95.02
epoch=275/300 lr=0.00100 train_acc=96.76 test_acc=95.04
epoch=276/300 lr=0.00100 train_acc=96.89 test_acc=95.04
epoch=277/300 lr=0.00100 train_acc=96.88 test_acc=95.04
epoch=278/300 lr=0.00100 train_acc=96.82 test_acc=95.18
epoch=279/300 lr=0.00100 train_acc=96.88 test_acc=95.11
epoch=280/300 lr=0.00100 train_acc=96.86 test_acc=95.28
epoch=281/300 lr=0.00100 train_acc=96.88 test_acc=95.13
epoch=282/300 lr=0.00100 train_acc=96.81 test_acc=95.08
epoch=283/300 lr=0.00100 train_acc=96.86 test_acc=95.10
epoch=284/300 lr=0.00100 train_acc=96.97 test_acc=95.10
epoch=285/300 lr=0.00100 train_acc=96.99 test_acc=94.97
epoch=286/300 lr=0.00100 train_acc=96.89 test_acc=95.11
epoch=287/300 lr=0.00100 train_acc=96.92 test_acc=95.08
epoch=288/300 lr=0.00100 train_acc=96.82 test_acc=95.06
epoch=289/300 lr=0.00100 train_acc=96.97 test_acc=95.15
epoch=290/300 lr=0.00100 train_acc=96.92 test_acc=94.91
epoch=291/300 lr=0.00100 train_acc=96.94 test_acc=95.12
epoch=292/300 lr=0.00100 train_acc=96.89 test_acc=95.09
epoch=293/300 lr=0.00100 train_acc=97.01 test_acc=95.14
epoch=294/300 lr=0.00100 train_acc=96.97 test_acc=95.17
epoch=295/300 lr=0.00100 train_acc=97.00 test_acc=95.18
epoch=296/300 lr=0.00100 train_acc=96.94 test_acc=95.22
epoch=297/300 lr=0.00100 train_acc=97.04 test_acc=95.15
epoch=298/300 lr=0.00100 train_acc=97.10 test_acc=95.03
epoch=299/300 lr=0.00100 train_acc=97.04 test_acc=95.34
epoch=300/300 lr=0.00100 train_acc=97.08 test_acc=95.26
{
  "best_accuracy": 95.34,
  "best_error_rate": 4.659999999999997,
  "final_accuracy": 95.26,
  "final_error_rate": 4.739999999999995,
  "elapsed_seconds": 2167.0421147346497,
  "is_paper_result": false,
  "note": "New reproduction result; compare against paper target separately."
}
start experiment=fashionmnist_resnet20_re_author_code seed=1005
epoch=1/300 lr=0.10000 train_acc=70.23 test_acc=60.99
epoch=2/300 lr=0.10000 train_acc=82.96 test_acc=86.93
epoch=3/300 lr=0.10000 train_acc=84.81 test_acc=87.28
epoch=4/300 lr=0.10000 train_acc=85.86 test_acc=89.36
epoch=5/300 lr=0.10000 train_acc=86.32 test_acc=83.10
epoch=6/300 lr=0.10000 train_acc=86.57 test_acc=84.89
epoch=7/300 lr=0.10000 train_acc=86.90 test_acc=84.92
epoch=8/300 lr=0.10000 train_acc=87.40 test_acc=87.74
epoch=9/300 lr=0.10000 train_acc=87.42 test_acc=75.58
epoch=10/300 lr=0.10000 train_acc=87.53 test_acc=89.85
epoch=11/300 lr=0.10000 train_acc=87.77 test_acc=88.91
epoch=12/300 lr=0.10000 train_acc=87.79 test_acc=88.79
epoch=13/300 lr=0.10000 train_acc=88.09 test_acc=88.95
epoch=14/300 lr=0.10000 train_acc=88.00 test_acc=83.20
epoch=15/300 lr=0.10000 train_acc=88.08 test_acc=89.40
epoch=16/300 lr=0.10000 train_acc=88.18 test_acc=86.76
epoch=17/300 lr=0.10000 train_acc=88.27 test_acc=89.56
epoch=18/300 lr=0.10000 train_acc=87.88 test_acc=90.34
epoch=19/300 lr=0.10000 train_acc=88.48 test_acc=85.85
epoch=20/300 lr=0.10000 train_acc=88.43 test_acc=88.79
epoch=21/300 lr=0.10000 train_acc=88.51 test_acc=89.17
epoch=22/300 lr=0.10000 train_acc=88.39 test_acc=89.96
epoch=23/300 lr=0.10000 train_acc=88.68 test_acc=88.94
epoch=24/300 lr=0.10000 train_acc=88.54 test_acc=88.88
epoch=25/300 lr=0.10000 train_acc=88.58 test_acc=87.68
epoch=26/300 lr=0.10000 train_acc=88.72 test_acc=89.84
epoch=27/300 lr=0.10000 train_acc=88.69 test_acc=89.62
epoch=28/300 lr=0.10000 train_acc=88.91 test_acc=88.56
epoch=29/300 lr=0.10000 train_acc=88.93 test_acc=89.39
epoch=30/300 lr=0.10000 train_acc=88.87 test_acc=90.35
epoch=31/300 lr=0.10000 train_acc=88.92 test_acc=87.86
epoch=32/300 lr=0.10000 train_acc=88.96 test_acc=89.91
epoch=33/300 lr=0.10000 train_acc=88.80 test_acc=88.75
epoch=34/300 lr=0.10000 train_acc=89.16 test_acc=89.86
epoch=35/300 lr=0.10000 train_acc=89.17 test_acc=90.23
epoch=36/300 lr=0.10000 train_acc=88.92 test_acc=90.94
epoch=37/300 lr=0.10000 train_acc=89.07 test_acc=89.93
epoch=38/300 lr=0.10000 train_acc=89.07 test_acc=86.92
epoch=39/300 lr=0.10000 train_acc=89.16 test_acc=89.00
epoch=40/300 lr=0.10000 train_acc=89.18 test_acc=89.18
epoch=41/300 lr=0.10000 train_acc=89.13 test_acc=89.82
epoch=42/300 lr=0.10000 train_acc=89.37 test_acc=90.85
epoch=43/300 lr=0.10000 train_acc=89.16 test_acc=87.29
epoch=44/300 lr=0.10000 train_acc=89.30 test_acc=87.29
epoch=45/300 lr=0.10000 train_acc=89.08 test_acc=90.35
epoch=46/300 lr=0.10000 train_acc=89.25 test_acc=90.62
epoch=47/300 lr=0.10000 train_acc=89.37 test_acc=85.90
epoch=48/300 lr=0.10000 train_acc=89.38 test_acc=89.93
epoch=49/300 lr=0.10000 train_acc=89.22 test_acc=89.42
epoch=50/300 lr=0.10000 train_acc=89.21 test_acc=89.79
epoch=51/300 lr=0.10000 train_acc=89.15 test_acc=91.52
epoch=52/300 lr=0.10000 train_acc=89.47 test_acc=89.89
epoch=53/300 lr=0.10000 train_acc=89.25 test_acc=89.63
epoch=54/300 lr=0.10000 train_acc=89.44 test_acc=91.95
epoch=55/300 lr=0.10000 train_acc=89.47 test_acc=88.90
epoch=56/300 lr=0.10000 train_acc=89.32 test_acc=88.08
epoch=57/300 lr=0.10000 train_acc=89.35 test_acc=87.66
epoch=58/300 lr=0.10000 train_acc=89.40 test_acc=90.04
epoch=59/300 lr=0.10000 train_acc=89.65 test_acc=90.63
epoch=60/300 lr=0.10000 train_acc=89.47 test_acc=91.36
epoch=61/300 lr=0.10000 train_acc=89.36 test_acc=88.68
epoch=62/300 lr=0.10000 train_acc=89.42 test_acc=89.49
epoch=63/300 lr=0.10000 train_acc=89.58 test_acc=90.13
epoch=64/300 lr=0.10000 train_acc=89.55 test_acc=86.93
epoch=65/300 lr=0.10000 train_acc=89.68 test_acc=90.86
epoch=66/300 lr=0.10000 train_acc=89.56 test_acc=91.16
epoch=67/300 lr=0.10000 train_acc=89.29 test_acc=89.95
epoch=68/300 lr=0.10000 train_acc=89.54 test_acc=89.66
epoch=69/300 lr=0.10000 train_acc=89.81 test_acc=89.89
epoch=70/300 lr=0.10000 train_acc=89.58 test_acc=91.25
epoch=71/300 lr=0.10000 train_acc=89.67 test_acc=90.06
epoch=72/300 lr=0.10000 train_acc=89.44 test_acc=87.61
epoch=73/300 lr=0.10000 train_acc=89.78 test_acc=71.39
epoch=74/300 lr=0.10000 train_acc=89.45 test_acc=91.69
epoch=75/300 lr=0.10000 train_acc=89.71 test_acc=90.85
epoch=76/300 lr=0.10000 train_acc=89.67 test_acc=90.72
epoch=77/300 lr=0.10000 train_acc=89.27 test_acc=90.65
epoch=78/300 lr=0.10000 train_acc=89.71 test_acc=85.43
epoch=79/300 lr=0.10000 train_acc=89.42 test_acc=88.07
epoch=80/300 lr=0.10000 train_acc=89.45 test_acc=91.02
epoch=81/300 lr=0.10000 train_acc=89.68 test_acc=90.22
epoch=82/300 lr=0.10000 train_acc=89.47 test_acc=90.54
epoch=83/300 lr=0.10000 train_acc=89.58 test_acc=90.78
epoch=84/300 lr=0.10000 train_acc=89.52 test_acc=89.54
epoch=85/300 lr=0.10000 train_acc=89.58 test_acc=90.60
epoch=86/300 lr=0.10000 train_acc=89.31 test_acc=90.83
epoch=87/300 lr=0.10000 train_acc=89.59 test_acc=85.55
epoch=88/300 lr=0.10000 train_acc=89.75 test_acc=91.81
epoch=89/300 lr=0.10000 train_acc=89.47 test_acc=90.59
epoch=90/300 lr=0.10000 train_acc=89.40 test_acc=91.79
epoch=91/300 lr=0.10000 train_acc=89.66 test_acc=89.37
epoch=92/300 lr=0.10000 train_acc=89.77 test_acc=89.80
epoch=93/300 lr=0.10000 train_acc=89.79 test_acc=90.63
epoch=94/300 lr=0.10000 train_acc=89.74 test_acc=91.22
epoch=95/300 lr=0.10000 train_acc=89.65 test_acc=90.99
epoch=96/300 lr=0.10000 train_acc=89.57 test_acc=89.75
epoch=97/300 lr=0.10000 train_acc=89.92 test_acc=90.53
epoch=98/300 lr=0.10000 train_acc=89.67 test_acc=88.61
epoch=99/300 lr=0.10000 train_acc=89.83 test_acc=89.98
epoch=100/300 lr=0.10000 train_acc=89.68 test_acc=86.51
epoch=101/300 lr=0.10000 train_acc=89.60 test_acc=88.11
epoch=102/300 lr=0.10000 train_acc=89.64 test_acc=91.33
epoch=103/300 lr=0.10000 train_acc=89.60 test_acc=88.89
epoch=104/300 lr=0.10000 train_acc=89.73 test_acc=87.05
epoch=105/300 lr=0.10000 train_acc=89.91 test_acc=89.73
epoch=106/300 lr=0.10000 train_acc=89.67 test_acc=89.60
epoch=107/300 lr=0.10000 train_acc=89.69 test_acc=91.35
epoch=108/300 lr=0.10000 train_acc=89.69 test_acc=89.86
epoch=109/300 lr=0.10000 train_acc=89.63 test_acc=90.02
epoch=110/300 lr=0.10000 train_acc=89.66 test_acc=91.23
epoch=111/300 lr=0.10000 train_acc=89.72 test_acc=86.44
epoch=112/300 lr=0.10000 train_acc=89.71 test_acc=90.59
epoch=113/300 lr=0.10000 train_acc=89.68 test_acc=90.85
epoch=114/300 lr=0.10000 train_acc=89.66 test_acc=91.55
epoch=115/300 lr=0.10000 train_acc=89.78 test_acc=92.16
epoch=116/300 lr=0.10000 train_acc=89.76 test_acc=91.78
epoch=117/300 lr=0.10000 train_acc=89.53 test_acc=86.36
epoch=118/300 lr=0.10000 train_acc=89.73 test_acc=89.69
epoch=119/300 lr=0.10000 train_acc=89.62 test_acc=89.24
epoch=120/300 lr=0.10000 train_acc=89.57 test_acc=91.61
epoch=121/300 lr=0.10000 train_acc=89.87 test_acc=90.11
epoch=122/300 lr=0.10000 train_acc=89.40 test_acc=91.32
epoch=123/300 lr=0.10000 train_acc=89.86 test_acc=90.03
epoch=124/300 lr=0.10000 train_acc=89.73 test_acc=89.16
epoch=125/300 lr=0.10000 train_acc=89.75 test_acc=91.14
epoch=126/300 lr=0.10000 train_acc=89.88 test_acc=90.59
epoch=127/300 lr=0.10000 train_acc=89.70 test_acc=90.25
epoch=128/300 lr=0.10000 train_acc=89.90 test_acc=89.72
epoch=129/300 lr=0.10000 train_acc=89.92 test_acc=87.48
epoch=130/300 lr=0.10000 train_acc=89.84 test_acc=89.58
epoch=131/300 lr=0.10000 train_acc=89.80 test_acc=91.25
epoch=132/300 lr=0.10000 train_acc=89.71 test_acc=92.04
epoch=133/300 lr=0.10000 train_acc=89.79 test_acc=90.95
epoch=134/300 lr=0.10000 train_acc=89.82 test_acc=89.34
epoch=135/300 lr=0.10000 train_acc=89.70 test_acc=89.12
epoch=136/300 lr=0.10000 train_acc=89.76 test_acc=88.91
epoch=137/300 lr=0.10000 train_acc=89.81 test_acc=90.13
epoch=138/300 lr=0.10000 train_acc=89.63 test_acc=88.22
epoch=139/300 lr=0.10000 train_acc=89.82 test_acc=89.89
epoch=140/300 lr=0.10000 train_acc=89.88 test_acc=90.72
epoch=141/300 lr=0.10000 train_acc=89.74 test_acc=88.33
epoch=142/300 lr=0.10000 train_acc=89.59 test_acc=90.89
epoch=143/300 lr=0.10000 train_acc=89.59 test_acc=89.21
epoch=144/300 lr=0.10000 train_acc=89.65 test_acc=90.25
epoch=145/300 lr=0.10000 train_acc=89.94 test_acc=88.03
epoch=146/300 lr=0.10000 train_acc=89.73 test_acc=90.56
epoch=147/300 lr=0.10000 train_acc=89.72 test_acc=90.78
epoch=148/300 lr=0.10000 train_acc=89.72 test_acc=89.59
epoch=149/300 lr=0.10000 train_acc=89.91 test_acc=90.79
epoch=150/300 lr=0.10000 train_acc=89.71 test_acc=89.79
epoch=151/300 lr=0.01000 train_acc=92.33 test_acc=93.84
epoch=152/300 lr=0.01000 train_acc=92.92 test_acc=94.12
epoch=153/300 lr=0.01000 train_acc=93.15 test_acc=94.12
epoch=154/300 lr=0.01000 train_acc=93.25 test_acc=94.33
epoch=155/300 lr=0.01000 train_acc=93.41 test_acc=94.29
epoch=156/300 lr=0.01000 train_acc=93.37 test_acc=94.20
epoch=157/300 lr=0.01000 train_acc=93.52 test_acc=94.01
epoch=158/300 lr=0.01000 train_acc=93.77 test_acc=94.09
epoch=159/300 lr=0.01000 train_acc=93.63 test_acc=94.21
epoch=160/300 lr=0.01000 train_acc=93.71 test_acc=94.21
epoch=161/300 lr=0.01000 train_acc=93.68 test_acc=94.21
epoch=162/300 lr=0.01000 train_acc=93.83 test_acc=93.83
epoch=163/300 lr=0.01000 train_acc=93.83 test_acc=94.38
epoch=164/300 lr=0.01000 train_acc=93.89 test_acc=94.37
epoch=165/300 lr=0.01000 train_acc=93.85 test_acc=94.49
epoch=166/300 lr=0.01000 train_acc=93.85 test_acc=94.58
epoch=167/300 lr=0.01000 train_acc=93.94 test_acc=94.39
epoch=168/300 lr=0.01000 train_acc=93.92 test_acc=94.23
epoch=169/300 lr=0.01000 train_acc=93.85 test_acc=93.87
epoch=170/300 lr=0.01000 train_acc=93.85 test_acc=94.31
epoch=171/300 lr=0.01000 train_acc=93.92 test_acc=94.19
epoch=172/300 lr=0.01000 train_acc=94.04 test_acc=94.14
epoch=173/300 lr=0.01000 train_acc=94.01 test_acc=94.12
epoch=174/300 lr=0.01000 train_acc=93.84 test_acc=94.38
epoch=175/300 lr=0.01000 train_acc=93.83 test_acc=94.20
epoch=176/300 lr=0.01000 train_acc=93.94 test_acc=94.55
epoch=177/300 lr=0.01000 train_acc=93.89 test_acc=94.32
epoch=178/300 lr=0.01000 train_acc=93.89 test_acc=93.94
epoch=179/300 lr=0.01000 train_acc=93.91 test_acc=94.29
epoch=180/300 lr=0.01000 train_acc=93.86 test_acc=94.36
epoch=181/300 lr=0.01000 train_acc=93.83 test_acc=94.24
epoch=182/300 lr=0.01000 train_acc=94.00 test_acc=94.34
epoch=183/300 lr=0.01000 train_acc=93.92 test_acc=94.22
epoch=184/300 lr=0.01000 train_acc=93.98 test_acc=94.37
epoch=185/300 lr=0.01000 train_acc=93.91 test_acc=94.21
epoch=186/300 lr=0.01000 train_acc=93.84 test_acc=93.74
epoch=187/300 lr=0.01000 train_acc=94.02 test_acc=94.27
epoch=188/300 lr=0.01000 train_acc=93.84 test_acc=94.39
epoch=189/300 lr=0.01000 train_acc=94.01 test_acc=94.17
epoch=190/300 lr=0.01000 train_acc=93.79 test_acc=93.43
epoch=191/300 lr=0.01000 train_acc=93.95 test_acc=93.88
epoch=192/300 lr=0.01000 train_acc=93.93 test_acc=94.42
epoch=193/300 lr=0.01000 train_acc=94.10 test_acc=94.24
epoch=194/300 lr=0.01000 train_acc=94.06 test_acc=93.84
epoch=195/300 lr=0.01000 train_acc=93.97 test_acc=94.19
epoch=196/300 lr=0.01000 train_acc=94.03 test_acc=94.00
epoch=197/300 lr=0.01000 train_acc=94.01 test_acc=94.16
epoch=198/300 lr=0.01000 train_acc=94.10 test_acc=94.18
epoch=199/300 lr=0.01000 train_acc=93.88 test_acc=94.86
epoch=200/300 lr=0.01000 train_acc=93.97 test_acc=94.06
epoch=201/300 lr=0.01000 train_acc=94.04 test_acc=94.24
epoch=202/300 lr=0.01000 train_acc=94.02 test_acc=93.98
epoch=203/300 lr=0.01000 train_acc=94.08 test_acc=94.00
epoch=204/300 lr=0.01000 train_acc=94.07 test_acc=93.82
epoch=205/300 lr=0.01000 train_acc=94.12 test_acc=94.45
epoch=206/300 lr=0.01000 train_acc=93.94 test_acc=93.55
epoch=207/300 lr=0.01000 train_acc=94.07 test_acc=94.48
epoch=208/300 lr=0.01000 train_acc=94.01 test_acc=94.27
epoch=209/300 lr=0.01000 train_acc=94.02 test_acc=94.42
epoch=210/300 lr=0.01000 train_acc=93.92 test_acc=94.08
epoch=211/300 lr=0.01000 train_acc=94.09 test_acc=93.98
epoch=212/300 lr=0.01000 train_acc=94.20 test_acc=94.43
epoch=213/300 lr=0.01000 train_acc=94.08 test_acc=93.82
epoch=214/300 lr=0.01000 train_acc=94.12 test_acc=94.21
epoch=215/300 lr=0.01000 train_acc=94.25 test_acc=94.37
epoch=216/300 lr=0.01000 train_acc=94.09 test_acc=94.33
epoch=217/300 lr=0.01000 train_acc=94.08 test_acc=94.41
epoch=218/300 lr=0.01000 train_acc=94.09 test_acc=93.72
epoch=219/300 lr=0.01000 train_acc=94.15 test_acc=94.31
epoch=220/300 lr=0.01000 train_acc=93.99 test_acc=94.31
epoch=221/300 lr=0.01000 train_acc=94.21 test_acc=93.78
epoch=222/300 lr=0.01000 train_acc=94.25 test_acc=93.64
epoch=223/300 lr=0.01000 train_acc=94.07 test_acc=94.52
epoch=224/300 lr=0.01000 train_acc=94.25 test_acc=93.96
epoch=225/300 lr=0.01000 train_acc=94.19 test_acc=94.24
epoch=226/300 lr=0.00100 train_acc=95.30 test_acc=95.10
epoch=227/300 lr=0.00100 train_acc=95.55 test_acc=95.14
epoch=228/300 lr=0.00100 train_acc=95.69 test_acc=95.10
epoch=229/300 lr=0.00100 train_acc=95.82 test_acc=95.06
epoch=230/300 lr=0.00100 train_acc=95.85 test_acc=95.19
epoch=231/300 lr=0.00100 train_acc=95.83 test_acc=95.20
epoch=232/300 lr=0.00100 train_acc=96.03 test_acc=95.24
epoch=233/300 lr=0.00100 train_acc=96.00 test_acc=95.19
epoch=234/300 lr=0.00100 train_acc=96.06 test_acc=95.22
epoch=235/300 lr=0.00100 train_acc=96.09 test_acc=95.14
epoch=236/300 lr=0.00100 train_acc=96.11 test_acc=95.11
epoch=237/300 lr=0.00100 train_acc=96.20 test_acc=95.14
epoch=238/300 lr=0.00100 train_acc=96.09 test_acc=95.17
epoch=239/300 lr=0.00100 train_acc=96.22 test_acc=95.14
epoch=240/300 lr=0.00100 train_acc=96.23 test_acc=95.24
epoch=241/300 lr=0.00100 train_acc=96.14 test_acc=95.15
epoch=242/300 lr=0.00100 train_acc=96.13 test_acc=95.14
epoch=243/300 lr=0.00100 train_acc=96.31 test_acc=95.15
epoch=244/300 lr=0.00100 train_acc=96.23 test_acc=95.22
epoch=245/300 lr=0.00100 train_acc=96.30 test_acc=95.18
epoch=246/300 lr=0.00100 train_acc=96.34 test_acc=95.20
epoch=247/300 lr=0.00100 train_acc=96.42 test_acc=95.08
epoch=248/300 lr=0.00100 train_acc=96.32 test_acc=95.27
epoch=249/300 lr=0.00100 train_acc=96.28 test_acc=95.12
epoch=250/300 lr=0.00100 train_acc=96.36 test_acc=95.13
epoch=251/300 lr=0.00100 train_acc=96.41 test_acc=95.20
epoch=252/300 lr=0.00100 train_acc=96.38 test_acc=95.18
epoch=253/300 lr=0.00100 train_acc=96.50 test_acc=95.12
epoch=254/300 lr=0.00100 train_acc=96.42 test_acc=95.18
epoch=255/300 lr=0.00100 train_acc=96.52 test_acc=95.17
epoch=256/300 lr=0.00100 train_acc=96.47 test_acc=95.35
epoch=257/300 lr=0.00100 train_acc=96.52 test_acc=95.11
epoch=258/300 lr=0.00100 train_acc=96.55 test_acc=95.09
epoch=259/300 lr=0.00100 train_acc=96.58 test_acc=95.20
epoch=260/300 lr=0.00100 train_acc=96.53 test_acc=95.18
epoch=261/300 lr=0.00100 train_acc=96.64 test_acc=95.13
epoch=262/300 lr=0.00100 train_acc=96.61 test_acc=95.14
epoch=263/300 lr=0.00100 train_acc=96.60 test_acc=95.20
epoch=264/300 lr=0.00100 train_acc=96.54 test_acc=95.16
epoch=265/300 lr=0.00100 train_acc=96.60 test_acc=95.13
epoch=266/300 lr=0.00100 train_acc=96.51 test_acc=95.31
epoch=267/300 lr=0.00100 train_acc=96.57 test_acc=95.21
epoch=268/300 lr=0.00100 train_acc=96.61 test_acc=95.06
epoch=269/300 lr=0.00100 train_acc=96.75 test_acc=95.31
epoch=270/300 lr=0.00100 train_acc=96.69 test_acc=95.14
epoch=271/300 lr=0.00100 train_acc=96.61 test_acc=95.16
epoch=272/300 lr=0.00100 train_acc=96.80 test_acc=95.00
epoch=273/300 lr=0.00100 train_acc=96.71 test_acc=95.26
epoch=274/300 lr=0.00100 train_acc=96.69 test_acc=95.16
epoch=275/300 lr=0.00100 train_acc=96.80 test_acc=95.32
epoch=276/300 lr=0.00100 train_acc=96.67 test_acc=95.20
epoch=277/300 lr=0.00100 train_acc=96.80 test_acc=95.12
epoch=278/300 lr=0.00100 train_acc=96.69 test_acc=95.25
epoch=279/300 lr=0.00100 train_acc=96.71 test_acc=95.21
epoch=280/300 lr=0.00100 train_acc=96.76 test_acc=95.09
epoch=281/300 lr=0.00100 train_acc=96.81 test_acc=95.15
epoch=282/300 lr=0.00100 train_acc=96.80 test_acc=95.25
epoch=283/300 lr=0.00100 train_acc=96.65 test_acc=95.14
epoch=284/300 lr=0.00100 train_acc=96.83 test_acc=95.20
epoch=285/300 lr=0.00100 train_acc=96.79 test_acc=95.15
epoch=286/300 lr=0.00100 train_acc=96.85 test_acc=95.13
epoch=287/300 lr=0.00100 train_acc=96.82 test_acc=95.21
epoch=288/300 lr=0.00100 train_acc=96.84 test_acc=95.20
epoch=289/300 lr=0.00100 train_acc=96.89 test_acc=95.21
epoch=290/300 lr=0.00100 train_acc=96.87 test_acc=95.34
epoch=291/300 lr=0.00100 train_acc=96.78 test_acc=95.19
epoch=292/300 lr=0.00100 train_acc=96.95 test_acc=95.16
epoch=293/300 lr=0.00100 train_acc=96.82 test_acc=95.05
epoch=294/300 lr=0.00100 train_acc=96.85 test_acc=95.24
epoch=295/300 lr=0.00100 train_acc=96.91 test_acc=95.17
epoch=296/300 lr=0.00100 train_acc=96.89 test_acc=95.22
epoch=297/300 lr=0.00100 train_acc=96.92 test_acc=94.98
epoch=298/300 lr=0.00100 train_acc=96.84 test_acc=95.16
epoch=299/300 lr=0.00100 train_acc=97.03 test_acc=95.02
epoch=300/300 lr=0.00100 train_acc=96.84 test_acc=95.14
{
  "best_accuracy": 95.35,
  "best_error_rate": 4.650000000000006,
  "final_accuracy": 95.14,
  "final_error_rate": 4.859999999999999,
  "elapsed_seconds": 2180.2376914024353,
  "is_paper_result": false,
  "note": "New reproduction result; compare against paper target separately."
}
{
  "experiment": "fashionmnist_resnet20_re_author_code",
  "seeds": [
    1001,
    1002,
    1003,
    1004,
    1005
  ],
  "smoke": false,
  "is_paper_result": false,
  "best_error_rate": {
    "values": [
      4.519999999999996,
      4.560000000000002,
      4.670000000000002,
      4.659999999999997,
      4.650000000000006
    ],
    "mean": 4.612,
    "population_std": 0.06046486583132522,
    "sample_std": 0.06760177512462376
  },
  "final_error_rate": {
    "values": [
      4.829999999999998,
      4.670000000000002,
      4.819999999999993,
      4.739999999999995,
      4.859999999999999
    ],
    "mean": 4.783999999999997,
    "population_std": 0.06945502141674038,
    "sample_std": 0.07765307463326762
  },
  "note": "New reproduction aggregate; paper does not state best-vs-final or std convention."
}
