start experiment=cifar10_resnet20_baseline seed=1001
epoch=1/300 lr=0.10000 train_acc=38.29 test_acc=44.48
epoch=2/300 lr=0.10000 train_acc=59.70 test_acc=59.51
epoch=3/300 lr=0.10000 train_acc=67.51 test_acc=63.07
epoch=4/300 lr=0.10000 train_acc=72.24 test_acc=63.39
epoch=5/300 lr=0.10000 train_acc=75.24 test_acc=66.00
epoch=6/300 lr=0.10000 train_acc=76.79 test_acc=61.91
epoch=7/300 lr=0.10000 train_acc=77.91 test_acc=67.36
epoch=8/300 lr=0.10000 train_acc=78.86 test_acc=76.20
epoch=9/300 lr=0.10000 train_acc=79.53 test_acc=78.15
epoch=10/300 lr=0.10000 train_acc=80.13 test_acc=75.67
epoch=11/300 lr=0.10000 train_acc=80.53 test_acc=74.65
epoch=12/300 lr=0.10000 train_acc=81.02 test_acc=76.12
epoch=13/300 lr=0.10000 train_acc=80.96 test_acc=69.81
epoch=14/300 lr=0.10000 train_acc=81.81 test_acc=78.73
epoch=15/300 lr=0.10000 train_acc=81.94 test_acc=74.13
epoch=16/300 lr=0.10000 train_acc=82.06 test_acc=72.85
epoch=17/300 lr=0.10000 train_acc=82.47 test_acc=77.00
epoch=18/300 lr=0.10000 train_acc=82.67 test_acc=65.87
epoch=19/300 lr=0.10000 train_acc=82.57 test_acc=67.02
epoch=20/300 lr=0.10000 train_acc=82.96 test_acc=73.04
epoch=21/300 lr=0.10000 train_acc=83.11 test_acc=75.77
epoch=22/300 lr=0.10000 train_acc=83.19 test_acc=76.50
epoch=23/300 lr=0.10000 train_acc=83.28 test_acc=73.03
epoch=24/300 lr=0.10000 train_acc=83.38 test_acc=79.67
epoch=25/300 lr=0.10000 train_acc=83.58 test_acc=79.29
epoch=26/300 lr=0.10000 train_acc=83.51 test_acc=76.72
epoch=27/300 lr=0.10000 train_acc=83.66 test_acc=70.97
epoch=28/300 lr=0.10000 train_acc=83.67 test_acc=78.94
epoch=29/300 lr=0.10000 train_acc=83.93 test_acc=79.27
epoch=30/300 lr=0.10000 train_acc=83.85 test_acc=78.69
epoch=31/300 lr=0.10000 train_acc=83.96 test_acc=77.21
epoch=32/300 lr=0.10000 train_acc=83.89 test_acc=77.04
epoch=33/300 lr=0.10000 train_acc=83.92 test_acc=78.17
epoch=34/300 lr=0.10000 train_acc=84.25 test_acc=73.88
epoch=35/300 lr=0.10000 train_acc=84.21 test_acc=77.29
epoch=36/300 lr=0.10000 train_acc=84.64 test_acc=76.66
epoch=37/300 lr=0.10000 train_acc=84.17 test_acc=78.24
epoch=38/300 lr=0.10000 train_acc=84.58 test_acc=82.74
epoch=39/300 lr=0.10000 train_acc=84.17 test_acc=69.32
epoch=40/300 lr=0.10000 train_acc=84.24 test_acc=82.53
epoch=41/300 lr=0.10000 train_acc=84.49 test_acc=79.90
epoch=42/300 lr=0.10000 train_acc=84.53 test_acc=74.23
epoch=43/300 lr=0.10000 train_acc=84.53 test_acc=77.85
epoch=44/300 lr=0.10000 train_acc=84.76 test_acc=81.44
epoch=45/300 lr=0.10000 train_acc=84.62 test_acc=75.52
epoch=46/300 lr=0.10000 train_acc=84.68 test_acc=72.75
epoch=47/300 lr=0.10000 train_acc=84.54 test_acc=74.78
epoch=48/300 lr=0.10000 train_acc=84.88 test_acc=82.44
epoch=49/300 lr=0.10000 train_acc=84.67 test_acc=70.89
epoch=50/300 lr=0.10000 train_acc=85.04 test_acc=73.30
epoch=51/300 lr=0.10000 train_acc=84.94 test_acc=80.76
epoch=52/300 lr=0.10000 train_acc=85.11 test_acc=79.60
epoch=53/300 lr=0.10000 train_acc=84.50 test_acc=78.83
epoch=54/300 lr=0.10000 train_acc=84.87 test_acc=74.00
epoch=55/300 lr=0.10000 train_acc=84.88 test_acc=79.22
epoch=56/300 lr=0.10000 train_acc=84.96 test_acc=74.63
epoch=57/300 lr=0.10000 train_acc=84.91 test_acc=73.74
epoch=58/300 lr=0.10000 train_acc=84.62 test_acc=77.85
epoch=59/300 lr=0.10000 train_acc=84.99 test_acc=77.12
epoch=60/300 lr=0.10000 train_acc=84.81 test_acc=80.25
epoch=61/300 lr=0.10000 train_acc=85.26 test_acc=74.60
epoch=62/300 lr=0.10000 train_acc=85.13 test_acc=82.74
epoch=63/300 lr=0.10000 train_acc=84.61 test_acc=74.97
epoch=64/300 lr=0.10000 train_acc=85.36 test_acc=77.98
epoch=65/300 lr=0.10000 train_acc=84.92 test_acc=77.20
epoch=66/300 lr=0.10000 train_acc=85.35 test_acc=81.69
epoch=67/300 lr=0.10000 train_acc=85.11 test_acc=77.47
epoch=68/300 lr=0.10000 train_acc=85.22 test_acc=75.91
epoch=69/300 lr=0.10000 train_acc=85.27 test_acc=78.78
epoch=70/300 lr=0.10000 train_acc=85.22 test_acc=81.43
epoch=71/300 lr=0.10000 train_acc=85.23 test_acc=71.12
epoch=72/300 lr=0.10000 train_acc=85.37 test_acc=71.99
epoch=73/300 lr=0.10000 train_acc=85.22 test_acc=76.72
epoch=74/300 lr=0.10000 train_acc=85.39 test_acc=80.25
epoch=75/300 lr=0.10000 train_acc=85.52 test_acc=81.46
epoch=76/300 lr=0.10000 train_acc=85.14 test_acc=76.08
epoch=77/300 lr=0.10000 train_acc=85.49 test_acc=77.64
epoch=78/300 lr=0.10000 train_acc=85.38 test_acc=79.73
epoch=79/300 lr=0.10000 train_acc=85.33 test_acc=81.18
epoch=80/300 lr=0.10000 train_acc=85.54 test_acc=83.30
epoch=81/300 lr=0.10000 train_acc=85.69 test_acc=80.18
epoch=82/300 lr=0.10000 train_acc=85.23 test_acc=81.38
epoch=83/300 lr=0.10000 train_acc=85.42 test_acc=78.66
epoch=84/300 lr=0.10000 train_acc=85.38 test_acc=77.32
epoch=85/300 lr=0.10000 train_acc=85.55 test_acc=79.44
epoch=86/300 lr=0.10000 train_acc=85.48 test_acc=78.27
epoch=87/300 lr=0.10000 train_acc=85.48 test_acc=80.84
epoch=88/300 lr=0.10000 train_acc=85.36 test_acc=81.40
epoch=89/300 lr=0.10000 train_acc=85.55 test_acc=80.56
epoch=90/300 lr=0.10000 train_acc=85.45 test_acc=82.87
epoch=91/300 lr=0.10000 train_acc=85.55 test_acc=84.27
epoch=92/300 lr=0.10000 train_acc=85.55 test_acc=76.27
epoch=93/300 lr=0.10000 train_acc=85.56 test_acc=75.35
epoch=94/300 lr=0.10000 train_acc=85.47 test_acc=82.14
epoch=95/300 lr=0.10000 train_acc=85.41 test_acc=79.25
epoch=96/300 lr=0.10000 train_acc=85.50 test_acc=75.87
epoch=97/300 lr=0.10000 train_acc=85.40 test_acc=80.66
epoch=98/300 lr=0.10000 train_acc=85.42 test_acc=76.47
epoch=99/300 lr=0.10000 train_acc=85.74 test_acc=75.71
epoch=100/300 lr=0.10000 train_acc=85.70 test_acc=79.64
epoch=101/300 lr=0.10000 train_acc=85.62 test_acc=77.21
epoch=102/300 lr=0.10000 train_acc=85.71 test_acc=80.95
epoch=103/300 lr=0.10000 train_acc=85.57 test_acc=78.95
epoch=104/300 lr=0.10000 train_acc=85.59 test_acc=74.81
epoch=105/300 lr=0.10000 train_acc=85.64 test_acc=80.33
epoch=106/300 lr=0.10000 train_acc=85.69 test_acc=82.27
epoch=107/300 lr=0.10000 train_acc=85.76 test_acc=81.73
epoch=108/300 lr=0.10000 train_acc=85.29 test_acc=82.36
epoch=109/300 lr=0.10000 train_acc=85.66 test_acc=78.80
epoch=110/300 lr=0.10000 train_acc=86.12 test_acc=77.01
epoch=111/300 lr=0.10000 train_acc=85.63 test_acc=82.79
epoch=112/300 lr=0.10000 train_acc=85.91 test_acc=78.94
epoch=113/300 lr=0.10000 train_acc=85.68 test_acc=81.47
epoch=114/300 lr=0.10000 train_acc=85.84 test_acc=79.67
epoch=115/300 lr=0.10000 train_acc=85.90 test_acc=84.12
epoch=116/300 lr=0.10000 train_acc=85.76 test_acc=76.53
epoch=117/300 lr=0.10000 train_acc=85.78 test_acc=79.18
epoch=118/300 lr=0.10000 train_acc=85.92 test_acc=79.56
epoch=119/300 lr=0.10000 train_acc=85.64 test_acc=79.05
epoch=120/300 lr=0.10000 train_acc=85.84 test_acc=83.31
epoch=121/300 lr=0.10000 train_acc=85.61 test_acc=77.71
epoch=122/300 lr=0.10000 train_acc=85.74 test_acc=72.65
epoch=123/300 lr=0.10000 train_acc=85.74 test_acc=75.18
epoch=124/300 lr=0.10000 train_acc=85.75 test_acc=82.71
epoch=125/300 lr=0.10000 train_acc=85.60 test_acc=79.49
epoch=126/300 lr=0.10000 train_acc=85.84 test_acc=81.49
epoch=127/300 lr=0.10000 train_acc=85.82 test_acc=81.72
epoch=128/300 lr=0.10000 train_acc=85.70 test_acc=79.27
epoch=129/300 lr=0.10000 train_acc=85.55 test_acc=77.40
epoch=130/300 lr=0.10000 train_acc=85.98 test_acc=81.42
epoch=131/300 lr=0.10000 train_acc=85.64 test_acc=78.12
epoch=132/300 lr=0.10000 train_acc=86.04 test_acc=83.80
epoch=133/300 lr=0.10000 train_acc=85.66 test_acc=83.07
epoch=134/300 lr=0.10000 train_acc=85.66 test_acc=78.56
epoch=135/300 lr=0.10000 train_acc=85.87 test_acc=82.27
epoch=136/300 lr=0.10000 train_acc=85.85 test_acc=80.73
epoch=137/300 lr=0.10000 train_acc=85.71 test_acc=80.00
epoch=138/300 lr=0.10000 train_acc=85.74 test_acc=72.33
epoch=139/300 lr=0.10000 train_acc=85.82 test_acc=77.15
epoch=140/300 lr=0.10000 train_acc=85.81 test_acc=78.17
epoch=141/300 lr=0.10000 train_acc=86.06 test_acc=75.66
epoch=142/300 lr=0.10000 train_acc=85.74 test_acc=82.87
epoch=143/300 lr=0.10000 train_acc=85.90 test_acc=81.84
epoch=144/300 lr=0.10000 train_acc=85.97 test_acc=74.12
epoch=145/300 lr=0.10000 train_acc=85.65 test_acc=81.54
epoch=146/300 lr=0.10000 train_acc=85.78 test_acc=82.67
epoch=147/300 lr=0.10000 train_acc=85.90 test_acc=78.55
epoch=148/300 lr=0.10000 train_acc=85.91 test_acc=80.58
epoch=149/300 lr=0.10000 train_acc=85.62 test_acc=76.84
epoch=150/300 lr=0.10000 train_acc=86.10 test_acc=79.94
epoch=151/300 lr=0.01000 train_acc=91.18 test_acc=90.26
epoch=152/300 lr=0.01000 train_acc=92.74 test_acc=90.51
epoch=153/300 lr=0.01000 train_acc=93.20 test_acc=90.99
epoch=154/300 lr=0.01000 train_acc=93.71 test_acc=90.97
epoch=155/300 lr=0.01000 train_acc=93.90 test_acc=91.03
epoch=156/300 lr=0.01000 train_acc=94.23 test_acc=90.71
epoch=157/300 lr=0.01000 train_acc=94.33 test_acc=91.28
epoch=158/300 lr=0.01000 train_acc=94.59 test_acc=91.11
epoch=159/300 lr=0.01000 train_acc=94.90 test_acc=90.80
epoch=160/300 lr=0.01000 train_acc=94.91 test_acc=91.17
epoch=161/300 lr=0.01000 train_acc=95.17 test_acc=91.33
epoch=162/300 lr=0.01000 train_acc=94.98 test_acc=91.16
epoch=163/300 lr=0.01000 train_acc=95.27 test_acc=91.18
epoch=164/300 lr=0.01000 train_acc=95.37 test_acc=91.46
epoch=165/300 lr=0.01000 train_acc=95.47 test_acc=90.53
epoch=166/300 lr=0.01000 train_acc=95.51 test_acc=90.64
epoch=167/300 lr=0.01000 train_acc=95.62 test_acc=90.98
epoch=168/300 lr=0.01000 train_acc=95.60 test_acc=90.38
epoch=169/300 lr=0.01000 train_acc=95.57 test_acc=90.85
epoch=170/300 lr=0.01000 train_acc=95.81 test_acc=90.36
epoch=171/300 lr=0.01000 train_acc=95.81 test_acc=90.66
epoch=172/300 lr=0.01000 train_acc=95.68 test_acc=91.11
epoch=173/300 lr=0.01000 train_acc=95.61 test_acc=90.66
epoch=174/300 lr=0.01000 train_acc=95.58 test_acc=90.48
epoch=175/300 lr=0.01000 train_acc=95.64 test_acc=90.64
epoch=176/300 lr=0.01000 train_acc=95.53 test_acc=90.13
epoch=177/300 lr=0.01000 train_acc=95.61 test_acc=90.79
epoch=178/300 lr=0.01000 train_acc=95.51 test_acc=90.93
epoch=179/300 lr=0.01000 train_acc=95.62 test_acc=91.10
epoch=180/300 lr=0.01000 train_acc=95.65 test_acc=89.67
epoch=181/300 lr=0.01000 train_acc=95.63 test_acc=88.70
epoch=182/300 lr=0.01000 train_acc=95.72 test_acc=89.11
epoch=183/300 lr=0.01000 train_acc=95.68 test_acc=89.79
epoch=184/300 lr=0.01000 train_acc=95.79 test_acc=89.80
epoch=185/300 lr=0.01000 train_acc=95.75 test_acc=90.50
epoch=186/300 lr=0.01000 train_acc=95.62 test_acc=89.88
epoch=187/300 lr=0.01000 train_acc=95.59 test_acc=89.84
epoch=188/300 lr=0.01000 train_acc=95.61 test_acc=89.89
epoch=189/300 lr=0.01000 train_acc=95.57 test_acc=89.73
epoch=190/300 lr=0.01000 train_acc=95.51 test_acc=90.36
epoch=191/300 lr=0.01000 train_acc=95.64 test_acc=89.84
epoch=192/300 lr=0.01000 train_acc=95.80 test_acc=90.19
epoch=193/300 lr=0.01000 train_acc=95.46 test_acc=90.49
epoch=194/300 lr=0.01000 train_acc=95.44 test_acc=90.47
epoch=195/300 lr=0.01000 train_acc=95.55 test_acc=89.82
epoch=196/300 lr=0.01000 train_acc=95.57 test_acc=89.57
epoch=197/300 lr=0.01000 train_acc=95.59 test_acc=89.83
epoch=198/300 lr=0.01000 train_acc=95.62 test_acc=89.55
epoch=199/300 lr=0.01000 train_acc=95.72 test_acc=89.82
epoch=200/300 lr=0.01000 train_acc=95.64 test_acc=90.00
epoch=201/300 lr=0.01000 train_acc=95.63 test_acc=89.63
epoch=202/300 lr=0.01000 train_acc=95.63 test_acc=90.27
epoch=203/300 lr=0.01000 train_acc=95.74 test_acc=89.27
epoch=204/300 lr=0.01000 train_acc=95.58 test_acc=90.64
epoch=205/300 lr=0.01000 train_acc=95.63 test_acc=89.94
epoch=206/300 lr=0.01000 train_acc=95.54 test_acc=88.70
epoch=207/300 lr=0.01000 train_acc=95.72 test_acc=89.32
epoch=208/300 lr=0.01000 train_acc=95.57 test_acc=89.97
epoch=209/300 lr=0.01000 train_acc=95.71 test_acc=90.37
epoch=210/300 lr=0.01000 train_acc=95.74 test_acc=90.10
epoch=211/300 lr=0.01000 train_acc=95.75 test_acc=89.04
epoch=212/300 lr=0.01000 train_acc=95.68 test_acc=89.04
epoch=213/300 lr=0.01000 train_acc=95.68 test_acc=88.66
epoch=214/300 lr=0.01000 train_acc=95.63 test_acc=90.22
epoch=215/300 lr=0.01000 train_acc=95.68 test_acc=90.35
epoch=216/300 lr=0.01000 train_acc=95.73 test_acc=89.81
epoch=217/300 lr=0.01000 train_acc=95.57 test_acc=87.57
epoch=218/300 lr=0.01000 train_acc=95.76 test_acc=88.85
epoch=219/300 lr=0.01000 train_acc=95.73 test_acc=90.23
epoch=220/300 lr=0.01000 train_acc=95.62 test_acc=89.39
epoch=221/300 lr=0.01000 train_acc=95.80 test_acc=89.79
epoch=222/300 lr=0.01000 train_acc=95.69 test_acc=89.72
epoch=223/300 lr=0.01000 train_acc=95.82 test_acc=90.37
epoch=224/300 lr=0.01000 train_acc=95.84 test_acc=90.02
epoch=225/300 lr=0.01000 train_acc=95.93 test_acc=89.51
epoch=226/300 lr=0.00100 train_acc=97.44 test_acc=92.25
epoch=227/300 lr=0.00100 train_acc=98.29 test_acc=92.48
epoch=228/300 lr=0.00100 train_acc=98.42 test_acc=92.61
epoch=229/300 lr=0.00100 train_acc=98.59 test_acc=92.58
epoch=230/300 lr=0.00100 train_acc=98.78 test_acc=92.63
epoch=231/300 lr=0.00100 train_acc=98.82 test_acc=92.54
epoch=232/300 lr=0.00100 train_acc=98.91 test_acc=92.58
epoch=233/300 lr=0.00100 train_acc=98.95 test_acc=92.70
epoch=234/300 lr=0.00100 train_acc=98.97 test_acc=92.54
epoch=235/300 lr=0.00100 train_acc=99.03 test_acc=92.55
epoch=236/300 lr=0.00100 train_acc=99.01 test_acc=92.63
epoch=237/300 lr=0.00100 train_acc=99.11 test_acc=92.67
epoch=238/300 lr=0.00100 train_acc=99.15 test_acc=92.56
epoch=239/300 lr=0.00100 train_acc=99.11 test_acc=92.57
epoch=240/300 lr=0.00100 train_acc=99.24 test_acc=92.75
epoch=241/300 lr=0.00100 train_acc=99.20 test_acc=92.77
epoch=242/300 lr=0.00100 train_acc=99.27 test_acc=92.61
epoch=243/300 lr=0.00100 train_acc=99.30 test_acc=92.73
epoch=244/300 lr=0.00100 train_acc=99.25 test_acc=92.81
epoch=245/300 lr=0.00100 train_acc=99.29 test_acc=92.78
epoch=246/300 lr=0.00100 train_acc=99.34 test_acc=92.67
epoch=247/300 lr=0.00100 train_acc=99.34 test_acc=92.59
epoch=248/300 lr=0.00100 train_acc=99.38 test_acc=92.60
epoch=249/300 lr=0.00100 train_acc=99.32 test_acc=92.58
epoch=250/300 lr=0.00100 train_acc=99.40 test_acc=92.64
epoch=251/300 lr=0.00100 train_acc=99.43 test_acc=92.52
epoch=252/300 lr=0.00100 train_acc=99.44 test_acc=92.48
epoch=253/300 lr=0.00100 train_acc=99.44 test_acc=92.63
epoch=254/300 lr=0.00100 train_acc=99.44 test_acc=92.69
epoch=255/300 lr=0.00100 train_acc=99.44 test_acc=92.65
epoch=256/300 lr=0.00100 train_acc=99.47 test_acc=92.54
epoch=257/300 lr=0.00100 train_acc=99.49 test_acc=92.58
epoch=258/300 lr=0.00100 train_acc=99.52 test_acc=92.70
epoch=259/300 lr=0.00100 train_acc=99.46 test_acc=92.70
epoch=260/300 lr=0.00100 train_acc=99.48 test_acc=92.48
epoch=261/300 lr=0.00100 train_acc=99.42 test_acc=92.61
epoch=262/300 lr=0.00100 train_acc=99.49 test_acc=92.70
epoch=263/300 lr=0.00100 train_acc=99.56 test_acc=92.71
epoch=264/300 lr=0.00100 train_acc=99.56 test_acc=92.60
epoch=265/300 lr=0.00100 train_acc=99.56 test_acc=92.86
epoch=266/300 lr=0.00100 train_acc=99.51 test_acc=92.43
epoch=267/300 lr=0.00100 train_acc=99.52 test_acc=92.58
epoch=268/300 lr=0.00100 train_acc=99.51 test_acc=92.62
epoch=269/300 lr=0.00100 train_acc=99.62 test_acc=92.49
epoch=270/300 lr=0.00100 train_acc=99.53 test_acc=92.63
epoch=271/300 lr=0.00100 train_acc=99.53 test_acc=92.58
epoch=272/300 lr=0.00100 train_acc=99.58 test_acc=92.64
epoch=273/300 lr=0.00100 train_acc=99.59 test_acc=92.69
epoch=274/300 lr=0.00100 train_acc=99.51 test_acc=92.60
epoch=275/300 lr=0.00100 train_acc=99.60 test_acc=92.74
epoch=276/300 lr=0.00100 train_acc=99.62 test_acc=92.79
epoch=277/300 lr=0.00100 train_acc=99.66 test_acc=92.64
epoch=278/300 lr=0.00100 train_acc=99.55 test_acc=92.64
epoch=279/300 lr=0.00100 train_acc=99.59 test_acc=92.55
epoch=280/300 lr=0.00100 train_acc=99.64 test_acc=92.59
epoch=281/300 lr=0.00100 train_acc=99.66 test_acc=92.68
epoch=282/300 lr=0.00100 train_acc=99.67 test_acc=92.76
epoch=283/300 lr=0.00100 train_acc=99.66 test_acc=92.60
epoch=284/300 lr=0.00100 train_acc=99.72 test_acc=92.81
epoch=285/300 lr=0.00100 train_acc=99.66 test_acc=92.68
epoch=286/300 lr=0.00100 train_acc=99.68 test_acc=92.64
epoch=287/300 lr=0.00100 train_acc=99.64 test_acc=92.66
epoch=288/300 lr=0.00100 train_acc=99.61 test_acc=92.88
epoch=289/300 lr=0.00100 train_acc=99.64 test_acc=92.64
epoch=290/300 lr=0.00100 train_acc=99.64 test_acc=92.73
epoch=291/300 lr=0.00100 train_acc=99.65 test_acc=92.63
epoch=292/300 lr=0.00100 train_acc=99.63 test_acc=92.61
epoch=293/300 lr=0.00100 train_acc=99.70 test_acc=92.74
epoch=294/300 lr=0.00100 train_acc=99.67 test_acc=92.77
epoch=295/300 lr=0.00100 train_acc=99.65 test_acc=92.79
epoch=296/300 lr=0.00100 train_acc=99.68 test_acc=92.75
epoch=297/300 lr=0.00100 train_acc=99.69 test_acc=92.60
epoch=298/300 lr=0.00100 train_acc=99.68 test_acc=92.62
epoch=299/300 lr=0.00100 train_acc=99.69 test_acc=92.53
epoch=300/300 lr=0.00100 train_acc=99.69 test_acc=92.62
{
  "best_accuracy": 92.88,
  "best_error_rate": 7.1200000000000045,
  "final_accuracy": 92.62,
  "final_error_rate": 7.3799999999999955,
  "elapsed_seconds": 1959.1175549030304,
  "is_paper_result": false,
  "note": "New reproduction result; compare against paper target separately."
}
start experiment=cifar10_resnet20_baseline seed=1002
epoch=1/300 lr=0.10000 train_acc=41.15 test_acc=37.98
epoch=2/300 lr=0.10000 train_acc=62.15 test_acc=63.84
epoch=3/300 lr=0.10000 train_acc=69.69 test_acc=65.21
epoch=4/300 lr=0.10000 train_acc=73.66 test_acc=61.34
epoch=5/300 lr=0.10000 train_acc=75.81 test_acc=65.91
epoch=6/300 lr=0.10000 train_acc=77.22 test_acc=73.24
epoch=7/300 lr=0.10000 train_acc=78.19 test_acc=67.84
epoch=8/300 lr=0.10000 train_acc=78.98 test_acc=73.76
epoch=9/300 lr=0.10000 train_acc=79.86 test_acc=77.24
epoch=10/300 lr=0.10000 train_acc=80.08 test_acc=73.78
epoch=11/300 lr=0.10000 train_acc=80.83 test_acc=72.69
epoch=12/300 lr=0.10000 train_acc=80.88 test_acc=77.59
epoch=13/300 lr=0.10000 train_acc=81.13 test_acc=78.56
epoch=14/300 lr=0.10000 train_acc=81.86 test_acc=74.72
epoch=15/300 lr=0.10000 train_acc=81.77 test_acc=75.19
epoch=16/300 lr=0.10000 train_acc=81.97 test_acc=74.05
epoch=17/300 lr=0.10000 train_acc=82.30 test_acc=77.65
epoch=18/300 lr=0.10000 train_acc=82.84 test_acc=78.01
epoch=19/300 lr=0.10000 train_acc=82.76 test_acc=73.57
epoch=20/300 lr=0.10000 train_acc=82.74 test_acc=74.98
epoch=21/300 lr=0.10000 train_acc=82.86 test_acc=77.14
epoch=22/300 lr=0.10000 train_acc=83.23 test_acc=76.10
epoch=23/300 lr=0.10000 train_acc=83.20 test_acc=81.17
epoch=24/300 lr=0.10000 train_acc=83.15 test_acc=72.16
epoch=25/300 lr=0.10000 train_acc=83.38 test_acc=73.50
epoch=26/300 lr=0.10000 train_acc=83.38 test_acc=69.46
epoch=27/300 lr=0.10000 train_acc=83.49 test_acc=80.02
epoch=28/300 lr=0.10000 train_acc=83.81 test_acc=77.70
epoch=29/300 lr=0.10000 train_acc=83.59 test_acc=76.02
epoch=30/300 lr=0.10000 train_acc=83.82 test_acc=78.24
epoch=31/300 lr=0.10000 train_acc=84.05 test_acc=73.13
epoch=32/300 lr=0.10000 train_acc=83.86 test_acc=76.31
epoch=33/300 lr=0.10000 train_acc=84.30 test_acc=78.48
epoch=34/300 lr=0.10000 train_acc=84.34 test_acc=71.78
epoch=35/300 lr=0.10000 train_acc=84.40 test_acc=75.08
epoch=36/300 lr=0.10000 train_acc=84.14 test_acc=74.12
epoch=37/300 lr=0.10000 train_acc=84.36 test_acc=77.55
epoch=38/300 lr=0.10000 train_acc=84.24 test_acc=73.10
epoch=39/300 lr=0.10000 train_acc=84.28 test_acc=81.91
epoch=40/300 lr=0.10000 train_acc=84.55 test_acc=80.73
epoch=41/300 lr=0.10000 train_acc=84.45 test_acc=78.18
epoch=42/300 lr=0.10000 train_acc=84.70 test_acc=82.01
epoch=43/300 lr=0.10000 train_acc=84.46 test_acc=78.43
epoch=44/300 lr=0.10000 train_acc=84.31 test_acc=79.27
epoch=45/300 lr=0.10000 train_acc=84.71 test_acc=77.37
epoch=46/300 lr=0.10000 train_acc=84.64 test_acc=82.21
epoch=47/300 lr=0.10000 train_acc=84.77 test_acc=81.79
epoch=48/300 lr=0.10000 train_acc=84.77 test_acc=73.44
epoch=49/300 lr=0.10000 train_acc=84.54 test_acc=74.51
epoch=50/300 lr=0.10000 train_acc=84.91 test_acc=80.78
epoch=51/300 lr=0.10000 train_acc=84.67 test_acc=76.92
epoch=52/300 lr=0.10000 train_acc=84.69 test_acc=78.07
epoch=53/300 lr=0.10000 train_acc=84.73 test_acc=81.62
epoch=54/300 lr=0.10000 train_acc=84.90 test_acc=75.30
epoch=55/300 lr=0.10000 train_acc=84.74 test_acc=81.60
epoch=56/300 lr=0.10000 train_acc=85.07 test_acc=74.17
epoch=57/300 lr=0.10000 train_acc=85.15 test_acc=81.70
epoch=58/300 lr=0.10000 train_acc=85.16 test_acc=73.07
epoch=59/300 lr=0.10000 train_acc=84.97 test_acc=70.80
epoch=60/300 lr=0.10000 train_acc=85.11 test_acc=81.98
epoch=61/300 lr=0.10000 train_acc=85.02 test_acc=73.50
epoch=62/300 lr=0.10000 train_acc=84.89 test_acc=81.78
epoch=63/300 lr=0.10000 train_acc=85.36 test_acc=80.93
epoch=64/300 lr=0.10000 train_acc=85.15 test_acc=76.94
epoch=65/300 lr=0.10000 train_acc=85.08 test_acc=79.18
epoch=66/300 lr=0.10000 train_acc=85.39 test_acc=79.16
epoch=67/300 lr=0.10000 train_acc=85.08 test_acc=80.42
epoch=68/300 lr=0.10000 train_acc=85.11 test_acc=68.94
epoch=69/300 lr=0.10000 train_acc=85.12 test_acc=82.58
epoch=70/300 lr=0.10000 train_acc=85.32 test_acc=81.16
epoch=71/300 lr=0.10000 train_acc=85.27 test_acc=79.58
epoch=72/300 lr=0.10000 train_acc=85.49 test_acc=70.12
epoch=73/300 lr=0.10000 train_acc=85.35 test_acc=78.06
epoch=74/300 lr=0.10000 train_acc=85.13 test_acc=80.90
epoch=75/300 lr=0.10000 train_acc=85.33 test_acc=82.56
epoch=76/300 lr=0.10000 train_acc=85.52 test_acc=79.25
epoch=77/300 lr=0.10000 train_acc=85.21 test_acc=79.95
epoch=78/300 lr=0.10000 train_acc=85.39 test_acc=75.70
epoch=79/300 lr=0.10000 train_acc=85.57 test_acc=79.80
epoch=80/300 lr=0.10000 train_acc=85.42 test_acc=76.13
epoch=81/300 lr=0.10000 train_acc=85.75 test_acc=77.60
epoch=82/300 lr=0.10000 train_acc=85.32 test_acc=75.56
epoch=83/300 lr=0.10000 train_acc=85.41 test_acc=80.96
epoch=84/300 lr=0.10000 train_acc=85.58 test_acc=77.13
epoch=85/300 lr=0.10000 train_acc=85.56 test_acc=70.32
epoch=86/300 lr=0.10000 train_acc=85.53 test_acc=75.94
epoch=87/300 lr=0.10000 train_acc=85.13 test_acc=80.23
epoch=88/300 lr=0.10000 train_acc=85.73 test_acc=80.32
epoch=89/300 lr=0.10000 train_acc=85.61 test_acc=79.83
epoch=90/300 lr=0.10000 train_acc=85.54 test_acc=79.24
epoch=91/300 lr=0.10000 train_acc=85.42 test_acc=76.65
epoch=92/300 lr=0.10000 train_acc=85.58 test_acc=78.54
epoch=93/300 lr=0.10000 train_acc=85.72 test_acc=75.52
epoch=94/300 lr=0.10000 train_acc=85.63 test_acc=77.59
epoch=95/300 lr=0.10000 train_acc=85.75 test_acc=77.67
epoch=96/300 lr=0.10000 train_acc=85.40 test_acc=82.21
epoch=97/300 lr=0.10000 train_acc=85.98 test_acc=81.27
epoch=98/300 lr=0.10000 train_acc=85.42 test_acc=77.07
epoch=99/300 lr=0.10000 train_acc=85.65 test_acc=75.42
epoch=100/300 lr=0.10000 train_acc=85.81 test_acc=76.49
epoch=101/300 lr=0.10000 train_acc=85.83 test_acc=78.51
epoch=102/300 lr=0.10000 train_acc=85.56 test_acc=73.10
epoch=103/300 lr=0.10000 train_acc=85.56 test_acc=82.77
epoch=104/300 lr=0.10000 train_acc=85.82 test_acc=76.65
epoch=105/300 lr=0.10000 train_acc=85.39 test_acc=76.17
epoch=106/300 lr=0.10000 train_acc=85.70 test_acc=73.82
epoch=107/300 lr=0.10000 train_acc=85.71 test_acc=79.61
epoch=108/300 lr=0.10000 train_acc=85.70 test_acc=81.42
epoch=109/300 lr=0.10000 train_acc=85.90 test_acc=78.56
epoch=110/300 lr=0.10000 train_acc=85.79 test_acc=77.06
epoch=111/300 lr=0.10000 train_acc=85.55 test_acc=80.32
epoch=112/300 lr=0.10000 train_acc=85.67 test_acc=78.89
epoch=113/300 lr=0.10000 train_acc=85.94 test_acc=79.99
epoch=114/300 lr=0.10000 train_acc=85.81 test_acc=77.96
epoch=115/300 lr=0.10000 train_acc=85.72 test_acc=76.41
epoch=116/300 lr=0.10000 train_acc=85.84 test_acc=81.84
epoch=117/300 lr=0.10000 train_acc=85.66 test_acc=79.99
epoch=118/300 lr=0.10000 train_acc=85.94 test_acc=79.11
epoch=119/300 lr=0.10000 train_acc=85.93 test_acc=77.03
epoch=120/300 lr=0.10000 train_acc=85.67 test_acc=79.74
epoch=121/300 lr=0.10000 train_acc=86.02 test_acc=75.32
epoch=122/300 lr=0.10000 train_acc=86.02 test_acc=82.06
epoch=123/300 lr=0.10000 train_acc=85.83 test_acc=80.46
epoch=124/300 lr=0.10000 train_acc=85.71 test_acc=82.68
epoch=125/300 lr=0.10000 train_acc=85.98 test_acc=81.27
epoch=126/300 lr=0.10000 train_acc=85.55 test_acc=77.59
epoch=127/300 lr=0.10000 train_acc=85.88 test_acc=81.44
epoch=128/300 lr=0.10000 train_acc=85.76 test_acc=78.55
epoch=129/300 lr=0.10000 train_acc=85.84 test_acc=76.75
epoch=130/300 lr=0.10000 train_acc=85.90 test_acc=74.54
epoch=131/300 lr=0.10000 train_acc=85.87 test_acc=77.46
epoch=132/300 lr=0.10000 train_acc=85.75 test_acc=80.92
epoch=133/300 lr=0.10000 train_acc=86.10 test_acc=82.20
epoch=134/300 lr=0.10000 train_acc=86.10 test_acc=78.85
epoch=135/300 lr=0.10000 train_acc=85.80 test_acc=81.33
epoch=136/300 lr=0.10000 train_acc=85.85 test_acc=82.09
epoch=137/300 lr=0.10000 train_acc=85.79 test_acc=81.81
epoch=138/300 lr=0.10000 train_acc=85.90 test_acc=83.59
epoch=139/300 lr=0.10000 train_acc=85.68 test_acc=82.06
epoch=140/300 lr=0.10000 train_acc=85.93 test_acc=65.71
epoch=141/300 lr=0.10000 train_acc=86.01 test_acc=79.58
epoch=142/300 lr=0.10000 train_acc=85.69 test_acc=79.20
epoch=143/300 lr=0.10000 train_acc=86.04 test_acc=77.48
epoch=144/300 lr=0.10000 train_acc=86.01 test_acc=79.59
epoch=145/300 lr=0.10000 train_acc=85.75 test_acc=80.99
epoch=146/300 lr=0.10000 train_acc=86.39 test_acc=82.02
epoch=147/300 lr=0.10000 train_acc=85.72 test_acc=81.15
epoch=148/300 lr=0.10000 train_acc=85.58 test_acc=77.82
epoch=149/300 lr=0.10000 train_acc=86.01 test_acc=72.72
epoch=150/300 lr=0.10000 train_acc=85.92 test_acc=82.51
epoch=151/300 lr=0.01000 train_acc=90.95 test_acc=90.02
epoch=152/300 lr=0.01000 train_acc=92.72 test_acc=90.50
epoch=153/300 lr=0.01000 train_acc=93.09 test_acc=90.95
epoch=154/300 lr=0.01000 train_acc=93.71 test_acc=90.95
epoch=155/300 lr=0.01000 train_acc=94.07 test_acc=90.95
epoch=156/300 lr=0.01000 train_acc=94.44 test_acc=90.97
epoch=157/300 lr=0.01000 train_acc=94.47 test_acc=91.02
epoch=158/300 lr=0.01000 train_acc=94.54 test_acc=90.84
epoch=159/300 lr=0.01000 train_acc=94.62 test_acc=91.38
epoch=160/300 lr=0.01000 train_acc=95.12 test_acc=90.95
epoch=161/300 lr=0.01000 train_acc=95.12 test_acc=91.37
epoch=162/300 lr=0.01000 train_acc=95.23 test_acc=91.14
epoch=163/300 lr=0.01000 train_acc=95.28 test_acc=90.94
epoch=164/300 lr=0.01000 train_acc=95.40 test_acc=90.93
epoch=165/300 lr=0.01000 train_acc=95.49 test_acc=91.07
epoch=166/300 lr=0.01000 train_acc=95.73 test_acc=90.87
epoch=167/300 lr=0.01000 train_acc=95.67 test_acc=90.48
epoch=168/300 lr=0.01000 train_acc=95.68 test_acc=91.46
epoch=169/300 lr=0.01000 train_acc=95.66 test_acc=91.19
epoch=170/300 lr=0.01000 train_acc=95.73 test_acc=91.05
epoch=171/300 lr=0.01000 train_acc=95.66 test_acc=90.81
epoch=172/300 lr=0.01000 train_acc=95.83 test_acc=90.49
epoch=173/300 lr=0.01000 train_acc=95.81 test_acc=90.73
epoch=174/300 lr=0.01000 train_acc=95.62 test_acc=90.00
epoch=175/300 lr=0.01000 train_acc=95.75 test_acc=90.02
epoch=176/300 lr=0.01000 train_acc=95.93 test_acc=90.32
epoch=177/300 lr=0.01000 train_acc=95.60 test_acc=91.05
epoch=178/300 lr=0.01000 train_acc=95.67 test_acc=91.06
epoch=179/300 lr=0.01000 train_acc=95.68 test_acc=90.75
epoch=180/300 lr=0.01000 train_acc=95.60 test_acc=90.07
epoch=181/300 lr=0.01000 train_acc=95.74 test_acc=90.51
epoch=182/300 lr=0.01000 train_acc=95.76 test_acc=90.38
epoch=183/300 lr=0.01000 train_acc=95.78 test_acc=90.04
epoch=184/300 lr=0.01000 train_acc=95.66 test_acc=90.60
epoch=185/300 lr=0.01000 train_acc=95.66 test_acc=90.11
epoch=186/300 lr=0.01000 train_acc=95.45 test_acc=89.64
epoch=187/300 lr=0.01000 train_acc=95.64 test_acc=90.68
epoch=188/300 lr=0.01000 train_acc=95.70 test_acc=90.05
epoch=189/300 lr=0.01000 train_acc=95.63 test_acc=90.42
epoch=190/300 lr=0.01000 train_acc=95.57 test_acc=89.62
epoch=191/300 lr=0.01000 train_acc=95.88 test_acc=90.06
epoch=192/300 lr=0.01000 train_acc=95.63 test_acc=89.82
epoch=193/300 lr=0.01000 train_acc=95.79 test_acc=90.24
epoch=194/300 lr=0.01000 train_acc=95.71 test_acc=89.17
epoch=195/300 lr=0.01000 train_acc=95.46 test_acc=90.40
epoch=196/300 lr=0.01000 train_acc=95.65 test_acc=89.17
epoch=197/300 lr=0.01000 train_acc=95.61 test_acc=90.42
epoch=198/300 lr=0.01000 train_acc=95.54 test_acc=88.66
epoch=199/300 lr=0.01000 train_acc=95.62 test_acc=89.53
epoch=200/300 lr=0.01000 train_acc=95.78 test_acc=89.62
epoch=201/300 lr=0.01000 train_acc=95.75 test_acc=90.15
epoch=202/300 lr=0.01000 train_acc=95.54 test_acc=89.46
epoch=203/300 lr=0.01000 train_acc=95.63 test_acc=90.13
epoch=204/300 lr=0.01000 train_acc=95.84 test_acc=89.91
epoch=205/300 lr=0.01000 train_acc=95.72 test_acc=88.74
epoch=206/300 lr=0.01000 train_acc=95.64 test_acc=89.35
epoch=207/300 lr=0.01000 train_acc=95.55 test_acc=90.04
epoch=208/300 lr=0.01000 train_acc=95.76 test_acc=90.10
epoch=209/300 lr=0.01000 train_acc=95.77 test_acc=90.05
epoch=210/300 lr=0.01000 train_acc=95.63 test_acc=89.31
epoch=211/300 lr=0.01000 train_acc=95.83 test_acc=89.97
epoch=212/300 lr=0.01000 train_acc=95.74 test_acc=90.25
epoch=213/300 lr=0.01000 train_acc=95.80 test_acc=89.83
epoch=214/300 lr=0.01000 train_acc=95.63 test_acc=89.08
epoch=215/300 lr=0.01000 train_acc=95.74 test_acc=89.21
epoch=216/300 lr=0.01000 train_acc=95.66 test_acc=89.85
epoch=217/300 lr=0.01000 train_acc=95.79 test_acc=89.87
epoch=218/300 lr=0.01000 train_acc=95.78 test_acc=89.97
epoch=219/300 lr=0.01000 train_acc=95.77 test_acc=89.19
epoch=220/300 lr=0.01000 train_acc=95.66 test_acc=90.05
epoch=221/300 lr=0.01000 train_acc=95.68 test_acc=89.69
epoch=222/300 lr=0.01000 train_acc=95.74 test_acc=89.22
epoch=223/300 lr=0.01000 train_acc=95.75 test_acc=89.99
epoch=224/300 lr=0.01000 train_acc=95.94 test_acc=89.80
epoch=225/300 lr=0.01000 train_acc=95.80 test_acc=88.58
epoch=226/300 lr=0.00100 train_acc=97.57 test_acc=92.60
epoch=227/300 lr=0.00100 train_acc=98.34 test_acc=92.72
epoch=228/300 lr=0.00100 train_acc=98.53 test_acc=92.73
epoch=229/300 lr=0.00100 train_acc=98.63 test_acc=92.78
epoch=230/300 lr=0.00100 train_acc=98.77 test_acc=92.88
epoch=231/300 lr=0.00100 train_acc=98.85 test_acc=92.88
epoch=232/300 lr=0.00100 train_acc=98.92 test_acc=93.00
epoch=233/300 lr=0.00100 train_acc=98.89 test_acc=93.08
epoch=234/300 lr=0.00100 train_acc=99.03 test_acc=93.00
epoch=235/300 lr=0.00100 train_acc=99.03 test_acc=93.02
epoch=236/300 lr=0.00100 train_acc=99.10 test_acc=92.91
epoch=237/300 lr=0.00100 train_acc=99.15 test_acc=92.92
epoch=238/300 lr=0.00100 train_acc=99.18 test_acc=92.92
epoch=239/300 lr=0.00100 train_acc=99.23 test_acc=92.94
epoch=240/300 lr=0.00100 train_acc=99.20 test_acc=93.04
epoch=241/300 lr=0.00100 train_acc=99.19 test_acc=93.08
epoch=242/300 lr=0.00100 train_acc=99.26 test_acc=92.98
epoch=243/300 lr=0.00100 train_acc=99.29 test_acc=93.05
epoch=244/300 lr=0.00100 train_acc=99.29 test_acc=93.12
epoch=245/300 lr=0.00100 train_acc=99.36 test_acc=93.03
epoch=246/300 lr=0.00100 train_acc=99.27 test_acc=93.00
epoch=247/300 lr=0.00100 train_acc=99.40 test_acc=93.04
epoch=248/300 lr=0.00100 train_acc=99.29 test_acc=93.09
epoch=249/300 lr=0.00100 train_acc=99.42 test_acc=93.12
epoch=250/300 lr=0.00100 train_acc=99.38 test_acc=93.09
epoch=251/300 lr=0.00100 train_acc=99.38 test_acc=93.07
epoch=252/300 lr=0.00100 train_acc=99.35 test_acc=92.89
epoch=253/300 lr=0.00100 train_acc=99.41 test_acc=92.97
epoch=254/300 lr=0.00100 train_acc=99.44 test_acc=93.07
epoch=255/300 lr=0.00100 train_acc=99.44 test_acc=93.05
epoch=256/300 lr=0.00100 train_acc=99.41 test_acc=93.14
epoch=257/300 lr=0.00100 train_acc=99.44 test_acc=93.09
epoch=258/300 lr=0.00100 train_acc=99.50 test_acc=93.14
epoch=259/300 lr=0.00100 train_acc=99.51 test_acc=93.01
epoch=260/300 lr=0.00100 train_acc=99.54 test_acc=93.07
epoch=261/300 lr=0.00100 train_acc=99.48 test_acc=92.98
epoch=262/300 lr=0.00100 train_acc=99.51 test_acc=93.10
epoch=263/300 lr=0.00100 train_acc=99.52 test_acc=93.03
epoch=264/300 lr=0.00100 train_acc=99.52 test_acc=93.19
epoch=265/300 lr=0.00100 train_acc=99.53 test_acc=93.10
epoch=266/300 lr=0.00100 train_acc=99.55 test_acc=93.11
epoch=267/300 lr=0.00100 train_acc=99.59 test_acc=93.00
epoch=268/300 lr=0.00100 train_acc=99.55 test_acc=93.10
epoch=269/300 lr=0.00100 train_acc=99.58 test_acc=93.10
epoch=270/300 lr=0.00100 train_acc=99.54 test_acc=93.01
epoch=271/300 lr=0.00100 train_acc=99.62 test_acc=92.97
epoch=272/300 lr=0.00100 train_acc=99.58 test_acc=93.01
epoch=273/300 lr=0.00100 train_acc=99.59 test_acc=93.03
epoch=274/300 lr=0.00100 train_acc=99.64 test_acc=92.87
epoch=275/300 lr=0.00100 train_acc=99.61 test_acc=93.01
epoch=276/300 lr=0.00100 train_acc=99.62 test_acc=93.03
epoch=277/300 lr=0.00100 train_acc=99.57 test_acc=93.18
epoch=278/300 lr=0.00100 train_acc=99.63 test_acc=93.15
epoch=279/300 lr=0.00100 train_acc=99.65 test_acc=93.16
epoch=280/300 lr=0.00100 train_acc=99.68 test_acc=93.15
epoch=281/300 lr=0.00100 train_acc=99.61 test_acc=93.16
epoch=282/300 lr=0.00100 train_acc=99.61 test_acc=93.11
epoch=283/300 lr=0.00100 train_acc=99.62 test_acc=92.98
epoch=284/300 lr=0.00100 train_acc=99.62 test_acc=92.86
epoch=285/300 lr=0.00100 train_acc=99.65 test_acc=93.00
epoch=286/300 lr=0.00100 train_acc=99.68 test_acc=93.13
epoch=287/300 lr=0.00100 train_acc=99.64 test_acc=92.97
epoch=288/300 lr=0.00100 train_acc=99.70 test_acc=92.99
epoch=289/300 lr=0.00100 train_acc=99.64 test_acc=93.04
epoch=290/300 lr=0.00100 train_acc=99.64 test_acc=92.96
epoch=291/300 lr=0.00100 train_acc=99.66 test_acc=92.88
epoch=292/300 lr=0.00100 train_acc=99.68 test_acc=92.91
epoch=293/300 lr=0.00100 train_acc=99.67 test_acc=92.99
epoch=294/300 lr=0.00100 train_acc=99.68 test_acc=93.03
epoch=295/300 lr=0.00100 train_acc=99.72 test_acc=93.01
epoch=296/300 lr=0.00100 train_acc=99.74 test_acc=93.12
epoch=297/300 lr=0.00100 train_acc=99.66 test_acc=93.17
epoch=298/300 lr=0.00100 train_acc=99.70 test_acc=93.18
epoch=299/300 lr=0.00100 train_acc=99.68 test_acc=93.12
epoch=300/300 lr=0.00100 train_acc=99.65 test_acc=92.99
{
  "best_accuracy": 93.19,
  "best_error_rate": 6.810000000000002,
  "final_accuracy": 92.99,
  "final_error_rate": 7.010000000000005,
  "elapsed_seconds": 1929.799697637558,
  "is_paper_result": false,
  "note": "New reproduction result; compare against paper target separately."
}
start experiment=cifar10_resnet20_baseline seed=1003
epoch=1/300 lr=0.10000 train_acc=38.10 test_acc=45.65
epoch=2/300 lr=0.10000 train_acc=59.64 test_acc=54.30
epoch=3/300 lr=0.10000 train_acc=67.82 test_acc=60.27
epoch=4/300 lr=0.10000 train_acc=72.78 test_acc=67.34
epoch=5/300 lr=0.10000 train_acc=75.07 test_acc=57.92
epoch=6/300 lr=0.10000 train_acc=77.05 test_acc=75.64
epoch=7/300 lr=0.10000 train_acc=78.21 test_acc=75.38
epoch=8/300 lr=0.10000 train_acc=79.29 test_acc=70.26
epoch=9/300 lr=0.10000 train_acc=80.07 test_acc=73.36
epoch=10/300 lr=0.10000 train_acc=80.42 test_acc=70.35
epoch=11/300 lr=0.10000 train_acc=80.71 test_acc=75.38
epoch=12/300 lr=0.10000 train_acc=81.08 test_acc=74.37
epoch=13/300 lr=0.10000 train_acc=81.61 test_acc=79.25
epoch=14/300 lr=0.10000 train_acc=81.93 test_acc=74.72
epoch=15/300 lr=0.10000 train_acc=82.00 test_acc=71.06
epoch=16/300 lr=0.10000 train_acc=82.66 test_acc=74.90
epoch=17/300 lr=0.10000 train_acc=82.40 test_acc=78.24
epoch=18/300 lr=0.10000 train_acc=82.41 test_acc=80.60
epoch=19/300 lr=0.10000 train_acc=82.94 test_acc=76.48
epoch=20/300 lr=0.10000 train_acc=83.01 test_acc=68.93
epoch=21/300 lr=0.10000 train_acc=83.01 test_acc=77.96
epoch=22/300 lr=0.10000 train_acc=83.44 test_acc=76.58
epoch=23/300 lr=0.10000 train_acc=83.63 test_acc=78.32
epoch=24/300 lr=0.10000 train_acc=83.50 test_acc=78.04
epoch=25/300 lr=0.10000 train_acc=83.69 test_acc=75.98
epoch=26/300 lr=0.10000 train_acc=83.85 test_acc=74.97
epoch=27/300 lr=0.10000 train_acc=83.65 test_acc=69.97
epoch=28/300 lr=0.10000 train_acc=83.96 test_acc=82.24
epoch=29/300 lr=0.10000 train_acc=84.11 test_acc=80.53
epoch=30/300 lr=0.10000 train_acc=83.89 test_acc=78.10
epoch=31/300 lr=0.10000 train_acc=83.92 test_acc=68.96
epoch=32/300 lr=0.10000 train_acc=84.34 test_acc=78.17
epoch=33/300 lr=0.10000 train_acc=84.34 test_acc=78.56
epoch=34/300 lr=0.10000 train_acc=84.27 test_acc=75.05
epoch=35/300 lr=0.10000 train_acc=84.41 test_acc=80.89
epoch=36/300 lr=0.10000 train_acc=84.19 test_acc=76.92
epoch=37/300 lr=0.10000 train_acc=84.44 test_acc=77.95
epoch=38/300 lr=0.10000 train_acc=84.57 test_acc=73.81
epoch=39/300 lr=0.10000 train_acc=84.47 test_acc=74.61
epoch=40/300 lr=0.10000 train_acc=84.65 test_acc=80.48
epoch=41/300 lr=0.10000 train_acc=84.76 test_acc=79.25
epoch=42/300 lr=0.10000 train_acc=84.78 test_acc=75.91
epoch=43/300 lr=0.10000 train_acc=84.78 test_acc=76.88
epoch=44/300 lr=0.10000 train_acc=84.60 test_acc=82.18
epoch=45/300 lr=0.10000 train_acc=84.99 test_acc=82.86
epoch=46/300 lr=0.10000 train_acc=84.70 test_acc=72.89
epoch=47/300 lr=0.10000 train_acc=85.00 test_acc=76.59
epoch=48/300 lr=0.10000 train_acc=84.94 test_acc=77.78
epoch=49/300 lr=0.10000 train_acc=84.91 test_acc=76.81
epoch=50/300 lr=0.10000 train_acc=85.05 test_acc=79.56
epoch=51/300 lr=0.10000 train_acc=84.91 test_acc=72.66
epoch=52/300 lr=0.10000 train_acc=85.06 test_acc=78.94
epoch=53/300 lr=0.10000 train_acc=85.07 test_acc=78.15
epoch=54/300 lr=0.10000 train_acc=84.98 test_acc=82.86
epoch=55/300 lr=0.10000 train_acc=84.98 test_acc=69.47
epoch=56/300 lr=0.10000 train_acc=85.14 test_acc=80.98
epoch=57/300 lr=0.10000 train_acc=85.14 test_acc=84.02
epoch=58/300 lr=0.10000 train_acc=85.09 test_acc=77.43
epoch=59/300 lr=0.10000 train_acc=85.14 test_acc=77.65
epoch=60/300 lr=0.10000 train_acc=85.21 test_acc=80.80
epoch=61/300 lr=0.10000 train_acc=85.24 test_acc=73.42
epoch=62/300 lr=0.10000 train_acc=85.17 test_acc=79.68
epoch=63/300 lr=0.10000 train_acc=85.09 test_acc=77.71
epoch=64/300 lr=0.10000 train_acc=85.26 test_acc=81.78
epoch=65/300 lr=0.10000 train_acc=85.24 test_acc=79.58
epoch=66/300 lr=0.10000 train_acc=85.40 test_acc=82.48
epoch=67/300 lr=0.10000 train_acc=85.35 test_acc=74.77
epoch=68/300 lr=0.10000 train_acc=85.25 test_acc=80.57
epoch=69/300 lr=0.10000 train_acc=85.24 test_acc=79.97
epoch=70/300 lr=0.10000 train_acc=85.45 test_acc=82.50
epoch=71/300 lr=0.10000 train_acc=85.40 test_acc=82.42
epoch=72/300 lr=0.10000 train_acc=85.31 test_acc=81.47
epoch=73/300 lr=0.10000 train_acc=85.37 test_acc=80.97
epoch=74/300 lr=0.10000 train_acc=85.58 test_acc=80.86
epoch=75/300 lr=0.10000 train_acc=85.43 test_acc=74.47
epoch=76/300 lr=0.10000 train_acc=85.16 test_acc=82.91
epoch=77/300 lr=0.10000 train_acc=85.50 test_acc=79.18
epoch=78/300 lr=0.10000 train_acc=85.40 test_acc=80.95
epoch=79/300 lr=0.10000 train_acc=85.67 test_acc=83.35
epoch=80/300 lr=0.10000 train_acc=85.59 test_acc=75.84
epoch=81/300 lr=0.10000 train_acc=85.46 test_acc=79.79
epoch=82/300 lr=0.10000 train_acc=85.43 test_acc=82.29
epoch=83/300 lr=0.10000 train_acc=85.45 test_acc=80.22
epoch=84/300 lr=0.10000 train_acc=85.66 test_acc=77.56
epoch=85/300 lr=0.10000 train_acc=85.52 test_acc=78.39
epoch=86/300 lr=0.10000 train_acc=85.65 test_acc=77.58
epoch=87/300 lr=0.10000 train_acc=85.59 test_acc=78.01
epoch=88/300 lr=0.10000 train_acc=85.77 test_acc=79.25
epoch=89/300 lr=0.10000 train_acc=85.78 test_acc=79.21
epoch=90/300 lr=0.10000 train_acc=85.51 test_acc=79.94
epoch=91/300 lr=0.10000 train_acc=85.71 test_acc=82.19
epoch=92/300 lr=0.10000 train_acc=85.92 test_acc=78.18
epoch=93/300 lr=0.10000 train_acc=85.70 test_acc=78.47
epoch=94/300 lr=0.10000 train_acc=85.80 test_acc=80.78
epoch=95/300 lr=0.10000 train_acc=85.63 test_acc=80.35
epoch=96/300 lr=0.10000 train_acc=85.55 test_acc=82.93
epoch=97/300 lr=0.10000 train_acc=85.72 test_acc=76.05
epoch=98/300 lr=0.10000 train_acc=85.78 test_acc=74.67
epoch=99/300 lr=0.10000 train_acc=85.66 test_acc=77.86
epoch=100/300 lr=0.10000 train_acc=85.80 test_acc=79.31
epoch=101/300 lr=0.10000 train_acc=85.48 test_acc=72.78
epoch=102/300 lr=0.10000 train_acc=85.72 test_acc=77.63
epoch=103/300 lr=0.10000 train_acc=85.67 test_acc=78.05
epoch=104/300 lr=0.10000 train_acc=85.88 test_acc=81.41
epoch=105/300 lr=0.10000 train_acc=85.66 test_acc=81.59
epoch=106/300 lr=0.10000 train_acc=85.55 test_acc=78.97
epoch=107/300 lr=0.10000 train_acc=85.74 test_acc=79.08
epoch=108/300 lr=0.10000 train_acc=85.67 test_acc=79.91
epoch=109/300 lr=0.10000 train_acc=85.58 test_acc=82.81
epoch=110/300 lr=0.10000 train_acc=85.64 test_acc=79.18
epoch=111/300 lr=0.10000 train_acc=85.70 test_acc=75.48
epoch=112/300 lr=0.10000 train_acc=85.78 test_acc=82.03
epoch=113/300 lr=0.10000 train_acc=85.76 test_acc=75.36
epoch=114/300 lr=0.10000 train_acc=85.76 test_acc=82.78
epoch=115/300 lr=0.10000 train_acc=85.86 test_acc=77.08
epoch=116/300 lr=0.10000 train_acc=85.86 test_acc=78.38
epoch=117/300 lr=0.10000 train_acc=85.77 test_acc=81.80
epoch=118/300 lr=0.10000 train_acc=85.73 test_acc=80.90
epoch=119/300 lr=0.10000 train_acc=86.04 test_acc=82.99
epoch=120/300 lr=0.10000 train_acc=85.85 test_acc=80.67
epoch=121/300 lr=0.10000 train_acc=85.72 test_acc=79.13
epoch=122/300 lr=0.10000 train_acc=85.80 test_acc=78.64
epoch=123/300 lr=0.10000 train_acc=86.13 test_acc=81.46
epoch=124/300 lr=0.10000 train_acc=86.02 test_acc=78.83
epoch=125/300 lr=0.10000 train_acc=85.84 test_acc=82.37
epoch=126/300 lr=0.10000 train_acc=85.97 test_acc=78.40
epoch=127/300 lr=0.10000 train_acc=85.86 test_acc=80.50
epoch=128/300 lr=0.10000 train_acc=85.67 test_acc=77.68
epoch=129/300 lr=0.10000 train_acc=86.02 test_acc=76.17
epoch=130/300 lr=0.10000 train_acc=85.79 test_acc=81.49
epoch=131/300 lr=0.10000 train_acc=86.07 test_acc=77.67
epoch=132/300 lr=0.10000 train_acc=85.95 test_acc=78.85
epoch=133/300 lr=0.10000 train_acc=86.07 test_acc=76.02
epoch=134/300 lr=0.10000 train_acc=86.00 test_acc=76.56
epoch=135/300 lr=0.10000 train_acc=85.95 test_acc=81.45
epoch=136/300 lr=0.10000 train_acc=85.81 test_acc=75.72
epoch=137/300 lr=0.10000 train_acc=85.73 test_acc=81.48
epoch=138/300 lr=0.10000 train_acc=86.00 test_acc=81.16
epoch=139/300 lr=0.10000 train_acc=85.73 test_acc=80.83
epoch=140/300 lr=0.10000 train_acc=86.11 test_acc=82.50
epoch=141/300 lr=0.10000 train_acc=85.92 test_acc=79.69
epoch=142/300 lr=0.10000 train_acc=86.17 test_acc=77.80
epoch=143/300 lr=0.10000 train_acc=85.97 test_acc=80.12
epoch=144/300 lr=0.10000 train_acc=86.12 test_acc=80.93
epoch=145/300 lr=0.10000 train_acc=85.75 test_acc=80.25
epoch=146/300 lr=0.10000 train_acc=85.98 test_acc=77.62
epoch=147/300 lr=0.10000 train_acc=85.92 test_acc=82.56
epoch=148/300 lr=0.10000 train_acc=86.19 test_acc=81.11
epoch=149/300 lr=0.10000 train_acc=85.92 test_acc=78.28
epoch=150/300 lr=0.10000 train_acc=85.98 test_acc=79.30
epoch=151/300 lr=0.01000 train_acc=91.20 test_acc=90.27
epoch=152/300 lr=0.01000 train_acc=92.67 test_acc=90.86
epoch=153/300 lr=0.01000 train_acc=93.25 test_acc=90.70
epoch=154/300 lr=0.01000 train_acc=93.74 test_acc=91.13
epoch=155/300 lr=0.01000 train_acc=94.06 test_acc=91.09
epoch=156/300 lr=0.01000 train_acc=94.28 test_acc=90.89
epoch=157/300 lr=0.01000 train_acc=94.41 test_acc=91.10
epoch=158/300 lr=0.01000 train_acc=94.71 test_acc=91.23
epoch=159/300 lr=0.01000 train_acc=94.70 test_acc=91.07
epoch=160/300 lr=0.01000 train_acc=95.14 test_acc=91.20
epoch=161/300 lr=0.01000 train_acc=95.24 test_acc=91.30
epoch=162/300 lr=0.01000 train_acc=95.15 test_acc=90.99
epoch=163/300 lr=0.01000 train_acc=95.23 test_acc=91.58
epoch=164/300 lr=0.01000 train_acc=95.27 test_acc=91.64
epoch=165/300 lr=0.01000 train_acc=95.44 test_acc=90.96
epoch=166/300 lr=0.01000 train_acc=95.68 test_acc=90.91
epoch=167/300 lr=0.01000 train_acc=95.52 test_acc=90.99
epoch=168/300 lr=0.01000 train_acc=95.61 test_acc=90.79
epoch=169/300 lr=0.01000 train_acc=95.64 test_acc=90.72
epoch=170/300 lr=0.01000 train_acc=95.61 test_acc=90.77
epoch=171/300 lr=0.01000 train_acc=95.78 test_acc=90.28
epoch=172/300 lr=0.01000 train_acc=95.55 test_acc=90.02
epoch=173/300 lr=0.01000 train_acc=95.70 test_acc=90.42
epoch=174/300 lr=0.01000 train_acc=95.92 test_acc=90.92
epoch=175/300 lr=0.01000 train_acc=95.96 test_acc=90.89
epoch=176/300 lr=0.01000 train_acc=95.73 test_acc=90.87
epoch=177/300 lr=0.01000 train_acc=95.78 test_acc=90.99
epoch=178/300 lr=0.01000 train_acc=95.69 test_acc=90.22
epoch=179/300 lr=0.01000 train_acc=95.60 test_acc=90.21
epoch=180/300 lr=0.01000 train_acc=95.82 test_acc=89.98
epoch=181/300 lr=0.01000 train_acc=95.65 test_acc=90.10
epoch=182/300 lr=0.01000 train_acc=95.47 test_acc=89.90
epoch=183/300 lr=0.01000 train_acc=95.78 test_acc=90.25
epoch=184/300 lr=0.01000 train_acc=95.65 test_acc=90.19
epoch=185/300 lr=0.01000 train_acc=95.72 test_acc=91.01
epoch=186/300 lr=0.01000 train_acc=95.64 test_acc=88.79
epoch=187/300 lr=0.01000 train_acc=95.52 test_acc=89.65
epoch=188/300 lr=0.01000 train_acc=95.60 test_acc=90.05
epoch=189/300 lr=0.01000 train_acc=95.58 test_acc=90.54
epoch=190/300 lr=0.01000 train_acc=95.51 test_acc=90.32
epoch=191/300 lr=0.01000 train_acc=95.47 test_acc=89.91
epoch=192/300 lr=0.01000 train_acc=95.63 test_acc=90.29
epoch=193/300 lr=0.01000 train_acc=95.70 test_acc=90.29
epoch=194/300 lr=0.01000 train_acc=95.75 test_acc=89.31
epoch=195/300 lr=0.01000 train_acc=95.69 test_acc=90.34
epoch=196/300 lr=0.01000 train_acc=95.38 test_acc=89.29
epoch=197/300 lr=0.01000 train_acc=95.78 test_acc=90.22
epoch=198/300 lr=0.01000 train_acc=95.66 test_acc=89.16
epoch=199/300 lr=0.01000 train_acc=95.68 test_acc=89.58
epoch=200/300 lr=0.01000 train_acc=95.65 test_acc=90.15
epoch=201/300 lr=0.01000 train_acc=95.63 test_acc=88.82
epoch=202/300 lr=0.01000 train_acc=95.68 test_acc=89.64
epoch=203/300 lr=0.01000 train_acc=95.77 test_acc=90.15
epoch=204/300 lr=0.01000 train_acc=95.66 test_acc=90.53
epoch=205/300 lr=0.01000 train_acc=95.55 test_acc=89.56
epoch=206/300 lr=0.01000 train_acc=95.67 test_acc=89.05
epoch=207/300 lr=0.01000 train_acc=95.78 test_acc=89.30
epoch=208/300 lr=0.01000 train_acc=95.48 test_acc=89.44
epoch=209/300 lr=0.01000 train_acc=95.74 test_acc=89.37
epoch=210/300 lr=0.01000 train_acc=95.92 test_acc=90.04
epoch=211/300 lr=0.01000 train_acc=95.48 test_acc=90.11
epoch=212/300 lr=0.01000 train_acc=95.73 test_acc=90.21
epoch=213/300 lr=0.01000 train_acc=95.84 test_acc=89.31
epoch=214/300 lr=0.01000 train_acc=95.75 test_acc=89.49
epoch=215/300 lr=0.01000 train_acc=95.89 test_acc=88.99
epoch=216/300 lr=0.01000 train_acc=96.09 test_acc=89.23
epoch=217/300 lr=0.01000 train_acc=95.56 test_acc=89.54
epoch=218/300 lr=0.01000 train_acc=95.73 test_acc=89.92
epoch=219/300 lr=0.01000 train_acc=95.96 test_acc=89.80
epoch=220/300 lr=0.01000 train_acc=95.61 test_acc=90.54
epoch=221/300 lr=0.01000 train_acc=95.82 test_acc=89.74
epoch=222/300 lr=0.01000 train_acc=95.80 test_acc=88.64
epoch=223/300 lr=0.01000 train_acc=95.82 test_acc=89.74
epoch=224/300 lr=0.01000 train_acc=95.79 test_acc=89.31
epoch=225/300 lr=0.01000 train_acc=95.68 test_acc=89.92
epoch=226/300 lr=0.00100 train_acc=97.57 test_acc=92.14
epoch=227/300 lr=0.00100 train_acc=98.20 test_acc=92.25
epoch=228/300 lr=0.00100 train_acc=98.44 test_acc=92.39
epoch=229/300 lr=0.00100 train_acc=98.60 test_acc=92.53
epoch=230/300 lr=0.00100 train_acc=98.66 test_acc=92.20
epoch=231/300 lr=0.00100 train_acc=98.80 test_acc=92.55
epoch=232/300 lr=0.00100 train_acc=98.89 test_acc=92.34
epoch=233/300 lr=0.00100 train_acc=98.82 test_acc=92.41
epoch=234/300 lr=0.00100 train_acc=99.00 test_acc=92.57
epoch=235/300 lr=0.00100 train_acc=99.01 test_acc=92.51
epoch=236/300 lr=0.00100 train_acc=98.97 test_acc=92.53
epoch=237/300 lr=0.00100 train_acc=99.14 test_acc=92.49
epoch=238/300 lr=0.00100 train_acc=99.05 test_acc=92.60
epoch=239/300 lr=0.00100 train_acc=99.21 test_acc=92.43
epoch=240/300 lr=0.00100 train_acc=99.19 test_acc=92.55
epoch=241/300 lr=0.00100 train_acc=99.24 test_acc=92.54
epoch=242/300 lr=0.00100 train_acc=99.24 test_acc=92.52
epoch=243/300 lr=0.00100 train_acc=99.31 test_acc=92.62
epoch=244/300 lr=0.00100 train_acc=99.28 test_acc=92.70
epoch=245/300 lr=0.00100 train_acc=99.31 test_acc=92.71
epoch=246/300 lr=0.00100 train_acc=99.29 test_acc=92.61
epoch=247/300 lr=0.00100 train_acc=99.36 test_acc=92.59
epoch=248/300 lr=0.00100 train_acc=99.37 test_acc=92.55
epoch=249/300 lr=0.00100 train_acc=99.41 test_acc=92.70
epoch=250/300 lr=0.00100 train_acc=99.34 test_acc=92.67
epoch=251/300 lr=0.00100 train_acc=99.37 test_acc=92.54
epoch=252/300 lr=0.00100 train_acc=99.40 test_acc=92.62
epoch=253/300 lr=0.00100 train_acc=99.36 test_acc=92.65
epoch=254/300 lr=0.00100 train_acc=99.46 test_acc=92.55
epoch=255/300 lr=0.00100 train_acc=99.50 test_acc=92.80
epoch=256/300 lr=0.00100 train_acc=99.46 test_acc=92.86
epoch=257/300 lr=0.00100 train_acc=99.46 test_acc=92.83
epoch=258/300 lr=0.00100 train_acc=99.46 test_acc=92.55
epoch=259/300 lr=0.00100 train_acc=99.46 test_acc=92.62
epoch=260/300 lr=0.00100 train_acc=99.46 test_acc=92.64
epoch=261/300 lr=0.00100 train_acc=99.45 test_acc=92.73
epoch=262/300 lr=0.00100 train_acc=99.51 test_acc=92.76
epoch=263/300 lr=0.00100 train_acc=99.46 test_acc=92.58
epoch=264/300 lr=0.00100 train_acc=99.54 test_acc=92.65
epoch=265/300 lr=0.00100 train_acc=99.56 test_acc=92.75
epoch=266/300 lr=0.00100 train_acc=99.57 test_acc=92.72
epoch=267/300 lr=0.00100 train_acc=99.56 test_acc=92.65
epoch=268/300 lr=0.00100 train_acc=99.52 test_acc=92.77
epoch=269/300 lr=0.00100 train_acc=99.60 test_acc=92.64
epoch=270/300 lr=0.00100 train_acc=99.55 test_acc=92.53
epoch=271/300 lr=0.00100 train_acc=99.60 test_acc=92.70
epoch=272/300 lr=0.00100 train_acc=99.55 test_acc=92.66
epoch=273/300 lr=0.00100 train_acc=99.62 test_acc=92.77
epoch=274/300 lr=0.00100 train_acc=99.63 test_acc=92.56
epoch=275/300 lr=0.00100 train_acc=99.58 test_acc=92.61
epoch=276/300 lr=0.00100 train_acc=99.63 test_acc=92.64
epoch=277/300 lr=0.00100 train_acc=99.59 test_acc=92.66
epoch=278/300 lr=0.00100 train_acc=99.65 test_acc=92.70
epoch=279/300 lr=0.00100 train_acc=99.58 test_acc=92.68
epoch=280/300 lr=0.00100 train_acc=99.61 test_acc=92.74
epoch=281/300 lr=0.00100 train_acc=99.60 test_acc=92.61
epoch=282/300 lr=0.00100 train_acc=99.65 test_acc=92.68
epoch=283/300 lr=0.00100 train_acc=99.65 test_acc=92.74
epoch=284/300 lr=0.00100 train_acc=99.60 test_acc=92.64
epoch=285/300 lr=0.00100 train_acc=99.67 test_acc=92.81
epoch=286/300 lr=0.00100 train_acc=99.64 test_acc=92.73
epoch=287/300 lr=0.00100 train_acc=99.65 test_acc=92.68
epoch=288/300 lr=0.00100 train_acc=99.67 test_acc=92.64
epoch=289/300 lr=0.00100 train_acc=99.64 test_acc=92.66
epoch=290/300 lr=0.00100 train_acc=99.67 test_acc=92.68
epoch=291/300 lr=0.00100 train_acc=99.66 test_acc=92.70
epoch=292/300 lr=0.00100 train_acc=99.66 test_acc=92.49
epoch=293/300 lr=0.00100 train_acc=99.72 test_acc=92.66
epoch=294/300 lr=0.00100 train_acc=99.69 test_acc=92.63
epoch=295/300 lr=0.00100 train_acc=99.64 test_acc=92.66
epoch=296/300 lr=0.00100 train_acc=99.69 test_acc=92.67
epoch=297/300 lr=0.00100 train_acc=99.69 test_acc=92.74
epoch=298/300 lr=0.00100 train_acc=99.71 test_acc=92.65
epoch=299/300 lr=0.00100 train_acc=99.68 test_acc=92.78
epoch=300/300 lr=0.00100 train_acc=99.62 test_acc=92.65
{
  "best_accuracy": 92.86,
  "best_error_rate": 7.140000000000001,
  "final_accuracy": 92.65,
  "final_error_rate": 7.349999999999994,
  "elapsed_seconds": 1929.7093234062195,
  "is_paper_result": false,
  "note": "New reproduction result; compare against paper target separately."
}
start experiment=cifar10_resnet20_baseline seed=1004
epoch=1/300 lr=0.10000 train_acc=38.81 test_acc=50.29
epoch=2/300 lr=0.10000 train_acc=60.72 test_acc=55.77
epoch=3/300 lr=0.10000 train_acc=69.56 test_acc=64.34
epoch=4/300 lr=0.10000 train_acc=74.06 test_acc=57.16
epoch=5/300 lr=0.10000 train_acc=76.41 test_acc=67.52
epoch=6/300 lr=0.10000 train_acc=77.95 test_acc=73.92
epoch=7/300 lr=0.10000 train_acc=78.96 test_acc=74.13
epoch=8/300 lr=0.10000 train_acc=79.46 test_acc=73.68
epoch=9/300 lr=0.10000 train_acc=80.43 test_acc=71.39
epoch=10/300 lr=0.10000 train_acc=80.84 test_acc=74.79
epoch=11/300 lr=0.10000 train_acc=81.15 test_acc=71.71
epoch=12/300 lr=0.10000 train_acc=81.58 test_acc=73.83
epoch=13/300 lr=0.10000 train_acc=82.05 test_acc=72.84
epoch=14/300 lr=0.10000 train_acc=82.22 test_acc=75.01
epoch=15/300 lr=0.10000 train_acc=82.54 test_acc=75.34
epoch=16/300 lr=0.10000 train_acc=82.82 test_acc=77.76
epoch=17/300 lr=0.10000 train_acc=82.89 test_acc=78.12
epoch=18/300 lr=0.10000 train_acc=82.83 test_acc=74.89
epoch=19/300 lr=0.10000 train_acc=83.30 test_acc=77.92
epoch=20/300 lr=0.10000 train_acc=83.33 test_acc=78.65
epoch=21/300 lr=0.10000 train_acc=83.39 test_acc=77.11
epoch=22/300 lr=0.10000 train_acc=83.74 test_acc=80.55
epoch=23/300 lr=0.10000 train_acc=83.72 test_acc=75.10
epoch=24/300 lr=0.10000 train_acc=83.55 test_acc=70.92
epoch=25/300 lr=0.10000 train_acc=83.95 test_acc=77.34
epoch=26/300 lr=0.10000 train_acc=84.17 test_acc=81.75
epoch=27/300 lr=0.10000 train_acc=83.93 test_acc=80.14
epoch=28/300 lr=0.10000 train_acc=84.24 test_acc=81.70
epoch=29/300 lr=0.10000 train_acc=84.40 test_acc=78.09
epoch=30/300 lr=0.10000 train_acc=84.31 test_acc=76.76
epoch=31/300 lr=0.10000 train_acc=84.33 test_acc=81.68
epoch=32/300 lr=0.10000 train_acc=84.46 test_acc=78.09
epoch=33/300 lr=0.10000 train_acc=84.56 test_acc=75.00
epoch=34/300 lr=0.10000 train_acc=84.51 test_acc=76.31
epoch=35/300 lr=0.10000 train_acc=84.43 test_acc=74.48
epoch=36/300 lr=0.10000 train_acc=84.56 test_acc=78.83
epoch=37/300 lr=0.10000 train_acc=84.62 test_acc=80.38
epoch=38/300 lr=0.10000 train_acc=84.83 test_acc=77.54
epoch=39/300 lr=0.10000 train_acc=84.88 test_acc=78.63
epoch=40/300 lr=0.10000 train_acc=85.00 test_acc=77.19
epoch=41/300 lr=0.10000 train_acc=84.79 test_acc=77.31
epoch=42/300 lr=0.10000 train_acc=85.06 test_acc=79.60
epoch=43/300 lr=0.10000 train_acc=84.80 test_acc=79.10
epoch=44/300 lr=0.10000 train_acc=84.96 test_acc=80.57
epoch=45/300 lr=0.10000 train_acc=85.01 test_acc=78.38
epoch=46/300 lr=0.10000 train_acc=84.91 test_acc=77.06
epoch=47/300 lr=0.10000 train_acc=85.39 test_acc=79.90
epoch=48/300 lr=0.10000 train_acc=84.91 test_acc=79.97
epoch=49/300 lr=0.10000 train_acc=85.07 test_acc=75.23
epoch=50/300 lr=0.10000 train_acc=85.20 test_acc=79.40
epoch=51/300 lr=0.10000 train_acc=85.24 test_acc=83.40
epoch=52/300 lr=0.10000 train_acc=85.23 test_acc=81.99
epoch=53/300 lr=0.10000 train_acc=85.21 test_acc=77.79
epoch=54/300 lr=0.10000 train_acc=84.93 test_acc=77.88
epoch=55/300 lr=0.10000 train_acc=85.12 test_acc=76.61
epoch=56/300 lr=0.10000 train_acc=85.28 test_acc=80.77
epoch=57/300 lr=0.10000 train_acc=85.26 test_acc=81.26
epoch=58/300 lr=0.10000 train_acc=85.60 test_acc=82.40
epoch=59/300 lr=0.10000 train_acc=85.19 test_acc=77.27
epoch=60/300 lr=0.10000 train_acc=85.58 test_acc=81.32
epoch=61/300 lr=0.10000 train_acc=85.35 test_acc=75.65
epoch=62/300 lr=0.10000 train_acc=85.27 test_acc=81.84
epoch=63/300 lr=0.10000 train_acc=85.17 test_acc=80.03
epoch=64/300 lr=0.10000 train_acc=85.58 test_acc=81.48
epoch=65/300 lr=0.10000 train_acc=85.62 test_acc=76.78
epoch=66/300 lr=0.10000 train_acc=85.20 test_acc=78.90
epoch=67/300 lr=0.10000 train_acc=85.48 test_acc=75.83
epoch=68/300 lr=0.10000 train_acc=85.51 test_acc=75.55
epoch=69/300 lr=0.10000 train_acc=85.31 test_acc=79.73
epoch=70/300 lr=0.10000 train_acc=85.23 test_acc=84.00
epoch=71/300 lr=0.10000 train_acc=85.69 test_acc=77.24
epoch=72/300 lr=0.10000 train_acc=85.40 test_acc=81.39
epoch=73/300 lr=0.10000 train_acc=85.29 test_acc=81.66
epoch=74/300 lr=0.10000 train_acc=85.68 test_acc=81.81
epoch=75/300 lr=0.10000 train_acc=85.50 test_acc=77.64
epoch=76/300 lr=0.10000 train_acc=85.64 test_acc=81.86
epoch=77/300 lr=0.10000 train_acc=85.51 test_acc=81.04
epoch=78/300 lr=0.10000 train_acc=86.04 test_acc=82.39
epoch=79/300 lr=0.10000 train_acc=85.42 test_acc=80.00
epoch=80/300 lr=0.10000 train_acc=85.96 test_acc=81.26
epoch=81/300 lr=0.10000 train_acc=85.68 test_acc=79.81
epoch=82/300 lr=0.10000 train_acc=85.71 test_acc=77.93
epoch=83/300 lr=0.10000 train_acc=85.56 test_acc=78.37
epoch=84/300 lr=0.10000 train_acc=85.56 test_acc=81.08
epoch=85/300 lr=0.10000 train_acc=85.79 test_acc=82.98
epoch=86/300 lr=0.10000 train_acc=85.71 test_acc=76.52
epoch=87/300 lr=0.10000 train_acc=85.75 test_acc=80.98
epoch=88/300 lr=0.10000 train_acc=85.66 test_acc=78.55
epoch=89/300 lr=0.10000 train_acc=85.67 test_acc=76.30
epoch=90/300 lr=0.10000 train_acc=85.96 test_acc=79.43
epoch=91/300 lr=0.10000 train_acc=85.71 test_acc=81.02
epoch=92/300 lr=0.10000 train_acc=85.48 test_acc=82.28
epoch=93/300 lr=0.10000 train_acc=85.75 test_acc=78.59
epoch=94/300 lr=0.10000 train_acc=85.59 test_acc=80.90
epoch=95/300 lr=0.10000 train_acc=85.86 test_acc=80.19
epoch=96/300 lr=0.10000 train_acc=85.82 test_acc=81.68
epoch=97/300 lr=0.10000 train_acc=85.73 test_acc=83.73
epoch=98/300 lr=0.10000 train_acc=85.85 test_acc=79.38
epoch=99/300 lr=0.10000 train_acc=85.64 test_acc=80.50
epoch=100/300 lr=0.10000 train_acc=85.84 test_acc=72.81
epoch=101/300 lr=0.10000 train_acc=85.79 test_acc=80.95
epoch=102/300 lr=0.10000 train_acc=85.88 test_acc=83.27
epoch=103/300 lr=0.10000 train_acc=85.74 test_acc=79.32
epoch=104/300 lr=0.10000 train_acc=85.57 test_acc=78.19
epoch=105/300 lr=0.10000 train_acc=85.79 test_acc=81.66
epoch=106/300 lr=0.10000 train_acc=85.73 test_acc=81.51
epoch=107/300 lr=0.10000 train_acc=85.81 test_acc=81.11
epoch=108/300 lr=0.10000 train_acc=85.88 test_acc=82.02
epoch=109/300 lr=0.10000 train_acc=85.81 test_acc=80.53
epoch=110/300 lr=0.10000 train_acc=85.91 test_acc=82.92
epoch=111/300 lr=0.10000 train_acc=85.91 test_acc=80.00
epoch=112/300 lr=0.10000 train_acc=86.08 test_acc=79.16
epoch=113/300 lr=0.10000 train_acc=86.16 test_acc=76.04
epoch=114/300 lr=0.10000 train_acc=86.19 test_acc=76.85
epoch=115/300 lr=0.10000 train_acc=85.87 test_acc=75.12
epoch=116/300 lr=0.10000 train_acc=85.70 test_acc=81.09
epoch=117/300 lr=0.10000 train_acc=86.23 test_acc=77.14
epoch=118/300 lr=0.10000 train_acc=85.91 test_acc=80.12
epoch=119/300 lr=0.10000 train_acc=86.07 test_acc=80.42
epoch=120/300 lr=0.10000 train_acc=85.92 test_acc=80.66
epoch=121/300 lr=0.10000 train_acc=85.77 test_acc=82.95
epoch=122/300 lr=0.10000 train_acc=85.76 test_acc=79.84
epoch=123/300 lr=0.10000 train_acc=85.83 test_acc=82.04
epoch=124/300 lr=0.10000 train_acc=86.00 test_acc=77.36
epoch=125/300 lr=0.10000 train_acc=85.95 test_acc=80.79
epoch=126/300 lr=0.10000 train_acc=85.79 test_acc=73.16
epoch=127/300 lr=0.10000 train_acc=85.55 test_acc=79.55
epoch=128/300 lr=0.10000 train_acc=86.10 test_acc=81.02
epoch=129/300 lr=0.10000 train_acc=86.02 test_acc=81.17
epoch=130/300 lr=0.10000 train_acc=85.94 test_acc=79.25
epoch=131/300 lr=0.10000 train_acc=86.04 test_acc=80.57
epoch=132/300 lr=0.10000 train_acc=86.11 test_acc=80.81
epoch=133/300 lr=0.10000 train_acc=85.94 test_acc=79.23
epoch=134/300 lr=0.10000 train_acc=86.02 test_acc=82.08
epoch=135/300 lr=0.10000 train_acc=86.22 test_acc=79.73
epoch=136/300 lr=0.10000 train_acc=86.19 test_acc=79.14
epoch=137/300 lr=0.10000 train_acc=86.11 test_acc=70.89
epoch=138/300 lr=0.10000 train_acc=85.90 test_acc=79.12
epoch=139/300 lr=0.10000 train_acc=85.88 test_acc=77.98
epoch=140/300 lr=0.10000 train_acc=86.25 test_acc=80.09
epoch=141/300 lr=0.10000 train_acc=86.22 test_acc=82.29
epoch=142/300 lr=0.10000 train_acc=85.88 test_acc=76.80
epoch=143/300 lr=0.10000 train_acc=86.14 test_acc=82.83
epoch=144/300 lr=0.10000 train_acc=86.22 test_acc=80.65
epoch=145/300 lr=0.10000 train_acc=86.10 test_acc=81.98
epoch=146/300 lr=0.10000 train_acc=85.92 test_acc=80.22
epoch=147/300 lr=0.10000 train_acc=86.10 test_acc=79.93
epoch=148/300 lr=0.10000 train_acc=86.21 test_acc=77.43
epoch=149/300 lr=0.10000 train_acc=85.72 test_acc=79.70
epoch=150/300 lr=0.10000 train_acc=86.23 test_acc=81.34
epoch=151/300 lr=0.01000 train_acc=91.21 test_acc=90.41
epoch=152/300 lr=0.01000 train_acc=92.74 test_acc=90.82
epoch=153/300 lr=0.01000 train_acc=93.37 test_acc=91.08
epoch=154/300 lr=0.01000 train_acc=93.86 test_acc=91.62
epoch=155/300 lr=0.01000 train_acc=94.21 test_acc=91.40
epoch=156/300 lr=0.01000 train_acc=94.23 test_acc=91.52
epoch=157/300 lr=0.01000 train_acc=94.57 test_acc=91.76
epoch=158/300 lr=0.01000 train_acc=94.67 test_acc=91.12
epoch=159/300 lr=0.01000 train_acc=94.80 test_acc=91.67
epoch=160/300 lr=0.01000 train_acc=95.05 test_acc=91.11
epoch=161/300 lr=0.01000 train_acc=95.14 test_acc=91.55
epoch=162/300 lr=0.01000 train_acc=95.31 test_acc=91.86
epoch=163/300 lr=0.01000 train_acc=95.50 test_acc=91.68
epoch=164/300 lr=0.01000 train_acc=95.59 test_acc=91.48
epoch=165/300 lr=0.01000 train_acc=95.45 test_acc=91.29
epoch=166/300 lr=0.01000 train_acc=95.52 test_acc=91.30
epoch=167/300 lr=0.01000 train_acc=95.57 test_acc=91.22
epoch=168/300 lr=0.01000 train_acc=95.79 test_acc=91.21
epoch=169/300 lr=0.01000 train_acc=95.51 test_acc=90.26
epoch=170/300 lr=0.01000 train_acc=95.71 test_acc=90.98
epoch=171/300 lr=0.01000 train_acc=95.72 test_acc=90.76
epoch=172/300 lr=0.01000 train_acc=95.74 test_acc=90.30
epoch=173/300 lr=0.01000 train_acc=95.83 test_acc=91.04
epoch=174/300 lr=0.01000 train_acc=95.54 test_acc=90.69
epoch=175/300 lr=0.01000 train_acc=95.74 test_acc=90.97
epoch=176/300 lr=0.01000 train_acc=95.74 test_acc=91.07
epoch=177/300 lr=0.01000 train_acc=95.86 test_acc=90.70
epoch=178/300 lr=0.01000 train_acc=95.88 test_acc=91.06
epoch=179/300 lr=0.01000 train_acc=95.75 test_acc=90.80
epoch=180/300 lr=0.01000 train_acc=95.78 test_acc=90.37
epoch=181/300 lr=0.01000 train_acc=95.70 test_acc=91.13
epoch=182/300 lr=0.01000 train_acc=95.75 test_acc=89.81
epoch=183/300 lr=0.01000 train_acc=95.66 test_acc=90.62
epoch=184/300 lr=0.01000 train_acc=95.78 test_acc=89.72
epoch=185/300 lr=0.01000 train_acc=95.62 test_acc=90.53
epoch=186/300 lr=0.01000 train_acc=95.72 test_acc=90.20
epoch=187/300 lr=0.01000 train_acc=95.84 test_acc=90.07
epoch=188/300 lr=0.01000 train_acc=95.51 test_acc=89.34
epoch=189/300 lr=0.01000 train_acc=95.51 test_acc=90.46
epoch=190/300 lr=0.01000 train_acc=95.71 test_acc=91.20
epoch=191/300 lr=0.01000 train_acc=95.77 test_acc=90.17
epoch=192/300 lr=0.01000 train_acc=95.77 test_acc=90.01
epoch=193/300 lr=0.01000 train_acc=95.40 test_acc=90.39
epoch=194/300 lr=0.01000 train_acc=95.73 test_acc=90.38
epoch=195/300 lr=0.01000 train_acc=95.52 test_acc=90.45
epoch=196/300 lr=0.01000 train_acc=95.51 test_acc=89.77
epoch=197/300 lr=0.01000 train_acc=95.83 test_acc=90.72
epoch=198/300 lr=0.01000 train_acc=95.77 test_acc=89.91
epoch=199/300 lr=0.01000 train_acc=95.71 test_acc=90.58
epoch=200/300 lr=0.01000 train_acc=95.64 test_acc=90.11
epoch=201/300 lr=0.01000 train_acc=95.69 test_acc=88.66
epoch=202/300 lr=0.01000 train_acc=95.58 test_acc=90.24
epoch=203/300 lr=0.01000 train_acc=95.69 test_acc=90.60
epoch=204/300 lr=0.01000 train_acc=95.79 test_acc=90.18
epoch=205/300 lr=0.01000 train_acc=95.69 test_acc=90.44
epoch=206/300 lr=0.01000 train_acc=95.77 test_acc=90.36
epoch=207/300 lr=0.01000 train_acc=95.80 test_acc=90.98
epoch=208/300 lr=0.01000 train_acc=95.72 test_acc=89.91
epoch=209/300 lr=0.01000 train_acc=95.80 test_acc=89.25
epoch=210/300 lr=0.01000 train_acc=95.78 test_acc=88.16
epoch=211/300 lr=0.01000 train_acc=95.69 test_acc=89.68
epoch=212/300 lr=0.01000 train_acc=95.82 test_acc=90.08
epoch=213/300 lr=0.01000 train_acc=95.72 test_acc=90.40
epoch=214/300 lr=0.01000 train_acc=95.66 test_acc=90.21
epoch=215/300 lr=0.01000 train_acc=95.90 test_acc=89.76
epoch=216/300 lr=0.01000 train_acc=95.73 test_acc=90.19
epoch=217/300 lr=0.01000 train_acc=96.03 test_acc=89.83
epoch=218/300 lr=0.01000 train_acc=95.70 test_acc=90.17
epoch=219/300 lr=0.01000 train_acc=95.83 test_acc=89.72
epoch=220/300 lr=0.01000 train_acc=95.76 test_acc=89.86
epoch=221/300 lr=0.01000 train_acc=95.85 test_acc=90.64
epoch=222/300 lr=0.01000 train_acc=95.84 test_acc=89.69
epoch=223/300 lr=0.01000 train_acc=95.81 test_acc=89.90
epoch=224/300 lr=0.01000 train_acc=95.79 test_acc=90.00
epoch=225/300 lr=0.01000 train_acc=95.87 test_acc=90.30
epoch=226/300 lr=0.00100 train_acc=97.62 test_acc=92.56
epoch=227/300 lr=0.00100 train_acc=98.33 test_acc=92.50
epoch=228/300 lr=0.00100 train_acc=98.59 test_acc=92.59
epoch=229/300 lr=0.00100 train_acc=98.64 test_acc=92.57
epoch=230/300 lr=0.00100 train_acc=98.84 test_acc=92.64
epoch=231/300 lr=0.00100 train_acc=98.81 test_acc=92.56
epoch=232/300 lr=0.00100 train_acc=98.89 test_acc=92.60
epoch=233/300 lr=0.00100 train_acc=98.93 test_acc=92.66
epoch=234/300 lr=0.00100 train_acc=98.91 test_acc=92.62
epoch=235/300 lr=0.00100 train_acc=99.10 test_acc=92.64
epoch=236/300 lr=0.00100 train_acc=99.05 test_acc=92.67
epoch=237/300 lr=0.00100 train_acc=99.14 test_acc=92.80
epoch=238/300 lr=0.00100 train_acc=99.17 test_acc=92.84
epoch=239/300 lr=0.00100 train_acc=99.18 test_acc=92.75
epoch=240/300 lr=0.00100 train_acc=99.23 test_acc=92.57
epoch=241/300 lr=0.00100 train_acc=99.26 test_acc=92.63
epoch=242/300 lr=0.00100 train_acc=99.30 test_acc=92.87
epoch=243/300 lr=0.00100 train_acc=99.32 test_acc=92.81
epoch=244/300 lr=0.00100 train_acc=99.32 test_acc=92.85
epoch=245/300 lr=0.00100 train_acc=99.34 test_acc=92.64
epoch=246/300 lr=0.00100 train_acc=99.37 test_acc=92.73
epoch=247/300 lr=0.00100 train_acc=99.37 test_acc=92.69
epoch=248/300 lr=0.00100 train_acc=99.32 test_acc=92.71
epoch=249/300 lr=0.00100 train_acc=99.40 test_acc=92.74
epoch=250/300 lr=0.00100 train_acc=99.35 test_acc=92.67
epoch=251/300 lr=0.00100 train_acc=99.43 test_acc=92.85
epoch=252/300 lr=0.00100 train_acc=99.37 test_acc=92.66
epoch=253/300 lr=0.00100 train_acc=99.40 test_acc=92.82
epoch=254/300 lr=0.00100 train_acc=99.44 test_acc=92.72
epoch=255/300 lr=0.00100 train_acc=99.42 test_acc=92.82
epoch=256/300 lr=0.00100 train_acc=99.45 test_acc=92.91
epoch=257/300 lr=0.00100 train_acc=99.50 test_acc=92.97
epoch=258/300 lr=0.00100 train_acc=99.50 test_acc=92.81
epoch=259/300 lr=0.00100 train_acc=99.51 test_acc=92.75
epoch=260/300 lr=0.00100 train_acc=99.52 test_acc=92.77
epoch=261/300 lr=0.00100 train_acc=99.53 test_acc=92.83
epoch=262/300 lr=0.00100 train_acc=99.53 test_acc=92.87
epoch=263/300 lr=0.00100 train_acc=99.45 test_acc=92.90
epoch=264/300 lr=0.00100 train_acc=99.54 test_acc=92.76
epoch=265/300 lr=0.00100 train_acc=99.56 test_acc=92.84
epoch=266/300 lr=0.00100 train_acc=99.55 test_acc=92.70
epoch=267/300 lr=0.00100 train_acc=99.53 test_acc=92.71
epoch=268/300 lr=0.00100 train_acc=99.55 test_acc=92.70
epoch=269/300 lr=0.00100 train_acc=99.65 test_acc=92.83
epoch=270/300 lr=0.00100 train_acc=99.59 test_acc=92.74
epoch=271/300 lr=0.00100 train_acc=99.55 test_acc=92.82
epoch=272/300 lr=0.00100 train_acc=99.62 test_acc=92.80
epoch=273/300 lr=0.00100 train_acc=99.61 test_acc=92.78
epoch=274/300 lr=0.00100 train_acc=99.58 test_acc=92.93
epoch=275/300 lr=0.00100 train_acc=99.60 test_acc=92.86
epoch=276/300 lr=0.00100 train_acc=99.60 test_acc=92.86
epoch=277/300 lr=0.00100 train_acc=99.61 test_acc=92.85
epoch=278/300 lr=0.00100 train_acc=99.66 test_acc=92.85
epoch=279/300 lr=0.00100 train_acc=99.66 test_acc=92.77
epoch=280/300 lr=0.00100 train_acc=99.59 test_acc=92.77
epoch=281/300 lr=0.00100 train_acc=99.61 test_acc=92.78
epoch=282/300 lr=0.00100 train_acc=99.62 test_acc=92.90
epoch=283/300 lr=0.00100 train_acc=99.67 test_acc=92.95
epoch=284/300 lr=0.00100 train_acc=99.59 test_acc=92.84
epoch=285/300 lr=0.00100 train_acc=99.61 test_acc=92.82
epoch=286/300 lr=0.00100 train_acc=99.65 test_acc=92.79
epoch=287/300 lr=0.00100 train_acc=99.62 test_acc=92.82
epoch=288/300 lr=0.00100 train_acc=99.66 test_acc=92.96
epoch=289/300 lr=0.00100 train_acc=99.64 test_acc=92.68
epoch=290/300 lr=0.00100 train_acc=99.71 test_acc=92.76
epoch=291/300 lr=0.00100 train_acc=99.68 test_acc=92.84
epoch=292/300 lr=0.00100 train_acc=99.65 test_acc=92.83
epoch=293/300 lr=0.00100 train_acc=99.67 test_acc=92.90
epoch=294/300 lr=0.00100 train_acc=99.66 test_acc=92.83
epoch=295/300 lr=0.00100 train_acc=99.70 test_acc=92.70
epoch=296/300 lr=0.00100 train_acc=99.72 test_acc=92.87
epoch=297/300 lr=0.00100 train_acc=99.74 test_acc=92.78
epoch=298/300 lr=0.00100 train_acc=99.69 test_acc=92.85
epoch=299/300 lr=0.00100 train_acc=99.73 test_acc=92.84
epoch=300/300 lr=0.00100 train_acc=99.70 test_acc=92.78
{
  "best_accuracy": 92.97,
  "best_error_rate": 7.030000000000001,
  "final_accuracy": 92.78,
  "final_error_rate": 7.219999999999999,
  "elapsed_seconds": 1927.5209584236145,
  "is_paper_result": false,
  "note": "New reproduction result; compare against paper target separately."
}
start experiment=cifar10_resnet20_baseline seed=1005
epoch=1/300 lr=0.10000 train_acc=39.32 test_acc=49.94
epoch=2/300 lr=0.10000 train_acc=60.46 test_acc=57.02
epoch=3/300 lr=0.10000 train_acc=68.75 test_acc=62.49
epoch=4/300 lr=0.10000 train_acc=73.18 test_acc=73.51
epoch=5/300 lr=0.10000 train_acc=75.87 test_acc=74.04
epoch=6/300 lr=0.10000 train_acc=77.35 test_acc=71.69
epoch=7/300 lr=0.10000 train_acc=78.30 test_acc=60.97
epoch=8/300 lr=0.10000 train_acc=78.92 test_acc=64.57
epoch=9/300 lr=0.10000 train_acc=79.85 test_acc=75.91
epoch=10/300 lr=0.10000 train_acc=80.43 test_acc=78.52
epoch=11/300 lr=0.10000 train_acc=80.90 test_acc=77.52
epoch=12/300 lr=0.10000 train_acc=81.06 test_acc=77.46
epoch=13/300 lr=0.10000 train_acc=81.45 test_acc=69.46
epoch=14/300 lr=0.10000 train_acc=81.75 test_acc=76.15
epoch=15/300 lr=0.10000 train_acc=81.87 test_acc=77.99
epoch=16/300 lr=0.10000 train_acc=82.11 test_acc=75.97
epoch=17/300 lr=0.10000 train_acc=82.42 test_acc=70.04
epoch=18/300 lr=0.10000 train_acc=82.86 test_acc=72.34
epoch=19/300 lr=0.10000 train_acc=82.76 test_acc=79.16
epoch=20/300 lr=0.10000 train_acc=82.86 test_acc=76.16
epoch=21/300 lr=0.10000 train_acc=83.15 test_acc=76.55
epoch=22/300 lr=0.10000 train_acc=83.28 test_acc=79.12
epoch=23/300 lr=0.10000 train_acc=83.17 test_acc=79.20
epoch=24/300 lr=0.10000 train_acc=83.58 test_acc=79.41
epoch=25/300 lr=0.10000 train_acc=83.59 test_acc=74.09
epoch=26/300 lr=0.10000 train_acc=83.53 test_acc=81.50
epoch=27/300 lr=0.10000 train_acc=83.97 test_acc=75.92
epoch=28/300 lr=0.10000 train_acc=83.84 test_acc=78.37
epoch=29/300 lr=0.10000 train_acc=83.97 test_acc=68.67
epoch=30/300 lr=0.10000 train_acc=84.09 test_acc=79.67
epoch=31/300 lr=0.10000 train_acc=83.99 test_acc=77.81
epoch=32/300 lr=0.10000 train_acc=84.13 test_acc=79.51
epoch=33/300 lr=0.10000 train_acc=84.16 test_acc=80.01
epoch=34/300 lr=0.10000 train_acc=84.23 test_acc=78.85
epoch=35/300 lr=0.10000 train_acc=84.28 test_acc=78.43
epoch=36/300 lr=0.10000 train_acc=84.30 test_acc=81.92
epoch=37/300 lr=0.10000 train_acc=84.49 test_acc=81.79
epoch=38/300 lr=0.10000 train_acc=84.71 test_acc=79.86
epoch=39/300 lr=0.10000 train_acc=84.44 test_acc=78.22
epoch=40/300 lr=0.10000 train_acc=84.62 test_acc=79.24
epoch=41/300 lr=0.10000 train_acc=84.73 test_acc=79.45
epoch=42/300 lr=0.10000 train_acc=84.70 test_acc=80.36
epoch=43/300 lr=0.10000 train_acc=84.92 test_acc=80.18
epoch=44/300 lr=0.10000 train_acc=84.62 test_acc=76.38
epoch=45/300 lr=0.10000 train_acc=84.72 test_acc=80.01
epoch=46/300 lr=0.10000 train_acc=84.73 test_acc=77.46
epoch=47/300 lr=0.10000 train_acc=84.87 test_acc=78.24
epoch=48/300 lr=0.10000 train_acc=84.87 test_acc=76.65
epoch=49/300 lr=0.10000 train_acc=85.13 test_acc=75.25
epoch=50/300 lr=0.10000 train_acc=84.82 test_acc=79.80
epoch=51/300 lr=0.10000 train_acc=84.92 test_acc=81.31
epoch=52/300 lr=0.10000 train_acc=84.94 test_acc=76.27
epoch=53/300 lr=0.10000 train_acc=85.23 test_acc=80.91
epoch=54/300 lr=0.10000 train_acc=85.00 test_acc=79.22
epoch=55/300 lr=0.10000 train_acc=85.17 test_acc=79.96
epoch=56/300 lr=0.10000 train_acc=85.04 test_acc=76.87
epoch=57/300 lr=0.10000 train_acc=85.18 test_acc=76.75
epoch=58/300 lr=0.10000 train_acc=84.74 test_acc=78.27
epoch=59/300 lr=0.10000 train_acc=85.11 test_acc=73.85
epoch=60/300 lr=0.10000 train_acc=85.24 test_acc=71.69
epoch=61/300 lr=0.10000 train_acc=85.46 test_acc=76.58
epoch=62/300 lr=0.10000 train_acc=84.90 test_acc=80.39
epoch=63/300 lr=0.10000 train_acc=85.30 test_acc=82.07
epoch=64/300 lr=0.10000 train_acc=85.53 test_acc=79.98
epoch=65/300 lr=0.10000 train_acc=85.16 test_acc=81.27
epoch=66/300 lr=0.10000 train_acc=85.10 test_acc=79.96
epoch=67/300 lr=0.10000 train_acc=85.21 test_acc=78.32
epoch=68/300 lr=0.10000 train_acc=85.37 test_acc=82.70
epoch=69/300 lr=0.10000 train_acc=85.28 test_acc=76.11
epoch=70/300 lr=0.10000 train_acc=85.43 test_acc=76.92
epoch=71/300 lr=0.10000 train_acc=85.36 test_acc=81.09
epoch=72/300 lr=0.10000 train_acc=85.57 test_acc=82.12
epoch=73/300 lr=0.10000 train_acc=85.62 test_acc=79.95
epoch=74/300 lr=0.10000 train_acc=85.31 test_acc=68.05
epoch=75/300 lr=0.10000 train_acc=85.19 test_acc=79.60
epoch=76/300 lr=0.10000 train_acc=85.88 test_acc=80.28
epoch=77/300 lr=0.10000 train_acc=85.45 test_acc=73.01
epoch=78/300 lr=0.10000 train_acc=85.56 test_acc=81.52
epoch=79/300 lr=0.10000 train_acc=85.12 test_acc=76.78
epoch=80/300 lr=0.10000 train_acc=85.64 test_acc=80.43
epoch=81/300 lr=0.10000 train_acc=85.30 test_acc=77.49
epoch=82/300 lr=0.10000 train_acc=85.70 test_acc=79.87
epoch=83/300 lr=0.10000 train_acc=85.62 test_acc=81.42
epoch=84/300 lr=0.10000 train_acc=85.30 test_acc=71.52
epoch=85/300 lr=0.10000 train_acc=85.48 test_acc=82.45
epoch=86/300 lr=0.10000 train_acc=85.63 test_acc=82.48
epoch=87/300 lr=0.10000 train_acc=85.44 test_acc=83.06
epoch=88/300 lr=0.10000 train_acc=85.06 test_acc=75.64
epoch=89/300 lr=0.10000 train_acc=85.73 test_acc=83.34
epoch=90/300 lr=0.10000 train_acc=85.65 test_acc=81.47
epoch=91/300 lr=0.10000 train_acc=85.72 test_acc=79.05
epoch=92/300 lr=0.10000 train_acc=85.50 test_acc=77.99
epoch=93/300 lr=0.10000 train_acc=85.54 test_acc=79.41
epoch=94/300 lr=0.10000 train_acc=85.59 test_acc=78.80
epoch=95/300 lr=0.10000 train_acc=85.69 test_acc=83.94
epoch=96/300 lr=0.10000 train_acc=85.53 test_acc=81.01
epoch=97/300 lr=0.10000 train_acc=85.69 test_acc=79.56
epoch=98/300 lr=0.10000 train_acc=85.57 test_acc=72.61
epoch=99/300 lr=0.10000 train_acc=85.59 test_acc=76.51
epoch=100/300 lr=0.10000 train_acc=85.84 test_acc=80.02
epoch=101/300 lr=0.10000 train_acc=85.75 test_acc=77.91
epoch=102/300 lr=0.10000 train_acc=85.52 test_acc=82.92
epoch=103/300 lr=0.10000 train_acc=85.97 test_acc=81.60
epoch=104/300 lr=0.10000 train_acc=85.68 test_acc=80.96
epoch=105/300 lr=0.10000 train_acc=85.68 test_acc=80.04
epoch=106/300 lr=0.10000 train_acc=85.73 test_acc=81.17
epoch=107/300 lr=0.10000 train_acc=85.81 test_acc=79.01
epoch=108/300 lr=0.10000 train_acc=85.42 test_acc=68.47
epoch=109/300 lr=0.10000 train_acc=85.63 test_acc=80.79
epoch=110/300 lr=0.10000 train_acc=85.76 test_acc=78.95
epoch=111/300 lr=0.10000 train_acc=85.64 test_acc=79.59
epoch=112/300 lr=0.10000 train_acc=85.68 test_acc=78.45
epoch=113/300 lr=0.10000 train_acc=85.69 test_acc=79.54
epoch=114/300 lr=0.10000 train_acc=86.09 test_acc=79.21
epoch=115/300 lr=0.10000 train_acc=85.77 test_acc=78.03
epoch=116/300 lr=0.10000 train_acc=85.91 test_acc=81.83
epoch=117/300 lr=0.10000 train_acc=85.84 test_acc=81.06
epoch=118/300 lr=0.10000 train_acc=85.85 test_acc=76.34
epoch=119/300 lr=0.10000 train_acc=85.88 test_acc=74.25
epoch=120/300 lr=0.10000 train_acc=85.84 test_acc=82.10
epoch=121/300 lr=0.10000 train_acc=85.89 test_acc=74.90
epoch=122/300 lr=0.10000 train_acc=85.85 test_acc=76.14
epoch=123/300 lr=0.10000 train_acc=85.99 test_acc=74.69
epoch=124/300 lr=0.10000 train_acc=85.66 test_acc=81.25
epoch=125/300 lr=0.10000 train_acc=85.91 test_acc=77.56
epoch=126/300 lr=0.10000 train_acc=86.00 test_acc=74.79
epoch=127/300 lr=0.10000 train_acc=85.74 test_acc=80.92
epoch=128/300 lr=0.10000 train_acc=85.82 test_acc=79.79
epoch=129/300 lr=0.10000 train_acc=85.94 test_acc=74.85
epoch=130/300 lr=0.10000 train_acc=85.96 test_acc=79.34
epoch=131/300 lr=0.10000 train_acc=86.06 test_acc=80.53
epoch=132/300 lr=0.10000 train_acc=85.72 test_acc=82.27
epoch=133/300 lr=0.10000 train_acc=86.25 test_acc=79.28
epoch=134/300 lr=0.10000 train_acc=85.95 test_acc=77.05
epoch=135/300 lr=0.10000 train_acc=85.77 test_acc=84.49
epoch=136/300 lr=0.10000 train_acc=86.04 test_acc=81.23
epoch=137/300 lr=0.10000 train_acc=85.99 test_acc=83.28
epoch=138/300 lr=0.10000 train_acc=85.87 test_acc=81.25
epoch=139/300 lr=0.10000 train_acc=86.15 test_acc=81.42
epoch=140/300 lr=0.10000 train_acc=85.72 test_acc=78.73
epoch=141/300 lr=0.10000 train_acc=85.92 test_acc=78.63
epoch=142/300 lr=0.10000 train_acc=86.07 test_acc=79.47
epoch=143/300 lr=0.10000 train_acc=85.85 test_acc=83.05
epoch=144/300 lr=0.10000 train_acc=86.04 test_acc=78.21
epoch=145/300 lr=0.10000 train_acc=86.06 test_acc=80.28
epoch=146/300 lr=0.10000 train_acc=85.78 test_acc=83.53
epoch=147/300 lr=0.10000 train_acc=85.92 test_acc=79.98
epoch=148/300 lr=0.10000 train_acc=85.74 test_acc=77.48
epoch=149/300 lr=0.10000 train_acc=85.99 test_acc=83.03
epoch=150/300 lr=0.10000 train_acc=85.90 test_acc=79.28
epoch=151/300 lr=0.01000 train_acc=91.03 test_acc=90.38
epoch=152/300 lr=0.01000 train_acc=92.80 test_acc=90.61
epoch=153/300 lr=0.01000 train_acc=93.23 test_acc=90.84
epoch=154/300 lr=0.01000 train_acc=93.63 test_acc=91.04
epoch=155/300 lr=0.01000 train_acc=94.00 test_acc=91.51
epoch=156/300 lr=0.01000 train_acc=94.29 test_acc=91.50
epoch=157/300 lr=0.01000 train_acc=94.38 test_acc=91.42
epoch=158/300 lr=0.01000 train_acc=94.66 test_acc=91.42
epoch=159/300 lr=0.01000 train_acc=94.80 test_acc=91.38
epoch=160/300 lr=0.01000 train_acc=94.88 test_acc=91.40
epoch=161/300 lr=0.01000 train_acc=95.22 test_acc=91.41
epoch=162/300 lr=0.01000 train_acc=95.19 test_acc=91.22
epoch=163/300 lr=0.01000 train_acc=95.29 test_acc=91.42
epoch=164/300 lr=0.01000 train_acc=95.41 test_acc=91.20
epoch=165/300 lr=0.01000 train_acc=95.52 test_acc=91.34
epoch=166/300 lr=0.01000 train_acc=95.59 test_acc=91.48
epoch=167/300 lr=0.01000 train_acc=95.63 test_acc=91.66
epoch=168/300 lr=0.01000 train_acc=95.76 test_acc=91.56
epoch=169/300 lr=0.01000 train_acc=95.73 test_acc=91.13
epoch=170/300 lr=0.01000 train_acc=95.70 test_acc=91.03
epoch=171/300 lr=0.01000 train_acc=95.79 test_acc=91.02
epoch=172/300 lr=0.01000 train_acc=95.69 test_acc=91.07
epoch=173/300 lr=0.01000 train_acc=95.63 test_acc=90.92
epoch=174/300 lr=0.01000 train_acc=95.78 test_acc=90.22
epoch=175/300 lr=0.01000 train_acc=95.61 test_acc=91.24
epoch=176/300 lr=0.01000 train_acc=95.85 test_acc=90.51
epoch=177/300 lr=0.01000 train_acc=95.83 test_acc=90.45
epoch=178/300 lr=0.01000 train_acc=95.75 test_acc=90.66
epoch=179/300 lr=0.01000 train_acc=95.48 test_acc=89.43
epoch=180/300 lr=0.01000 train_acc=95.53 test_acc=89.97
epoch=181/300 lr=0.01000 train_acc=95.60 test_acc=90.10
epoch=182/300 lr=0.01000 train_acc=95.60 test_acc=90.65
epoch=183/300 lr=0.01000 train_acc=95.75 test_acc=90.00
epoch=184/300 lr=0.01000 train_acc=95.68 test_acc=90.94
epoch=185/300 lr=0.01000 train_acc=95.60 test_acc=90.58
epoch=186/300 lr=0.01000 train_acc=95.74 test_acc=90.63
epoch=187/300 lr=0.01000 train_acc=95.66 test_acc=90.14
epoch=188/300 lr=0.01000 train_acc=95.78 test_acc=90.12
epoch=189/300 lr=0.01000 train_acc=95.80 test_acc=90.70
epoch=190/300 lr=0.01000 train_acc=95.62 test_acc=90.43
epoch=191/300 lr=0.01000 train_acc=95.59 test_acc=89.76
epoch=192/300 lr=0.01000 train_acc=95.57 test_acc=89.80
epoch=193/300 lr=0.01000 train_acc=95.76 test_acc=89.90
epoch=194/300 lr=0.01000 train_acc=95.62 test_acc=90.01
epoch=195/300 lr=0.01000 train_acc=95.42 test_acc=89.21
epoch=196/300 lr=0.01000 train_acc=95.37 test_acc=90.04
epoch=197/300 lr=0.01000 train_acc=95.58 test_acc=90.50
epoch=198/300 lr=0.01000 train_acc=95.73 test_acc=89.41
epoch=199/300 lr=0.01000 train_acc=95.76 test_acc=90.37
epoch=200/300 lr=0.01000 train_acc=95.73 test_acc=89.54
epoch=201/300 lr=0.01000 train_acc=95.67 test_acc=89.38
epoch=202/300 lr=0.01000 train_acc=95.67 test_acc=90.23
epoch=203/300 lr=0.01000 train_acc=95.63 test_acc=90.23
epoch=204/300 lr=0.01000 train_acc=95.69 test_acc=89.55
epoch=205/300 lr=0.01000 train_acc=95.81 test_acc=89.42
epoch=206/300 lr=0.01000 train_acc=95.50 test_acc=89.88
epoch=207/300 lr=0.01000 train_acc=95.85 test_acc=89.36
epoch=208/300 lr=0.01000 train_acc=95.50 test_acc=90.16
epoch=209/300 lr=0.01000 train_acc=95.68 test_acc=90.11
epoch=210/300 lr=0.01000 train_acc=95.53 test_acc=89.47
epoch=211/300 lr=0.01000 train_acc=95.68 test_acc=89.90
epoch=212/300 lr=0.01000 train_acc=95.71 test_acc=88.71
epoch=213/300 lr=0.01000 train_acc=95.64 test_acc=90.59
epoch=214/300 lr=0.01000 train_acc=95.72 test_acc=89.36
epoch=215/300 lr=0.01000 train_acc=95.70 test_acc=90.12
epoch=216/300 lr=0.01000 train_acc=95.77 test_acc=89.60
epoch=217/300 lr=0.01000 train_acc=95.70 test_acc=89.99
epoch=218/300 lr=0.01000 train_acc=95.57 test_acc=89.86
epoch=219/300 lr=0.01000 train_acc=95.83 test_acc=89.86
epoch=220/300 lr=0.01000 train_acc=95.81 test_acc=88.51
epoch=221/300 lr=0.01000 train_acc=95.81 test_acc=90.80
epoch=222/300 lr=0.01000 train_acc=95.92 test_acc=90.26
epoch=223/300 lr=0.01000 train_acc=96.09 test_acc=89.89
epoch=224/300 lr=0.01000 train_acc=95.85 test_acc=89.97
epoch=225/300 lr=0.01000 train_acc=95.99 test_acc=90.06
epoch=226/300 lr=0.00100 train_acc=97.54 test_acc=92.42
epoch=227/300 lr=0.00100 train_acc=98.31 test_acc=92.57
epoch=228/300 lr=0.00100 train_acc=98.43 test_acc=92.57
epoch=229/300 lr=0.00100 train_acc=98.61 test_acc=92.55
epoch=230/300 lr=0.00100 train_acc=98.76 test_acc=92.68
epoch=231/300 lr=0.00100 train_acc=98.82 test_acc=92.93
epoch=232/300 lr=0.00100 train_acc=98.81 test_acc=92.82
epoch=233/300 lr=0.00100 train_acc=98.97 test_acc=92.63
epoch=234/300 lr=0.00100 train_acc=99.01 test_acc=92.69
epoch=235/300 lr=0.00100 train_acc=99.06 test_acc=92.80
epoch=236/300 lr=0.00100 train_acc=99.06 test_acc=92.92
epoch=237/300 lr=0.00100 train_acc=99.13 test_acc=92.79
epoch=238/300 lr=0.00100 train_acc=99.16 test_acc=92.88
epoch=239/300 lr=0.00100 train_acc=99.19 test_acc=92.88
epoch=240/300 lr=0.00100 train_acc=99.24 test_acc=92.88
epoch=241/300 lr=0.00100 train_acc=99.22 test_acc=92.83
epoch=242/300 lr=0.00100 train_acc=99.26 test_acc=92.72
epoch=243/300 lr=0.00100 train_acc=99.21 test_acc=92.99
epoch=244/300 lr=0.00100 train_acc=99.30 test_acc=92.79
epoch=245/300 lr=0.00100 train_acc=99.29 test_acc=92.74
epoch=246/300 lr=0.00100 train_acc=99.39 test_acc=92.86
epoch=247/300 lr=0.00100 train_acc=99.39 test_acc=92.63
epoch=248/300 lr=0.00100 train_acc=99.39 test_acc=92.70
epoch=249/300 lr=0.00100 train_acc=99.27 test_acc=92.75
epoch=250/300 lr=0.00100 train_acc=99.43 test_acc=92.66
epoch=251/300 lr=0.00100 train_acc=99.41 test_acc=92.81
epoch=252/300 lr=0.00100 train_acc=99.40 test_acc=92.80
epoch=253/300 lr=0.00100 train_acc=99.42 test_acc=92.72
epoch=254/300 lr=0.00100 train_acc=99.46 test_acc=92.61
epoch=255/300 lr=0.00100 train_acc=99.42 test_acc=92.70
epoch=256/300 lr=0.00100 train_acc=99.42 test_acc=92.79
epoch=257/300 lr=0.00100 train_acc=99.45 test_acc=92.70
epoch=258/300 lr=0.00100 train_acc=99.44 test_acc=92.65
epoch=259/300 lr=0.00100 train_acc=99.55 test_acc=92.63
epoch=260/300 lr=0.00100 train_acc=99.46 test_acc=92.57
epoch=261/300 lr=0.00100 train_acc=99.52 test_acc=92.56
epoch=262/300 lr=0.00100 train_acc=99.44 test_acc=92.48
epoch=263/300 lr=0.00100 train_acc=99.47 test_acc=92.63
epoch=264/300 lr=0.00100 train_acc=99.48 test_acc=92.64
epoch=265/300 lr=0.00100 train_acc=99.48 test_acc=92.62
epoch=266/300 lr=0.00100 train_acc=99.53 test_acc=92.76
epoch=267/300 lr=0.00100 train_acc=99.54 test_acc=92.52
epoch=268/300 lr=0.00100 train_acc=99.56 test_acc=92.71
epoch=269/300 lr=0.00100 train_acc=99.55 test_acc=92.77
epoch=270/300 lr=0.00100 train_acc=99.59 test_acc=92.83
epoch=271/300 lr=0.00100 train_acc=99.63 test_acc=92.79
epoch=272/300 lr=0.00100 train_acc=99.55 test_acc=92.56
epoch=273/300 lr=0.00100 train_acc=99.55 test_acc=92.70
epoch=274/300 lr=0.00100 train_acc=99.55 test_acc=92.69
epoch=275/300 lr=0.00100 train_acc=99.56 test_acc=92.61
epoch=276/300 lr=0.00100 train_acc=99.61 test_acc=92.58
epoch=277/300 lr=0.00100 train_acc=99.65 test_acc=92.51
epoch=278/300 lr=0.00100 train_acc=99.54 test_acc=92.59
epoch=279/300 lr=0.00100 train_acc=99.56 test_acc=92.78
epoch=280/300 lr=0.00100 train_acc=99.59 test_acc=92.89
epoch=281/300 lr=0.00100 train_acc=99.62 test_acc=92.79
epoch=282/300 lr=0.00100 train_acc=99.61 test_acc=92.73
epoch=283/300 lr=0.00100 train_acc=99.65 test_acc=92.72
epoch=284/300 lr=0.00100 train_acc=99.61 test_acc=92.82
epoch=285/300 lr=0.00100 train_acc=99.64 test_acc=92.63
epoch=286/300 lr=0.00100 train_acc=99.67 test_acc=92.46
epoch=287/300 lr=0.00100 train_acc=99.64 test_acc=92.69
epoch=288/300 lr=0.00100 train_acc=99.67 test_acc=92.60
epoch=289/300 lr=0.00100 train_acc=99.64 test_acc=92.62
epoch=290/300 lr=0.00100 train_acc=99.65 test_acc=92.59
epoch=291/300 lr=0.00100 train_acc=99.65 test_acc=92.47
epoch=292/300 lr=0.00100 train_acc=99.65 test_acc=92.58
epoch=293/300 lr=0.00100 train_acc=99.68 test_acc=92.57
epoch=294/300 lr=0.00100 train_acc=99.65 test_acc=92.68
epoch=295/300 lr=0.00100 train_acc=99.69 test_acc=92.62
epoch=296/300 lr=0.00100 train_acc=99.68 test_acc=92.60
epoch=297/300 lr=0.00100 train_acc=99.69 test_acc=92.58
epoch=298/300 lr=0.00100 train_acc=99.61 test_acc=92.62
epoch=299/300 lr=0.00100 train_acc=99.74 test_acc=92.44
epoch=300/300 lr=0.00100 train_acc=99.74 test_acc=92.51
{
  "best_accuracy": 92.99,
  "best_error_rate": 7.010000000000005,
  "final_accuracy": 92.51,
  "final_error_rate": 7.489999999999995,
  "elapsed_seconds": 1932.4178807735443,
  "is_paper_result": false,
  "note": "New reproduction result; compare against paper target separately."
}
{
  "experiment": "cifar10_resnet20_baseline",
  "seeds": [
    1001,
    1002,
    1003,
    1004,
    1005
  ],
  "smoke": false,
  "is_paper_result": false,
  "best_error_rate": {
    "values": [
      7.1200000000000045,
      6.810000000000002,
      7.140000000000001,
      7.030000000000001,
      7.010000000000005
    ],
    "mean": 7.022000000000003,
    "population_std": 0.11720068259186886,
    "sample_std": 0.1310343466423975
  },
  "final_error_rate": {
    "values": [
      7.3799999999999955,
      7.010000000000005,
      7.349999999999994,
      7.219999999999999,
      7.489999999999995
    ],
    "mean": 7.289999999999997,
    "population_std": 0.16431676725154604,
    "sample_std": 0.18371173070873412
  },
  "note": "New reproduction aggregate; paper does not state best-vs-final or std convention."
}
start experiment=cifar10_resnet20_re_paper seed=1001
epoch=1/300 lr=0.10000 train_acc=37.82 test_acc=46.19
epoch=2/300 lr=0.10000 train_acc=54.51 test_acc=58.46
epoch=3/300 lr=0.10000 train_acc=62.27 test_acc=58.45
epoch=4/300 lr=0.10000 train_acc=67.02 test_acc=69.72
epoch=5/300 lr=0.10000 train_acc=69.60 test_acc=66.46
epoch=6/300 lr=0.10000 train_acc=71.14 test_acc=69.36
epoch=7/300 lr=0.10000 train_acc=72.44 test_acc=70.43
epoch=8/300 lr=0.10000 train_acc=73.22 test_acc=68.63
epoch=9/300 lr=0.10000 train_acc=74.14 test_acc=76.82
epoch=10/300 lr=0.10000 train_acc=74.50 test_acc=76.58
epoch=11/300 lr=0.10000 train_acc=74.91 test_acc=76.79
epoch=12/300 lr=0.10000 train_acc=75.48 test_acc=65.65
epoch=13/300 lr=0.10000 train_acc=75.90 test_acc=75.26
epoch=14/300 lr=0.10000 train_acc=76.07 test_acc=69.67
epoch=15/300 lr=0.10000 train_acc=76.36 test_acc=74.57
epoch=16/300 lr=0.10000 train_acc=76.90 test_acc=68.94
epoch=17/300 lr=0.10000 train_acc=77.01 test_acc=76.86
epoch=18/300 lr=0.10000 train_acc=77.33 test_acc=76.50
epoch=19/300 lr=0.10000 train_acc=77.04 test_acc=75.65
epoch=20/300 lr=0.10000 train_acc=77.60 test_acc=79.89
epoch=21/300 lr=0.10000 train_acc=77.85 test_acc=77.75
epoch=22/300 lr=0.10000 train_acc=77.87 test_acc=79.01
epoch=23/300 lr=0.10000 train_acc=77.89 test_acc=74.88
epoch=24/300 lr=0.10000 train_acc=78.13 test_acc=75.46
epoch=25/300 lr=0.10000 train_acc=78.22 test_acc=78.81
epoch=26/300 lr=0.10000 train_acc=78.02 test_acc=76.35
epoch=27/300 lr=0.10000 train_acc=78.26 test_acc=74.67
epoch=28/300 lr=0.10000 train_acc=78.18 test_acc=78.07
epoch=29/300 lr=0.10000 train_acc=78.22 test_acc=73.06
epoch=30/300 lr=0.10000 train_acc=78.33 test_acc=75.41
epoch=31/300 lr=0.10000 train_acc=78.53 test_acc=79.63
epoch=32/300 lr=0.10000 train_acc=78.77 test_acc=72.53
epoch=33/300 lr=0.10000 train_acc=78.88 test_acc=73.13
epoch=34/300 lr=0.10000 train_acc=78.76 test_acc=75.23
epoch=35/300 lr=0.10000 train_acc=78.83 test_acc=74.23
epoch=36/300 lr=0.10000 train_acc=78.98 test_acc=78.50
epoch=37/300 lr=0.10000 train_acc=78.72 test_acc=78.99
epoch=38/300 lr=0.10000 train_acc=79.27 test_acc=75.83
epoch=39/300 lr=0.10000 train_acc=78.85 test_acc=75.79
epoch=40/300 lr=0.10000 train_acc=79.20 test_acc=80.89
epoch=41/300 lr=0.10000 train_acc=79.17 test_acc=73.77
epoch=42/300 lr=0.10000 train_acc=79.09 test_acc=76.56
epoch=43/300 lr=0.10000 train_acc=79.36 test_acc=78.15
epoch=44/300 lr=0.10000 train_acc=79.15 test_acc=80.29
epoch=45/300 lr=0.10000 train_acc=79.35 test_acc=75.37
epoch=46/300 lr=0.10000 train_acc=79.50 test_acc=71.26
epoch=47/300 lr=0.10000 train_acc=79.40 test_acc=74.66
epoch=48/300 lr=0.10000 train_acc=79.39 test_acc=75.64
epoch=49/300 lr=0.10000 train_acc=79.59 test_acc=80.42
epoch=50/300 lr=0.10000 train_acc=79.43 test_acc=75.46
epoch=51/300 lr=0.10000 train_acc=79.44 test_acc=78.15
epoch=52/300 lr=0.10000 train_acc=79.71 test_acc=74.82
epoch=53/300 lr=0.10000 train_acc=79.23 test_acc=78.75
epoch=54/300 lr=0.10000 train_acc=79.60 test_acc=78.71
epoch=55/300 lr=0.10000 train_acc=79.78 test_acc=77.88
epoch=56/300 lr=0.10000 train_acc=79.40 test_acc=76.26
epoch=57/300 lr=0.10000 train_acc=79.62 test_acc=76.96
epoch=58/300 lr=0.10000 train_acc=79.32 test_acc=80.98
epoch=59/300 lr=0.10000 train_acc=79.83 test_acc=75.87
epoch=60/300 lr=0.10000 train_acc=79.55 test_acc=80.39
epoch=61/300 lr=0.10000 train_acc=79.66 test_acc=77.58
epoch=62/300 lr=0.10000 train_acc=79.86 test_acc=67.98
epoch=63/300 lr=0.10000 train_acc=79.46 test_acc=75.96
epoch=64/300 lr=0.10000 train_acc=79.99 test_acc=73.12
epoch=65/300 lr=0.10000 train_acc=79.53 test_acc=81.03
epoch=66/300 lr=0.10000 train_acc=79.60 test_acc=79.81
epoch=67/300 lr=0.10000 train_acc=79.80 test_acc=76.37
epoch=68/300 lr=0.10000 train_acc=79.90 test_acc=72.07
epoch=69/300 lr=0.10000 train_acc=80.05 test_acc=78.83
epoch=70/300 lr=0.10000 train_acc=79.69 test_acc=77.96
epoch=71/300 lr=0.10000 train_acc=79.80 test_acc=79.51
epoch=72/300 lr=0.10000 train_acc=80.09 test_acc=67.51
epoch=73/300 lr=0.10000 train_acc=80.01 test_acc=78.26
epoch=74/300 lr=0.10000 train_acc=79.76 test_acc=76.24
epoch=75/300 lr=0.10000 train_acc=79.95 test_acc=77.18
epoch=76/300 lr=0.10000 train_acc=80.07 test_acc=73.97
epoch=77/300 lr=0.10000 train_acc=80.05 test_acc=74.34
epoch=78/300 lr=0.10000 train_acc=79.79 test_acc=77.03
epoch=79/300 lr=0.10000 train_acc=80.11 test_acc=74.66
epoch=80/300 lr=0.10000 train_acc=79.89 test_acc=74.66
epoch=81/300 lr=0.10000 train_acc=79.96 test_acc=78.84
epoch=82/300 lr=0.10000 train_acc=80.07 test_acc=79.50
epoch=83/300 lr=0.10000 train_acc=80.03 test_acc=79.58
epoch=84/300 lr=0.10000 train_acc=80.19 test_acc=70.77
epoch=85/300 lr=0.10000 train_acc=79.74 test_acc=83.79
epoch=86/300 lr=0.10000 train_acc=80.45 test_acc=81.38
epoch=87/300 lr=0.10000 train_acc=80.15 test_acc=76.02
epoch=88/300 lr=0.10000 train_acc=80.42 test_acc=76.39
epoch=89/300 lr=0.10000 train_acc=80.24 test_acc=82.90
epoch=90/300 lr=0.10000 train_acc=80.24 test_acc=80.66
epoch=91/300 lr=0.10000 train_acc=80.25 test_acc=75.17
epoch=92/300 lr=0.10000 train_acc=80.00 test_acc=77.79
epoch=93/300 lr=0.10000 train_acc=80.37 test_acc=77.90
epoch=94/300 lr=0.10000 train_acc=80.23 test_acc=82.67
epoch=95/300 lr=0.10000 train_acc=80.15 test_acc=65.82
epoch=96/300 lr=0.10000 train_acc=80.25 test_acc=79.73
epoch=97/300 lr=0.10000 train_acc=80.08 test_acc=80.68
epoch=98/300 lr=0.10000 train_acc=80.34 test_acc=76.89
epoch=99/300 lr=0.10000 train_acc=79.97 test_acc=72.81
epoch=100/300 lr=0.10000 train_acc=80.30 test_acc=79.21
epoch=101/300 lr=0.10000 train_acc=80.40 test_acc=80.78
epoch=102/300 lr=0.10000 train_acc=80.13 test_acc=79.09
epoch=103/300 lr=0.10000 train_acc=80.13 test_acc=74.24
epoch=104/300 lr=0.10000 train_acc=80.35 test_acc=82.23
epoch=105/300 lr=0.10000 train_acc=80.42 test_acc=74.93
epoch=106/300 lr=0.10000 train_acc=80.26 test_acc=80.60
epoch=107/300 lr=0.10000 train_acc=80.07 test_acc=72.24
epoch=108/300 lr=0.10000 train_acc=80.47 test_acc=78.33
epoch=109/300 lr=0.10000 train_acc=80.49 test_acc=81.92
epoch=110/300 lr=0.10000 train_acc=80.59 test_acc=78.85
epoch=111/300 lr=0.10000 train_acc=80.39 test_acc=75.18
epoch=112/300 lr=0.10000 train_acc=80.48 test_acc=78.72
epoch=113/300 lr=0.10000 train_acc=80.29 test_acc=78.18
epoch=114/300 lr=0.10000 train_acc=80.35 test_acc=79.62
epoch=115/300 lr=0.10000 train_acc=80.36 test_acc=79.28
epoch=116/300 lr=0.10000 train_acc=80.54 test_acc=80.52
epoch=117/300 lr=0.10000 train_acc=80.47 test_acc=80.98
epoch=118/300 lr=0.10000 train_acc=80.26 test_acc=82.25
epoch=119/300 lr=0.10000 train_acc=80.46 test_acc=77.43
epoch=120/300 lr=0.10000 train_acc=80.56 test_acc=77.12
epoch=121/300 lr=0.10000 train_acc=80.46 test_acc=79.13
epoch=122/300 lr=0.10000 train_acc=80.50 test_acc=79.84
epoch=123/300 lr=0.10000 train_acc=80.79 test_acc=81.24
epoch=124/300 lr=0.10000 train_acc=80.41 test_acc=80.11
epoch=125/300 lr=0.10000 train_acc=80.43 test_acc=77.89
epoch=126/300 lr=0.10000 train_acc=80.46 test_acc=79.90
epoch=127/300 lr=0.10000 train_acc=80.40 test_acc=76.45
epoch=128/300 lr=0.10000 train_acc=80.31 test_acc=74.62
epoch=129/300 lr=0.10000 train_acc=80.35 test_acc=79.94
epoch=130/300 lr=0.10000 train_acc=80.71 test_acc=74.86
epoch=131/300 lr=0.10000 train_acc=80.33 test_acc=77.59
epoch=132/300 lr=0.10000 train_acc=80.70 test_acc=78.89
epoch=133/300 lr=0.10000 train_acc=80.22 test_acc=79.09
epoch=134/300 lr=0.10000 train_acc=80.56 test_acc=81.65
epoch=135/300 lr=0.10000 train_acc=80.58 test_acc=83.76
epoch=136/300 lr=0.10000 train_acc=80.25 test_acc=82.22
epoch=137/300 lr=0.10000 train_acc=80.53 test_acc=79.03
epoch=138/300 lr=0.10000 train_acc=80.48 test_acc=79.03
epoch=139/300 lr=0.10000 train_acc=80.59 test_acc=73.27
epoch=140/300 lr=0.10000 train_acc=80.39 test_acc=79.08
epoch=141/300 lr=0.10000 train_acc=80.40 test_acc=76.64
epoch=142/300 lr=0.10000 train_acc=80.59 test_acc=82.08
epoch=143/300 lr=0.10000 train_acc=80.55 test_acc=80.02
epoch=144/300 lr=0.10000 train_acc=80.66 test_acc=75.55
epoch=145/300 lr=0.10000 train_acc=80.62 test_acc=76.85
epoch=146/300 lr=0.10000 train_acc=80.56 test_acc=76.17
epoch=147/300 lr=0.10000 train_acc=80.70 test_acc=75.17
epoch=148/300 lr=0.10000 train_acc=80.77 test_acc=80.23
epoch=149/300 lr=0.10000 train_acc=80.36 test_acc=80.54
epoch=150/300 lr=0.10000 train_acc=80.68 test_acc=80.73
epoch=151/300 lr=0.01000 train_acc=86.25 test_acc=89.40
epoch=152/300 lr=0.01000 train_acc=87.98 test_acc=90.16
epoch=153/300 lr=0.01000 train_acc=88.52 test_acc=90.85
epoch=154/300 lr=0.01000 train_acc=89.02 test_acc=90.58
epoch=155/300 lr=0.01000 train_acc=89.15 test_acc=91.09
epoch=156/300 lr=0.01000 train_acc=89.21 test_acc=91.35
epoch=157/300 lr=0.01000 train_acc=89.55 test_acc=90.91
epoch=158/300 lr=0.01000 train_acc=89.74 test_acc=91.03
epoch=159/300 lr=0.01000 train_acc=90.05 test_acc=90.61
epoch=160/300 lr=0.01000 train_acc=89.85 test_acc=90.75
epoch=161/300 lr=0.01000 train_acc=90.00 test_acc=90.79
epoch=162/300 lr=0.01000 train_acc=90.04 test_acc=91.21
epoch=163/300 lr=0.01000 train_acc=90.50 test_acc=90.60
epoch=164/300 lr=0.01000 train_acc=90.14 test_acc=90.69
epoch=165/300 lr=0.01000 train_acc=90.44 test_acc=90.79
epoch=166/300 lr=0.01000 train_acc=90.43 test_acc=90.61
epoch=167/300 lr=0.01000 train_acc=90.36 test_acc=90.67
epoch=168/300 lr=0.01000 train_acc=90.74 test_acc=90.54
epoch=169/300 lr=0.01000 train_acc=90.51 test_acc=90.92
epoch=170/300 lr=0.01000 train_acc=90.64 test_acc=91.09
epoch=171/300 lr=0.01000 train_acc=90.78 test_acc=90.82
epoch=172/300 lr=0.01000 train_acc=90.84 test_acc=91.02
epoch=173/300 lr=0.01000 train_acc=90.47 test_acc=90.49
epoch=174/300 lr=0.01000 train_acc=90.73 test_acc=90.56
epoch=175/300 lr=0.01000 train_acc=90.55 test_acc=90.17
epoch=176/300 lr=0.01000 train_acc=90.63 test_acc=90.41
epoch=177/300 lr=0.01000 train_acc=90.85 test_acc=89.50
epoch=178/300 lr=0.01000 train_acc=90.51 test_acc=89.73
epoch=179/300 lr=0.01000 train_acc=90.53 test_acc=90.68
epoch=180/300 lr=0.01000 train_acc=90.73 test_acc=90.96
epoch=181/300 lr=0.01000 train_acc=90.48 test_acc=89.97
epoch=182/300 lr=0.01000 train_acc=90.72 test_acc=89.93
epoch=183/300 lr=0.01000 train_acc=90.71 test_acc=90.91
epoch=184/300 lr=0.01000 train_acc=90.64 test_acc=89.87
epoch=185/300 lr=0.01000 train_acc=90.60 test_acc=90.64
epoch=186/300 lr=0.01000 train_acc=90.81 test_acc=89.68
epoch=187/300 lr=0.01000 train_acc=90.53 test_acc=90.03
epoch=188/300 lr=0.01000 train_acc=90.63 test_acc=89.87
epoch=189/300 lr=0.01000 train_acc=90.60 test_acc=90.33
epoch=190/300 lr=0.01000 train_acc=90.54 test_acc=89.34
epoch=191/300 lr=0.01000 train_acc=90.66 test_acc=90.57
epoch=192/300 lr=0.01000 train_acc=90.58 test_acc=90.46
epoch=193/300 lr=0.01000 train_acc=90.17 test_acc=90.37
epoch=194/300 lr=0.01000 train_acc=90.63 test_acc=90.15
epoch=195/300 lr=0.01000 train_acc=90.51 test_acc=90.06
epoch=196/300 lr=0.01000 train_acc=90.64 test_acc=90.67
epoch=197/300 lr=0.01000 train_acc=90.73 test_acc=90.95
epoch=198/300 lr=0.01000 train_acc=90.57 test_acc=89.49
epoch=199/300 lr=0.01000 train_acc=90.71 test_acc=88.77
epoch=200/300 lr=0.01000 train_acc=90.52 test_acc=89.26
epoch=201/300 lr=0.01000 train_acc=90.58 test_acc=90.42
epoch=202/300 lr=0.01000 train_acc=90.73 test_acc=88.76
epoch=203/300 lr=0.01000 train_acc=90.34 test_acc=89.25
epoch=204/300 lr=0.01000 train_acc=90.34 test_acc=89.52
epoch=205/300 lr=0.01000 train_acc=90.51 test_acc=90.35
epoch=206/300 lr=0.01000 train_acc=90.61 test_acc=90.20
epoch=207/300 lr=0.01000 train_acc=90.51 test_acc=90.20
epoch=208/300 lr=0.01000 train_acc=90.76 test_acc=90.65
epoch=209/300 lr=0.01000 train_acc=90.62 test_acc=90.92
epoch=210/300 lr=0.01000 train_acc=90.73 test_acc=89.40
epoch=211/300 lr=0.01000 train_acc=90.75 test_acc=90.00
epoch=212/300 lr=0.01000 train_acc=90.40 test_acc=89.38
epoch=213/300 lr=0.01000 train_acc=90.69 test_acc=89.30
epoch=214/300 lr=0.01000 train_acc=90.64 test_acc=89.40
epoch=215/300 lr=0.01000 train_acc=90.63 test_acc=89.05
epoch=216/300 lr=0.01000 train_acc=90.82 test_acc=90.13
epoch=217/300 lr=0.01000 train_acc=90.58 test_acc=89.01
epoch=218/300 lr=0.01000 train_acc=90.72 test_acc=90.73
epoch=219/300 lr=0.01000 train_acc=90.76 test_acc=90.46
epoch=220/300 lr=0.01000 train_acc=90.74 test_acc=89.78
epoch=221/300 lr=0.01000 train_acc=90.92 test_acc=89.77
epoch=222/300 lr=0.01000 train_acc=90.89 test_acc=90.82
epoch=223/300 lr=0.01000 train_acc=90.78 test_acc=90.51
epoch=224/300 lr=0.01000 train_acc=90.80 test_acc=90.88
epoch=225/300 lr=0.01000 train_acc=90.88 test_acc=88.90
epoch=226/300 lr=0.00100 train_acc=92.87 test_acc=92.15
epoch=227/300 lr=0.00100 train_acc=93.44 test_acc=92.67
epoch=228/300 lr=0.00100 train_acc=93.82 test_acc=92.53
epoch=229/300 lr=0.00100 train_acc=94.04 test_acc=92.56
epoch=230/300 lr=0.00100 train_acc=94.04 test_acc=92.77
epoch=231/300 lr=0.00100 train_acc=94.18 test_acc=92.60
epoch=232/300 lr=0.00100 train_acc=94.47 test_acc=92.74
epoch=233/300 lr=0.00100 train_acc=94.33 test_acc=92.82
epoch=234/300 lr=0.00100 train_acc=94.42 test_acc=92.89
epoch=235/300 lr=0.00100 train_acc=94.48 test_acc=92.92
epoch=236/300 lr=0.00100 train_acc=94.62 test_acc=93.01
epoch=237/300 lr=0.00100 train_acc=94.57 test_acc=93.16
epoch=238/300 lr=0.00100 train_acc=94.56 test_acc=92.94
epoch=239/300 lr=0.00100 train_acc=94.65 test_acc=93.03
epoch=240/300 lr=0.00100 train_acc=94.81 test_acc=92.98
epoch=241/300 lr=0.00100 train_acc=94.82 test_acc=92.87
epoch=242/300 lr=0.00100 train_acc=94.80 test_acc=93.10
epoch=243/300 lr=0.00100 train_acc=94.69 test_acc=93.24
epoch=244/300 lr=0.00100 train_acc=94.86 test_acc=93.29
epoch=245/300 lr=0.00100 train_acc=94.92 test_acc=93.04
epoch=246/300 lr=0.00100 train_acc=94.78 test_acc=93.00
epoch=247/300 lr=0.00100 train_acc=95.01 test_acc=93.15
epoch=248/300 lr=0.00100 train_acc=94.98 test_acc=93.26
epoch=249/300 lr=0.00100 train_acc=94.92 test_acc=93.06
epoch=250/300 lr=0.00100 train_acc=95.02 test_acc=93.14
epoch=251/300 lr=0.00100 train_acc=95.00 test_acc=93.25
epoch=252/300 lr=0.00100 train_acc=94.90 test_acc=93.17
epoch=253/300 lr=0.00100 train_acc=95.18 test_acc=93.04
epoch=254/300 lr=0.00100 train_acc=94.98 test_acc=93.10
epoch=255/300 lr=0.00100 train_acc=95.08 test_acc=93.05
epoch=256/300 lr=0.00100 train_acc=95.04 test_acc=93.21
epoch=257/300 lr=0.00100 train_acc=95.12 test_acc=93.37
epoch=258/300 lr=0.00100 train_acc=95.22 test_acc=92.95
epoch=259/300 lr=0.00100 train_acc=95.16 test_acc=93.18
epoch=260/300 lr=0.00100 train_acc=95.22 test_acc=93.16
epoch=261/300 lr=0.00100 train_acc=95.30 test_acc=93.32
epoch=262/300 lr=0.00100 train_acc=95.23 test_acc=93.47
epoch=263/300 lr=0.00100 train_acc=95.32 test_acc=93.19
epoch=264/300 lr=0.00100 train_acc=95.17 test_acc=93.19
epoch=265/300 lr=0.00100 train_acc=95.22 test_acc=93.02
epoch=266/300 lr=0.00100 train_acc=95.34 test_acc=93.27
epoch=267/300 lr=0.00100 train_acc=95.27 test_acc=93.38
epoch=268/300 lr=0.00100 train_acc=95.23 test_acc=93.58
epoch=269/300 lr=0.00100 train_acc=95.09 test_acc=93.24
epoch=270/300 lr=0.00100 train_acc=95.35 test_acc=93.23
epoch=271/300 lr=0.00100 train_acc=95.52 test_acc=93.13
epoch=272/300 lr=0.00100 train_acc=95.37 test_acc=93.24
epoch=273/300 lr=0.00100 train_acc=95.27 test_acc=93.40
epoch=274/300 lr=0.00100 train_acc=95.48 test_acc=93.51
epoch=275/300 lr=0.00100 train_acc=95.52 test_acc=93.14
epoch=276/300 lr=0.00100 train_acc=95.36 test_acc=93.09
epoch=277/300 lr=0.00100 train_acc=95.49 test_acc=93.19
epoch=278/300 lr=0.00100 train_acc=95.54 test_acc=93.13
epoch=279/300 lr=0.00100 train_acc=95.58 test_acc=93.27
epoch=280/300 lr=0.00100 train_acc=95.50 test_acc=93.18
epoch=281/300 lr=0.00100 train_acc=95.53 test_acc=93.28
epoch=282/300 lr=0.00100 train_acc=95.48 test_acc=93.39
epoch=283/300 lr=0.00100 train_acc=95.44 test_acc=93.25
epoch=284/300 lr=0.00100 train_acc=95.36 test_acc=93.40
epoch=285/300 lr=0.00100 train_acc=95.43 test_acc=93.36
epoch=286/300 lr=0.00100 train_acc=95.62 test_acc=93.39
epoch=287/300 lr=0.00100 train_acc=95.53 test_acc=93.26
epoch=288/300 lr=0.00100 train_acc=95.56 test_acc=93.31
epoch=289/300 lr=0.00100 train_acc=95.71 test_acc=93.49
epoch=290/300 lr=0.00100 train_acc=95.56 test_acc=93.21
epoch=291/300 lr=0.00100 train_acc=95.56 test_acc=93.42
epoch=292/300 lr=0.00100 train_acc=95.60 test_acc=93.28
epoch=293/300 lr=0.00100 train_acc=95.63 test_acc=93.20
epoch=294/300 lr=0.00100 train_acc=95.47 test_acc=93.04
epoch=295/300 lr=0.00100 train_acc=95.48 test_acc=93.10
epoch=296/300 lr=0.00100 train_acc=95.66 test_acc=93.06
epoch=297/300 lr=0.00100 train_acc=95.60 test_acc=93.24
epoch=298/300 lr=0.00100 train_acc=95.82 test_acc=93.32
epoch=299/300 lr=0.00100 train_acc=95.56 test_acc=93.18
epoch=300/300 lr=0.00100 train_acc=95.63 test_acc=93.13
{
  "best_accuracy": 93.58,
  "best_error_rate": 6.420000000000002,
  "final_accuracy": 93.13,
  "final_error_rate": 6.8700000000000045,
  "elapsed_seconds": 1945.0588676929474,
  "is_paper_result": false,
  "note": "New reproduction result; compare against paper target separately."
}
start experiment=cifar10_resnet20_re_paper seed=1002
epoch=1/300 lr=0.10000 train_acc=36.85 test_acc=46.32
epoch=2/300 lr=0.10000 train_acc=53.41 test_acc=58.52
epoch=3/300 lr=0.10000 train_acc=60.76 test_acc=52.18
epoch=4/300 lr=0.10000 train_acc=65.73 test_acc=63.37
epoch=5/300 lr=0.10000 train_acc=68.83 test_acc=59.53
epoch=6/300 lr=0.10000 train_acc=70.72 test_acc=62.94
epoch=7/300 lr=0.10000 train_acc=72.25 test_acc=60.41
epoch=8/300 lr=0.10000 train_acc=73.25 test_acc=72.31
epoch=9/300 lr=0.10000 train_acc=73.95 test_acc=68.66
epoch=10/300 lr=0.10000 train_acc=74.59 test_acc=66.67
epoch=11/300 lr=0.10000 train_acc=75.28 test_acc=71.58
epoch=12/300 lr=0.10000 train_acc=75.37 test_acc=73.88
epoch=13/300 lr=0.10000 train_acc=75.98 test_acc=75.68
epoch=14/300 lr=0.10000 train_acc=76.11 test_acc=74.94
epoch=15/300 lr=0.10000 train_acc=76.74 test_acc=70.37
epoch=16/300 lr=0.10000 train_acc=76.80 test_acc=78.81
epoch=17/300 lr=0.10000 train_acc=77.12 test_acc=72.08
epoch=18/300 lr=0.10000 train_acc=77.38 test_acc=71.70
epoch=19/300 lr=0.10000 train_acc=77.38 test_acc=72.95
epoch=20/300 lr=0.10000 train_acc=77.60 test_acc=76.17
epoch=21/300 lr=0.10000 train_acc=77.83 test_acc=78.57
epoch=22/300 lr=0.10000 train_acc=77.81 test_acc=75.74
epoch=23/300 lr=0.10000 train_acc=78.01 test_acc=79.53
epoch=24/300 lr=0.10000 train_acc=78.29 test_acc=64.50
epoch=25/300 lr=0.10000 train_acc=78.17 test_acc=76.61
epoch=26/300 lr=0.10000 train_acc=78.28 test_acc=75.96
epoch=27/300 lr=0.10000 train_acc=78.39 test_acc=71.15
epoch=28/300 lr=0.10000 train_acc=78.89 test_acc=73.45
epoch=29/300 lr=0.10000 train_acc=78.62 test_acc=80.81
epoch=30/300 lr=0.10000 train_acc=78.31 test_acc=73.73
epoch=31/300 lr=0.10000 train_acc=78.67 test_acc=73.11
epoch=32/300 lr=0.10000 train_acc=79.04 test_acc=72.33
epoch=33/300 lr=0.10000 train_acc=78.89 test_acc=79.59
epoch=34/300 lr=0.10000 train_acc=78.90 test_acc=78.87
epoch=35/300 lr=0.10000 train_acc=79.20 test_acc=65.16
epoch=36/300 lr=0.10000 train_acc=78.90 test_acc=78.32
epoch=37/300 lr=0.10000 train_acc=79.17 test_acc=81.00
epoch=38/300 lr=0.10000 train_acc=79.02 test_acc=78.24
epoch=39/300 lr=0.10000 train_acc=79.31 test_acc=80.42
epoch=40/300 lr=0.10000 train_acc=79.28 test_acc=79.58
epoch=41/300 lr=0.10000 train_acc=79.51 test_acc=76.70
epoch=42/300 lr=0.10000 train_acc=79.00 test_acc=78.90
epoch=43/300 lr=0.10000 train_acc=79.50 test_acc=77.31
epoch=44/300 lr=0.10000 train_acc=79.08 test_acc=78.76
epoch=45/300 lr=0.10000 train_acc=79.08 test_acc=80.38
epoch=46/300 lr=0.10000 train_acc=79.58 test_acc=77.04
epoch=47/300 lr=0.10000 train_acc=79.68 test_acc=77.99
epoch=48/300 lr=0.10000 train_acc=79.69 test_acc=76.39
epoch=49/300 lr=0.10000 train_acc=79.51 test_acc=80.78
epoch=50/300 lr=0.10000 train_acc=79.63 test_acc=79.41
epoch=51/300 lr=0.10000 train_acc=79.76 test_acc=79.01
epoch=52/300 lr=0.10000 train_acc=79.55 test_acc=72.90
epoch=53/300 lr=0.10000 train_acc=79.54 test_acc=76.20
epoch=54/300 lr=0.10000 train_acc=79.49 test_acc=76.01
epoch=55/300 lr=0.10000 train_acc=79.64 test_acc=74.23
epoch=56/300 lr=0.10000 train_acc=79.81 test_acc=73.41
epoch=57/300 lr=0.10000 train_acc=79.66 test_acc=78.73
epoch=58/300 lr=0.10000 train_acc=79.77 test_acc=75.42
epoch=59/300 lr=0.10000 train_acc=79.82 test_acc=80.26
epoch=60/300 lr=0.10000 train_acc=79.77 test_acc=77.31
epoch=61/300 lr=0.10000 train_acc=80.03 test_acc=77.84
epoch=62/300 lr=0.10000 train_acc=80.03 test_acc=77.99
epoch=63/300 lr=0.10000 train_acc=80.16 test_acc=76.64
epoch=64/300 lr=0.10000 train_acc=79.86 test_acc=76.77
epoch=65/300 lr=0.10000 train_acc=80.06 test_acc=75.50
epoch=66/300 lr=0.10000 train_acc=80.15 test_acc=75.93
epoch=67/300 lr=0.10000 train_acc=80.08 test_acc=77.34
epoch=68/300 lr=0.10000 train_acc=80.06 test_acc=80.24
epoch=69/300 lr=0.10000 train_acc=80.24 test_acc=82.88
epoch=70/300 lr=0.10000 train_acc=79.98 test_acc=71.69
epoch=71/300 lr=0.10000 train_acc=80.05 test_acc=76.83
epoch=72/300 lr=0.10000 train_acc=79.99 test_acc=76.75
epoch=73/300 lr=0.10000 train_acc=80.12 test_acc=68.60
epoch=74/300 lr=0.10000 train_acc=79.74 test_acc=77.75
epoch=75/300 lr=0.10000 train_acc=80.22 test_acc=79.47
epoch=76/300 lr=0.10000 train_acc=80.14 test_acc=76.53
epoch=77/300 lr=0.10000 train_acc=79.94 test_acc=74.40
epoch=78/300 lr=0.10000 train_acc=80.14 test_acc=80.72
epoch=79/300 lr=0.10000 train_acc=80.20 test_acc=81.32
epoch=80/300 lr=0.10000 train_acc=80.08 test_acc=80.61
epoch=81/300 lr=0.10000 train_acc=80.22 test_acc=81.76
epoch=82/300 lr=0.10000 train_acc=80.48 test_acc=75.06
epoch=83/300 lr=0.10000 train_acc=79.93 test_acc=73.40
epoch=84/300 lr=0.10000 train_acc=79.97 test_acc=76.22
epoch=85/300 lr=0.10000 train_acc=80.18 test_acc=77.66
epoch=86/300 lr=0.10000 train_acc=80.29 test_acc=79.36
epoch=87/300 lr=0.10000 train_acc=80.45 test_acc=78.16
epoch=88/300 lr=0.10000 train_acc=80.52 test_acc=75.05
epoch=89/300 lr=0.10000 train_acc=80.14 test_acc=80.00
epoch=90/300 lr=0.10000 train_acc=80.42 test_acc=74.83
epoch=91/300 lr=0.10000 train_acc=80.26 test_acc=74.84
epoch=92/300 lr=0.10000 train_acc=80.62 test_acc=75.64
epoch=93/300 lr=0.10000 train_acc=80.23 test_acc=76.63
epoch=94/300 lr=0.10000 train_acc=80.17 test_acc=81.33
epoch=95/300 lr=0.10000 train_acc=80.45 test_acc=75.07
epoch=96/300 lr=0.10000 train_acc=80.27 test_acc=77.21
epoch=97/300 lr=0.10000 train_acc=80.65 test_acc=79.37
epoch=98/300 lr=0.10000 train_acc=80.36 test_acc=73.14
epoch=99/300 lr=0.10000 train_acc=80.65 test_acc=76.87
epoch=100/300 lr=0.10000 train_acc=80.28 test_acc=75.57
epoch=101/300 lr=0.10000 train_acc=80.44 test_acc=79.60
epoch=102/300 lr=0.10000 train_acc=80.16 test_acc=79.13
epoch=103/300 lr=0.10000 train_acc=80.55 test_acc=76.62
epoch=104/300 lr=0.10000 train_acc=80.65 test_acc=69.98
epoch=105/300 lr=0.10000 train_acc=80.29 test_acc=80.81
epoch=106/300 lr=0.10000 train_acc=80.47 test_acc=74.51
epoch=107/300 lr=0.10000 train_acc=80.79 test_acc=74.75
epoch=108/300 lr=0.10000 train_acc=80.15 test_acc=78.85
epoch=109/300 lr=0.10000 train_acc=80.49 test_acc=79.10
epoch=110/300 lr=0.10000 train_acc=80.37 test_acc=76.49
epoch=111/300 lr=0.10000 train_acc=80.55 test_acc=77.61
epoch=112/300 lr=0.10000 train_acc=80.67 test_acc=73.53
epoch=113/300 lr=0.10000 train_acc=80.45 test_acc=81.29
epoch=114/300 lr=0.10000 train_acc=80.55 test_acc=75.63
epoch=115/300 lr=0.10000 train_acc=80.39 test_acc=68.44
epoch=116/300 lr=0.10000 train_acc=80.50 test_acc=79.40
epoch=117/300 lr=0.10000 train_acc=80.42 test_acc=75.81
epoch=118/300 lr=0.10000 train_acc=80.71 test_acc=79.66
epoch=119/300 lr=0.10000 train_acc=80.62 test_acc=79.68
epoch=120/300 lr=0.10000 train_acc=80.63 test_acc=80.80
epoch=121/300 lr=0.10000 train_acc=80.72 test_acc=79.73
epoch=122/300 lr=0.10000 train_acc=80.42 test_acc=78.90
epoch=123/300 lr=0.10000 train_acc=80.72 test_acc=78.44
epoch=124/300 lr=0.10000 train_acc=80.71 test_acc=74.99
epoch=125/300 lr=0.10000 train_acc=80.84 test_acc=79.44
epoch=126/300 lr=0.10000 train_acc=80.48 test_acc=77.93
epoch=127/300 lr=0.10000 train_acc=80.41 test_acc=78.82
epoch=128/300 lr=0.10000 train_acc=80.67 test_acc=81.64
epoch=129/300 lr=0.10000 train_acc=80.76 test_acc=77.74
epoch=130/300 lr=0.10000 train_acc=80.69 test_acc=75.55
epoch=131/300 lr=0.10000 train_acc=80.52 test_acc=81.11
epoch=132/300 lr=0.10000 train_acc=80.87 test_acc=77.14
epoch=133/300 lr=0.10000 train_acc=80.89 test_acc=77.65
epoch=134/300 lr=0.10000 train_acc=80.58 test_acc=79.94
epoch=135/300 lr=0.10000 train_acc=80.27 test_acc=76.11
epoch=136/300 lr=0.10000 train_acc=80.47 test_acc=77.22
epoch=137/300 lr=0.10000 train_acc=80.81 test_acc=75.90
epoch=138/300 lr=0.10000 train_acc=80.35 test_acc=68.44
epoch=139/300 lr=0.10000 train_acc=80.80 test_acc=80.43
epoch=140/300 lr=0.10000 train_acc=80.69 test_acc=82.16
epoch=141/300 lr=0.10000 train_acc=80.67 test_acc=72.92
epoch=142/300 lr=0.10000 train_acc=80.60 test_acc=79.95
epoch=143/300 lr=0.10000 train_acc=80.61 test_acc=74.74
epoch=144/300 lr=0.10000 train_acc=80.83 test_acc=70.54
epoch=145/300 lr=0.10000 train_acc=80.63 test_acc=75.73
epoch=146/300 lr=0.10000 train_acc=80.52 test_acc=80.25
epoch=147/300 lr=0.10000 train_acc=80.90 test_acc=84.20
epoch=148/300 lr=0.10000 train_acc=80.80 test_acc=73.99
epoch=149/300 lr=0.10000 train_acc=80.41 test_acc=68.68
epoch=150/300 lr=0.10000 train_acc=80.79 test_acc=79.88
epoch=151/300 lr=0.01000 train_acc=86.27 test_acc=89.35
epoch=152/300 lr=0.01000 train_acc=87.87 test_acc=90.10
epoch=153/300 lr=0.01000 train_acc=88.46 test_acc=90.18
epoch=154/300 lr=0.01000 train_acc=88.82 test_acc=90.59
epoch=155/300 lr=0.01000 train_acc=89.25 test_acc=90.70
epoch=156/300 lr=0.01000 train_acc=89.67 test_acc=90.86
epoch=157/300 lr=0.01000 train_acc=89.59 test_acc=90.76
epoch=158/300 lr=0.01000 train_acc=89.85 test_acc=90.68
epoch=159/300 lr=0.01000 train_acc=90.02 test_acc=90.98
epoch=160/300 lr=0.01000 train_acc=90.15 test_acc=90.76
epoch=161/300 lr=0.01000 train_acc=90.40 test_acc=90.68
epoch=162/300 lr=0.01000 train_acc=90.48 test_acc=90.82
epoch=163/300 lr=0.01000 train_acc=90.44 test_acc=90.54
epoch=164/300 lr=0.01000 train_acc=90.48 test_acc=90.54
epoch=165/300 lr=0.01000 train_acc=90.49 test_acc=90.61
epoch=166/300 lr=0.01000 train_acc=90.60 test_acc=90.47
epoch=167/300 lr=0.01000 train_acc=90.74 test_acc=90.66
epoch=168/300 lr=0.01000 train_acc=90.56 test_acc=91.03
epoch=169/300 lr=0.01000 train_acc=90.62 test_acc=90.35
epoch=170/300 lr=0.01000 train_acc=90.72 test_acc=90.44
epoch=171/300 lr=0.01000 train_acc=90.89 test_acc=90.74
epoch=172/300 lr=0.01000 train_acc=90.83 test_acc=91.15
epoch=173/300 lr=0.01000 train_acc=90.90 test_acc=90.58
epoch=174/300 lr=0.01000 train_acc=90.62 test_acc=90.34
epoch=175/300 lr=0.01000 train_acc=90.67 test_acc=90.49
epoch=176/300 lr=0.01000 train_acc=90.73 test_acc=90.16
epoch=177/300 lr=0.01000 train_acc=90.64 test_acc=90.48
epoch=178/300 lr=0.01000 train_acc=90.53 test_acc=90.45
epoch=179/300 lr=0.01000 train_acc=90.54 test_acc=89.68
epoch=180/300 lr=0.01000 train_acc=90.68 test_acc=90.60
epoch=181/300 lr=0.01000 train_acc=90.70 test_acc=90.15
epoch=182/300 lr=0.01000 train_acc=90.49 test_acc=89.62
epoch=183/300 lr=0.01000 train_acc=90.53 test_acc=90.29
epoch=184/300 lr=0.01000 train_acc=90.67 test_acc=90.91
epoch=185/300 lr=0.01000 train_acc=90.80 test_acc=90.54
epoch=186/300 lr=0.01000 train_acc=90.66 test_acc=90.14
epoch=187/300 lr=0.01000 train_acc=90.45 test_acc=89.58
epoch=188/300 lr=0.01000 train_acc=90.58 test_acc=89.22
epoch=189/300 lr=0.01000 train_acc=90.59 test_acc=89.94
epoch=190/300 lr=0.01000 train_acc=90.55 test_acc=89.70
epoch=191/300 lr=0.01000 train_acc=90.78 test_acc=90.79
epoch=192/300 lr=0.01000 train_acc=90.59 test_acc=90.30
epoch=193/300 lr=0.01000 train_acc=90.51 test_acc=89.68
epoch=194/300 lr=0.01000 train_acc=90.69 test_acc=90.34
epoch=195/300 lr=0.01000 train_acc=90.65 test_acc=90.12
epoch=196/300 lr=0.01000 train_acc=90.42 test_acc=89.72
epoch=197/300 lr=0.01000 train_acc=90.72 test_acc=88.14
epoch=198/300 lr=0.01000 train_acc=90.76 test_acc=90.12
epoch=199/300 lr=0.01000 train_acc=90.63 test_acc=90.28
epoch=200/300 lr=0.01000 train_acc=90.87 test_acc=89.83
epoch=201/300 lr=0.01000 train_acc=90.65 test_acc=89.32
epoch=202/300 lr=0.01000 train_acc=90.58 test_acc=89.69
epoch=203/300 lr=0.01000 train_acc=90.54 test_acc=89.74
epoch=204/300 lr=0.01000 train_acc=90.83 test_acc=89.67
epoch=205/300 lr=0.01000 train_acc=90.79 test_acc=88.14
epoch=206/300 lr=0.01000 train_acc=90.58 test_acc=90.22
epoch=207/300 lr=0.01000 train_acc=90.61 test_acc=89.48
epoch=208/300 lr=0.01000 train_acc=90.71 test_acc=88.97
epoch=209/300 lr=0.01000 train_acc=90.73 test_acc=89.56
epoch=210/300 lr=0.01000 train_acc=90.62 test_acc=89.87
epoch=211/300 lr=0.01000 train_acc=90.95 test_acc=88.92
epoch=212/300 lr=0.01000 train_acc=90.63 test_acc=89.60
epoch=213/300 lr=0.01000 train_acc=90.86 test_acc=89.97
epoch=214/300 lr=0.01000 train_acc=90.68 test_acc=89.69
epoch=215/300 lr=0.01000 train_acc=90.80 test_acc=89.36
epoch=216/300 lr=0.01000 train_acc=90.80 test_acc=88.95
epoch=217/300 lr=0.01000 train_acc=90.69 test_acc=90.08
epoch=218/300 lr=0.01000 train_acc=90.60 test_acc=90.24
epoch=219/300 lr=0.01000 train_acc=90.87 test_acc=89.80
epoch=220/300 lr=0.01000 train_acc=90.55 test_acc=90.55
epoch=221/300 lr=0.01000 train_acc=90.84 test_acc=89.62
epoch=222/300 lr=0.01000 train_acc=90.97 test_acc=90.33
epoch=223/300 lr=0.01000 train_acc=90.93 test_acc=90.46
epoch=224/300 lr=0.01000 train_acc=90.91 test_acc=89.93
epoch=225/300 lr=0.01000 train_acc=90.88 test_acc=90.10
epoch=226/300 lr=0.00100 train_acc=93.02 test_acc=92.31
epoch=227/300 lr=0.00100 train_acc=93.72 test_acc=92.50
epoch=228/300 lr=0.00100 train_acc=93.90 test_acc=92.82
epoch=229/300 lr=0.00100 train_acc=93.90 test_acc=92.62
epoch=230/300 lr=0.00100 train_acc=94.17 test_acc=92.65
epoch=231/300 lr=0.00100 train_acc=94.29 test_acc=92.94
epoch=232/300 lr=0.00100 train_acc=94.44 test_acc=92.85
epoch=233/300 lr=0.00100 train_acc=94.66 test_acc=92.90
epoch=234/300 lr=0.00100 train_acc=94.57 test_acc=92.76
epoch=235/300 lr=0.00100 train_acc=94.70 test_acc=92.85
epoch=236/300 lr=0.00100 train_acc=94.73 test_acc=92.89
epoch=237/300 lr=0.00100 train_acc=94.45 test_acc=92.96
epoch=238/300 lr=0.00100 train_acc=94.50 test_acc=92.99
epoch=239/300 lr=0.00100 train_acc=94.65 test_acc=92.96
epoch=240/300 lr=0.00100 train_acc=94.68 test_acc=92.71
epoch=241/300 lr=0.00100 train_acc=94.83 test_acc=92.89
epoch=242/300 lr=0.00100 train_acc=94.66 test_acc=92.75
epoch=243/300 lr=0.00100 train_acc=95.00 test_acc=93.12
epoch=244/300 lr=0.00100 train_acc=94.81 test_acc=92.93
epoch=245/300 lr=0.00100 train_acc=94.93 test_acc=92.94
epoch=246/300 lr=0.00100 train_acc=94.98 test_acc=92.97
epoch=247/300 lr=0.00100 train_acc=94.95 test_acc=92.90
epoch=248/300 lr=0.00100 train_acc=94.94 test_acc=92.94
epoch=249/300 lr=0.00100 train_acc=94.82 test_acc=92.97
epoch=250/300 lr=0.00100 train_acc=95.13 test_acc=92.96
epoch=251/300 lr=0.00100 train_acc=95.08 test_acc=93.11
epoch=252/300 lr=0.00100 train_acc=95.07 test_acc=93.00
epoch=253/300 lr=0.00100 train_acc=95.01 test_acc=92.87
epoch=254/300 lr=0.00100 train_acc=95.11 test_acc=93.02
epoch=255/300 lr=0.00100 train_acc=95.12 test_acc=93.05
epoch=256/300 lr=0.00100 train_acc=95.04 test_acc=93.08
epoch=257/300 lr=0.00100 train_acc=95.01 test_acc=92.99
epoch=258/300 lr=0.00100 train_acc=95.00 test_acc=93.14
epoch=259/300 lr=0.00100 train_acc=95.15 test_acc=93.11
epoch=260/300 lr=0.00100 train_acc=95.32 test_acc=93.17
epoch=261/300 lr=0.00100 train_acc=95.12 test_acc=93.12
epoch=262/300 lr=0.00100 train_acc=95.31 test_acc=93.19
epoch=263/300 lr=0.00100 train_acc=95.35 test_acc=93.14
epoch=264/300 lr=0.00100 train_acc=95.14 test_acc=93.13
epoch=265/300 lr=0.00100 train_acc=95.27 test_acc=93.14
epoch=266/300 lr=0.00100 train_acc=95.35 test_acc=92.98
epoch=267/300 lr=0.00100 train_acc=95.27 test_acc=92.94
epoch=268/300 lr=0.00100 train_acc=95.43 test_acc=93.03
epoch=269/300 lr=0.00100 train_acc=95.25 test_acc=92.78
epoch=270/300 lr=0.00100 train_acc=95.37 test_acc=93.05
epoch=271/300 lr=0.00100 train_acc=95.36 test_acc=93.03
epoch=272/300 lr=0.00100 train_acc=95.52 test_acc=93.06
epoch=273/300 lr=0.00100 train_acc=95.29 test_acc=93.01
epoch=274/300 lr=0.00100 train_acc=95.46 test_acc=93.02
epoch=275/300 lr=0.00100 train_acc=95.43 test_acc=93.10
epoch=276/300 lr=0.00100 train_acc=95.40 test_acc=93.01
epoch=277/300 lr=0.00100 train_acc=95.50 test_acc=93.00
epoch=278/300 lr=0.00100 train_acc=95.39 test_acc=93.00
epoch=279/300 lr=0.00100 train_acc=95.44 test_acc=92.97
epoch=280/300 lr=0.00100 train_acc=95.50 test_acc=93.06
epoch=281/300 lr=0.00100 train_acc=95.41 test_acc=93.09
epoch=282/300 lr=0.00100 train_acc=95.40 test_acc=92.98
epoch=283/300 lr=0.00100 train_acc=95.47 test_acc=92.96
epoch=284/300 lr=0.00100 train_acc=95.31 test_acc=93.08
epoch=285/300 lr=0.00100 train_acc=95.57 test_acc=92.83
epoch=286/300 lr=0.00100 train_acc=95.58 test_acc=92.94
epoch=287/300 lr=0.00100 train_acc=95.61 test_acc=93.28
epoch=288/300 lr=0.00100 train_acc=95.64 test_acc=93.00
epoch=289/300 lr=0.00100 train_acc=95.59 test_acc=92.92
epoch=290/300 lr=0.00100 train_acc=95.56 test_acc=93.18
epoch=291/300 lr=0.00100 train_acc=95.51 test_acc=92.96
epoch=292/300 lr=0.00100 train_acc=95.52 test_acc=93.15
epoch=293/300 lr=0.00100 train_acc=95.69 test_acc=93.14
epoch=294/300 lr=0.00100 train_acc=95.59 test_acc=92.80
epoch=295/300 lr=0.00100 train_acc=95.63 test_acc=93.04
epoch=296/300 lr=0.00100 train_acc=95.64 test_acc=93.10
epoch=297/300 lr=0.00100 train_acc=95.56 test_acc=93.28
epoch=298/300 lr=0.00100 train_acc=95.76 test_acc=92.86
epoch=299/300 lr=0.00100 train_acc=95.69 test_acc=93.06
epoch=300/300 lr=0.00100 train_acc=95.51 test_acc=92.77
{
  "best_accuracy": 93.28,
  "best_error_rate": 6.719999999999999,
  "final_accuracy": 92.77,
  "final_error_rate": 7.230000000000004,
  "elapsed_seconds": 1944.05628490448,
  "is_paper_result": false,
  "note": "New reproduction result; compare against paper target separately."
}
start experiment=cifar10_resnet20_re_paper seed=1003
epoch=1/300 lr=0.10000 train_acc=33.86 test_acc=46.84
epoch=2/300 lr=0.10000 train_acc=51.29 test_acc=48.57
epoch=3/300 lr=0.10000 train_acc=60.36 test_acc=64.66
epoch=4/300 lr=0.10000 train_acc=66.16 test_acc=58.98
epoch=5/300 lr=0.10000 train_acc=68.67 test_acc=65.60
epoch=6/300 lr=0.10000 train_acc=70.98 test_acc=71.25
epoch=7/300 lr=0.10000 train_acc=71.99 test_acc=74.96
epoch=8/300 lr=0.10000 train_acc=72.89 test_acc=71.12
epoch=9/300 lr=0.10000 train_acc=73.81 test_acc=69.24
epoch=10/300 lr=0.10000 train_acc=74.57 test_acc=68.35
epoch=11/300 lr=0.10000 train_acc=74.78 test_acc=76.00
epoch=12/300 lr=0.10000 train_acc=75.31 test_acc=60.17
epoch=13/300 lr=0.10000 train_acc=75.95 test_acc=70.98
epoch=14/300 lr=0.10000 train_acc=76.00 test_acc=69.13
epoch=15/300 lr=0.10000 train_acc=76.07 test_acc=61.82
epoch=16/300 lr=0.10000 train_acc=76.86 test_acc=74.26
epoch=17/300 lr=0.10000 train_acc=76.56 test_acc=79.01
epoch=18/300 lr=0.10000 train_acc=77.10 test_acc=74.98
epoch=19/300 lr=0.10000 train_acc=77.12 test_acc=76.70
epoch=20/300 lr=0.10000 train_acc=77.46 test_acc=75.18
epoch=21/300 lr=0.10000 train_acc=77.71 test_acc=71.05
epoch=22/300 lr=0.10000 train_acc=77.39 test_acc=72.47
epoch=23/300 lr=0.10000 train_acc=77.93 test_acc=74.82
epoch=24/300 lr=0.10000 train_acc=77.90 test_acc=70.67
epoch=25/300 lr=0.10000 train_acc=77.96 test_acc=69.29
epoch=26/300 lr=0.10000 train_acc=78.37 test_acc=76.26
epoch=27/300 lr=0.10000 train_acc=78.02 test_acc=71.08
epoch=28/300 lr=0.10000 train_acc=78.68 test_acc=74.10
epoch=29/300 lr=0.10000 train_acc=78.41 test_acc=63.82
epoch=30/300 lr=0.10000 train_acc=78.47 test_acc=75.77
epoch=31/300 lr=0.10000 train_acc=78.40 test_acc=78.14
epoch=32/300 lr=0.10000 train_acc=78.90 test_acc=76.72
epoch=33/300 lr=0.10000 train_acc=78.64 test_acc=72.31
epoch=34/300 lr=0.10000 train_acc=78.87 test_acc=78.11
epoch=35/300 lr=0.10000 train_acc=78.98 test_acc=76.58
epoch=36/300 lr=0.10000 train_acc=78.65 test_acc=74.15
epoch=37/300 lr=0.10000 train_acc=79.00 test_acc=76.96
epoch=38/300 lr=0.10000 train_acc=78.72 test_acc=71.36
epoch=39/300 lr=0.10000 train_acc=78.85 test_acc=73.09
epoch=40/300 lr=0.10000 train_acc=79.05 test_acc=74.73
epoch=41/300 lr=0.10000 train_acc=79.20 test_acc=68.50
epoch=42/300 lr=0.10000 train_acc=79.07 test_acc=76.66
epoch=43/300 lr=0.10000 train_acc=79.14 test_acc=72.03
epoch=44/300 lr=0.10000 train_acc=79.08 test_acc=74.93
epoch=45/300 lr=0.10000 train_acc=79.42 test_acc=74.16
epoch=46/300 lr=0.10000 train_acc=79.14 test_acc=74.36
epoch=47/300 lr=0.10000 train_acc=79.24 test_acc=75.31
epoch=48/300 lr=0.10000 train_acc=79.39 test_acc=68.43
epoch=49/300 lr=0.10000 train_acc=79.38 test_acc=80.67
epoch=50/300 lr=0.10000 train_acc=79.33 test_acc=73.50
epoch=51/300 lr=0.10000 train_acc=79.49 test_acc=77.06
epoch=52/300 lr=0.10000 train_acc=79.26 test_acc=75.34
epoch=53/300 lr=0.10000 train_acc=79.42 test_acc=78.72
epoch=54/300 lr=0.10000 train_acc=79.53 test_acc=78.74
epoch=55/300 lr=0.10000 train_acc=79.54 test_acc=76.71
epoch=56/300 lr=0.10000 train_acc=79.70 test_acc=69.56
epoch=57/300 lr=0.10000 train_acc=79.78 test_acc=62.41
epoch=58/300 lr=0.10000 train_acc=79.36 test_acc=77.47
epoch=59/300 lr=0.10000 train_acc=79.77 test_acc=79.02
epoch=60/300 lr=0.10000 train_acc=79.59 test_acc=78.25
epoch=61/300 lr=0.10000 train_acc=79.91 test_acc=79.57
epoch=62/300 lr=0.10000 train_acc=79.69 test_acc=77.49
epoch=63/300 lr=0.10000 train_acc=79.87 test_acc=77.39
epoch=64/300 lr=0.10000 train_acc=79.95 test_acc=76.49
epoch=65/300 lr=0.10000 train_acc=79.88 test_acc=77.75
epoch=66/300 lr=0.10000 train_acc=79.87 test_acc=75.55
epoch=67/300 lr=0.10000 train_acc=79.61 test_acc=72.99
epoch=68/300 lr=0.10000 train_acc=80.04 test_acc=76.52
epoch=69/300 lr=0.10000 train_acc=80.17 test_acc=77.46
epoch=70/300 lr=0.10000 train_acc=80.05 test_acc=74.10
epoch=71/300 lr=0.10000 train_acc=80.43 test_acc=78.80
epoch=72/300 lr=0.10000 train_acc=79.97 test_acc=77.37
epoch=73/300 lr=0.10000 train_acc=80.05 test_acc=76.83
epoch=74/300 lr=0.10000 train_acc=80.05 test_acc=69.15
epoch=75/300 lr=0.10000 train_acc=79.66 test_acc=73.73
epoch=76/300 lr=0.10000 train_acc=79.99 test_acc=81.87
epoch=77/300 lr=0.10000 train_acc=80.20 test_acc=80.14
epoch=78/300 lr=0.10000 train_acc=80.52 test_acc=76.75
epoch=79/300 lr=0.10000 train_acc=79.90 test_acc=81.99
epoch=80/300 lr=0.10000 train_acc=80.18 test_acc=69.85
epoch=81/300 lr=0.10000 train_acc=80.24 test_acc=80.78
epoch=82/300 lr=0.10000 train_acc=80.29 test_acc=79.84
epoch=83/300 lr=0.10000 train_acc=79.96 test_acc=77.46
epoch=84/300 lr=0.10000 train_acc=80.03 test_acc=73.13
epoch=85/300 lr=0.10000 train_acc=80.19 test_acc=75.19
epoch=86/300 lr=0.10000 train_acc=80.00 test_acc=76.52
epoch=87/300 lr=0.10000 train_acc=80.34 test_acc=79.79
epoch=88/300 lr=0.10000 train_acc=79.93 test_acc=68.67
epoch=89/300 lr=0.10000 train_acc=80.34 test_acc=75.34
epoch=90/300 lr=0.10000 train_acc=80.24 test_acc=75.58
epoch=91/300 lr=0.10000 train_acc=80.27 test_acc=77.17
epoch=92/300 lr=0.10000 train_acc=80.13 test_acc=73.91
epoch=93/300 lr=0.10000 train_acc=80.34 test_acc=79.38
epoch=94/300 lr=0.10000 train_acc=80.00 test_acc=68.98
epoch=95/300 lr=0.10000 train_acc=80.13 test_acc=80.77
epoch=96/300 lr=0.10000 train_acc=80.23 test_acc=79.06
epoch=97/300 lr=0.10000 train_acc=80.23 test_acc=74.92
epoch=98/300 lr=0.10000 train_acc=80.10 test_acc=71.09
epoch=99/300 lr=0.10000 train_acc=80.17 test_acc=79.98
epoch=100/300 lr=0.10000 train_acc=80.24 test_acc=79.39
epoch=101/300 lr=0.10000 train_acc=79.97 test_acc=80.77
epoch=102/300 lr=0.10000 train_acc=80.30 test_acc=74.46
epoch=103/300 lr=0.10000 train_acc=80.53 test_acc=78.39
epoch=104/300 lr=0.10000 train_acc=80.37 test_acc=71.56
epoch=105/300 lr=0.10000 train_acc=80.14 test_acc=77.89
epoch=106/300 lr=0.10000 train_acc=80.73 test_acc=73.68
epoch=107/300 lr=0.10000 train_acc=80.32 test_acc=79.52
epoch=108/300 lr=0.10000 train_acc=80.44 test_acc=67.16
epoch=109/300 lr=0.10000 train_acc=80.29 test_acc=78.23
epoch=110/300 lr=0.10000 train_acc=80.78 test_acc=78.95
epoch=111/300 lr=0.10000 train_acc=80.44 test_acc=80.56
epoch=112/300 lr=0.10000 train_acc=80.50 test_acc=74.20
epoch=113/300 lr=0.10000 train_acc=80.66 test_acc=77.59
epoch=114/300 lr=0.10000 train_acc=80.64 test_acc=72.08
epoch=115/300 lr=0.10000 train_acc=80.47 test_acc=76.36
epoch=116/300 lr=0.10000 train_acc=80.56 test_acc=78.82
epoch=117/300 lr=0.10000 train_acc=80.52 test_acc=77.37
epoch=118/300 lr=0.10000 train_acc=80.44 test_acc=77.86
epoch=119/300 lr=0.10000 train_acc=80.68 test_acc=79.33
epoch=120/300 lr=0.10000 train_acc=80.37 test_acc=77.38
epoch=121/300 lr=0.10000 train_acc=80.64 test_acc=74.35
epoch=122/300 lr=0.10000 train_acc=80.40 test_acc=79.71
epoch=123/300 lr=0.10000 train_acc=80.60 test_acc=81.56
epoch=124/300 lr=0.10000 train_acc=80.85 test_acc=80.81
epoch=125/300 lr=0.10000 train_acc=80.48 test_acc=80.26
epoch=126/300 lr=0.10000 train_acc=80.62 test_acc=81.52
epoch=127/300 lr=0.10000 train_acc=80.67 test_acc=77.30
epoch=128/300 lr=0.10000 train_acc=80.62 test_acc=79.80
epoch=129/300 lr=0.10000 train_acc=80.77 test_acc=74.78
epoch=130/300 lr=0.10000 train_acc=80.44 test_acc=67.51
epoch=131/300 lr=0.10000 train_acc=80.38 test_acc=77.78
epoch=132/300 lr=0.10000 train_acc=80.60 test_acc=81.57
epoch=133/300 lr=0.10000 train_acc=80.60 test_acc=75.04
epoch=134/300 lr=0.10000 train_acc=80.57 test_acc=75.60
epoch=135/300 lr=0.10000 train_acc=80.41 test_acc=76.53
epoch=136/300 lr=0.10000 train_acc=80.40 test_acc=79.69
epoch=137/300 lr=0.10000 train_acc=80.63 test_acc=80.47
epoch=138/300 lr=0.10000 train_acc=80.51 test_acc=74.45
epoch=139/300 lr=0.10000 train_acc=80.13 test_acc=78.26
epoch=140/300 lr=0.10000 train_acc=80.78 test_acc=76.69
epoch=141/300 lr=0.10000 train_acc=80.55 test_acc=76.71
epoch=142/300 lr=0.10000 train_acc=80.42 test_acc=80.09
epoch=143/300 lr=0.10000 train_acc=80.54 test_acc=79.08
epoch=144/300 lr=0.10000 train_acc=80.58 test_acc=78.49
epoch=145/300 lr=0.10000 train_acc=80.28 test_acc=80.95
epoch=146/300 lr=0.10000 train_acc=80.50 test_acc=76.95
epoch=147/300 lr=0.10000 train_acc=80.61 test_acc=81.54
epoch=148/300 lr=0.10000 train_acc=80.64 test_acc=81.20
epoch=149/300 lr=0.10000 train_acc=80.70 test_acc=74.06
epoch=150/300 lr=0.10000 train_acc=80.60 test_acc=78.54
epoch=151/300 lr=0.01000 train_acc=86.13 test_acc=89.50
epoch=152/300 lr=0.01000 train_acc=87.84 test_acc=89.99
epoch=153/300 lr=0.01000 train_acc=88.45 test_acc=90.12
epoch=154/300 lr=0.01000 train_acc=88.71 test_acc=90.64
epoch=155/300 lr=0.01000 train_acc=89.10 test_acc=90.91
epoch=156/300 lr=0.01000 train_acc=89.39 test_acc=90.40
epoch=157/300 lr=0.01000 train_acc=89.27 test_acc=90.63
epoch=158/300 lr=0.01000 train_acc=89.57 test_acc=90.81
epoch=159/300 lr=0.01000 train_acc=89.76 test_acc=90.62
epoch=160/300 lr=0.01000 train_acc=89.93 test_acc=90.53
epoch=161/300 lr=0.01000 train_acc=90.11 test_acc=90.86
epoch=162/300 lr=0.01000 train_acc=90.26 test_acc=90.65
epoch=163/300 lr=0.01000 train_acc=90.30 test_acc=91.03
epoch=164/300 lr=0.01000 train_acc=90.38 test_acc=91.20
epoch=165/300 lr=0.01000 train_acc=90.36 test_acc=90.94
epoch=166/300 lr=0.01000 train_acc=90.51 test_acc=90.98
epoch=167/300 lr=0.01000 train_acc=90.49 test_acc=91.18
epoch=168/300 lr=0.01000 train_acc=90.58 test_acc=90.57
epoch=169/300 lr=0.01000 train_acc=90.61 test_acc=90.72
epoch=170/300 lr=0.01000 train_acc=90.50 test_acc=90.71
epoch=171/300 lr=0.01000 train_acc=90.55 test_acc=90.83
epoch=172/300 lr=0.01000 train_acc=90.60 test_acc=90.34
epoch=173/300 lr=0.01000 train_acc=90.34 test_acc=90.77
epoch=174/300 lr=0.01000 train_acc=90.60 test_acc=90.17
epoch=175/300 lr=0.01000 train_acc=90.29 test_acc=90.22
epoch=176/300 lr=0.01000 train_acc=90.45 test_acc=90.45
epoch=177/300 lr=0.01000 train_acc=90.86 test_acc=90.26
epoch=178/300 lr=0.01000 train_acc=90.66 test_acc=90.02
epoch=179/300 lr=0.01000 train_acc=90.69 test_acc=90.54
epoch=180/300 lr=0.01000 train_acc=90.66 test_acc=90.12
epoch=181/300 lr=0.01000 train_acc=90.47 test_acc=89.01
epoch=182/300 lr=0.01000 train_acc=90.71 test_acc=90.29
epoch=183/300 lr=0.01000 train_acc=90.32 test_acc=88.88
epoch=184/300 lr=0.01000 train_acc=90.53 test_acc=90.27
epoch=185/300 lr=0.01000 train_acc=90.50 test_acc=90.01
epoch=186/300 lr=0.01000 train_acc=90.32 test_acc=90.36
epoch=187/300 lr=0.01000 train_acc=90.77 test_acc=90.23
epoch=188/300 lr=0.01000 train_acc=90.61 test_acc=89.96
epoch=189/300 lr=0.01000 train_acc=90.46 test_acc=90.59
epoch=190/300 lr=0.01000 train_acc=90.63 test_acc=90.61
epoch=191/300 lr=0.01000 train_acc=90.61 test_acc=90.26
epoch=192/300 lr=0.01000 train_acc=90.51 test_acc=90.34
epoch=193/300 lr=0.01000 train_acc=90.34 test_acc=90.11
epoch=194/300 lr=0.01000 train_acc=90.50 test_acc=89.28
epoch=195/300 lr=0.01000 train_acc=90.58 test_acc=89.75
epoch=196/300 lr=0.01000 train_acc=90.67 test_acc=90.16
epoch=197/300 lr=0.01000 train_acc=90.78 test_acc=89.29
epoch=198/300 lr=0.01000 train_acc=90.71 test_acc=89.98
epoch=199/300 lr=0.01000 train_acc=90.50 test_acc=89.86
epoch=200/300 lr=0.01000 train_acc=90.54 test_acc=89.68
epoch=201/300 lr=0.01000 train_acc=90.52 test_acc=89.26
epoch=202/300 lr=0.01000 train_acc=90.70 test_acc=91.14
epoch=203/300 lr=0.01000 train_acc=90.54 test_acc=89.84
epoch=204/300 lr=0.01000 train_acc=90.63 test_acc=89.87
epoch=205/300 lr=0.01000 train_acc=90.49 test_acc=90.13
epoch=206/300 lr=0.01000 train_acc=90.75 test_acc=89.38
epoch=207/300 lr=0.01000 train_acc=90.60 test_acc=90.20
epoch=208/300 lr=0.01000 train_acc=90.56 test_acc=89.99
epoch=209/300 lr=0.01000 train_acc=90.63 test_acc=90.19
epoch=210/300 lr=0.01000 train_acc=90.78 test_acc=90.08
epoch=211/300 lr=0.01000 train_acc=90.95 test_acc=89.87
epoch=212/300 lr=0.01000 train_acc=90.71 test_acc=89.81
epoch=213/300 lr=0.01000 train_acc=90.61 test_acc=89.06
epoch=214/300 lr=0.01000 train_acc=90.62 test_acc=89.20
epoch=215/300 lr=0.01000 train_acc=90.86 test_acc=89.36
epoch=216/300 lr=0.01000 train_acc=90.87 test_acc=90.49
epoch=217/300 lr=0.01000 train_acc=90.66 test_acc=89.74
epoch=218/300 lr=0.01000 train_acc=90.63 test_acc=90.54
epoch=219/300 lr=0.01000 train_acc=90.81 test_acc=88.97
epoch=220/300 lr=0.01000 train_acc=90.59 test_acc=89.70
epoch=221/300 lr=0.01000 train_acc=90.81 test_acc=90.09
epoch=222/300 lr=0.01000 train_acc=90.76 test_acc=89.36
epoch=223/300 lr=0.01000 train_acc=90.73 test_acc=90.41
epoch=224/300 lr=0.01000 train_acc=90.88 test_acc=89.69
epoch=225/300 lr=0.01000 train_acc=90.78 test_acc=90.61
epoch=226/300 lr=0.00100 train_acc=92.74 test_acc=92.68
epoch=227/300 lr=0.00100 train_acc=93.64 test_acc=92.86
epoch=228/300 lr=0.00100 train_acc=93.68 test_acc=93.13
epoch=229/300 lr=0.00100 train_acc=94.04 test_acc=93.03
epoch=230/300 lr=0.00100 train_acc=94.06 test_acc=93.03
epoch=231/300 lr=0.00100 train_acc=94.12 test_acc=93.03
epoch=232/300 lr=0.00100 train_acc=94.21 test_acc=93.22
epoch=233/300 lr=0.00100 train_acc=94.25 test_acc=93.15
epoch=234/300 lr=0.00100 train_acc=94.42 test_acc=93.22
epoch=235/300 lr=0.00100 train_acc=94.49 test_acc=92.98
epoch=236/300 lr=0.00100 train_acc=94.45 test_acc=93.03
epoch=237/300 lr=0.00100 train_acc=94.60 test_acc=93.14
epoch=238/300 lr=0.00100 train_acc=94.52 test_acc=93.20
epoch=239/300 lr=0.00100 train_acc=94.71 test_acc=93.37
epoch=240/300 lr=0.00100 train_acc=94.64 test_acc=93.12
epoch=241/300 lr=0.00100 train_acc=94.68 test_acc=93.07
epoch=242/300 lr=0.00100 train_acc=94.70 test_acc=93.33
epoch=243/300 lr=0.00100 train_acc=94.85 test_acc=93.28
epoch=244/300 lr=0.00100 train_acc=94.68 test_acc=93.21
epoch=245/300 lr=0.00100 train_acc=94.79 test_acc=93.11
epoch=246/300 lr=0.00100 train_acc=94.89 test_acc=93.18
epoch=247/300 lr=0.00100 train_acc=94.91 test_acc=93.06
epoch=248/300 lr=0.00100 train_acc=95.14 test_acc=93.35
epoch=249/300 lr=0.00100 train_acc=95.02 test_acc=92.87
epoch=250/300 lr=0.00100 train_acc=94.89 test_acc=93.05
epoch=251/300 lr=0.00100 train_acc=95.09 test_acc=93.06
epoch=252/300 lr=0.00100 train_acc=95.06 test_acc=93.26
epoch=253/300 lr=0.00100 train_acc=94.87 test_acc=93.29
epoch=254/300 lr=0.00100 train_acc=94.91 test_acc=93.22
epoch=255/300 lr=0.00100 train_acc=95.23 test_acc=93.13
epoch=256/300 lr=0.00100 train_acc=95.00 test_acc=93.25
epoch=257/300 lr=0.00100 train_acc=95.09 test_acc=93.22
epoch=258/300 lr=0.00100 train_acc=95.10 test_acc=93.31
epoch=259/300 lr=0.00100 train_acc=95.05 test_acc=93.36
epoch=260/300 lr=0.00100 train_acc=95.27 test_acc=93.27
epoch=261/300 lr=0.00100 train_acc=95.21 test_acc=93.24
epoch=262/300 lr=0.00100 train_acc=95.16 test_acc=93.35
epoch=263/300 lr=0.00100 train_acc=95.31 test_acc=92.97
epoch=264/300 lr=0.00100 train_acc=95.22 test_acc=93.23
epoch=265/300 lr=0.00100 train_acc=95.29 test_acc=93.27
epoch=266/300 lr=0.00100 train_acc=95.25 test_acc=93.34
epoch=267/300 lr=0.00100 train_acc=95.53 test_acc=93.17
epoch=268/300 lr=0.00100 train_acc=95.23 test_acc=93.35
epoch=269/300 lr=0.00100 train_acc=95.32 test_acc=93.45
epoch=270/300 lr=0.00100 train_acc=95.31 test_acc=93.24
epoch=271/300 lr=0.00100 train_acc=95.29 test_acc=93.39
epoch=272/300 lr=0.00100 train_acc=95.32 test_acc=93.13
epoch=273/300 lr=0.00100 train_acc=95.51 test_acc=93.23
epoch=274/300 lr=0.00100 train_acc=95.26 test_acc=93.16
epoch=275/300 lr=0.00100 train_acc=95.51 test_acc=93.31
epoch=276/300 lr=0.00100 train_acc=95.57 test_acc=93.15
epoch=277/300 lr=0.00100 train_acc=95.34 test_acc=93.20
epoch=278/300 lr=0.00100 train_acc=95.51 test_acc=93.10
epoch=279/300 lr=0.00100 train_acc=95.30 test_acc=93.27
epoch=280/300 lr=0.00100 train_acc=95.36 test_acc=93.36
epoch=281/300 lr=0.00100 train_acc=95.62 test_acc=93.34
epoch=282/300 lr=0.00100 train_acc=95.33 test_acc=93.44
epoch=283/300 lr=0.00100 train_acc=95.49 test_acc=93.22
epoch=284/300 lr=0.00100 train_acc=95.47 test_acc=93.22
epoch=285/300 lr=0.00100 train_acc=95.56 test_acc=93.20
epoch=286/300 lr=0.00100 train_acc=95.45 test_acc=93.07
epoch=287/300 lr=0.00100 train_acc=95.64 test_acc=93.33
epoch=288/300 lr=0.00100 train_acc=95.59 test_acc=93.31
epoch=289/300 lr=0.00100 train_acc=95.58 test_acc=93.20
epoch=290/300 lr=0.00100 train_acc=95.47 test_acc=93.23
epoch=291/300 lr=0.00100 train_acc=95.42 test_acc=93.23
epoch=292/300 lr=0.00100 train_acc=95.51 test_acc=93.29
epoch=293/300 lr=0.00100 train_acc=95.47 test_acc=93.10
epoch=294/300 lr=0.00100 train_acc=95.54 test_acc=93.02
epoch=295/300 lr=0.00100 train_acc=95.62 test_acc=93.19
epoch=296/300 lr=0.00100 train_acc=95.58 test_acc=93.21
epoch=297/300 lr=0.00100 train_acc=95.54 test_acc=93.29
epoch=298/300 lr=0.00100 train_acc=95.64 test_acc=93.23
epoch=299/300 lr=0.00100 train_acc=95.56 test_acc=93.31
epoch=300/300 lr=0.00100 train_acc=95.54 test_acc=93.45
{
  "best_accuracy": 93.45,
  "best_error_rate": 6.549999999999997,
  "final_accuracy": 93.45,
  "final_error_rate": 6.549999999999997,
  "elapsed_seconds": 1949.723909854889,
  "is_paper_result": false,
  "note": "New reproduction result; compare against paper target separately."
}
start experiment=cifar10_resnet20_re_paper seed=1004
epoch=1/300 lr=0.10000 train_acc=36.74 test_acc=49.45
epoch=2/300 lr=0.10000 train_acc=54.19 test_acc=52.80
epoch=3/300 lr=0.10000 train_acc=62.33 test_acc=62.72
epoch=4/300 lr=0.10000 train_acc=67.16 test_acc=66.32
epoch=5/300 lr=0.10000 train_acc=69.40 test_acc=73.45
epoch=6/300 lr=0.10000 train_acc=71.49 test_acc=73.45
epoch=7/300 lr=0.10000 train_acc=72.56 test_acc=72.26
epoch=8/300 lr=0.10000 train_acc=73.34 test_acc=72.56
epoch=9/300 lr=0.10000 train_acc=74.02 test_acc=65.93
epoch=10/300 lr=0.10000 train_acc=74.64 test_acc=67.86
epoch=11/300 lr=0.10000 train_acc=74.94 test_acc=73.79
epoch=12/300 lr=0.10000 train_acc=75.54 test_acc=74.05
epoch=13/300 lr=0.10000 train_acc=75.89 test_acc=75.04
epoch=14/300 lr=0.10000 train_acc=76.49 test_acc=71.18
epoch=15/300 lr=0.10000 train_acc=76.73 test_acc=66.01
epoch=16/300 lr=0.10000 train_acc=76.98 test_acc=73.92
epoch=17/300 lr=0.10000 train_acc=77.35 test_acc=79.66
epoch=18/300 lr=0.10000 train_acc=77.13 test_acc=77.13
epoch=19/300 lr=0.10000 train_acc=77.51 test_acc=76.47
epoch=20/300 lr=0.10000 train_acc=77.48 test_acc=77.97
epoch=21/300 lr=0.10000 train_acc=77.64 test_acc=77.33
epoch=22/300 lr=0.10000 train_acc=78.01 test_acc=76.58
epoch=23/300 lr=0.10000 train_acc=78.04 test_acc=61.92
epoch=24/300 lr=0.10000 train_acc=78.05 test_acc=75.62
epoch=25/300 lr=0.10000 train_acc=78.52 test_acc=71.23
epoch=26/300 lr=0.10000 train_acc=78.72 test_acc=78.98
epoch=27/300 lr=0.10000 train_acc=78.27 test_acc=76.30
epoch=28/300 lr=0.10000 train_acc=78.67 test_acc=72.66
epoch=29/300 lr=0.10000 train_acc=78.46 test_acc=67.84
epoch=30/300 lr=0.10000 train_acc=78.88 test_acc=73.79
epoch=31/300 lr=0.10000 train_acc=78.52 test_acc=73.69
epoch=32/300 lr=0.10000 train_acc=78.91 test_acc=65.68
epoch=33/300 lr=0.10000 train_acc=79.06 test_acc=77.47
epoch=34/300 lr=0.10000 train_acc=78.66 test_acc=77.77
epoch=35/300 lr=0.10000 train_acc=78.71 test_acc=72.97
epoch=36/300 lr=0.10000 train_acc=78.97 test_acc=75.64
epoch=37/300 lr=0.10000 train_acc=78.87 test_acc=72.32
epoch=38/300 lr=0.10000 train_acc=79.06 test_acc=74.13
epoch=39/300 lr=0.10000 train_acc=78.97 test_acc=69.33
epoch=40/300 lr=0.10000 train_acc=79.06 test_acc=79.61
epoch=41/300 lr=0.10000 train_acc=79.65 test_acc=78.54
epoch=42/300 lr=0.10000 train_acc=79.30 test_acc=75.43
epoch=43/300 lr=0.10000 train_acc=79.24 test_acc=72.50
epoch=44/300 lr=0.10000 train_acc=79.43 test_acc=78.36
epoch=45/300 lr=0.10000 train_acc=79.16 test_acc=79.79
epoch=46/300 lr=0.10000 train_acc=79.37 test_acc=75.52
epoch=47/300 lr=0.10000 train_acc=79.55 test_acc=76.99
epoch=48/300 lr=0.10000 train_acc=79.62 test_acc=71.81
epoch=49/300 lr=0.10000 train_acc=79.51 test_acc=77.03
epoch=50/300 lr=0.10000 train_acc=79.29 test_acc=66.16
epoch=51/300 lr=0.10000 train_acc=79.79 test_acc=78.79
epoch=52/300 lr=0.10000 train_acc=79.72 test_acc=77.92
epoch=53/300 lr=0.10000 train_acc=79.49 test_acc=78.72
epoch=54/300 lr=0.10000 train_acc=79.57 test_acc=74.13
epoch=55/300 lr=0.10000 train_acc=79.74 test_acc=80.53
epoch=56/300 lr=0.10000 train_acc=79.47 test_acc=74.64
epoch=57/300 lr=0.10000 train_acc=79.90 test_acc=76.49
epoch=58/300 lr=0.10000 train_acc=79.71 test_acc=77.33
epoch=59/300 lr=0.10000 train_acc=79.75 test_acc=80.23
epoch=60/300 lr=0.10000 train_acc=79.57 test_acc=77.54
epoch=61/300 lr=0.10000 train_acc=79.93 test_acc=74.08
epoch=62/300 lr=0.10000 train_acc=79.76 test_acc=81.40
epoch=63/300 lr=0.10000 train_acc=79.55 test_acc=79.51
epoch=64/300 lr=0.10000 train_acc=80.03 test_acc=80.00
epoch=65/300 lr=0.10000 train_acc=79.94 test_acc=62.36
epoch=66/300 lr=0.10000 train_acc=79.86 test_acc=76.85
epoch=67/300 lr=0.10000 train_acc=80.12 test_acc=71.84
epoch=68/300 lr=0.10000 train_acc=80.05 test_acc=65.07
epoch=69/300 lr=0.10000 train_acc=79.87 test_acc=79.45
epoch=70/300 lr=0.10000 train_acc=79.61 test_acc=79.91
epoch=71/300 lr=0.10000 train_acc=80.19 test_acc=77.59
epoch=72/300 lr=0.10000 train_acc=79.85 test_acc=63.63
epoch=73/300 lr=0.10000 train_acc=80.19 test_acc=68.09
epoch=74/300 lr=0.10000 train_acc=80.16 test_acc=79.19
epoch=75/300 lr=0.10000 train_acc=79.91 test_acc=75.24
epoch=76/300 lr=0.10000 train_acc=80.27 test_acc=76.33
epoch=77/300 lr=0.10000 train_acc=80.29 test_acc=73.17
epoch=78/300 lr=0.10000 train_acc=80.07 test_acc=80.05
epoch=79/300 lr=0.10000 train_acc=80.27 test_acc=76.59
epoch=80/300 lr=0.10000 train_acc=80.27 test_acc=80.69
epoch=81/300 lr=0.10000 train_acc=80.10 test_acc=70.37
epoch=82/300 lr=0.10000 train_acc=80.29 test_acc=79.39
epoch=83/300 lr=0.10000 train_acc=80.12 test_acc=72.44
epoch=84/300 lr=0.10000 train_acc=80.35 test_acc=78.74
epoch=85/300 lr=0.10000 train_acc=80.19 test_acc=76.68
epoch=86/300 lr=0.10000 train_acc=80.22 test_acc=77.28
epoch=87/300 lr=0.10000 train_acc=80.34 test_acc=81.82
epoch=88/300 lr=0.10000 train_acc=79.93 test_acc=80.58
epoch=89/300 lr=0.10000 train_acc=80.48 test_acc=78.68
epoch=90/300 lr=0.10000 train_acc=80.15 test_acc=76.96
epoch=91/300 lr=0.10000 train_acc=80.26 test_acc=78.39
epoch=92/300 lr=0.10000 train_acc=80.08 test_acc=78.52
epoch=93/300 lr=0.10000 train_acc=80.10 test_acc=81.89
epoch=94/300 lr=0.10000 train_acc=80.35 test_acc=76.97
epoch=95/300 lr=0.10000 train_acc=80.25 test_acc=81.60
epoch=96/300 lr=0.10000 train_acc=80.28 test_acc=81.14
epoch=97/300 lr=0.10000 train_acc=80.64 test_acc=75.57
epoch=98/300 lr=0.10000 train_acc=80.26 test_acc=82.49
epoch=99/300 lr=0.10000 train_acc=80.33 test_acc=83.29
epoch=100/300 lr=0.10000 train_acc=80.35 test_acc=72.07
epoch=101/300 lr=0.10000 train_acc=80.52 test_acc=82.21
epoch=102/300 lr=0.10000 train_acc=80.33 test_acc=79.97
epoch=103/300 lr=0.10000 train_acc=80.31 test_acc=80.78
epoch=104/300 lr=0.10000 train_acc=80.21 test_acc=80.35
epoch=105/300 lr=0.10000 train_acc=80.25 test_acc=75.62
epoch=106/300 lr=0.10000 train_acc=80.25 test_acc=79.51
epoch=107/300 lr=0.10000 train_acc=80.56 test_acc=80.49
epoch=108/300 lr=0.10000 train_acc=80.27 test_acc=82.04
epoch=109/300 lr=0.10000 train_acc=80.29 test_acc=80.06
epoch=110/300 lr=0.10000 train_acc=80.62 test_acc=80.58
epoch=111/300 lr=0.10000 train_acc=80.64 test_acc=81.11
epoch=112/300 lr=0.10000 train_acc=80.59 test_acc=72.62
epoch=113/300 lr=0.10000 train_acc=80.53 test_acc=79.79
epoch=114/300 lr=0.10000 train_acc=80.54 test_acc=79.42
epoch=115/300 lr=0.10000 train_acc=80.48 test_acc=78.51
epoch=116/300 lr=0.10000 train_acc=80.29 test_acc=73.96
epoch=117/300 lr=0.10000 train_acc=80.84 test_acc=78.12
epoch=118/300 lr=0.10000 train_acc=80.78 test_acc=77.88
epoch=119/300 lr=0.10000 train_acc=80.69 test_acc=78.74
epoch=120/300 lr=0.10000 train_acc=80.73 test_acc=77.56
epoch=121/300 lr=0.10000 train_acc=80.17 test_acc=78.28
epoch=122/300 lr=0.10000 train_acc=80.47 test_acc=78.40
epoch=123/300 lr=0.10000 train_acc=80.53 test_acc=74.20
epoch=124/300 lr=0.10000 train_acc=80.84 test_acc=79.67
epoch=125/300 lr=0.10000 train_acc=80.51 test_acc=77.20
epoch=126/300 lr=0.10000 train_acc=80.24 test_acc=76.52
epoch=127/300 lr=0.10000 train_acc=80.41 test_acc=80.12
epoch=128/300 lr=0.10000 train_acc=80.55 test_acc=73.42
epoch=129/300 lr=0.10000 train_acc=80.55 test_acc=78.13
epoch=130/300 lr=0.10000 train_acc=80.51 test_acc=73.39
epoch=131/300 lr=0.10000 train_acc=80.38 test_acc=81.27
epoch=132/300 lr=0.10000 train_acc=80.72 test_acc=83.09
epoch=133/300 lr=0.10000 train_acc=80.51 test_acc=77.76
epoch=134/300 lr=0.10000 train_acc=80.63 test_acc=81.58
epoch=135/300 lr=0.10000 train_acc=80.52 test_acc=79.48
epoch=136/300 lr=0.10000 train_acc=80.85 test_acc=74.97
epoch=137/300 lr=0.10000 train_acc=80.46 test_acc=71.58
epoch=138/300 lr=0.10000 train_acc=80.26 test_acc=78.58
epoch=139/300 lr=0.10000 train_acc=80.94 test_acc=74.72
epoch=140/300 lr=0.10000 train_acc=80.62 test_acc=71.11
epoch=141/300 lr=0.10000 train_acc=80.57 test_acc=78.79
epoch=142/300 lr=0.10000 train_acc=80.66 test_acc=81.47
epoch=143/300 lr=0.10000 train_acc=80.74 test_acc=74.47
epoch=144/300 lr=0.10000 train_acc=80.60 test_acc=73.00
epoch=145/300 lr=0.10000 train_acc=80.41 test_acc=78.01
epoch=146/300 lr=0.10000 train_acc=80.33 test_acc=76.61
epoch=147/300 lr=0.10000 train_acc=80.83 test_acc=69.97
epoch=148/300 lr=0.10000 train_acc=80.44 test_acc=73.95
epoch=149/300 lr=0.10000 train_acc=80.59 test_acc=81.46
epoch=150/300 lr=0.10000 train_acc=80.80 test_acc=76.22
epoch=151/300 lr=0.01000 train_acc=85.95 test_acc=89.49
epoch=152/300 lr=0.01000 train_acc=87.71 test_acc=89.96
epoch=153/300 lr=0.01000 train_acc=88.28 test_acc=89.83
epoch=154/300 lr=0.01000 train_acc=88.90 test_acc=90.74
epoch=155/300 lr=0.01000 train_acc=89.03 test_acc=90.14
epoch=156/300 lr=0.01000 train_acc=89.26 test_acc=90.24
epoch=157/300 lr=0.01000 train_acc=89.54 test_acc=90.62
epoch=158/300 lr=0.01000 train_acc=89.55 test_acc=90.63
epoch=159/300 lr=0.01000 train_acc=89.85 test_acc=90.62
epoch=160/300 lr=0.01000 train_acc=89.79 test_acc=90.50
epoch=161/300 lr=0.01000 train_acc=89.98 test_acc=90.82
epoch=162/300 lr=0.01000 train_acc=90.25 test_acc=90.96
epoch=163/300 lr=0.01000 train_acc=90.16 test_acc=90.81
epoch=164/300 lr=0.01000 train_acc=90.39 test_acc=90.84
epoch=165/300 lr=0.01000 train_acc=90.14 test_acc=90.67
epoch=166/300 lr=0.01000 train_acc=90.31 test_acc=90.25
epoch=167/300 lr=0.01000 train_acc=90.48 test_acc=90.50
epoch=168/300 lr=0.01000 train_acc=90.44 test_acc=90.80
epoch=169/300 lr=0.01000 train_acc=90.54 test_acc=90.29
epoch=170/300 lr=0.01000 train_acc=90.74 test_acc=91.25
epoch=171/300 lr=0.01000 train_acc=90.49 test_acc=90.47
epoch=172/300 lr=0.01000 train_acc=90.43 test_acc=90.72
epoch=173/300 lr=0.01000 train_acc=90.53 test_acc=90.96
epoch=174/300 lr=0.01000 train_acc=90.68 test_acc=89.00
epoch=175/300 lr=0.01000 train_acc=90.61 test_acc=90.72
epoch=176/300 lr=0.01000 train_acc=90.54 test_acc=89.61
epoch=177/300 lr=0.01000 train_acc=90.54 test_acc=90.47
epoch=178/300 lr=0.01000 train_acc=90.58 test_acc=90.81
epoch=179/300 lr=0.01000 train_acc=90.59 test_acc=90.68
epoch=180/300 lr=0.01000 train_acc=90.61 test_acc=90.19
epoch=181/300 lr=0.01000 train_acc=90.54 test_acc=89.77
epoch=182/300 lr=0.01000 train_acc=90.54 test_acc=90.28
epoch=183/300 lr=0.01000 train_acc=90.55 test_acc=90.11
epoch=184/300 lr=0.01000 train_acc=90.61 test_acc=89.95
epoch=185/300 lr=0.01000 train_acc=90.76 test_acc=90.01
epoch=186/300 lr=0.01000 train_acc=90.51 test_acc=90.93
epoch=187/300 lr=0.01000 train_acc=90.63 test_acc=89.86
epoch=188/300 lr=0.01000 train_acc=90.67 test_acc=89.83
epoch=189/300 lr=0.01000 train_acc=90.45 test_acc=89.75
epoch=190/300 lr=0.01000 train_acc=90.50 test_acc=90.17
epoch=191/300 lr=0.01000 train_acc=90.66 test_acc=89.24
epoch=192/300 lr=0.01000 train_acc=90.57 test_acc=90.16
epoch=193/300 lr=0.01000 train_acc=90.41 test_acc=89.39
epoch=194/300 lr=0.01000 train_acc=90.50 test_acc=87.73
epoch=195/300 lr=0.01000 train_acc=90.58 test_acc=90.06
epoch=196/300 lr=0.01000 train_acc=90.86 test_acc=89.85
epoch=197/300 lr=0.01000 train_acc=90.58 test_acc=87.83
epoch=198/300 lr=0.01000 train_acc=90.72 test_acc=89.84
epoch=199/300 lr=0.01000 train_acc=90.61 test_acc=90.45
epoch=200/300 lr=0.01000 train_acc=90.66 test_acc=89.81
epoch=201/300 lr=0.01000 train_acc=90.72 test_acc=87.45
epoch=202/300 lr=0.01000 train_acc=90.85 test_acc=89.87
epoch=203/300 lr=0.01000 train_acc=90.74 test_acc=90.22
epoch=204/300 lr=0.01000 train_acc=90.73 test_acc=90.04
epoch=205/300 lr=0.01000 train_acc=90.73 test_acc=88.62
epoch=206/300 lr=0.01000 train_acc=90.46 test_acc=90.93
epoch=207/300 lr=0.01000 train_acc=90.75 test_acc=90.32
epoch=208/300 lr=0.01000 train_acc=90.53 test_acc=90.13
epoch=209/300 lr=0.01000 train_acc=90.60 test_acc=88.58
epoch=210/300 lr=0.01000 train_acc=90.76 test_acc=90.02
epoch=211/300 lr=0.01000 train_acc=90.59 test_acc=89.36
epoch=212/300 lr=0.01000 train_acc=90.61 test_acc=89.78
epoch=213/300 lr=0.01000 train_acc=90.69 test_acc=89.75
epoch=214/300 lr=0.01000 train_acc=90.94 test_acc=89.58
epoch=215/300 lr=0.01000 train_acc=90.53 test_acc=90.64
epoch=216/300 lr=0.01000 train_acc=90.68 test_acc=88.95
epoch=217/300 lr=0.01000 train_acc=90.79 test_acc=90.54
epoch=218/300 lr=0.01000 train_acc=90.83 test_acc=89.14
epoch=219/300 lr=0.01000 train_acc=90.91 test_acc=90.37
epoch=220/300 lr=0.01000 train_acc=90.65 test_acc=90.27
epoch=221/300 lr=0.01000 train_acc=90.73 test_acc=90.44
epoch=222/300 lr=0.01000 train_acc=90.84 test_acc=89.92
epoch=223/300 lr=0.01000 train_acc=90.42 test_acc=89.70
epoch=224/300 lr=0.01000 train_acc=90.76 test_acc=90.68
epoch=225/300 lr=0.01000 train_acc=90.93 test_acc=89.75
epoch=226/300 lr=0.00100 train_acc=92.66 test_acc=92.28
epoch=227/300 lr=0.00100 train_acc=93.47 test_acc=92.46
epoch=228/300 lr=0.00100 train_acc=93.86 test_acc=92.55
epoch=229/300 lr=0.00100 train_acc=94.08 test_acc=92.41
epoch=230/300 lr=0.00100 train_acc=94.10 test_acc=92.69
epoch=231/300 lr=0.00100 train_acc=94.17 test_acc=92.58
epoch=232/300 lr=0.00100 train_acc=94.08 test_acc=92.70
epoch=233/300 lr=0.00100 train_acc=94.35 test_acc=92.54
epoch=234/300 lr=0.00100 train_acc=94.40 test_acc=92.86
epoch=235/300 lr=0.00100 train_acc=94.43 test_acc=92.77
epoch=236/300 lr=0.00100 train_acc=94.29 test_acc=92.74
epoch=237/300 lr=0.00100 train_acc=94.59 test_acc=92.87
epoch=238/300 lr=0.00100 train_acc=94.53 test_acc=92.93
epoch=239/300 lr=0.00100 train_acc=94.69 test_acc=92.63
epoch=240/300 lr=0.00100 train_acc=94.63 test_acc=92.63
epoch=241/300 lr=0.00100 train_acc=94.66 test_acc=92.67
epoch=242/300 lr=0.00100 train_acc=94.75 test_acc=92.86
epoch=243/300 lr=0.00100 train_acc=94.86 test_acc=92.82
epoch=244/300 lr=0.00100 train_acc=94.76 test_acc=92.62
epoch=245/300 lr=0.00100 train_acc=94.89 test_acc=92.86
epoch=246/300 lr=0.00100 train_acc=94.85 test_acc=92.84
epoch=247/300 lr=0.00100 train_acc=94.92 test_acc=92.88
epoch=248/300 lr=0.00100 train_acc=94.79 test_acc=92.83
epoch=249/300 lr=0.00100 train_acc=94.81 test_acc=92.72
epoch=250/300 lr=0.00100 train_acc=94.99 test_acc=92.65
epoch=251/300 lr=0.00100 train_acc=94.95 test_acc=92.85
epoch=252/300 lr=0.00100 train_acc=95.10 test_acc=92.97
epoch=253/300 lr=0.00100 train_acc=94.97 test_acc=92.99
epoch=254/300 lr=0.00100 train_acc=95.07 test_acc=92.79
epoch=255/300 lr=0.00100 train_acc=95.00 test_acc=92.74
epoch=256/300 lr=0.00100 train_acc=95.12 test_acc=92.97
epoch=257/300 lr=0.00100 train_acc=95.14 test_acc=92.80
epoch=258/300 lr=0.00100 train_acc=95.08 test_acc=92.91
epoch=259/300 lr=0.00100 train_acc=95.17 test_acc=92.97
epoch=260/300 lr=0.00100 train_acc=95.14 test_acc=92.66
epoch=261/300 lr=0.00100 train_acc=95.25 test_acc=92.84
epoch=262/300 lr=0.00100 train_acc=95.17 test_acc=92.66
epoch=263/300 lr=0.00100 train_acc=95.32 test_acc=92.90
epoch=264/300 lr=0.00100 train_acc=95.02 test_acc=92.90
epoch=265/300 lr=0.00100 train_acc=95.16 test_acc=92.70
epoch=266/300 lr=0.00100 train_acc=95.27 test_acc=92.83
epoch=267/300 lr=0.00100 train_acc=95.25 test_acc=92.84
epoch=268/300 lr=0.00100 train_acc=95.28 test_acc=92.71
epoch=269/300 lr=0.00100 train_acc=95.27 test_acc=92.96
epoch=270/300 lr=0.00100 train_acc=95.43 test_acc=92.95
epoch=271/300 lr=0.00100 train_acc=95.24 test_acc=92.95
epoch=272/300 lr=0.00100 train_acc=95.22 test_acc=92.97
epoch=273/300 lr=0.00100 train_acc=95.22 test_acc=92.67
epoch=274/300 lr=0.00100 train_acc=95.43 test_acc=93.00
epoch=275/300 lr=0.00100 train_acc=95.45 test_acc=92.67
epoch=276/300 lr=0.00100 train_acc=95.35 test_acc=92.69
epoch=277/300 lr=0.00100 train_acc=95.44 test_acc=92.98
epoch=278/300 lr=0.00100 train_acc=95.36 test_acc=92.79
epoch=279/300 lr=0.00100 train_acc=95.43 test_acc=92.72
epoch=280/300 lr=0.00100 train_acc=95.49 test_acc=92.82
epoch=281/300 lr=0.00100 train_acc=95.52 test_acc=92.98
epoch=282/300 lr=0.00100 train_acc=95.37 test_acc=92.93
epoch=283/300 lr=0.00100 train_acc=95.43 test_acc=92.71
epoch=284/300 lr=0.00100 train_acc=95.38 test_acc=92.59
epoch=285/300 lr=0.00100 train_acc=95.64 test_acc=92.90
epoch=286/300 lr=0.00100 train_acc=95.51 test_acc=93.06
epoch=287/300 lr=0.00100 train_acc=95.30 test_acc=92.68
epoch=288/300 lr=0.00100 train_acc=95.46 test_acc=92.80
epoch=289/300 lr=0.00100 train_acc=95.56 test_acc=92.96
epoch=290/300 lr=0.00100 train_acc=95.41 test_acc=92.81
epoch=291/300 lr=0.00100 train_acc=95.35 test_acc=92.93
epoch=292/300 lr=0.00100 train_acc=95.41 test_acc=92.98
epoch=293/300 lr=0.00100 train_acc=95.72 test_acc=92.94
epoch=294/300 lr=0.00100 train_acc=95.74 test_acc=92.60
epoch=295/300 lr=0.00100 train_acc=95.58 test_acc=92.57
epoch=296/300 lr=0.00100 train_acc=95.40 test_acc=92.85
epoch=297/300 lr=0.00100 train_acc=95.67 test_acc=92.66
epoch=298/300 lr=0.00100 train_acc=95.47 test_acc=92.77
epoch=299/300 lr=0.00100 train_acc=95.59 test_acc=93.00
epoch=300/300 lr=0.00100 train_acc=95.73 test_acc=92.82
{
  "best_accuracy": 93.06,
  "best_error_rate": 6.939999999999998,
  "final_accuracy": 92.82,
  "final_error_rate": 7.180000000000007,
  "elapsed_seconds": 1940.7334959506989,
  "is_paper_result": false,
  "note": "New reproduction result; compare against paper target separately."
}
start experiment=cifar10_resnet20_re_paper seed=1005
epoch=1/300 lr=0.10000 train_acc=36.41 test_acc=47.18
epoch=2/300 lr=0.10000 train_acc=53.84 test_acc=55.19
epoch=3/300 lr=0.10000 train_acc=61.29 test_acc=61.46
epoch=4/300 lr=0.10000 train_acc=66.40 test_acc=62.20
epoch=5/300 lr=0.10000 train_acc=69.28 test_acc=65.67
epoch=6/300 lr=0.10000 train_acc=70.87 test_acc=72.55
epoch=7/300 lr=0.10000 train_acc=72.20 test_acc=65.28
epoch=8/300 lr=0.10000 train_acc=73.08 test_acc=65.64
epoch=9/300 lr=0.10000 train_acc=73.81 test_acc=74.20
epoch=10/300 lr=0.10000 train_acc=74.53 test_acc=76.93
epoch=11/300 lr=0.10000 train_acc=74.94 test_acc=77.50
epoch=12/300 lr=0.10000 train_acc=75.12 test_acc=72.86
epoch=13/300 lr=0.10000 train_acc=75.71 test_acc=71.01
epoch=14/300 lr=0.10000 train_acc=76.06 test_acc=75.62
epoch=15/300 lr=0.10000 train_acc=75.99 test_acc=77.62
epoch=16/300 lr=0.10000 train_acc=76.38 test_acc=71.71
epoch=17/300 lr=0.10000 train_acc=76.83 test_acc=79.58
epoch=18/300 lr=0.10000 train_acc=76.89 test_acc=74.08
epoch=19/300 lr=0.10000 train_acc=77.05 test_acc=74.01
epoch=20/300 lr=0.10000 train_acc=77.24 test_acc=67.76
epoch=21/300 lr=0.10000 train_acc=77.58 test_acc=75.32
epoch=22/300 lr=0.10000 train_acc=77.12 test_acc=77.61
epoch=23/300 lr=0.10000 train_acc=77.60 test_acc=61.65
epoch=24/300 lr=0.10000 train_acc=77.82 test_acc=77.10
epoch=25/300 lr=0.10000 train_acc=77.85 test_acc=66.37
epoch=26/300 lr=0.10000 train_acc=78.05 test_acc=77.71
epoch=27/300 lr=0.10000 train_acc=78.18 test_acc=76.53
epoch=28/300 lr=0.10000 train_acc=78.24 test_acc=73.34
epoch=29/300 lr=0.10000 train_acc=78.26 test_acc=77.16
epoch=30/300 lr=0.10000 train_acc=78.54 test_acc=77.69
epoch=31/300 lr=0.10000 train_acc=78.61 test_acc=74.44
epoch=32/300 lr=0.10000 train_acc=78.62 test_acc=72.93
epoch=33/300 lr=0.10000 train_acc=78.77 test_acc=73.25
epoch=34/300 lr=0.10000 train_acc=78.55 test_acc=74.28
epoch=35/300 lr=0.10000 train_acc=78.85 test_acc=78.42
epoch=36/300 lr=0.10000 train_acc=78.83 test_acc=72.57
epoch=37/300 lr=0.10000 train_acc=78.82 test_acc=75.29
epoch=38/300 lr=0.10000 train_acc=79.21 test_acc=78.13
epoch=39/300 lr=0.10000 train_acc=79.16 test_acc=62.86
epoch=40/300 lr=0.10000 train_acc=79.18 test_acc=76.52
epoch=41/300 lr=0.10000 train_acc=78.84 test_acc=75.12
epoch=42/300 lr=0.10000 train_acc=78.73 test_acc=76.40
epoch=43/300 lr=0.10000 train_acc=79.29 test_acc=72.37
epoch=44/300 lr=0.10000 train_acc=79.08 test_acc=74.15
epoch=45/300 lr=0.10000 train_acc=79.13 test_acc=71.18
epoch=46/300 lr=0.10000 train_acc=79.22 test_acc=75.78
epoch=47/300 lr=0.10000 train_acc=78.99 test_acc=79.49
epoch=48/300 lr=0.10000 train_acc=79.41 test_acc=73.60
epoch=49/300 lr=0.10000 train_acc=79.30 test_acc=73.70
epoch=50/300 lr=0.10000 train_acc=79.59 test_acc=80.08
epoch=51/300 lr=0.10000 train_acc=79.39 test_acc=75.46
epoch=52/300 lr=0.10000 train_acc=79.56 test_acc=68.73
epoch=53/300 lr=0.10000 train_acc=79.54 test_acc=70.87
epoch=54/300 lr=0.10000 train_acc=79.43 test_acc=76.43
epoch=55/300 lr=0.10000 train_acc=79.31 test_acc=70.10
epoch=56/300 lr=0.10000 train_acc=79.38 test_acc=77.80
epoch=57/300 lr=0.10000 train_acc=79.64 test_acc=77.26
epoch=58/300 lr=0.10000 train_acc=79.58 test_acc=77.79
epoch=59/300 lr=0.10000 train_acc=79.39 test_acc=80.56
epoch=60/300 lr=0.10000 train_acc=79.88 test_acc=67.37
epoch=61/300 lr=0.10000 train_acc=79.81 test_acc=70.72
epoch=62/300 lr=0.10000 train_acc=79.83 test_acc=76.35
epoch=63/300 lr=0.10000 train_acc=79.48 test_acc=78.68
epoch=64/300 lr=0.10000 train_acc=79.81 test_acc=80.74
epoch=65/300 lr=0.10000 train_acc=79.86 test_acc=74.64
epoch=66/300 lr=0.10000 train_acc=79.71 test_acc=78.58
epoch=67/300 lr=0.10000 train_acc=79.84 test_acc=80.55
epoch=68/300 lr=0.10000 train_acc=79.81 test_acc=76.29
epoch=69/300 lr=0.10000 train_acc=79.80 test_acc=75.22
epoch=70/300 lr=0.10000 train_acc=79.72 test_acc=79.89
epoch=71/300 lr=0.10000 train_acc=79.69 test_acc=77.70
epoch=72/300 lr=0.10000 train_acc=79.94 test_acc=74.10
epoch=73/300 lr=0.10000 train_acc=79.80 test_acc=80.08
epoch=74/300 lr=0.10000 train_acc=79.54 test_acc=79.65
epoch=75/300 lr=0.10000 train_acc=79.68 test_acc=79.96
epoch=76/300 lr=0.10000 train_acc=80.09 test_acc=71.06
epoch=77/300 lr=0.10000 train_acc=80.02 test_acc=76.87
epoch=78/300 lr=0.10000 train_acc=80.15 test_acc=77.39
epoch=79/300 lr=0.10000 train_acc=79.72 test_acc=77.88
epoch=80/300 lr=0.10000 train_acc=79.96 test_acc=80.28
epoch=81/300 lr=0.10000 train_acc=80.10 test_acc=76.34
epoch=82/300 lr=0.10000 train_acc=80.18 test_acc=74.84
epoch=83/300 lr=0.10000 train_acc=80.04 test_acc=79.61
epoch=84/300 lr=0.10000 train_acc=79.92 test_acc=78.93
epoch=85/300 lr=0.10000 train_acc=79.82 test_acc=76.61
epoch=86/300 lr=0.10000 train_acc=79.90 test_acc=78.03
epoch=87/300 lr=0.10000 train_acc=79.97 test_acc=79.93
epoch=88/300 lr=0.10000 train_acc=80.08 test_acc=76.27
epoch=89/300 lr=0.10000 train_acc=80.26 test_acc=76.68
epoch=90/300 lr=0.10000 train_acc=79.97 test_acc=78.41
epoch=91/300 lr=0.10000 train_acc=79.85 test_acc=79.84
epoch=92/300 lr=0.10000 train_acc=80.17 test_acc=77.86
epoch=93/300 lr=0.10000 train_acc=80.31 test_acc=70.70
epoch=94/300 lr=0.10000 train_acc=80.07 test_acc=79.01
epoch=95/300 lr=0.10000 train_acc=80.05 test_acc=79.04
epoch=96/300 lr=0.10000 train_acc=80.16 test_acc=75.06
epoch=97/300 lr=0.10000 train_acc=80.30 test_acc=76.91
epoch=98/300 lr=0.10000 train_acc=80.29 test_acc=77.58
epoch=99/300 lr=0.10000 train_acc=80.32 test_acc=77.59
epoch=100/300 lr=0.10000 train_acc=80.25 test_acc=76.97
epoch=101/300 lr=0.10000 train_acc=80.16 test_acc=71.22
epoch=102/300 lr=0.10000 train_acc=80.33 test_acc=80.30
epoch=103/300 lr=0.10000 train_acc=80.03 test_acc=76.54
epoch=104/300 lr=0.10000 train_acc=80.28 test_acc=81.53
epoch=105/300 lr=0.10000 train_acc=80.45 test_acc=80.11
epoch=106/300 lr=0.10000 train_acc=80.03 test_acc=79.39
epoch=107/300 lr=0.10000 train_acc=80.58 test_acc=78.29
epoch=108/300 lr=0.10000 train_acc=80.22 test_acc=75.04
epoch=109/300 lr=0.10000 train_acc=80.02 test_acc=78.22
epoch=110/300 lr=0.10000 train_acc=80.46 test_acc=78.40
epoch=111/300 lr=0.10000 train_acc=80.46 test_acc=77.41
epoch=112/300 lr=0.10000 train_acc=80.26 test_acc=74.11
epoch=113/300 lr=0.10000 train_acc=80.31 test_acc=82.70
epoch=114/300 lr=0.10000 train_acc=80.30 test_acc=80.75
epoch=115/300 lr=0.10000 train_acc=80.31 test_acc=83.82
epoch=116/300 lr=0.10000 train_acc=80.41 test_acc=78.83
epoch=117/300 lr=0.10000 train_acc=80.54 test_acc=81.06
epoch=118/300 lr=0.10000 train_acc=80.19 test_acc=79.94
epoch=119/300 lr=0.10000 train_acc=80.37 test_acc=76.79
epoch=120/300 lr=0.10000 train_acc=80.45 test_acc=80.71
epoch=121/300 lr=0.10000 train_acc=80.50 test_acc=77.06
epoch=122/300 lr=0.10000 train_acc=80.48 test_acc=75.97
epoch=123/300 lr=0.10000 train_acc=80.42 test_acc=72.41
epoch=124/300 lr=0.10000 train_acc=80.28 test_acc=70.36
epoch=125/300 lr=0.10000 train_acc=80.60 test_acc=79.31
epoch=126/300 lr=0.10000 train_acc=80.15 test_acc=75.94
epoch=127/300 lr=0.10000 train_acc=80.51 test_acc=80.43
epoch=128/300 lr=0.10000 train_acc=80.51 test_acc=80.53
epoch=129/300 lr=0.10000 train_acc=80.47 test_acc=78.80
epoch=130/300 lr=0.10000 train_acc=80.13 test_acc=81.54
epoch=131/300 lr=0.10000 train_acc=80.45 test_acc=82.19
epoch=132/300 lr=0.10000 train_acc=80.52 test_acc=78.93
epoch=133/300 lr=0.10000 train_acc=80.44 test_acc=80.03
epoch=134/300 lr=0.10000 train_acc=80.72 test_acc=73.36
epoch=135/300 lr=0.10000 train_acc=80.71 test_acc=75.02
epoch=136/300 lr=0.10000 train_acc=80.56 test_acc=73.81
epoch=137/300 lr=0.10000 train_acc=80.53 test_acc=82.70
epoch=138/300 lr=0.10000 train_acc=80.47 test_acc=75.42
epoch=139/300 lr=0.10000 train_acc=80.15 test_acc=74.77
epoch=140/300 lr=0.10000 train_acc=80.36 test_acc=79.65
epoch=141/300 lr=0.10000 train_acc=80.41 test_acc=79.92
epoch=142/300 lr=0.10000 train_acc=80.96 test_acc=72.26
epoch=143/300 lr=0.10000 train_acc=80.53 test_acc=80.20
epoch=144/300 lr=0.10000 train_acc=80.36 test_acc=75.05
epoch=145/300 lr=0.10000 train_acc=80.72 test_acc=77.50
epoch=146/300 lr=0.10000 train_acc=80.59 test_acc=79.46
epoch=147/300 lr=0.10000 train_acc=80.51 test_acc=77.55
epoch=148/300 lr=0.10000 train_acc=80.40 test_acc=76.86
epoch=149/300 lr=0.10000 train_acc=80.47 test_acc=80.70
epoch=150/300 lr=0.10000 train_acc=80.46 test_acc=77.90
epoch=151/300 lr=0.01000 train_acc=86.06 test_acc=89.88
epoch=152/300 lr=0.01000 train_acc=87.69 test_acc=90.14
epoch=153/300 lr=0.01000 train_acc=88.42 test_acc=90.09
epoch=154/300 lr=0.01000 train_acc=88.69 test_acc=90.68
epoch=155/300 lr=0.01000 train_acc=89.22 test_acc=90.58
epoch=156/300 lr=0.01000 train_acc=89.09 test_acc=90.90
epoch=157/300 lr=0.01000 train_acc=89.56 test_acc=91.27
epoch=158/300 lr=0.01000 train_acc=89.83 test_acc=91.14
epoch=159/300 lr=0.01000 train_acc=89.72 test_acc=91.19
epoch=160/300 lr=0.01000 train_acc=89.85 test_acc=90.99
epoch=161/300 lr=0.01000 train_acc=90.00 test_acc=91.06
epoch=162/300 lr=0.01000 train_acc=90.00 test_acc=91.03
epoch=163/300 lr=0.01000 train_acc=90.16 test_acc=91.12
epoch=164/300 lr=0.01000 train_acc=90.07 test_acc=91.16
epoch=165/300 lr=0.01000 train_acc=90.23 test_acc=90.58
epoch=166/300 lr=0.01000 train_acc=90.28 test_acc=91.04
epoch=167/300 lr=0.01000 train_acc=90.22 test_acc=90.91
epoch=168/300 lr=0.01000 train_acc=90.50 test_acc=91.19
epoch=169/300 lr=0.01000 train_acc=90.64 test_acc=90.94
epoch=170/300 lr=0.01000 train_acc=90.53 test_acc=90.38
epoch=171/300 lr=0.01000 train_acc=90.66 test_acc=90.62
epoch=172/300 lr=0.01000 train_acc=90.48 test_acc=90.93
epoch=173/300 lr=0.01000 train_acc=90.59 test_acc=90.92
epoch=174/300 lr=0.01000 train_acc=90.71 test_acc=91.01
epoch=175/300 lr=0.01000 train_acc=90.47 test_acc=90.45
epoch=176/300 lr=0.01000 train_acc=90.75 test_acc=89.87
epoch=177/300 lr=0.01000 train_acc=90.47 test_acc=90.60
epoch=178/300 lr=0.01000 train_acc=90.58 test_acc=90.13
epoch=179/300 lr=0.01000 train_acc=90.66 test_acc=90.64
epoch=180/300 lr=0.01000 train_acc=90.62 test_acc=89.96
epoch=181/300 lr=0.01000 train_acc=90.63 test_acc=90.20
epoch=182/300 lr=0.01000 train_acc=90.55 test_acc=90.20
epoch=183/300 lr=0.01000 train_acc=90.54 test_acc=90.60
epoch=184/300 lr=0.01000 train_acc=90.51 test_acc=89.58
epoch=185/300 lr=0.01000 train_acc=90.49 test_acc=90.41
epoch=186/300 lr=0.01000 train_acc=90.49 test_acc=90.61
epoch=187/300 lr=0.01000 train_acc=90.58 test_acc=90.10
epoch=188/300 lr=0.01000 train_acc=90.48 test_acc=89.84
epoch=189/300 lr=0.01000 train_acc=90.48 test_acc=90.32
epoch=190/300 lr=0.01000 train_acc=90.34 test_acc=90.02
epoch=191/300 lr=0.01000 train_acc=90.43 test_acc=90.25
epoch=192/300 lr=0.01000 train_acc=90.28 test_acc=89.67
epoch=193/300 lr=0.01000 train_acc=90.46 test_acc=90.43
epoch=194/300 lr=0.01000 train_acc=90.45 test_acc=90.25
epoch=195/300 lr=0.01000 train_acc=90.57 test_acc=87.97
epoch=196/300 lr=0.01000 train_acc=90.40 test_acc=89.49
epoch=197/300 lr=0.01000 train_acc=90.53 test_acc=90.02
epoch=198/300 lr=0.01000 train_acc=90.63 test_acc=90.08
epoch=199/300 lr=0.01000 train_acc=90.47 test_acc=90.16
epoch=200/300 lr=0.01000 train_acc=90.51 test_acc=89.91
epoch=201/300 lr=0.01000 train_acc=90.61 test_acc=90.02
epoch=202/300 lr=0.01000 train_acc=90.52 test_acc=89.91
epoch=203/300 lr=0.01000 train_acc=90.48 test_acc=90.31
epoch=204/300 lr=0.01000 train_acc=90.28 test_acc=89.69
epoch=205/300 lr=0.01000 train_acc=90.65 test_acc=89.89
epoch=206/300 lr=0.01000 train_acc=90.59 test_acc=89.98
epoch=207/300 lr=0.01000 train_acc=90.58 test_acc=90.31
epoch=208/300 lr=0.01000 train_acc=90.57 test_acc=89.93
epoch=209/300 lr=0.01000 train_acc=90.65 test_acc=90.18
epoch=210/300 lr=0.01000 train_acc=90.44 test_acc=90.49
epoch=211/300 lr=0.01000 train_acc=90.50 test_acc=89.68
epoch=212/300 lr=0.01000 train_acc=90.60 test_acc=89.29
epoch=213/300 lr=0.01000 train_acc=90.72 test_acc=89.25
epoch=214/300 lr=0.01000 train_acc=90.49 test_acc=89.23
epoch=215/300 lr=0.01000 train_acc=90.78 test_acc=89.83
epoch=216/300 lr=0.01000 train_acc=90.86 test_acc=89.70
epoch=217/300 lr=0.01000 train_acc=90.65 test_acc=90.59
epoch=218/300 lr=0.01000 train_acc=90.67 test_acc=90.10
epoch=219/300 lr=0.01000 train_acc=90.68 test_acc=89.68
epoch=220/300 lr=0.01000 train_acc=90.55 test_acc=90.03
epoch=221/300 lr=0.01000 train_acc=90.80 test_acc=90.63
epoch=222/300 lr=0.01000 train_acc=90.62 test_acc=89.79
epoch=223/300 lr=0.01000 train_acc=90.64 test_acc=90.53
epoch=224/300 lr=0.01000 train_acc=90.81 test_acc=90.11
epoch=225/300 lr=0.01000 train_acc=90.89 test_acc=89.44
epoch=226/300 lr=0.00100 train_acc=92.62 test_acc=92.54
epoch=227/300 lr=0.00100 train_acc=93.39 test_acc=92.68
epoch=228/300 lr=0.00100 train_acc=93.72 test_acc=92.50
epoch=229/300 lr=0.00100 train_acc=93.66 test_acc=92.56
epoch=230/300 lr=0.00100 train_acc=94.00 test_acc=92.84
epoch=231/300 lr=0.00100 train_acc=93.99 test_acc=92.77
epoch=232/300 lr=0.00100 train_acc=94.40 test_acc=92.61
epoch=233/300 lr=0.00100 train_acc=94.49 test_acc=92.64
epoch=234/300 lr=0.00100 train_acc=94.31 test_acc=92.76
epoch=235/300 lr=0.00100 train_acc=94.44 test_acc=92.73
epoch=236/300 lr=0.00100 train_acc=94.40 test_acc=92.92
epoch=237/300 lr=0.00100 train_acc=94.31 test_acc=92.86
epoch=238/300 lr=0.00100 train_acc=94.54 test_acc=92.88
epoch=239/300 lr=0.00100 train_acc=94.55 test_acc=93.00
epoch=240/300 lr=0.00100 train_acc=94.69 test_acc=92.80
epoch=241/300 lr=0.00100 train_acc=94.64 test_acc=92.67
epoch=242/300 lr=0.00100 train_acc=94.74 test_acc=92.95
epoch=243/300 lr=0.00100 train_acc=94.57 test_acc=92.80
epoch=244/300 lr=0.00100 train_acc=94.73 test_acc=92.93
epoch=245/300 lr=0.00100 train_acc=94.86 test_acc=92.86
epoch=246/300 lr=0.00100 train_acc=94.71 test_acc=93.11
epoch=247/300 lr=0.00100 train_acc=94.86 test_acc=92.96
epoch=248/300 lr=0.00100 train_acc=94.87 test_acc=92.81
epoch=249/300 lr=0.00100 train_acc=94.96 test_acc=93.00
epoch=250/300 lr=0.00100 train_acc=94.90 test_acc=92.86
epoch=251/300 lr=0.00100 train_acc=94.96 test_acc=92.88
epoch=252/300 lr=0.00100 train_acc=95.05 test_acc=92.72
epoch=253/300 lr=0.00100 train_acc=95.01 test_acc=92.94
epoch=254/300 lr=0.00100 train_acc=94.93 test_acc=92.90
epoch=255/300 lr=0.00100 train_acc=95.02 test_acc=92.90
epoch=256/300 lr=0.00100 train_acc=95.11 test_acc=92.88
epoch=257/300 lr=0.00100 train_acc=94.98 test_acc=92.84
epoch=258/300 lr=0.00100 train_acc=95.06 test_acc=92.83
epoch=259/300 lr=0.00100 train_acc=95.19 test_acc=93.00
epoch=260/300 lr=0.00100 train_acc=95.11 test_acc=93.08
epoch=261/300 lr=0.00100 train_acc=95.14 test_acc=93.04
epoch=262/300 lr=0.00100 train_acc=95.18 test_acc=92.73
epoch=263/300 lr=0.00100 train_acc=95.11 test_acc=93.01
epoch=264/300 lr=0.00100 train_acc=95.24 test_acc=93.14
epoch=265/300 lr=0.00100 train_acc=95.32 test_acc=93.07
epoch=266/300 lr=0.00100 train_acc=94.95 test_acc=92.96
epoch=267/300 lr=0.00100 train_acc=95.37 test_acc=93.08
epoch=268/300 lr=0.00100 train_acc=95.21 test_acc=92.89
epoch=269/300 lr=0.00100 train_acc=95.30 test_acc=92.96
epoch=270/300 lr=0.00100 train_acc=95.25 test_acc=92.96
epoch=271/300 lr=0.00100 train_acc=95.23 test_acc=93.03
epoch=272/300 lr=0.00100 train_acc=95.41 test_acc=93.07
epoch=273/300 lr=0.00100 train_acc=95.30 test_acc=92.98
epoch=274/300 lr=0.00100 train_acc=95.29 test_acc=92.95
epoch=275/300 lr=0.00100 train_acc=95.32 test_acc=93.06
epoch=276/300 lr=0.00100 train_acc=95.45 test_acc=93.00
epoch=277/300 lr=0.00100 train_acc=95.57 test_acc=92.72
epoch=278/300 lr=0.00100 train_acc=95.33 test_acc=92.72
epoch=279/300 lr=0.00100 train_acc=95.38 test_acc=92.90
epoch=280/300 lr=0.00100 train_acc=95.49 test_acc=93.01
epoch=281/300 lr=0.00100 train_acc=95.48 test_acc=93.12
epoch=282/300 lr=0.00100 train_acc=95.41 test_acc=92.93
epoch=283/300 lr=0.00100 train_acc=95.50 test_acc=93.17
epoch=284/300 lr=0.00100 train_acc=95.55 test_acc=93.24
epoch=285/300 lr=0.00100 train_acc=95.56 test_acc=92.85
epoch=286/300 lr=0.00100 train_acc=95.48 test_acc=92.94
epoch=287/300 lr=0.00100 train_acc=95.50 test_acc=92.98
epoch=288/300 lr=0.00100 train_acc=95.46 test_acc=92.93
epoch=289/300 lr=0.00100 train_acc=95.60 test_acc=92.75
epoch=290/300 lr=0.00100 train_acc=95.58 test_acc=92.92
epoch=291/300 lr=0.00100 train_acc=95.56 test_acc=92.86
epoch=292/300 lr=0.00100 train_acc=95.60 test_acc=92.95
epoch=293/300 lr=0.00100 train_acc=95.66 test_acc=93.07
epoch=294/300 lr=0.00100 train_acc=95.34 test_acc=93.22
epoch=295/300 lr=0.00100 train_acc=95.56 test_acc=93.08
epoch=296/300 lr=0.00100 train_acc=95.50 test_acc=93.01
epoch=297/300 lr=0.00100 train_acc=95.54 test_acc=93.03
epoch=298/300 lr=0.00100 train_acc=95.49 test_acc=93.20
epoch=299/300 lr=0.00100 train_acc=95.65 test_acc=93.03
epoch=300/300 lr=0.00100 train_acc=95.59 test_acc=93.16
{
  "best_accuracy": 93.24,
  "best_error_rate": 6.760000000000005,
  "final_accuracy": 93.16,
  "final_error_rate": 6.840000000000003,
  "elapsed_seconds": 1939.6901230812073,
  "is_paper_result": false,
  "note": "New reproduction result; compare against paper target separately."
}
{
  "experiment": "cifar10_resnet20_re_paper",
  "seeds": [
    1001,
    1002,
    1003,
    1004,
    1005
  ],
  "smoke": false,
  "is_paper_result": false,
  "best_error_rate": {
    "values": [
      6.420000000000002,
      6.719999999999999,
      6.549999999999997,
      6.939999999999998,
      6.760000000000005
    ],
    "mean": 6.678,
    "population_std": 0.17893015397076,
    "sample_std": 0.20004999375156163
  },
  "final_error_rate": {
    "values": [
      6.8700000000000045,
      7.230000000000004,
      6.549999999999997,
      7.180000000000007,
      6.840000000000003
    ],
    "mean": 6.934000000000003,
    "population_std": 0.24840289853381609,
    "sample_std": 0.27772288346479784
  },
  "note": "New reproduction aggregate; paper does not state best-vs-final or std convention."
}
start experiment=cifar10_resnet20_re_author_code seed=1001
epoch=1/300 lr=0.10000 train_acc=34.04 test_acc=42.88
epoch=2/300 lr=0.10000 train_acc=52.05 test_acc=56.29
epoch=3/300 lr=0.10000 train_acc=61.21 test_acc=58.51
epoch=4/300 lr=0.10000 train_acc=66.27 test_acc=69.91
epoch=5/300 lr=0.10000 train_acc=68.87 test_acc=60.60
epoch=6/300 lr=0.10000 train_acc=70.77 test_acc=70.23
epoch=7/300 lr=0.10000 train_acc=72.02 test_acc=69.33
epoch=8/300 lr=0.10000 train_acc=73.31 test_acc=75.26
epoch=9/300 lr=0.10000 train_acc=73.55 test_acc=76.12
epoch=10/300 lr=0.10000 train_acc=74.37 test_acc=72.81
epoch=11/300 lr=0.10000 train_acc=75.09 test_acc=69.73
epoch=12/300 lr=0.10000 train_acc=75.51 test_acc=74.69
epoch=13/300 lr=0.10000 train_acc=75.73 test_acc=73.52
epoch=14/300 lr=0.10000 train_acc=76.07 test_acc=68.62
epoch=15/300 lr=0.10000 train_acc=76.51 test_acc=76.87
epoch=16/300 lr=0.10000 train_acc=76.80 test_acc=73.81
epoch=17/300 lr=0.10000 train_acc=77.09 test_acc=73.70
epoch=18/300 lr=0.10000 train_acc=77.21 test_acc=76.94
epoch=19/300 lr=0.10000 train_acc=77.32 test_acc=70.79
epoch=20/300 lr=0.10000 train_acc=77.47 test_acc=71.94
epoch=21/300 lr=0.10000 train_acc=78.14 test_acc=74.17
epoch=22/300 lr=0.10000 train_acc=77.84 test_acc=77.39
epoch=23/300 lr=0.10000 train_acc=78.14 test_acc=71.42
epoch=24/300 lr=0.10000 train_acc=78.43 test_acc=81.11
epoch=25/300 lr=0.10000 train_acc=78.37 test_acc=78.40
epoch=26/300 lr=0.10000 train_acc=78.27 test_acc=74.72
epoch=27/300 lr=0.10000 train_acc=78.29 test_acc=76.00
epoch=28/300 lr=0.10000 train_acc=78.80 test_acc=75.31
epoch=29/300 lr=0.10000 train_acc=78.80 test_acc=78.57
epoch=30/300 lr=0.10000 train_acc=78.80 test_acc=76.66
epoch=31/300 lr=0.10000 train_acc=78.91 test_acc=80.73
epoch=32/300 lr=0.10000 train_acc=79.15 test_acc=80.67
epoch=33/300 lr=0.10000 train_acc=78.62 test_acc=79.97
epoch=34/300 lr=0.10000 train_acc=79.16 test_acc=79.45
epoch=35/300 lr=0.10000 train_acc=79.17 test_acc=73.00
epoch=36/300 lr=0.10000 train_acc=79.30 test_acc=79.46
epoch=37/300 lr=0.10000 train_acc=79.44 test_acc=79.26
epoch=38/300 lr=0.10000 train_acc=79.22 test_acc=80.11
epoch=39/300 lr=0.10000 train_acc=79.29 test_acc=72.53
epoch=40/300 lr=0.10000 train_acc=79.40 test_acc=64.52
epoch=41/300 lr=0.10000 train_acc=79.60 test_acc=73.20
epoch=42/300 lr=0.10000 train_acc=79.66 test_acc=73.88
epoch=43/300 lr=0.10000 train_acc=79.68 test_acc=75.60
epoch=44/300 lr=0.10000 train_acc=79.75 test_acc=70.05
epoch=45/300 lr=0.10000 train_acc=79.30 test_acc=77.01
epoch=46/300 lr=0.10000 train_acc=79.61 test_acc=81.69
epoch=47/300 lr=0.10000 train_acc=79.92 test_acc=80.06
epoch=48/300 lr=0.10000 train_acc=79.78 test_acc=80.35
epoch=49/300 lr=0.10000 train_acc=79.80 test_acc=78.86
epoch=50/300 lr=0.10000 train_acc=80.04 test_acc=79.80
epoch=51/300 lr=0.10000 train_acc=79.91 test_acc=69.03
epoch=52/300 lr=0.10000 train_acc=80.31 test_acc=76.32
epoch=53/300 lr=0.10000 train_acc=79.73 test_acc=74.16
epoch=54/300 lr=0.10000 train_acc=80.01 test_acc=78.05
epoch=55/300 lr=0.10000 train_acc=79.95 test_acc=77.32
epoch=56/300 lr=0.10000 train_acc=79.72 test_acc=78.10
epoch=57/300 lr=0.10000 train_acc=80.04 test_acc=79.60
epoch=58/300 lr=0.10000 train_acc=79.75 test_acc=78.26
epoch=59/300 lr=0.10000 train_acc=80.32 test_acc=75.49
epoch=60/300 lr=0.10000 train_acc=79.86 test_acc=77.18
epoch=61/300 lr=0.10000 train_acc=80.05 test_acc=77.62
epoch=62/300 lr=0.10000 train_acc=80.35 test_acc=77.79
epoch=63/300 lr=0.10000 train_acc=80.12 test_acc=79.11
epoch=64/300 lr=0.10000 train_acc=80.50 test_acc=78.53
epoch=65/300 lr=0.10000 train_acc=79.98 test_acc=75.54
epoch=66/300 lr=0.10000 train_acc=80.11 test_acc=79.69
epoch=67/300 lr=0.10000 train_acc=80.18 test_acc=75.97
epoch=68/300 lr=0.10000 train_acc=80.14 test_acc=79.60
epoch=69/300 lr=0.10000 train_acc=80.57 test_acc=75.39
epoch=70/300 lr=0.10000 train_acc=80.25 test_acc=76.78
epoch=71/300 lr=0.10000 train_acc=80.48 test_acc=72.31
epoch=72/300 lr=0.10000 train_acc=80.28 test_acc=71.41
epoch=73/300 lr=0.10000 train_acc=80.32 test_acc=78.66
epoch=74/300 lr=0.10000 train_acc=80.21 test_acc=74.99
epoch=75/300 lr=0.10000 train_acc=80.50 test_acc=74.54
epoch=76/300 lr=0.10000 train_acc=80.24 test_acc=72.91
epoch=77/300 lr=0.10000 train_acc=80.43 test_acc=80.53
epoch=78/300 lr=0.10000 train_acc=80.56 test_acc=79.23
epoch=79/300 lr=0.10000 train_acc=80.65 test_acc=74.33
epoch=80/300 lr=0.10000 train_acc=80.31 test_acc=69.64
epoch=81/300 lr=0.10000 train_acc=80.32 test_acc=78.72
epoch=82/300 lr=0.10000 train_acc=80.21 test_acc=80.48
epoch=83/300 lr=0.10000 train_acc=80.25 test_acc=79.36
epoch=84/300 lr=0.10000 train_acc=80.58 test_acc=81.26
epoch=85/300 lr=0.10000 train_acc=80.47 test_acc=81.12
epoch=86/300 lr=0.10000 train_acc=80.73 test_acc=79.15
epoch=87/300 lr=0.10000 train_acc=80.55 test_acc=78.13
epoch=88/300 lr=0.10000 train_acc=80.86 test_acc=77.66
epoch=89/300 lr=0.10000 train_acc=80.18 test_acc=80.90
epoch=90/300 lr=0.10000 train_acc=80.61 test_acc=77.73
epoch=91/300 lr=0.10000 train_acc=80.54 test_acc=78.51
epoch=92/300 lr=0.10000 train_acc=80.54 test_acc=65.76
epoch=93/300 lr=0.10000 train_acc=80.68 test_acc=79.87
epoch=94/300 lr=0.10000 train_acc=80.68 test_acc=80.62
epoch=95/300 lr=0.10000 train_acc=80.68 test_acc=79.82
epoch=96/300 lr=0.10000 train_acc=80.20 test_acc=72.72
epoch=97/300 lr=0.10000 train_acc=80.56 test_acc=76.49
epoch=98/300 lr=0.10000 train_acc=80.73 test_acc=74.95
epoch=99/300 lr=0.10000 train_acc=80.78 test_acc=76.44
epoch=100/300 lr=0.10000 train_acc=80.78 test_acc=78.34
epoch=101/300 lr=0.10000 train_acc=80.58 test_acc=80.74
epoch=102/300 lr=0.10000 train_acc=80.74 test_acc=79.17
epoch=103/300 lr=0.10000 train_acc=80.39 test_acc=80.75
epoch=104/300 lr=0.10000 train_acc=80.61 test_acc=74.55
epoch=105/300 lr=0.10000 train_acc=80.93 test_acc=80.18
epoch=106/300 lr=0.10000 train_acc=80.60 test_acc=79.39
epoch=107/300 lr=0.10000 train_acc=80.54 test_acc=77.57
epoch=108/300 lr=0.10000 train_acc=80.76 test_acc=80.57
epoch=109/300 lr=0.10000 train_acc=80.69 test_acc=76.07
epoch=110/300 lr=0.10000 train_acc=81.02 test_acc=78.62
epoch=111/300 lr=0.10000 train_acc=80.94 test_acc=76.58
epoch=112/300 lr=0.10000 train_acc=80.80 test_acc=81.40
epoch=113/300 lr=0.10000 train_acc=80.54 test_acc=79.86
epoch=114/300 lr=0.10000 train_acc=80.80 test_acc=77.97
epoch=115/300 lr=0.10000 train_acc=80.88 test_acc=79.29
epoch=116/300 lr=0.10000 train_acc=80.63 test_acc=82.46
epoch=117/300 lr=0.10000 train_acc=80.70 test_acc=79.27
epoch=118/300 lr=0.10000 train_acc=80.60 test_acc=74.13
epoch=119/300 lr=0.10000 train_acc=80.60 test_acc=77.53
epoch=120/300 lr=0.10000 train_acc=81.02 test_acc=69.98
epoch=121/300 lr=0.10000 train_acc=80.31 test_acc=79.90
epoch=122/300 lr=0.10000 train_acc=80.76 test_acc=81.65
epoch=123/300 lr=0.10000 train_acc=81.13 test_acc=75.21
epoch=124/300 lr=0.10000 train_acc=80.55 test_acc=79.69
epoch=125/300 lr=0.10000 train_acc=81.06 test_acc=79.38
epoch=126/300 lr=0.10000 train_acc=80.87 test_acc=76.22
epoch=127/300 lr=0.10000 train_acc=80.98 test_acc=75.13
epoch=128/300 lr=0.10000 train_acc=80.74 test_acc=78.71
epoch=129/300 lr=0.10000 train_acc=80.71 test_acc=76.66
epoch=130/300 lr=0.10000 train_acc=80.93 test_acc=76.96
epoch=131/300 lr=0.10000 train_acc=80.69 test_acc=77.92
epoch=132/300 lr=0.10000 train_acc=81.17 test_acc=79.12
epoch=133/300 lr=0.10000 train_acc=80.70 test_acc=81.86
epoch=134/300 lr=0.10000 train_acc=81.01 test_acc=67.78
epoch=135/300 lr=0.10000 train_acc=80.96 test_acc=80.81
epoch=136/300 lr=0.10000 train_acc=80.82 test_acc=73.82
epoch=137/300 lr=0.10000 train_acc=80.57 test_acc=74.92
epoch=138/300 lr=0.10000 train_acc=80.87 test_acc=77.59
epoch=139/300 lr=0.10000 train_acc=80.86 test_acc=77.70
epoch=140/300 lr=0.10000 train_acc=80.96 test_acc=83.07
epoch=141/300 lr=0.10000 train_acc=81.09 test_acc=67.39
epoch=142/300 lr=0.10000 train_acc=81.09 test_acc=78.90
epoch=143/300 lr=0.10000 train_acc=80.99 test_acc=79.92
epoch=144/300 lr=0.10000 train_acc=81.14 test_acc=81.37
epoch=145/300 lr=0.10000 train_acc=81.02 test_acc=78.49
epoch=146/300 lr=0.10000 train_acc=80.92 test_acc=79.43
epoch=147/300 lr=0.10000 train_acc=81.10 test_acc=76.35
epoch=148/300 lr=0.10000 train_acc=80.99 test_acc=79.34
epoch=149/300 lr=0.10000 train_acc=80.81 test_acc=81.81
epoch=150/300 lr=0.10000 train_acc=81.06 test_acc=82.09
epoch=151/300 lr=0.01000 train_acc=86.61 test_acc=89.74
epoch=152/300 lr=0.01000 train_acc=88.09 test_acc=90.05
epoch=153/300 lr=0.01000 train_acc=89.01 test_acc=90.38
epoch=154/300 lr=0.01000 train_acc=89.21 test_acc=90.87
epoch=155/300 lr=0.01000 train_acc=89.49 test_acc=90.72
epoch=156/300 lr=0.01000 train_acc=89.51 test_acc=90.94
epoch=157/300 lr=0.01000 train_acc=89.87 test_acc=90.61
epoch=158/300 lr=0.01000 train_acc=89.96 test_acc=90.83
epoch=159/300 lr=0.01000 train_acc=90.14 test_acc=91.17
epoch=160/300 lr=0.01000 train_acc=90.24 test_acc=91.06
epoch=161/300 lr=0.01000 train_acc=90.39 test_acc=91.26
epoch=162/300 lr=0.01000 train_acc=90.32 test_acc=90.96
epoch=163/300 lr=0.01000 train_acc=90.46 test_acc=91.11
epoch=164/300 lr=0.01000 train_acc=90.55 test_acc=91.46
epoch=165/300 lr=0.01000 train_acc=90.86 test_acc=90.92
epoch=166/300 lr=0.01000 train_acc=90.71 test_acc=91.10
epoch=167/300 lr=0.01000 train_acc=90.69 test_acc=91.44
epoch=168/300 lr=0.01000 train_acc=90.85 test_acc=90.37
epoch=169/300 lr=0.01000 train_acc=90.91 test_acc=91.52
epoch=170/300 lr=0.01000 train_acc=90.90 test_acc=90.98
epoch=171/300 lr=0.01000 train_acc=91.06 test_acc=90.99
epoch=172/300 lr=0.01000 train_acc=90.84 test_acc=90.53
epoch=173/300 lr=0.01000 train_acc=90.85 test_acc=90.30
epoch=174/300 lr=0.01000 train_acc=90.98 test_acc=89.88
epoch=175/300 lr=0.01000 train_acc=90.93 test_acc=90.89
epoch=176/300 lr=0.01000 train_acc=90.90 test_acc=91.29
epoch=177/300 lr=0.01000 train_acc=90.93 test_acc=90.71
epoch=178/300 lr=0.01000 train_acc=91.07 test_acc=91.08
epoch=179/300 lr=0.01000 train_acc=90.70 test_acc=90.82
epoch=180/300 lr=0.01000 train_acc=90.87 test_acc=90.60
epoch=181/300 lr=0.01000 train_acc=90.89 test_acc=90.13
epoch=182/300 lr=0.01000 train_acc=90.74 test_acc=89.16
epoch=183/300 lr=0.01000 train_acc=90.67 test_acc=90.61
epoch=184/300 lr=0.01000 train_acc=90.90 test_acc=89.22
epoch=185/300 lr=0.01000 train_acc=90.92 test_acc=90.10
epoch=186/300 lr=0.01000 train_acc=90.67 test_acc=89.77
epoch=187/300 lr=0.01000 train_acc=90.85 test_acc=90.33
epoch=188/300 lr=0.01000 train_acc=90.67 test_acc=90.29
epoch=189/300 lr=0.01000 train_acc=90.77 test_acc=90.94
epoch=190/300 lr=0.01000 train_acc=90.76 test_acc=90.38
epoch=191/300 lr=0.01000 train_acc=90.97 test_acc=90.24
epoch=192/300 lr=0.01000 train_acc=90.87 test_acc=89.39
epoch=193/300 lr=0.01000 train_acc=90.84 test_acc=90.40
epoch=194/300 lr=0.01000 train_acc=90.74 test_acc=89.26
epoch=195/300 lr=0.01000 train_acc=90.90 test_acc=89.03
epoch=196/300 lr=0.01000 train_acc=90.81 test_acc=89.88
epoch=197/300 lr=0.01000 train_acc=90.86 test_acc=90.64
epoch=198/300 lr=0.01000 train_acc=90.78 test_acc=90.45
epoch=199/300 lr=0.01000 train_acc=90.90 test_acc=89.85
epoch=200/300 lr=0.01000 train_acc=90.61 test_acc=90.63
epoch=201/300 lr=0.01000 train_acc=90.57 test_acc=88.51
epoch=202/300 lr=0.01000 train_acc=90.83 test_acc=89.60
epoch=203/300 lr=0.01000 train_acc=90.74 test_acc=89.32
epoch=204/300 lr=0.01000 train_acc=90.84 test_acc=89.96
epoch=205/300 lr=0.01000 train_acc=91.06 test_acc=90.11
epoch=206/300 lr=0.01000 train_acc=91.02 test_acc=90.25
epoch=207/300 lr=0.01000 train_acc=90.80 test_acc=90.52
epoch=208/300 lr=0.01000 train_acc=91.09 test_acc=90.44
epoch=209/300 lr=0.01000 train_acc=90.73 test_acc=90.39
epoch=210/300 lr=0.01000 train_acc=90.85 test_acc=90.27
epoch=211/300 lr=0.01000 train_acc=90.74 test_acc=90.45
epoch=212/300 lr=0.01000 train_acc=90.81 test_acc=88.76
epoch=213/300 lr=0.01000 train_acc=91.12 test_acc=89.10
epoch=214/300 lr=0.01000 train_acc=90.75 test_acc=89.70
epoch=215/300 lr=0.01000 train_acc=90.91 test_acc=89.94
epoch=216/300 lr=0.01000 train_acc=90.84 test_acc=90.46
epoch=217/300 lr=0.01000 train_acc=91.00 test_acc=90.59
epoch=218/300 lr=0.01000 train_acc=90.93 test_acc=90.23
epoch=219/300 lr=0.01000 train_acc=91.00 test_acc=90.40
epoch=220/300 lr=0.01000 train_acc=90.88 test_acc=89.25
epoch=221/300 lr=0.01000 train_acc=90.84 test_acc=90.57
epoch=222/300 lr=0.01000 train_acc=90.99 test_acc=90.19
epoch=223/300 lr=0.01000 train_acc=91.16 test_acc=90.03
epoch=224/300 lr=0.01000 train_acc=91.06 test_acc=89.76
epoch=225/300 lr=0.01000 train_acc=91.04 test_acc=89.86
epoch=226/300 lr=0.00100 train_acc=92.74 test_acc=92.53
epoch=227/300 lr=0.00100 train_acc=93.55 test_acc=92.66
epoch=228/300 lr=0.00100 train_acc=93.92 test_acc=92.74
epoch=229/300 lr=0.00100 train_acc=94.05 test_acc=92.77
epoch=230/300 lr=0.00100 train_acc=94.25 test_acc=92.81
epoch=231/300 lr=0.00100 train_acc=94.40 test_acc=92.97
epoch=232/300 lr=0.00100 train_acc=94.46 test_acc=92.90
epoch=233/300 lr=0.00100 train_acc=94.36 test_acc=93.12
epoch=234/300 lr=0.00100 train_acc=94.52 test_acc=93.06
epoch=235/300 lr=0.00100 train_acc=94.49 test_acc=93.08
epoch=236/300 lr=0.00100 train_acc=94.62 test_acc=93.09
epoch=237/300 lr=0.00100 train_acc=94.60 test_acc=92.91
epoch=238/300 lr=0.00100 train_acc=94.69 test_acc=92.87
epoch=239/300 lr=0.00100 train_acc=94.81 test_acc=93.00
epoch=240/300 lr=0.00100 train_acc=94.84 test_acc=92.86
epoch=241/300 lr=0.00100 train_acc=94.78 test_acc=92.92
epoch=242/300 lr=0.00100 train_acc=94.94 test_acc=92.98
epoch=243/300 lr=0.00100 train_acc=94.88 test_acc=93.00
epoch=244/300 lr=0.00100 train_acc=94.84 test_acc=92.87
epoch=245/300 lr=0.00100 train_acc=95.10 test_acc=92.89
epoch=246/300 lr=0.00100 train_acc=95.00 test_acc=93.10
epoch=247/300 lr=0.00100 train_acc=95.05 test_acc=93.05
epoch=248/300 lr=0.00100 train_acc=94.86 test_acc=92.86
epoch=249/300 lr=0.00100 train_acc=95.24 test_acc=92.89
epoch=250/300 lr=0.00100 train_acc=95.08 test_acc=92.75
epoch=251/300 lr=0.00100 train_acc=95.21 test_acc=92.99
epoch=252/300 lr=0.00100 train_acc=95.22 test_acc=92.86
epoch=253/300 lr=0.00100 train_acc=95.12 test_acc=93.04
epoch=254/300 lr=0.00100 train_acc=95.24 test_acc=93.03
epoch=255/300 lr=0.00100 train_acc=95.16 test_acc=92.75
epoch=256/300 lr=0.00100 train_acc=95.32 test_acc=93.04
epoch=257/300 lr=0.00100 train_acc=95.27 test_acc=92.81
epoch=258/300 lr=0.00100 train_acc=95.26 test_acc=93.06
epoch=259/300 lr=0.00100 train_acc=95.36 test_acc=93.00
epoch=260/300 lr=0.00100 train_acc=95.34 test_acc=92.93
epoch=261/300 lr=0.00100 train_acc=95.36 test_acc=92.99
epoch=262/300 lr=0.00100 train_acc=95.40 test_acc=93.11
epoch=263/300 lr=0.00100 train_acc=95.33 test_acc=92.72
epoch=264/300 lr=0.00100 train_acc=95.20 test_acc=93.05
epoch=265/300 lr=0.00100 train_acc=95.46 test_acc=93.02
epoch=266/300 lr=0.00100 train_acc=95.31 test_acc=92.99
epoch=267/300 lr=0.00100 train_acc=95.31 test_acc=92.96
epoch=268/300 lr=0.00100 train_acc=95.38 test_acc=93.05
epoch=269/300 lr=0.00100 train_acc=95.43 test_acc=92.89
epoch=270/300 lr=0.00100 train_acc=95.58 test_acc=92.82
epoch=271/300 lr=0.00100 train_acc=95.58 test_acc=93.11
epoch=272/300 lr=0.00100 train_acc=95.33 test_acc=93.00
epoch=273/300 lr=0.00100 train_acc=95.51 test_acc=92.78
epoch=274/300 lr=0.00100 train_acc=95.48 test_acc=93.02
epoch=275/300 lr=0.00100 train_acc=95.52 test_acc=93.03
epoch=276/300 lr=0.00100 train_acc=95.37 test_acc=92.99
epoch=277/300 lr=0.00100 train_acc=95.50 test_acc=92.97
epoch=278/300 lr=0.00100 train_acc=95.63 test_acc=93.22
epoch=279/300 lr=0.00100 train_acc=95.61 test_acc=92.99
epoch=280/300 lr=0.00100 train_acc=95.44 test_acc=93.16
epoch=281/300 lr=0.00100 train_acc=95.53 test_acc=93.18
epoch=282/300 lr=0.00100 train_acc=95.68 test_acc=93.02
epoch=283/300 lr=0.00100 train_acc=95.57 test_acc=92.98
epoch=284/300 lr=0.00100 train_acc=95.64 test_acc=93.30
epoch=285/300 lr=0.00100 train_acc=95.74 test_acc=93.11
epoch=286/300 lr=0.00100 train_acc=95.82 test_acc=93.06
epoch=287/300 lr=0.00100 train_acc=95.50 test_acc=93.22
epoch=288/300 lr=0.00100 train_acc=95.55 test_acc=92.98
epoch=289/300 lr=0.00100 train_acc=95.55 test_acc=92.96
epoch=290/300 lr=0.00100 train_acc=95.54 test_acc=93.07
epoch=291/300 lr=0.00100 train_acc=95.66 test_acc=92.90
epoch=292/300 lr=0.00100 train_acc=95.60 test_acc=93.07
epoch=293/300 lr=0.00100 train_acc=95.74 test_acc=93.17
epoch=294/300 lr=0.00100 train_acc=95.57 test_acc=93.08
epoch=295/300 lr=0.00100 train_acc=95.59 test_acc=93.18
epoch=296/300 lr=0.00100 train_acc=95.83 test_acc=93.13
epoch=297/300 lr=0.00100 train_acc=95.55 test_acc=93.15
epoch=298/300 lr=0.00100 train_acc=95.77 test_acc=92.97
epoch=299/300 lr=0.00100 train_acc=95.75 test_acc=93.25
epoch=300/300 lr=0.00100 train_acc=95.66 test_acc=93.27
{
  "best_accuracy": 93.3,
  "best_error_rate": 6.700000000000003,
  "final_accuracy": 93.27,
  "final_error_rate": 6.730000000000004,
  "elapsed_seconds": 1946.166172504425,
  "is_paper_result": false,
  "note": "New reproduction result; compare against paper target separately."
}
start experiment=cifar10_resnet20_re_author_code seed=1002
epoch=1/300 lr=0.10000 train_acc=37.53 test_acc=49.74
epoch=2/300 lr=0.10000 train_acc=55.93 test_acc=55.81
epoch=3/300 lr=0.10000 train_acc=62.91 test_acc=58.45
epoch=4/300 lr=0.10000 train_acc=66.71 test_acc=64.05
epoch=5/300 lr=0.10000 train_acc=69.43 test_acc=66.97
epoch=6/300 lr=0.10000 train_acc=71.19 test_acc=65.71
epoch=7/300 lr=0.10000 train_acc=72.46 test_acc=69.18
epoch=8/300 lr=0.10000 train_acc=73.26 test_acc=63.83
epoch=9/300 lr=0.10000 train_acc=73.98 test_acc=75.63
epoch=10/300 lr=0.10000 train_acc=74.23 test_acc=74.64
epoch=11/300 lr=0.10000 train_acc=75.22 test_acc=73.17
epoch=12/300 lr=0.10000 train_acc=75.41 test_acc=76.53
epoch=13/300 lr=0.10000 train_acc=75.81 test_acc=72.46
epoch=14/300 lr=0.10000 train_acc=76.35 test_acc=76.03
epoch=15/300 lr=0.10000 train_acc=76.40 test_acc=62.49
epoch=16/300 lr=0.10000 train_acc=76.77 test_acc=68.03
epoch=17/300 lr=0.10000 train_acc=76.98 test_acc=74.63
epoch=18/300 lr=0.10000 train_acc=77.36 test_acc=73.58
epoch=19/300 lr=0.10000 train_acc=77.37 test_acc=76.57
epoch=20/300 lr=0.10000 train_acc=77.35 test_acc=75.72
epoch=21/300 lr=0.10000 train_acc=77.48 test_acc=79.31
epoch=22/300 lr=0.10000 train_acc=77.77 test_acc=76.92
epoch=23/300 lr=0.10000 train_acc=78.16 test_acc=77.80
epoch=24/300 lr=0.10000 train_acc=78.26 test_acc=74.18
epoch=25/300 lr=0.10000 train_acc=78.11 test_acc=78.13
epoch=26/300 lr=0.10000 train_acc=78.43 test_acc=70.80
epoch=27/300 lr=0.10000 train_acc=78.35 test_acc=79.35
epoch=28/300 lr=0.10000 train_acc=78.73 test_acc=76.63
epoch=29/300 lr=0.10000 train_acc=78.49 test_acc=77.13
epoch=30/300 lr=0.10000 train_acc=78.65 test_acc=75.86
epoch=31/300 lr=0.10000 train_acc=78.76 test_acc=76.38
epoch=32/300 lr=0.10000 train_acc=79.08 test_acc=72.81
epoch=33/300 lr=0.10000 train_acc=78.91 test_acc=79.14
epoch=34/300 lr=0.10000 train_acc=78.78 test_acc=78.77
epoch=35/300 lr=0.10000 train_acc=79.18 test_acc=68.61
epoch=36/300 lr=0.10000 train_acc=79.05 test_acc=73.36
epoch=37/300 lr=0.10000 train_acc=78.92 test_acc=77.95
epoch=38/300 lr=0.10000 train_acc=78.92 test_acc=75.46
epoch=39/300 lr=0.10000 train_acc=79.50 test_acc=77.05
epoch=40/300 lr=0.10000 train_acc=79.54 test_acc=71.20
epoch=41/300 lr=0.10000 train_acc=79.50 test_acc=61.96
epoch=42/300 lr=0.10000 train_acc=79.47 test_acc=76.47
epoch=43/300 lr=0.10000 train_acc=79.50 test_acc=77.20
epoch=44/300 lr=0.10000 train_acc=79.41 test_acc=79.09
epoch=45/300 lr=0.10000 train_acc=79.29 test_acc=79.04
epoch=46/300 lr=0.10000 train_acc=79.56 test_acc=78.18
epoch=47/300 lr=0.10000 train_acc=79.64 test_acc=71.72
epoch=48/300 lr=0.10000 train_acc=79.99 test_acc=72.74
epoch=49/300 lr=0.10000 train_acc=79.43 test_acc=74.23
epoch=50/300 lr=0.10000 train_acc=79.88 test_acc=78.83
epoch=51/300 lr=0.10000 train_acc=79.59 test_acc=77.41
epoch=52/300 lr=0.10000 train_acc=79.60 test_acc=71.79
epoch=53/300 lr=0.10000 train_acc=80.28 test_acc=81.24
epoch=54/300 lr=0.10000 train_acc=79.76 test_acc=76.11
epoch=55/300 lr=0.10000 train_acc=79.61 test_acc=75.42
epoch=56/300 lr=0.10000 train_acc=79.83 test_acc=77.76
epoch=57/300 lr=0.10000 train_acc=79.87 test_acc=80.11
epoch=58/300 lr=0.10000 train_acc=79.96 test_acc=76.30
epoch=59/300 lr=0.10000 train_acc=79.80 test_acc=80.03
epoch=60/300 lr=0.10000 train_acc=79.66 test_acc=71.91
epoch=61/300 lr=0.10000 train_acc=80.06 test_acc=80.61
epoch=62/300 lr=0.10000 train_acc=79.68 test_acc=73.30
epoch=63/300 lr=0.10000 train_acc=79.92 test_acc=71.38
epoch=64/300 lr=0.10000 train_acc=79.99 test_acc=76.10
epoch=65/300 lr=0.10000 train_acc=79.84 test_acc=76.11
epoch=66/300 lr=0.10000 train_acc=80.11 test_acc=76.03
epoch=67/300 lr=0.10000 train_acc=80.30 test_acc=78.98
epoch=68/300 lr=0.10000 train_acc=79.94 test_acc=79.44
epoch=69/300 lr=0.10000 train_acc=80.01 test_acc=75.46
epoch=70/300 lr=0.10000 train_acc=80.23 test_acc=73.87
epoch=71/300 lr=0.10000 train_acc=80.38 test_acc=79.07
epoch=72/300 lr=0.10000 train_acc=80.12 test_acc=71.32
epoch=73/300 lr=0.10000 train_acc=80.26 test_acc=76.65
epoch=74/300 lr=0.10000 train_acc=80.13 test_acc=77.92
epoch=75/300 lr=0.10000 train_acc=80.31 test_acc=82.45
epoch=76/300 lr=0.10000 train_acc=80.28 test_acc=80.00
epoch=77/300 lr=0.10000 train_acc=80.22 test_acc=80.00
epoch=78/300 lr=0.10000 train_acc=80.18 test_acc=81.11
epoch=79/300 lr=0.10000 train_acc=80.21 test_acc=78.55
epoch=80/300 lr=0.10000 train_acc=80.78 test_acc=80.32
epoch=81/300 lr=0.10000 train_acc=80.14 test_acc=76.02
epoch=82/300 lr=0.10000 train_acc=80.57 test_acc=78.08
epoch=83/300 lr=0.10000 train_acc=80.41 test_acc=80.16
epoch=84/300 lr=0.10000 train_acc=80.33 test_acc=77.29
epoch=85/300 lr=0.10000 train_acc=80.19 test_acc=76.63
epoch=86/300 lr=0.10000 train_acc=80.46 test_acc=77.19
epoch=87/300 lr=0.10000 train_acc=80.45 test_acc=79.05
epoch=88/300 lr=0.10000 train_acc=80.56 test_acc=74.87
epoch=89/300 lr=0.10000 train_acc=80.47 test_acc=73.42
epoch=90/300 lr=0.10000 train_acc=80.31 test_acc=80.40
epoch=91/300 lr=0.10000 train_acc=80.53 test_acc=80.99
epoch=92/300 lr=0.10000 train_acc=80.71 test_acc=78.87
epoch=93/300 lr=0.10000 train_acc=80.68 test_acc=81.23
epoch=94/300 lr=0.10000 train_acc=80.49 test_acc=79.72
epoch=95/300 lr=0.10000 train_acc=80.49 test_acc=82.58
epoch=96/300 lr=0.10000 train_acc=80.38 test_acc=78.44
epoch=97/300 lr=0.10000 train_acc=80.83 test_acc=78.13
epoch=98/300 lr=0.10000 train_acc=80.10 test_acc=80.84
epoch=99/300 lr=0.10000 train_acc=80.77 test_acc=74.20
epoch=100/300 lr=0.10000 train_acc=80.78 test_acc=83.04
epoch=101/300 lr=0.10000 train_acc=80.70 test_acc=79.55
epoch=102/300 lr=0.10000 train_acc=80.50 test_acc=70.39
epoch=103/300 lr=0.10000 train_acc=80.61 test_acc=80.25
epoch=104/300 lr=0.10000 train_acc=80.67 test_acc=72.96
epoch=105/300 lr=0.10000 train_acc=80.50 test_acc=78.07
epoch=106/300 lr=0.10000 train_acc=80.65 test_acc=80.90
epoch=107/300 lr=0.10000 train_acc=80.61 test_acc=80.63
epoch=108/300 lr=0.10000 train_acc=80.40 test_acc=77.50
epoch=109/300 lr=0.10000 train_acc=80.83 test_acc=76.04
epoch=110/300 lr=0.10000 train_acc=80.73 test_acc=70.45
epoch=111/300 lr=0.10000 train_acc=80.73 test_acc=80.97
epoch=112/300 lr=0.10000 train_acc=80.93 test_acc=79.41
epoch=113/300 lr=0.10000 train_acc=80.71 test_acc=81.78
epoch=114/300 lr=0.10000 train_acc=80.71 test_acc=73.88
epoch=115/300 lr=0.10000 train_acc=80.83 test_acc=79.44
epoch=116/300 lr=0.10000 train_acc=80.83 test_acc=79.01
epoch=117/300 lr=0.10000 train_acc=80.74 test_acc=81.19
epoch=118/300 lr=0.10000 train_acc=80.82 test_acc=80.94
epoch=119/300 lr=0.10000 train_acc=81.05 test_acc=80.33
epoch=120/300 lr=0.10000 train_acc=80.72 test_acc=80.77
epoch=121/300 lr=0.10000 train_acc=80.57 test_acc=79.78
epoch=122/300 lr=0.10000 train_acc=80.75 test_acc=78.76
epoch=123/300 lr=0.10000 train_acc=80.56 test_acc=80.65
epoch=124/300 lr=0.10000 train_acc=80.55 test_acc=78.39
epoch=125/300 lr=0.10000 train_acc=80.57 test_acc=75.51
epoch=126/300 lr=0.10000 train_acc=80.70 test_acc=77.79
epoch=127/300 lr=0.10000 train_acc=80.83 test_acc=77.51
epoch=128/300 lr=0.10000 train_acc=80.74 test_acc=75.30
epoch=129/300 lr=0.10000 train_acc=80.67 test_acc=73.35
epoch=130/300 lr=0.10000 train_acc=81.09 test_acc=75.79
epoch=131/300 lr=0.10000 train_acc=80.86 test_acc=82.30
epoch=132/300 lr=0.10000 train_acc=81.03 test_acc=78.94
epoch=133/300 lr=0.10000 train_acc=80.89 test_acc=77.53
epoch=134/300 lr=0.10000 train_acc=80.94 test_acc=79.65
epoch=135/300 lr=0.10000 train_acc=80.59 test_acc=79.88
epoch=136/300 lr=0.10000 train_acc=80.81 test_acc=77.50
epoch=137/300 lr=0.10000 train_acc=80.88 test_acc=78.67
epoch=138/300 lr=0.10000 train_acc=80.87 test_acc=79.19
epoch=139/300 lr=0.10000 train_acc=80.96 test_acc=74.33
epoch=140/300 lr=0.10000 train_acc=81.29 test_acc=80.66
epoch=141/300 lr=0.10000 train_acc=80.69 test_acc=81.30
epoch=142/300 lr=0.10000 train_acc=80.77 test_acc=77.35
epoch=143/300 lr=0.10000 train_acc=80.95 test_acc=74.70
epoch=144/300 lr=0.10000 train_acc=81.22 test_acc=81.91
epoch=145/300 lr=0.10000 train_acc=80.84 test_acc=77.38
epoch=146/300 lr=0.10000 train_acc=80.77 test_acc=77.34
epoch=147/300 lr=0.10000 train_acc=80.81 test_acc=80.05
epoch=148/300 lr=0.10000 train_acc=80.78 test_acc=80.29
epoch=149/300 lr=0.10000 train_acc=80.94 test_acc=72.88
epoch=150/300 lr=0.10000 train_acc=80.92 test_acc=79.43
epoch=151/300 lr=0.01000 train_acc=86.53 test_acc=89.13
epoch=152/300 lr=0.01000 train_acc=88.13 test_acc=90.05
epoch=153/300 lr=0.01000 train_acc=88.72 test_acc=90.32
epoch=154/300 lr=0.01000 train_acc=89.21 test_acc=90.53
epoch=155/300 lr=0.01000 train_acc=89.50 test_acc=90.48
epoch=156/300 lr=0.01000 train_acc=89.79 test_acc=90.41
epoch=157/300 lr=0.01000 train_acc=89.74 test_acc=91.12
epoch=158/300 lr=0.01000 train_acc=90.09 test_acc=91.09
epoch=159/300 lr=0.01000 train_acc=90.14 test_acc=90.89
epoch=160/300 lr=0.01000 train_acc=90.53 test_acc=91.07
epoch=161/300 lr=0.01000 train_acc=90.61 test_acc=90.96
epoch=162/300 lr=0.01000 train_acc=90.33 test_acc=91.36
epoch=163/300 lr=0.01000 train_acc=90.69 test_acc=90.48
epoch=164/300 lr=0.01000 train_acc=90.64 test_acc=90.76
epoch=165/300 lr=0.01000 train_acc=90.61 test_acc=91.01
epoch=166/300 lr=0.01000 train_acc=90.84 test_acc=90.94
epoch=167/300 lr=0.01000 train_acc=90.83 test_acc=90.89
epoch=168/300 lr=0.01000 train_acc=90.87 test_acc=91.04
epoch=169/300 lr=0.01000 train_acc=90.96 test_acc=90.46
epoch=170/300 lr=0.01000 train_acc=90.89 test_acc=90.62
epoch=171/300 lr=0.01000 train_acc=90.96 test_acc=90.57
epoch=172/300 lr=0.01000 train_acc=90.98 test_acc=91.14
epoch=173/300 lr=0.01000 train_acc=90.89 test_acc=90.78
epoch=174/300 lr=0.01000 train_acc=90.94 test_acc=90.76
epoch=175/300 lr=0.01000 train_acc=90.98 test_acc=90.14
epoch=176/300 lr=0.01000 train_acc=90.82 test_acc=91.28
epoch=177/300 lr=0.01000 train_acc=90.82 test_acc=90.92
epoch=178/300 lr=0.01000 train_acc=90.76 test_acc=90.73
epoch=179/300 lr=0.01000 train_acc=90.99 test_acc=90.30
epoch=180/300 lr=0.01000 train_acc=90.91 test_acc=90.39
epoch=181/300 lr=0.01000 train_acc=91.07 test_acc=90.75
epoch=182/300 lr=0.01000 train_acc=90.70 test_acc=90.27
epoch=183/300 lr=0.01000 train_acc=90.95 test_acc=90.59
epoch=184/300 lr=0.01000 train_acc=90.97 test_acc=89.92
epoch=185/300 lr=0.01000 train_acc=90.91 test_acc=90.63
epoch=186/300 lr=0.01000 train_acc=90.82 test_acc=88.56
epoch=187/300 lr=0.01000 train_acc=90.64 test_acc=90.39
epoch=188/300 lr=0.01000 train_acc=90.81 test_acc=89.91
epoch=189/300 lr=0.01000 train_acc=91.04 test_acc=89.91
epoch=190/300 lr=0.01000 train_acc=90.80 test_acc=89.51
epoch=191/300 lr=0.01000 train_acc=90.83 test_acc=89.86
epoch=192/300 lr=0.01000 train_acc=90.94 test_acc=89.76
epoch=193/300 lr=0.01000 train_acc=91.10 test_acc=89.63
epoch=194/300 lr=0.01000 train_acc=90.96 test_acc=89.78
epoch=195/300 lr=0.01000 train_acc=90.88 test_acc=89.88
epoch=196/300 lr=0.01000 train_acc=90.91 test_acc=89.71
epoch=197/300 lr=0.01000 train_acc=90.67 test_acc=89.66
epoch=198/300 lr=0.01000 train_acc=90.68 test_acc=89.87
epoch=199/300 lr=0.01000 train_acc=90.65 test_acc=89.64
epoch=200/300 lr=0.01000 train_acc=90.93 test_acc=90.48
epoch=201/300 lr=0.01000 train_acc=90.88 test_acc=90.13
epoch=202/300 lr=0.01000 train_acc=90.95 test_acc=89.39
epoch=203/300 lr=0.01000 train_acc=90.78 test_acc=90.47
epoch=204/300 lr=0.01000 train_acc=90.79 test_acc=90.39
epoch=205/300 lr=0.01000 train_acc=90.98 test_acc=89.39
epoch=206/300 lr=0.01000 train_acc=90.84 test_acc=88.00
epoch=207/300 lr=0.01000 train_acc=90.96 test_acc=89.82
epoch=208/300 lr=0.01000 train_acc=90.99 test_acc=88.09
epoch=209/300 lr=0.01000 train_acc=91.02 test_acc=89.11
epoch=210/300 lr=0.01000 train_acc=90.97 test_acc=90.06
epoch=211/300 lr=0.01000 train_acc=91.02 test_acc=89.94
epoch=212/300 lr=0.01000 train_acc=90.83 test_acc=89.06
epoch=213/300 lr=0.01000 train_acc=91.12 test_acc=90.29
epoch=214/300 lr=0.01000 train_acc=91.08 test_acc=89.89
epoch=215/300 lr=0.01000 train_acc=90.96 test_acc=89.13
epoch=216/300 lr=0.01000 train_acc=91.08 test_acc=89.30
epoch=217/300 lr=0.01000 train_acc=90.77 test_acc=90.35
epoch=218/300 lr=0.01000 train_acc=90.83 test_acc=89.71
epoch=219/300 lr=0.01000 train_acc=90.90 test_acc=89.12
epoch=220/300 lr=0.01000 train_acc=90.97 test_acc=89.78
epoch=221/300 lr=0.01000 train_acc=91.07 test_acc=90.07
epoch=222/300 lr=0.01000 train_acc=90.84 test_acc=90.45
epoch=223/300 lr=0.01000 train_acc=90.94 test_acc=90.20
epoch=224/300 lr=0.01000 train_acc=90.89 test_acc=89.78
epoch=225/300 lr=0.01000 train_acc=91.01 test_acc=90.33
epoch=226/300 lr=0.00100 train_acc=92.93 test_acc=92.37
epoch=227/300 lr=0.00100 train_acc=93.78 test_acc=92.55
epoch=228/300 lr=0.00100 train_acc=93.89 test_acc=92.66
epoch=229/300 lr=0.00100 train_acc=94.20 test_acc=92.70
epoch=230/300 lr=0.00100 train_acc=94.43 test_acc=92.70
epoch=231/300 lr=0.00100 train_acc=94.61 test_acc=92.58
epoch=232/300 lr=0.00100 train_acc=94.46 test_acc=92.75
epoch=233/300 lr=0.00100 train_acc=94.63 test_acc=92.85
epoch=234/300 lr=0.00100 train_acc=94.69 test_acc=92.92
epoch=235/300 lr=0.00100 train_acc=94.80 test_acc=92.71
epoch=236/300 lr=0.00100 train_acc=94.75 test_acc=92.87
epoch=237/300 lr=0.00100 train_acc=94.60 test_acc=92.84
epoch=238/300 lr=0.00100 train_acc=94.76 test_acc=92.85
epoch=239/300 lr=0.00100 train_acc=94.90 test_acc=92.73
epoch=240/300 lr=0.00100 train_acc=94.87 test_acc=92.80
epoch=241/300 lr=0.00100 train_acc=94.97 test_acc=92.73
epoch=242/300 lr=0.00100 train_acc=95.10 test_acc=92.84
epoch=243/300 lr=0.00100 train_acc=95.18 test_acc=92.75
epoch=244/300 lr=0.00100 train_acc=94.86 test_acc=92.90
epoch=245/300 lr=0.00100 train_acc=95.01 test_acc=92.80
epoch=246/300 lr=0.00100 train_acc=94.98 test_acc=92.66
epoch=247/300 lr=0.00100 train_acc=95.01 test_acc=92.78
epoch=248/300 lr=0.00100 train_acc=95.01 test_acc=92.80
epoch=249/300 lr=0.00100 train_acc=95.10 test_acc=92.96
epoch=250/300 lr=0.00100 train_acc=95.16 test_acc=92.74
epoch=251/300 lr=0.00100 train_acc=95.10 test_acc=92.81
epoch=252/300 lr=0.00100 train_acc=95.12 test_acc=92.78
epoch=253/300 lr=0.00100 train_acc=95.15 test_acc=92.72
epoch=254/300 lr=0.00100 train_acc=95.47 test_acc=92.68
epoch=255/300 lr=0.00100 train_acc=95.26 test_acc=92.64
epoch=256/300 lr=0.00100 train_acc=95.27 test_acc=92.77
epoch=257/300 lr=0.00100 train_acc=95.27 test_acc=92.60
epoch=258/300 lr=0.00100 train_acc=95.27 test_acc=92.78
epoch=259/300 lr=0.00100 train_acc=95.40 test_acc=92.68
epoch=260/300 lr=0.00100 train_acc=95.53 test_acc=92.96
epoch=261/300 lr=0.00100 train_acc=95.47 test_acc=92.61
epoch=262/300 lr=0.00100 train_acc=95.18 test_acc=92.91
epoch=263/300 lr=0.00100 train_acc=95.42 test_acc=92.86
epoch=264/300 lr=0.00100 train_acc=95.40 test_acc=92.78
epoch=265/300 lr=0.00100 train_acc=95.38 test_acc=92.78
epoch=266/300 lr=0.00100 train_acc=95.55 test_acc=92.90
epoch=267/300 lr=0.00100 train_acc=95.33 test_acc=93.04
epoch=268/300 lr=0.00100 train_acc=95.34 test_acc=92.93
epoch=269/300 lr=0.00100 train_acc=95.54 test_acc=92.76
epoch=270/300 lr=0.00100 train_acc=95.51 test_acc=92.97
epoch=271/300 lr=0.00100 train_acc=95.64 test_acc=92.82
epoch=272/300 lr=0.00100 train_acc=95.45 test_acc=92.73
epoch=273/300 lr=0.00100 train_acc=95.50 test_acc=92.92
epoch=274/300 lr=0.00100 train_acc=95.42 test_acc=92.79
epoch=275/300 lr=0.00100 train_acc=95.57 test_acc=92.89
epoch=276/300 lr=0.00100 train_acc=95.68 test_acc=92.92
epoch=277/300 lr=0.00100 train_acc=95.66 test_acc=92.88
epoch=278/300 lr=0.00100 train_acc=95.60 test_acc=92.88
epoch=279/300 lr=0.00100 train_acc=95.68 test_acc=92.86
epoch=280/300 lr=0.00100 train_acc=95.60 test_acc=92.85
epoch=281/300 lr=0.00100 train_acc=95.71 test_acc=93.08
epoch=282/300 lr=0.00100 train_acc=95.65 test_acc=92.90
epoch=283/300 lr=0.00100 train_acc=95.61 test_acc=93.06
epoch=284/300 lr=0.00100 train_acc=95.47 test_acc=92.88
epoch=285/300 lr=0.00100 train_acc=95.72 test_acc=93.03
epoch=286/300 lr=0.00100 train_acc=95.58 test_acc=92.88
epoch=287/300 lr=0.00100 train_acc=95.63 test_acc=92.99
epoch=288/300 lr=0.00100 train_acc=95.65 test_acc=92.81
epoch=289/300 lr=0.00100 train_acc=95.76 test_acc=92.83
epoch=290/300 lr=0.00100 train_acc=95.58 test_acc=92.82
epoch=291/300 lr=0.00100 train_acc=95.69 test_acc=93.05
epoch=292/300 lr=0.00100 train_acc=95.74 test_acc=92.73
epoch=293/300 lr=0.00100 train_acc=95.66 test_acc=93.02
epoch=294/300 lr=0.00100 train_acc=95.76 test_acc=93.06
epoch=295/300 lr=0.00100 train_acc=95.61 test_acc=92.91
epoch=296/300 lr=0.00100 train_acc=95.75 test_acc=93.15
epoch=297/300 lr=0.00100 train_acc=95.79 test_acc=92.98
epoch=298/300 lr=0.00100 train_acc=95.80 test_acc=92.95
epoch=299/300 lr=0.00100 train_acc=95.73 test_acc=92.82
epoch=300/300 lr=0.00100 train_acc=95.59 test_acc=93.01
{
  "best_accuracy": 93.15,
  "best_error_rate": 6.849999999999994,
  "final_accuracy": 93.01,
  "final_error_rate": 6.989999999999995,
  "elapsed_seconds": 1946.2792241573334,
  "is_paper_result": false,
  "note": "New reproduction result; compare against paper target separately."
}
start experiment=cifar10_resnet20_re_author_code seed=1003
epoch=1/300 lr=0.10000 train_acc=34.82 test_acc=49.76
epoch=2/300 lr=0.10000 train_acc=52.57 test_acc=51.07
epoch=3/300 lr=0.10000 train_acc=60.56 test_acc=56.33
epoch=4/300 lr=0.10000 train_acc=65.80 test_acc=59.05
epoch=5/300 lr=0.10000 train_acc=68.51 test_acc=68.86
epoch=6/300 lr=0.10000 train_acc=70.59 test_acc=69.47
epoch=7/300 lr=0.10000 train_acc=71.80 test_acc=61.25
epoch=8/300 lr=0.10000 train_acc=73.12 test_acc=72.99
epoch=9/300 lr=0.10000 train_acc=73.80 test_acc=74.27
epoch=10/300 lr=0.10000 train_acc=74.07 test_acc=75.10
epoch=11/300 lr=0.10000 train_acc=74.97 test_acc=70.32
epoch=12/300 lr=0.10000 train_acc=75.50 test_acc=63.00
epoch=13/300 lr=0.10000 train_acc=75.77 test_acc=75.09
epoch=14/300 lr=0.10000 train_acc=76.08 test_acc=73.53
epoch=15/300 lr=0.10000 train_acc=76.02 test_acc=70.42
epoch=16/300 lr=0.10000 train_acc=76.50 test_acc=71.09
epoch=17/300 lr=0.10000 train_acc=76.84 test_acc=74.18
epoch=18/300 lr=0.10000 train_acc=77.08 test_acc=75.71
epoch=19/300 lr=0.10000 train_acc=77.37 test_acc=78.01
epoch=20/300 lr=0.10000 train_acc=77.46 test_acc=78.32
epoch=21/300 lr=0.10000 train_acc=77.77 test_acc=72.30
epoch=22/300 lr=0.10000 train_acc=77.82 test_acc=78.78
epoch=23/300 lr=0.10000 train_acc=77.89 test_acc=77.68
epoch=24/300 lr=0.10000 train_acc=78.01 test_acc=70.86
epoch=25/300 lr=0.10000 train_acc=78.12 test_acc=71.29
epoch=26/300 lr=0.10000 train_acc=78.20 test_acc=67.64
epoch=27/300 lr=0.10000 train_acc=78.17 test_acc=66.12
epoch=28/300 lr=0.10000 train_acc=78.57 test_acc=78.47
epoch=29/300 lr=0.10000 train_acc=78.61 test_acc=78.18
epoch=30/300 lr=0.10000 train_acc=78.82 test_acc=74.15
epoch=31/300 lr=0.10000 train_acc=78.58 test_acc=75.37
epoch=32/300 lr=0.10000 train_acc=79.15 test_acc=79.09
epoch=33/300 lr=0.10000 train_acc=78.76 test_acc=78.12
epoch=34/300 lr=0.10000 train_acc=79.17 test_acc=75.65
epoch=35/300 lr=0.10000 train_acc=79.36 test_acc=78.38
epoch=36/300 lr=0.10000 train_acc=79.02 test_acc=78.97
epoch=37/300 lr=0.10000 train_acc=79.18 test_acc=73.33
epoch=38/300 lr=0.10000 train_acc=79.35 test_acc=69.32
epoch=39/300 lr=0.10000 train_acc=79.11 test_acc=63.56
epoch=40/300 lr=0.10000 train_acc=79.48 test_acc=73.22
epoch=41/300 lr=0.10000 train_acc=79.60 test_acc=70.76
epoch=42/300 lr=0.10000 train_acc=79.76 test_acc=78.14
epoch=43/300 lr=0.10000 train_acc=79.62 test_acc=76.66
epoch=44/300 lr=0.10000 train_acc=79.48 test_acc=78.22
epoch=45/300 lr=0.10000 train_acc=79.49 test_acc=77.14
epoch=46/300 lr=0.10000 train_acc=79.54 test_acc=76.25
epoch=47/300 lr=0.10000 train_acc=79.75 test_acc=72.34
epoch=48/300 lr=0.10000 train_acc=79.55 test_acc=66.58
epoch=49/300 lr=0.10000 train_acc=79.60 test_acc=79.29
epoch=50/300 lr=0.10000 train_acc=79.66 test_acc=79.16
epoch=51/300 lr=0.10000 train_acc=79.69 test_acc=73.34
epoch=52/300 lr=0.10000 train_acc=79.84 test_acc=76.98
epoch=53/300 lr=0.10000 train_acc=79.74 test_acc=81.68
epoch=54/300 lr=0.10000 train_acc=79.97 test_acc=83.03
epoch=55/300 lr=0.10000 train_acc=79.58 test_acc=77.26
epoch=56/300 lr=0.10000 train_acc=79.97 test_acc=79.08
epoch=57/300 lr=0.10000 train_acc=80.20 test_acc=73.99
epoch=58/300 lr=0.10000 train_acc=79.94 test_acc=74.80
epoch=59/300 lr=0.10000 train_acc=80.14 test_acc=77.26
epoch=60/300 lr=0.10000 train_acc=80.13 test_acc=76.13
epoch=61/300 lr=0.10000 train_acc=80.04 test_acc=77.01
epoch=62/300 lr=0.10000 train_acc=80.15 test_acc=79.01
epoch=63/300 lr=0.10000 train_acc=80.30 test_acc=76.81
epoch=64/300 lr=0.10000 train_acc=80.19 test_acc=81.26
epoch=65/300 lr=0.10000 train_acc=79.97 test_acc=81.06
epoch=66/300 lr=0.10000 train_acc=80.51 test_acc=79.08
epoch=67/300 lr=0.10000 train_acc=80.13 test_acc=78.94
epoch=68/300 lr=0.10000 train_acc=80.21 test_acc=80.15
epoch=69/300 lr=0.10000 train_acc=80.33 test_acc=81.09
epoch=70/300 lr=0.10000 train_acc=80.13 test_acc=76.82
epoch=71/300 lr=0.10000 train_acc=80.57 test_acc=81.30
epoch=72/300 lr=0.10000 train_acc=80.36 test_acc=72.26
epoch=73/300 lr=0.10000 train_acc=80.13 test_acc=67.99
epoch=74/300 lr=0.10000 train_acc=80.37 test_acc=78.07
epoch=75/300 lr=0.10000 train_acc=80.27 test_acc=80.36
epoch=76/300 lr=0.10000 train_acc=80.52 test_acc=78.89
epoch=77/300 lr=0.10000 train_acc=80.44 test_acc=73.43
epoch=78/300 lr=0.10000 train_acc=80.38 test_acc=79.52
epoch=79/300 lr=0.10000 train_acc=80.43 test_acc=80.59
epoch=80/300 lr=0.10000 train_acc=80.32 test_acc=80.06
epoch=81/300 lr=0.10000 train_acc=80.33 test_acc=77.96
epoch=82/300 lr=0.10000 train_acc=80.41 test_acc=75.26
epoch=83/300 lr=0.10000 train_acc=80.32 test_acc=77.64
epoch=84/300 lr=0.10000 train_acc=80.47 test_acc=70.78
epoch=85/300 lr=0.10000 train_acc=80.51 test_acc=80.73
epoch=86/300 lr=0.10000 train_acc=80.47 test_acc=78.60
epoch=87/300 lr=0.10000 train_acc=80.65 test_acc=81.82
epoch=88/300 lr=0.10000 train_acc=80.62 test_acc=79.68
epoch=89/300 lr=0.10000 train_acc=80.56 test_acc=80.72
epoch=90/300 lr=0.10000 train_acc=80.52 test_acc=77.38
epoch=91/300 lr=0.10000 train_acc=80.58 test_acc=77.41
epoch=92/300 lr=0.10000 train_acc=80.50 test_acc=79.36
epoch=93/300 lr=0.10000 train_acc=80.45 test_acc=82.50
epoch=94/300 lr=0.10000 train_acc=80.57 test_acc=75.58
epoch=95/300 lr=0.10000 train_acc=80.36 test_acc=81.89
epoch=96/300 lr=0.10000 train_acc=80.65 test_acc=76.27
epoch=97/300 lr=0.10000 train_acc=80.48 test_acc=73.06
epoch=98/300 lr=0.10000 train_acc=80.77 test_acc=75.22
epoch=99/300 lr=0.10000 train_acc=80.51 test_acc=77.01
epoch=100/300 lr=0.10000 train_acc=80.70 test_acc=80.51
epoch=101/300 lr=0.10000 train_acc=80.65 test_acc=77.42
epoch=102/300 lr=0.10000 train_acc=80.60 test_acc=80.39
epoch=103/300 lr=0.10000 train_acc=80.77 test_acc=67.13
epoch=104/300 lr=0.10000 train_acc=80.86 test_acc=80.40
epoch=105/300 lr=0.10000 train_acc=80.47 test_acc=75.73
epoch=106/300 lr=0.10000 train_acc=80.67 test_acc=75.10
epoch=107/300 lr=0.10000 train_acc=80.62 test_acc=79.13
epoch=108/300 lr=0.10000 train_acc=80.91 test_acc=76.13
epoch=109/300 lr=0.10000 train_acc=80.47 test_acc=82.25
epoch=110/300 lr=0.10000 train_acc=80.72 test_acc=77.33
epoch=111/300 lr=0.10000 train_acc=80.59 test_acc=73.49
epoch=112/300 lr=0.10000 train_acc=80.93 test_acc=81.37
epoch=113/300 lr=0.10000 train_acc=81.18 test_acc=78.75
epoch=114/300 lr=0.10000 train_acc=80.90 test_acc=77.73
epoch=115/300 lr=0.10000 train_acc=80.80 test_acc=76.65
epoch=116/300 lr=0.10000 train_acc=81.23 test_acc=76.00
epoch=117/300 lr=0.10000 train_acc=80.85 test_acc=75.88
epoch=118/300 lr=0.10000 train_acc=80.67 test_acc=80.33
epoch=119/300 lr=0.10000 train_acc=80.88 test_acc=76.15
epoch=120/300 lr=0.10000 train_acc=80.82 test_acc=81.68
epoch=121/300 lr=0.10000 train_acc=80.94 test_acc=73.78
epoch=122/300 lr=0.10000 train_acc=80.67 test_acc=77.05
epoch=123/300 lr=0.10000 train_acc=80.98 test_acc=78.05
epoch=124/300 lr=0.10000 train_acc=80.94 test_acc=80.48
epoch=125/300 lr=0.10000 train_acc=80.73 test_acc=79.71
epoch=126/300 lr=0.10000 train_acc=80.84 test_acc=78.21
epoch=127/300 lr=0.10000 train_acc=80.54 test_acc=79.72
epoch=128/300 lr=0.10000 train_acc=80.70 test_acc=79.29
epoch=129/300 lr=0.10000 train_acc=80.65 test_acc=69.54
epoch=130/300 lr=0.10000 train_acc=80.72 test_acc=78.04
epoch=131/300 lr=0.10000 train_acc=80.90 test_acc=78.82
epoch=132/300 lr=0.10000 train_acc=80.84 test_acc=80.38
epoch=133/300 lr=0.10000 train_acc=80.87 test_acc=74.22
epoch=134/300 lr=0.10000 train_acc=80.71 test_acc=77.21
epoch=135/300 lr=0.10000 train_acc=80.83 test_acc=71.77
epoch=136/300 lr=0.10000 train_acc=80.79 test_acc=78.43
epoch=137/300 lr=0.10000 train_acc=80.72 test_acc=82.68
epoch=138/300 lr=0.10000 train_acc=80.69 test_acc=81.14
epoch=139/300 lr=0.10000 train_acc=80.88 test_acc=80.07
epoch=140/300 lr=0.10000 train_acc=81.24 test_acc=73.77
epoch=141/300 lr=0.10000 train_acc=80.90 test_acc=77.80
epoch=142/300 lr=0.10000 train_acc=81.01 test_acc=75.50
epoch=143/300 lr=0.10000 train_acc=80.91 test_acc=73.04
epoch=144/300 lr=0.10000 train_acc=80.75 test_acc=79.61
epoch=145/300 lr=0.10000 train_acc=80.61 test_acc=79.95
epoch=146/300 lr=0.10000 train_acc=80.76 test_acc=81.28
epoch=147/300 lr=0.10000 train_acc=80.63 test_acc=81.12
epoch=148/300 lr=0.10000 train_acc=81.08 test_acc=82.99
epoch=149/300 lr=0.10000 train_acc=81.06 test_acc=82.03
epoch=150/300 lr=0.10000 train_acc=81.23 test_acc=76.06
epoch=151/300 lr=0.01000 train_acc=86.46 test_acc=89.42
epoch=152/300 lr=0.01000 train_acc=88.06 test_acc=90.18
epoch=153/300 lr=0.01000 train_acc=88.71 test_acc=90.04
epoch=154/300 lr=0.01000 train_acc=89.02 test_acc=90.47
epoch=155/300 lr=0.01000 train_acc=89.32 test_acc=90.64
epoch=156/300 lr=0.01000 train_acc=89.69 test_acc=90.36
epoch=157/300 lr=0.01000 train_acc=89.95 test_acc=90.59
epoch=158/300 lr=0.01000 train_acc=90.23 test_acc=90.82
epoch=159/300 lr=0.01000 train_acc=90.02 test_acc=90.91
epoch=160/300 lr=0.01000 train_acc=90.22 test_acc=91.13
epoch=161/300 lr=0.01000 train_acc=90.48 test_acc=91.06
epoch=162/300 lr=0.01000 train_acc=90.63 test_acc=91.07
epoch=163/300 lr=0.01000 train_acc=90.58 test_acc=90.79
epoch=164/300 lr=0.01000 train_acc=90.63 test_acc=91.04
epoch=165/300 lr=0.01000 train_acc=90.61 test_acc=90.92
epoch=166/300 lr=0.01000 train_acc=90.53 test_acc=90.74
epoch=167/300 lr=0.01000 train_acc=90.99 test_acc=90.34
epoch=168/300 lr=0.01000 train_acc=90.74 test_acc=91.24
epoch=169/300 lr=0.01000 train_acc=90.90 test_acc=91.29
epoch=170/300 lr=0.01000 train_acc=91.04 test_acc=91.70
epoch=171/300 lr=0.01000 train_acc=90.85 test_acc=90.69
epoch=172/300 lr=0.01000 train_acc=90.90 test_acc=89.62
epoch=173/300 lr=0.01000 train_acc=90.86 test_acc=90.23
epoch=174/300 lr=0.01000 train_acc=91.06 test_acc=91.01
epoch=175/300 lr=0.01000 train_acc=90.90 test_acc=90.98
epoch=176/300 lr=0.01000 train_acc=91.03 test_acc=90.81
epoch=177/300 lr=0.01000 train_acc=90.93 test_acc=90.57
epoch=178/300 lr=0.01000 train_acc=90.75 test_acc=89.70
epoch=179/300 lr=0.01000 train_acc=90.86 test_acc=90.58
epoch=180/300 lr=0.01000 train_acc=90.72 test_acc=90.34
epoch=181/300 lr=0.01000 train_acc=90.69 test_acc=90.55
epoch=182/300 lr=0.01000 train_acc=91.06 test_acc=89.71
epoch=183/300 lr=0.01000 train_acc=90.79 test_acc=89.12
epoch=184/300 lr=0.01000 train_acc=91.00 test_acc=90.43
epoch=185/300 lr=0.01000 train_acc=90.67 test_acc=90.39
epoch=186/300 lr=0.01000 train_acc=90.83 test_acc=89.72
epoch=187/300 lr=0.01000 train_acc=90.95 test_acc=89.91
epoch=188/300 lr=0.01000 train_acc=90.71 test_acc=89.20
epoch=189/300 lr=0.01000 train_acc=90.52 test_acc=88.60
epoch=190/300 lr=0.01000 train_acc=90.80 test_acc=89.75
epoch=191/300 lr=0.01000 train_acc=90.78 test_acc=89.63
epoch=192/300 lr=0.01000 train_acc=90.65 test_acc=90.26
epoch=193/300 lr=0.01000 train_acc=90.78 test_acc=89.84
epoch=194/300 lr=0.01000 train_acc=90.69 test_acc=89.60
epoch=195/300 lr=0.01000 train_acc=90.89 test_acc=89.33
epoch=196/300 lr=0.01000 train_acc=90.89 test_acc=89.94
epoch=197/300 lr=0.01000 train_acc=91.11 test_acc=89.75
epoch=198/300 lr=0.01000 train_acc=90.87 test_acc=88.42
epoch=199/300 lr=0.01000 train_acc=90.76 test_acc=89.55
epoch=200/300 lr=0.01000 train_acc=90.89 test_acc=89.85
epoch=201/300 lr=0.01000 train_acc=90.73 test_acc=90.45
epoch=202/300 lr=0.01000 train_acc=90.93 test_acc=89.45
epoch=203/300 lr=0.01000 train_acc=90.81 test_acc=89.74
epoch=204/300 lr=0.01000 train_acc=90.91 test_acc=89.74
epoch=205/300 lr=0.01000 train_acc=90.77 test_acc=90.44
epoch=206/300 lr=0.01000 train_acc=90.95 test_acc=90.17
epoch=207/300 lr=0.01000 train_acc=90.97 test_acc=89.48
epoch=208/300 lr=0.01000 train_acc=90.83 test_acc=90.01
epoch=209/300 lr=0.01000 train_acc=90.80 test_acc=89.69
epoch=210/300 lr=0.01000 train_acc=90.95 test_acc=89.26
epoch=211/300 lr=0.01000 train_acc=90.99 test_acc=88.73
epoch=212/300 lr=0.01000 train_acc=91.11 test_acc=88.92
epoch=213/300 lr=0.01000 train_acc=90.76 test_acc=89.14
epoch=214/300 lr=0.01000 train_acc=91.17 test_acc=90.74
epoch=215/300 lr=0.01000 train_acc=90.96 test_acc=87.49
epoch=216/300 lr=0.01000 train_acc=90.63 test_acc=88.61
epoch=217/300 lr=0.01000 train_acc=90.90 test_acc=89.98
epoch=218/300 lr=0.01000 train_acc=91.08 test_acc=90.09
epoch=219/300 lr=0.01000 train_acc=91.02 test_acc=89.36
epoch=220/300 lr=0.01000 train_acc=90.83 test_acc=87.93
epoch=221/300 lr=0.01000 train_acc=90.83 test_acc=90.69
epoch=222/300 lr=0.01000 train_acc=91.10 test_acc=90.00
epoch=223/300 lr=0.01000 train_acc=90.93 test_acc=89.86
epoch=224/300 lr=0.01000 train_acc=91.02 test_acc=90.74
epoch=225/300 lr=0.01000 train_acc=91.26 test_acc=90.19
epoch=226/300 lr=0.00100 train_acc=92.99 test_acc=92.23
epoch=227/300 lr=0.00100 train_acc=93.83 test_acc=92.23
epoch=228/300 lr=0.00100 train_acc=93.81 test_acc=92.52
epoch=229/300 lr=0.00100 train_acc=94.09 test_acc=92.53
epoch=230/300 lr=0.00100 train_acc=94.19 test_acc=92.46
epoch=231/300 lr=0.00100 train_acc=94.28 test_acc=92.36
epoch=232/300 lr=0.00100 train_acc=94.54 test_acc=92.51
epoch=233/300 lr=0.00100 train_acc=94.49 test_acc=92.55
epoch=234/300 lr=0.00100 train_acc=94.50 test_acc=92.58
epoch=235/300 lr=0.00100 train_acc=94.82 test_acc=92.61
epoch=236/300 lr=0.00100 train_acc=94.65 test_acc=92.47
epoch=237/300 lr=0.00100 train_acc=94.78 test_acc=92.59
epoch=238/300 lr=0.00100 train_acc=94.48 test_acc=92.66
epoch=239/300 lr=0.00100 train_acc=95.01 test_acc=92.72
epoch=240/300 lr=0.00100 train_acc=94.81 test_acc=92.74
epoch=241/300 lr=0.00100 train_acc=94.93 test_acc=92.62
epoch=242/300 lr=0.00100 train_acc=95.10 test_acc=92.77
epoch=243/300 lr=0.00100 train_acc=94.97 test_acc=92.69
epoch=244/300 lr=0.00100 train_acc=94.96 test_acc=92.83
epoch=245/300 lr=0.00100 train_acc=94.98 test_acc=92.82
epoch=246/300 lr=0.00100 train_acc=95.12 test_acc=92.92
epoch=247/300 lr=0.00100 train_acc=95.20 test_acc=92.72
epoch=248/300 lr=0.00100 train_acc=95.06 test_acc=92.85
epoch=249/300 lr=0.00100 train_acc=95.14 test_acc=92.64
epoch=250/300 lr=0.00100 train_acc=95.15 test_acc=92.71
epoch=251/300 lr=0.00100 train_acc=95.09 test_acc=93.07
epoch=252/300 lr=0.00100 train_acc=95.15 test_acc=92.85
epoch=253/300 lr=0.00100 train_acc=95.16 test_acc=92.75
epoch=254/300 lr=0.00100 train_acc=95.27 test_acc=92.79
epoch=255/300 lr=0.00100 train_acc=95.28 test_acc=92.91
epoch=256/300 lr=0.00100 train_acc=95.22 test_acc=92.85
epoch=257/300 lr=0.00100 train_acc=95.34 test_acc=92.94
epoch=258/300 lr=0.00100 train_acc=95.38 test_acc=92.79
epoch=259/300 lr=0.00100 train_acc=95.26 test_acc=92.90
epoch=260/300 lr=0.00100 train_acc=95.45 test_acc=92.74
epoch=261/300 lr=0.00100 train_acc=95.32 test_acc=92.85
epoch=262/300 lr=0.00100 train_acc=95.54 test_acc=92.90
epoch=263/300 lr=0.00100 train_acc=95.40 test_acc=93.03
epoch=264/300 lr=0.00100 train_acc=95.34 test_acc=93.07
epoch=265/300 lr=0.00100 train_acc=95.43 test_acc=92.84
epoch=266/300 lr=0.00100 train_acc=95.33 test_acc=92.88
epoch=267/300 lr=0.00100 train_acc=95.35 test_acc=92.96
epoch=268/300 lr=0.00100 train_acc=95.24 test_acc=93.01
epoch=269/300 lr=0.00100 train_acc=95.32 test_acc=93.03
epoch=270/300 lr=0.00100 train_acc=95.54 test_acc=92.84
epoch=271/300 lr=0.00100 train_acc=95.46 test_acc=93.07
epoch=272/300 lr=0.00100 train_acc=95.45 test_acc=92.86
epoch=273/300 lr=0.00100 train_acc=95.77 test_acc=92.99
epoch=274/300 lr=0.00100 train_acc=95.34 test_acc=92.95
epoch=275/300 lr=0.00100 train_acc=95.64 test_acc=92.96
epoch=276/300 lr=0.00100 train_acc=95.51 test_acc=92.83
epoch=277/300 lr=0.00100 train_acc=95.42 test_acc=92.95
epoch=278/300 lr=0.00100 train_acc=95.61 test_acc=92.81
epoch=279/300 lr=0.00100 train_acc=95.50 test_acc=92.94
epoch=280/300 lr=0.00100 train_acc=95.57 test_acc=92.95
epoch=281/300 lr=0.00100 train_acc=95.77 test_acc=92.93
epoch=282/300 lr=0.00100 train_acc=95.60 test_acc=92.96
epoch=283/300 lr=0.00100 train_acc=95.59 test_acc=93.01
epoch=284/300 lr=0.00100 train_acc=95.62 test_acc=93.00
epoch=285/300 lr=0.00100 train_acc=95.53 test_acc=92.87
epoch=286/300 lr=0.00100 train_acc=95.58 test_acc=92.89
epoch=287/300 lr=0.00100 train_acc=95.87 test_acc=92.99
epoch=288/300 lr=0.00100 train_acc=95.83 test_acc=93.17
epoch=289/300 lr=0.00100 train_acc=95.67 test_acc=92.96
epoch=290/300 lr=0.00100 train_acc=95.90 test_acc=92.84
epoch=291/300 lr=0.00100 train_acc=95.66 test_acc=92.91
epoch=292/300 lr=0.00100 train_acc=95.67 test_acc=92.93
epoch=293/300 lr=0.00100 train_acc=95.61 test_acc=92.80
epoch=294/300 lr=0.00100 train_acc=95.71 test_acc=92.66
epoch=295/300 lr=0.00100 train_acc=95.60 test_acc=92.97
epoch=296/300 lr=0.00100 train_acc=95.80 test_acc=92.95
epoch=297/300 lr=0.00100 train_acc=95.64 test_acc=92.95
epoch=298/300 lr=0.00100 train_acc=95.77 test_acc=92.82
epoch=299/300 lr=0.00100 train_acc=95.75 test_acc=92.79
epoch=300/300 lr=0.00100 train_acc=95.78 test_acc=92.82
{
  "best_accuracy": 93.17,
  "best_error_rate": 6.829999999999998,
  "final_accuracy": 92.82,
  "final_error_rate": 7.180000000000007,
  "elapsed_seconds": 1948.7996702194214,
  "is_paper_result": false,
  "note": "New reproduction result; compare against paper target separately."
}
start experiment=cifar10_resnet20_re_author_code seed=1004
epoch=1/300 lr=0.10000 train_acc=35.55 test_acc=43.31
epoch=2/300 lr=0.10000 train_acc=54.09 test_acc=48.72
epoch=3/300 lr=0.10000 train_acc=61.93 test_acc=64.45
epoch=4/300 lr=0.10000 train_acc=66.97 test_acc=64.28
epoch=5/300 lr=0.10000 train_acc=69.52 test_acc=65.05
epoch=6/300 lr=0.10000 train_acc=71.23 test_acc=71.47
epoch=7/300 lr=0.10000 train_acc=72.39 test_acc=70.29
epoch=8/300 lr=0.10000 train_acc=73.12 test_acc=72.68
epoch=9/300 lr=0.10000 train_acc=74.01 test_acc=74.67
epoch=10/300 lr=0.10000 train_acc=74.79 test_acc=55.06
epoch=11/300 lr=0.10000 train_acc=75.22 test_acc=72.52
epoch=12/300 lr=0.10000 train_acc=75.46 test_acc=72.54
epoch=13/300 lr=0.10000 train_acc=75.92 test_acc=75.57
epoch=14/300 lr=0.10000 train_acc=76.01 test_acc=75.58
epoch=15/300 lr=0.10000 train_acc=76.69 test_acc=71.10
epoch=16/300 lr=0.10000 train_acc=76.93 test_acc=76.84
epoch=17/300 lr=0.10000 train_acc=76.96 test_acc=77.20
epoch=18/300 lr=0.10000 train_acc=76.96 test_acc=65.65
epoch=19/300 lr=0.10000 train_acc=77.06 test_acc=77.36
epoch=20/300 lr=0.10000 train_acc=77.31 test_acc=77.19
epoch=21/300 lr=0.10000 train_acc=77.38 test_acc=75.35
epoch=22/300 lr=0.10000 train_acc=77.97 test_acc=74.97
epoch=23/300 lr=0.10000 train_acc=77.79 test_acc=78.13
epoch=24/300 lr=0.10000 train_acc=77.79 test_acc=76.92
epoch=25/300 lr=0.10000 train_acc=78.51 test_acc=65.65
epoch=26/300 lr=0.10000 train_acc=78.28 test_acc=78.81
epoch=27/300 lr=0.10000 train_acc=78.31 test_acc=77.84
epoch=28/300 lr=0.10000 train_acc=78.53 test_acc=70.56
epoch=29/300 lr=0.10000 train_acc=78.64 test_acc=74.33
epoch=30/300 lr=0.10000 train_acc=78.65 test_acc=75.96
epoch=31/300 lr=0.10000 train_acc=78.55 test_acc=74.97
epoch=32/300 lr=0.10000 train_acc=78.73 test_acc=75.22
epoch=33/300 lr=0.10000 train_acc=79.07 test_acc=76.88
epoch=34/300 lr=0.10000 train_acc=78.79 test_acc=78.09
epoch=35/300 lr=0.10000 train_acc=78.91 test_acc=73.63
epoch=36/300 lr=0.10000 train_acc=79.16 test_acc=82.10
epoch=37/300 lr=0.10000 train_acc=79.39 test_acc=79.06
epoch=38/300 lr=0.10000 train_acc=79.28 test_acc=77.02
epoch=39/300 lr=0.10000 train_acc=79.34 test_acc=73.48
epoch=40/300 lr=0.10000 train_acc=79.16 test_acc=78.36
epoch=41/300 lr=0.10000 train_acc=79.56 test_acc=78.54
epoch=42/300 lr=0.10000 train_acc=79.54 test_acc=73.99
epoch=43/300 lr=0.10000 train_acc=79.62 test_acc=74.87
epoch=44/300 lr=0.10000 train_acc=79.83 test_acc=78.23
epoch=45/300 lr=0.10000 train_acc=79.64 test_acc=73.86
epoch=46/300 lr=0.10000 train_acc=79.39 test_acc=78.03
epoch=47/300 lr=0.10000 train_acc=79.42 test_acc=79.04
epoch=48/300 lr=0.10000 train_acc=79.81 test_acc=77.67
epoch=49/300 lr=0.10000 train_acc=79.84 test_acc=77.92
epoch=50/300 lr=0.10000 train_acc=79.40 test_acc=77.76
epoch=51/300 lr=0.10000 train_acc=80.08 test_acc=77.72
epoch=52/300 lr=0.10000 train_acc=79.64 test_acc=81.54
epoch=53/300 lr=0.10000 train_acc=79.51 test_acc=71.88
epoch=54/300 lr=0.10000 train_acc=79.68 test_acc=72.79
epoch=55/300 lr=0.10000 train_acc=79.78 test_acc=77.48
epoch=56/300 lr=0.10000 train_acc=79.87 test_acc=80.92
epoch=57/300 lr=0.10000 train_acc=79.93 test_acc=73.88
epoch=58/300 lr=0.10000 train_acc=79.98 test_acc=80.56
epoch=59/300 lr=0.10000 train_acc=80.07 test_acc=73.83
epoch=60/300 lr=0.10000 train_acc=79.90 test_acc=78.88
epoch=61/300 lr=0.10000 train_acc=80.20 test_acc=79.46
epoch=62/300 lr=0.10000 train_acc=80.04 test_acc=80.60
epoch=63/300 lr=0.10000 train_acc=79.99 test_acc=80.18
epoch=64/300 lr=0.10000 train_acc=80.13 test_acc=74.06
epoch=65/300 lr=0.10000 train_acc=80.21 test_acc=79.02
epoch=66/300 lr=0.10000 train_acc=80.35 test_acc=78.77
epoch=67/300 lr=0.10000 train_acc=80.09 test_acc=74.27
epoch=68/300 lr=0.10000 train_acc=80.13 test_acc=66.44
epoch=69/300 lr=0.10000 train_acc=80.24 test_acc=75.83
epoch=70/300 lr=0.10000 train_acc=79.82 test_acc=80.88
epoch=71/300 lr=0.10000 train_acc=80.24 test_acc=77.39
epoch=72/300 lr=0.10000 train_acc=80.11 test_acc=79.95
epoch=73/300 lr=0.10000 train_acc=80.25 test_acc=81.35
epoch=74/300 lr=0.10000 train_acc=80.43 test_acc=80.03
epoch=75/300 lr=0.10000 train_acc=80.04 test_acc=80.32
epoch=76/300 lr=0.10000 train_acc=80.56 test_acc=77.02
epoch=77/300 lr=0.10000 train_acc=80.56 test_acc=72.89
epoch=78/300 lr=0.10000 train_acc=80.58 test_acc=82.15
epoch=79/300 lr=0.10000 train_acc=80.64 test_acc=77.34
epoch=80/300 lr=0.10000 train_acc=80.21 test_acc=77.01
epoch=81/300 lr=0.10000 train_acc=80.40 test_acc=77.94
epoch=82/300 lr=0.10000 train_acc=80.33 test_acc=80.51
epoch=83/300 lr=0.10000 train_acc=80.53 test_acc=77.43
epoch=84/300 lr=0.10000 train_acc=80.56 test_acc=77.50
epoch=85/300 lr=0.10000 train_acc=80.18 test_acc=80.59
epoch=86/300 lr=0.10000 train_acc=80.41 test_acc=76.01
epoch=87/300 lr=0.10000 train_acc=80.62 test_acc=79.42
epoch=88/300 lr=0.10000 train_acc=80.37 test_acc=73.74
epoch=89/300 lr=0.10000 train_acc=80.19 test_acc=77.86
epoch=90/300 lr=0.10000 train_acc=80.36 test_acc=78.17
epoch=91/300 lr=0.10000 train_acc=80.64 test_acc=78.98
epoch=92/300 lr=0.10000 train_acc=80.36 test_acc=77.08
epoch=93/300 lr=0.10000 train_acc=80.57 test_acc=78.51
epoch=94/300 lr=0.10000 train_acc=80.46 test_acc=79.86
epoch=95/300 lr=0.10000 train_acc=80.58 test_acc=78.94
epoch=96/300 lr=0.10000 train_acc=80.53 test_acc=81.81
epoch=97/300 lr=0.10000 train_acc=80.43 test_acc=72.77
epoch=98/300 lr=0.10000 train_acc=80.65 test_acc=81.66
epoch=99/300 lr=0.10000 train_acc=80.50 test_acc=81.19
epoch=100/300 lr=0.10000 train_acc=80.61 test_acc=75.40
epoch=101/300 lr=0.10000 train_acc=80.74 test_acc=80.01
epoch=102/300 lr=0.10000 train_acc=80.67 test_acc=77.70
epoch=103/300 lr=0.10000 train_acc=80.54 test_acc=79.99
epoch=104/300 lr=0.10000 train_acc=80.51 test_acc=77.29
epoch=105/300 lr=0.10000 train_acc=80.73 test_acc=73.88
epoch=106/300 lr=0.10000 train_acc=80.55 test_acc=73.72
epoch=107/300 lr=0.10000 train_acc=80.52 test_acc=74.91
epoch=108/300 lr=0.10000 train_acc=80.49 test_acc=82.16
epoch=109/300 lr=0.10000 train_acc=80.65 test_acc=78.96
epoch=110/300 lr=0.10000 train_acc=81.01 test_acc=78.61
epoch=111/300 lr=0.10000 train_acc=80.85 test_acc=81.27
epoch=112/300 lr=0.10000 train_acc=80.72 test_acc=77.18
epoch=113/300 lr=0.10000 train_acc=80.84 test_acc=82.09
epoch=114/300 lr=0.10000 train_acc=80.77 test_acc=66.32
epoch=115/300 lr=0.10000 train_acc=80.55 test_acc=75.27
epoch=116/300 lr=0.10000 train_acc=80.64 test_acc=79.72
epoch=117/300 lr=0.10000 train_acc=80.89 test_acc=77.79
epoch=118/300 lr=0.10000 train_acc=80.71 test_acc=73.01
epoch=119/300 lr=0.10000 train_acc=80.91 test_acc=75.16
epoch=120/300 lr=0.10000 train_acc=80.50 test_acc=78.09
epoch=121/300 lr=0.10000 train_acc=80.45 test_acc=75.19
epoch=122/300 lr=0.10000 train_acc=80.88 test_acc=75.06
epoch=123/300 lr=0.10000 train_acc=80.77 test_acc=77.34
epoch=124/300 lr=0.10000 train_acc=80.89 test_acc=73.98
epoch=125/300 lr=0.10000 train_acc=80.62 test_acc=78.58
epoch=126/300 lr=0.10000 train_acc=80.66 test_acc=77.53
epoch=127/300 lr=0.10000 train_acc=80.41 test_acc=69.50
epoch=128/300 lr=0.10000 train_acc=80.92 test_acc=72.74
epoch=129/300 lr=0.10000 train_acc=80.83 test_acc=79.73
epoch=130/300 lr=0.10000 train_acc=81.07 test_acc=77.40
epoch=131/300 lr=0.10000 train_acc=80.79 test_acc=70.24
epoch=132/300 lr=0.10000 train_acc=80.50 test_acc=77.52
epoch=133/300 lr=0.10000 train_acc=81.02 test_acc=77.07
epoch=134/300 lr=0.10000 train_acc=80.91 test_acc=78.61
epoch=135/300 lr=0.10000 train_acc=80.81 test_acc=78.93
epoch=136/300 lr=0.10000 train_acc=80.83 test_acc=77.55
epoch=137/300 lr=0.10000 train_acc=80.85 test_acc=79.20
epoch=138/300 lr=0.10000 train_acc=81.17 test_acc=79.74
epoch=139/300 lr=0.10000 train_acc=80.92 test_acc=76.41
epoch=140/300 lr=0.10000 train_acc=80.94 test_acc=74.65
epoch=141/300 lr=0.10000 train_acc=80.91 test_acc=79.67
epoch=142/300 lr=0.10000 train_acc=80.73 test_acc=78.31
epoch=143/300 lr=0.10000 train_acc=80.87 test_acc=75.99
epoch=144/300 lr=0.10000 train_acc=81.08 test_acc=79.94
epoch=145/300 lr=0.10000 train_acc=80.70 test_acc=79.12
epoch=146/300 lr=0.10000 train_acc=81.09 test_acc=82.95
epoch=147/300 lr=0.10000 train_acc=81.19 test_acc=70.77
epoch=148/300 lr=0.10000 train_acc=80.83 test_acc=77.52
epoch=149/300 lr=0.10000 train_acc=80.85 test_acc=82.17
epoch=150/300 lr=0.10000 train_acc=80.84 test_acc=78.01
epoch=151/300 lr=0.01000 train_acc=86.42 test_acc=89.41
epoch=152/300 lr=0.01000 train_acc=88.09 test_acc=90.23
epoch=153/300 lr=0.01000 train_acc=88.63 test_acc=90.09
epoch=154/300 lr=0.01000 train_acc=89.16 test_acc=90.73
epoch=155/300 lr=0.01000 train_acc=89.38 test_acc=90.76
epoch=156/300 lr=0.01000 train_acc=89.59 test_acc=90.71
epoch=157/300 lr=0.01000 train_acc=89.93 test_acc=91.06
epoch=158/300 lr=0.01000 train_acc=90.00 test_acc=90.85
epoch=159/300 lr=0.01000 train_acc=90.07 test_acc=91.01
epoch=160/300 lr=0.01000 train_acc=90.37 test_acc=90.45
epoch=161/300 lr=0.01000 train_acc=90.41 test_acc=90.94
epoch=162/300 lr=0.01000 train_acc=90.74 test_acc=90.49
epoch=163/300 lr=0.01000 train_acc=90.66 test_acc=90.73
epoch=164/300 lr=0.01000 train_acc=90.60 test_acc=91.05
epoch=165/300 lr=0.01000 train_acc=90.56 test_acc=90.90
epoch=166/300 lr=0.01000 train_acc=90.68 test_acc=90.27
epoch=167/300 lr=0.01000 train_acc=90.79 test_acc=90.50
epoch=168/300 lr=0.01000 train_acc=91.06 test_acc=90.07
epoch=169/300 lr=0.01000 train_acc=90.75 test_acc=90.41
epoch=170/300 lr=0.01000 train_acc=90.67 test_acc=90.83
epoch=171/300 lr=0.01000 train_acc=90.84 test_acc=90.32
epoch=172/300 lr=0.01000 train_acc=90.64 test_acc=90.04
epoch=173/300 lr=0.01000 train_acc=90.97 test_acc=91.25
epoch=174/300 lr=0.01000 train_acc=90.87 test_acc=90.45
epoch=175/300 lr=0.01000 train_acc=90.68 test_acc=90.31
epoch=176/300 lr=0.01000 train_acc=90.89 test_acc=90.16
epoch=177/300 lr=0.01000 train_acc=90.94 test_acc=90.40
epoch=178/300 lr=0.01000 train_acc=90.98 test_acc=90.41
epoch=179/300 lr=0.01000 train_acc=90.77 test_acc=90.99
epoch=180/300 lr=0.01000 train_acc=90.92 test_acc=89.75
epoch=181/300 lr=0.01000 train_acc=90.79 test_acc=90.45
epoch=182/300 lr=0.01000 train_acc=90.84 test_acc=90.12
epoch=183/300 lr=0.01000 train_acc=91.00 test_acc=90.05
epoch=184/300 lr=0.01000 train_acc=90.79 test_acc=89.93
epoch=185/300 lr=0.01000 train_acc=90.73 test_acc=90.30
epoch=186/300 lr=0.01000 train_acc=90.72 test_acc=90.80
epoch=187/300 lr=0.01000 train_acc=90.99 test_acc=90.11
epoch=188/300 lr=0.01000 train_acc=90.75 test_acc=89.74
epoch=189/300 lr=0.01000 train_acc=90.72 test_acc=89.76
epoch=190/300 lr=0.01000 train_acc=90.88 test_acc=90.62
epoch=191/300 lr=0.01000 train_acc=90.83 test_acc=89.58
epoch=192/300 lr=0.01000 train_acc=90.78 test_acc=90.54
epoch=193/300 lr=0.01000 train_acc=90.85 test_acc=89.51
epoch=194/300 lr=0.01000 train_acc=90.79 test_acc=89.39
epoch=195/300 lr=0.01000 train_acc=90.97 test_acc=90.48
epoch=196/300 lr=0.01000 train_acc=90.88 test_acc=90.46
epoch=197/300 lr=0.01000 train_acc=90.84 test_acc=90.27
epoch=198/300 lr=0.01000 train_acc=90.85 test_acc=90.37
epoch=199/300 lr=0.01000 train_acc=90.87 test_acc=89.39
epoch=200/300 lr=0.01000 train_acc=90.81 test_acc=89.68
epoch=201/300 lr=0.01000 train_acc=90.89 test_acc=89.45
epoch=202/300 lr=0.01000 train_acc=90.85 test_acc=90.57
epoch=203/300 lr=0.01000 train_acc=90.87 test_acc=90.19
epoch=204/300 lr=0.01000 train_acc=90.89 test_acc=89.30
epoch=205/300 lr=0.01000 train_acc=90.92 test_acc=88.95
epoch=206/300 lr=0.01000 train_acc=90.92 test_acc=90.67
epoch=207/300 lr=0.01000 train_acc=90.65 test_acc=89.90
epoch=208/300 lr=0.01000 train_acc=90.94 test_acc=90.42
epoch=209/300 lr=0.01000 train_acc=90.67 test_acc=89.77
epoch=210/300 lr=0.01000 train_acc=90.83 test_acc=90.09
epoch=211/300 lr=0.01000 train_acc=90.81 test_acc=89.60
epoch=212/300 lr=0.01000 train_acc=90.91 test_acc=88.96
epoch=213/300 lr=0.01000 train_acc=90.86 test_acc=90.13
epoch=214/300 lr=0.01000 train_acc=90.86 test_acc=88.75
epoch=215/300 lr=0.01000 train_acc=90.72 test_acc=89.84
epoch=216/300 lr=0.01000 train_acc=91.12 test_acc=91.16
epoch=217/300 lr=0.01000 train_acc=90.93 test_acc=89.28
epoch=218/300 lr=0.01000 train_acc=90.96 test_acc=90.28
epoch=219/300 lr=0.01000 train_acc=91.02 test_acc=90.72
epoch=220/300 lr=0.01000 train_acc=90.98 test_acc=90.25
epoch=221/300 lr=0.01000 train_acc=91.16 test_acc=89.35
epoch=222/300 lr=0.01000 train_acc=91.05 test_acc=90.14
epoch=223/300 lr=0.01000 train_acc=91.01 test_acc=89.53
epoch=224/300 lr=0.01000 train_acc=91.02 test_acc=89.08
epoch=225/300 lr=0.01000 train_acc=91.01 test_acc=89.66
epoch=226/300 lr=0.00100 train_acc=93.11 test_acc=92.56
epoch=227/300 lr=0.00100 train_acc=93.67 test_acc=92.68
epoch=228/300 lr=0.00100 train_acc=93.98 test_acc=92.76
epoch=229/300 lr=0.00100 train_acc=94.15 test_acc=92.92
epoch=230/300 lr=0.00100 train_acc=94.36 test_acc=92.96
epoch=231/300 lr=0.00100 train_acc=94.39 test_acc=92.85
epoch=232/300 lr=0.00100 train_acc=94.52 test_acc=92.92
epoch=233/300 lr=0.00100 train_acc=94.49 test_acc=92.96
epoch=234/300 lr=0.00100 train_acc=94.62 test_acc=93.05
epoch=235/300 lr=0.00100 train_acc=94.64 test_acc=93.19
epoch=236/300 lr=0.00100 train_acc=94.52 test_acc=93.26
epoch=237/300 lr=0.00100 train_acc=94.73 test_acc=93.03
epoch=238/300 lr=0.00100 train_acc=94.78 test_acc=93.24
epoch=239/300 lr=0.00100 train_acc=94.84 test_acc=93.04
epoch=240/300 lr=0.00100 train_acc=94.74 test_acc=93.05
epoch=241/300 lr=0.00100 train_acc=94.99 test_acc=92.95
epoch=242/300 lr=0.00100 train_acc=95.06 test_acc=93.23
epoch=243/300 lr=0.00100 train_acc=94.83 test_acc=93.08
epoch=244/300 lr=0.00100 train_acc=94.96 test_acc=93.13
epoch=245/300 lr=0.00100 train_acc=95.03 test_acc=93.18
epoch=246/300 lr=0.00100 train_acc=95.00 test_acc=93.37
epoch=247/300 lr=0.00100 train_acc=94.93 test_acc=93.01
epoch=248/300 lr=0.00100 train_acc=95.01 test_acc=92.96
epoch=249/300 lr=0.00100 train_acc=95.08 test_acc=92.97
epoch=250/300 lr=0.00100 train_acc=95.12 test_acc=93.02
epoch=251/300 lr=0.00100 train_acc=95.31 test_acc=93.27
epoch=252/300 lr=0.00100 train_acc=95.36 test_acc=93.13
epoch=253/300 lr=0.00100 train_acc=95.15 test_acc=93.16
epoch=254/300 lr=0.00100 train_acc=95.27 test_acc=93.19
epoch=255/300 lr=0.00100 train_acc=95.09 test_acc=93.13
epoch=256/300 lr=0.00100 train_acc=95.24 test_acc=93.35
epoch=257/300 lr=0.00100 train_acc=95.23 test_acc=93.09
epoch=258/300 lr=0.00100 train_acc=95.15 test_acc=93.17
epoch=259/300 lr=0.00100 train_acc=95.43 test_acc=93.21
epoch=260/300 lr=0.00100 train_acc=95.25 test_acc=93.03
epoch=261/300 lr=0.00100 train_acc=95.41 test_acc=93.15
epoch=262/300 lr=0.00100 train_acc=95.25 test_acc=93.16
epoch=263/300 lr=0.00100 train_acc=95.43 test_acc=93.16
epoch=264/300 lr=0.00100 train_acc=95.35 test_acc=93.18
epoch=265/300 lr=0.00100 train_acc=95.37 test_acc=93.13
epoch=266/300 lr=0.00100 train_acc=95.36 test_acc=93.26
epoch=267/300 lr=0.00100 train_acc=95.38 test_acc=93.05
epoch=268/300 lr=0.00100 train_acc=95.39 test_acc=93.09
epoch=269/300 lr=0.00100 train_acc=95.48 test_acc=93.09
epoch=270/300 lr=0.00100 train_acc=95.56 test_acc=93.19
epoch=271/300 lr=0.00100 train_acc=95.43 test_acc=93.21
epoch=272/300 lr=0.00100 train_acc=95.55 test_acc=93.12
epoch=273/300 lr=0.00100 train_acc=95.59 test_acc=93.16
epoch=274/300 lr=0.00100 train_acc=95.57 test_acc=93.20
epoch=275/300 lr=0.00100 train_acc=95.41 test_acc=93.57
epoch=276/300 lr=0.00100 train_acc=95.62 test_acc=93.32
epoch=277/300 lr=0.00100 train_acc=95.46 test_acc=92.85
epoch=278/300 lr=0.00100 train_acc=95.53 test_acc=92.82
epoch=279/300 lr=0.00100 train_acc=95.64 test_acc=93.00
epoch=280/300 lr=0.00100 train_acc=95.68 test_acc=93.19
epoch=281/300 lr=0.00100 train_acc=95.61 test_acc=93.03
epoch=282/300 lr=0.00100 train_acc=95.57 test_acc=93.18
epoch=283/300 lr=0.00100 train_acc=95.64 test_acc=93.21
epoch=284/300 lr=0.00100 train_acc=95.59 test_acc=93.39
epoch=285/300 lr=0.00100 train_acc=95.73 test_acc=93.16
epoch=286/300 lr=0.00100 train_acc=95.68 test_acc=93.19
epoch=287/300 lr=0.00100 train_acc=95.66 test_acc=93.17
epoch=288/300 lr=0.00100 train_acc=95.65 test_acc=93.32
epoch=289/300 lr=0.00100 train_acc=95.64 test_acc=93.16
epoch=290/300 lr=0.00100 train_acc=95.60 test_acc=93.19
epoch=291/300 lr=0.00100 train_acc=95.70 test_acc=93.21
epoch=292/300 lr=0.00100 train_acc=95.65 test_acc=93.06
epoch=293/300 lr=0.00100 train_acc=95.76 test_acc=93.40
epoch=294/300 lr=0.00100 train_acc=95.73 test_acc=93.22
epoch=295/300 lr=0.00100 train_acc=95.63 test_acc=93.09
epoch=296/300 lr=0.00100 train_acc=95.76 test_acc=93.24
epoch=297/300 lr=0.00100 train_acc=95.73 test_acc=93.28
epoch=298/300 lr=0.00100 train_acc=95.76 test_acc=93.14
epoch=299/300 lr=0.00100 train_acc=95.71 test_acc=93.32
epoch=300/300 lr=0.00100 train_acc=95.72 test_acc=93.11
{
  "best_accuracy": 93.57,
  "best_error_rate": 6.430000000000007,
  "final_accuracy": 93.11,
  "final_error_rate": 6.890000000000001,
  "elapsed_seconds": 1944.0702164173126,
  "is_paper_result": false,
  "note": "New reproduction result; compare against paper target separately."
}
start experiment=cifar10_resnet20_re_author_code seed=1005
epoch=1/300 lr=0.10000 train_acc=35.66 test_acc=46.20
epoch=2/300 lr=0.10000 train_acc=54.37 test_acc=59.69
epoch=3/300 lr=0.10000 train_acc=62.89 test_acc=59.68
epoch=4/300 lr=0.10000 train_acc=67.08 test_acc=68.40
epoch=5/300 lr=0.10000 train_acc=69.62 test_acc=67.87
epoch=6/300 lr=0.10000 train_acc=71.10 test_acc=69.55
epoch=7/300 lr=0.10000 train_acc=72.52 test_acc=63.18
epoch=8/300 lr=0.10000 train_acc=73.42 test_acc=64.51
epoch=9/300 lr=0.10000 train_acc=73.97 test_acc=66.22
epoch=10/300 lr=0.10000 train_acc=74.62 test_acc=77.16
epoch=11/300 lr=0.10000 train_acc=75.23 test_acc=74.57
epoch=12/300 lr=0.10000 train_acc=75.68 test_acc=76.64
epoch=13/300 lr=0.10000 train_acc=76.21 test_acc=67.09
epoch=14/300 lr=0.10000 train_acc=76.26 test_acc=70.98
epoch=15/300 lr=0.10000 train_acc=76.44 test_acc=73.87
epoch=16/300 lr=0.10000 train_acc=76.91 test_acc=78.87
epoch=17/300 lr=0.10000 train_acc=77.22 test_acc=78.32
epoch=18/300 lr=0.10000 train_acc=77.20 test_acc=73.74
epoch=19/300 lr=0.10000 train_acc=77.42 test_acc=77.73
epoch=20/300 lr=0.10000 train_acc=77.74 test_acc=69.18
epoch=21/300 lr=0.10000 train_acc=77.83 test_acc=75.81
epoch=22/300 lr=0.10000 train_acc=78.06 test_acc=76.16
epoch=23/300 lr=0.10000 train_acc=77.65 test_acc=73.73
epoch=24/300 lr=0.10000 train_acc=78.44 test_acc=75.73
epoch=25/300 lr=0.10000 train_acc=78.04 test_acc=78.01
epoch=26/300 lr=0.10000 train_acc=78.25 test_acc=80.52
epoch=27/300 lr=0.10000 train_acc=78.74 test_acc=68.65
epoch=28/300 lr=0.10000 train_acc=78.69 test_acc=70.57
epoch=29/300 lr=0.10000 train_acc=78.76 test_acc=79.12
epoch=30/300 lr=0.10000 train_acc=78.67 test_acc=76.28
epoch=31/300 lr=0.10000 train_acc=79.10 test_acc=70.23
epoch=32/300 lr=0.10000 train_acc=78.94 test_acc=76.64
epoch=33/300 lr=0.10000 train_acc=79.09 test_acc=78.57
epoch=34/300 lr=0.10000 train_acc=79.20 test_acc=79.64
epoch=35/300 lr=0.10000 train_acc=79.09 test_acc=79.53
epoch=36/300 lr=0.10000 train_acc=79.22 test_acc=80.82
epoch=37/300 lr=0.10000 train_acc=79.43 test_acc=79.65
epoch=38/300 lr=0.10000 train_acc=79.43 test_acc=82.24
epoch=39/300 lr=0.10000 train_acc=79.44 test_acc=71.75
epoch=40/300 lr=0.10000 train_acc=79.69 test_acc=78.49
epoch=41/300 lr=0.10000 train_acc=79.38 test_acc=77.25
epoch=42/300 lr=0.10000 train_acc=79.35 test_acc=80.69
epoch=43/300 lr=0.10000 train_acc=79.60 test_acc=80.41
epoch=44/300 lr=0.10000 train_acc=79.53 test_acc=78.88
epoch=45/300 lr=0.10000 train_acc=79.74 test_acc=76.73
epoch=46/300 lr=0.10000 train_acc=79.66 test_acc=79.71
epoch=47/300 lr=0.10000 train_acc=79.52 test_acc=82.05
epoch=48/300 lr=0.10000 train_acc=79.80 test_acc=76.77
epoch=49/300 lr=0.10000 train_acc=79.90 test_acc=79.95
epoch=50/300 lr=0.10000 train_acc=80.17 test_acc=77.59
epoch=51/300 lr=0.10000 train_acc=79.94 test_acc=72.56
epoch=52/300 lr=0.10000 train_acc=79.88 test_acc=74.88
epoch=53/300 lr=0.10000 train_acc=80.07 test_acc=76.42
epoch=54/300 lr=0.10000 train_acc=79.90 test_acc=81.81
epoch=55/300 lr=0.10000 train_acc=80.04 test_acc=80.41
epoch=56/300 lr=0.10000 train_acc=79.94 test_acc=74.64
epoch=57/300 lr=0.10000 train_acc=80.21 test_acc=73.23
epoch=58/300 lr=0.10000 train_acc=79.91 test_acc=75.02
epoch=59/300 lr=0.10000 train_acc=79.63 test_acc=78.50
epoch=60/300 lr=0.10000 train_acc=80.23 test_acc=79.72
epoch=61/300 lr=0.10000 train_acc=80.25 test_acc=75.53
epoch=62/300 lr=0.10000 train_acc=80.06 test_acc=80.46
epoch=63/300 lr=0.10000 train_acc=80.07 test_acc=68.45
epoch=64/300 lr=0.10000 train_acc=80.43 test_acc=78.67
epoch=65/300 lr=0.10000 train_acc=80.14 test_acc=80.01
epoch=66/300 lr=0.10000 train_acc=80.00 test_acc=75.16
epoch=67/300 lr=0.10000 train_acc=80.24 test_acc=78.11
epoch=68/300 lr=0.10000 train_acc=80.16 test_acc=78.53
epoch=69/300 lr=0.10000 train_acc=79.94 test_acc=77.70
epoch=70/300 lr=0.10000 train_acc=80.42 test_acc=77.18
epoch=71/300 lr=0.10000 train_acc=80.04 test_acc=79.34
epoch=72/300 lr=0.10000 train_acc=80.46 test_acc=73.70
epoch=73/300 lr=0.10000 train_acc=80.47 test_acc=73.91
epoch=74/300 lr=0.10000 train_acc=80.19 test_acc=79.98
epoch=75/300 lr=0.10000 train_acc=80.12 test_acc=72.80
epoch=76/300 lr=0.10000 train_acc=80.24 test_acc=78.53
epoch=77/300 lr=0.10000 train_acc=80.37 test_acc=76.79
epoch=78/300 lr=0.10000 train_acc=80.37 test_acc=73.27
epoch=79/300 lr=0.10000 train_acc=80.06 test_acc=79.36
epoch=80/300 lr=0.10000 train_acc=80.66 test_acc=79.54
epoch=81/300 lr=0.10000 train_acc=80.22 test_acc=75.59
epoch=82/300 lr=0.10000 train_acc=80.48 test_acc=74.03
epoch=83/300 lr=0.10000 train_acc=80.20 test_acc=82.14
epoch=84/300 lr=0.10000 train_acc=80.65 test_acc=76.63
epoch=85/300 lr=0.10000 train_acc=80.09 test_acc=82.00
epoch=86/300 lr=0.10000 train_acc=80.39 test_acc=80.86
epoch=87/300 lr=0.10000 train_acc=80.59 test_acc=82.41
epoch=88/300 lr=0.10000 train_acc=80.17 test_acc=80.35
epoch=89/300 lr=0.10000 train_acc=80.71 test_acc=76.71
epoch=90/300 lr=0.10000 train_acc=80.40 test_acc=76.80
epoch=91/300 lr=0.10000 train_acc=80.25 test_acc=71.75
epoch=92/300 lr=0.10000 train_acc=80.48 test_acc=77.68
epoch=93/300 lr=0.10000 train_acc=80.47 test_acc=76.85
epoch=94/300 lr=0.10000 train_acc=80.24 test_acc=78.96
epoch=95/300 lr=0.10000 train_acc=80.36 test_acc=80.48
epoch=96/300 lr=0.10000 train_acc=80.63 test_acc=73.45
epoch=97/300 lr=0.10000 train_acc=80.58 test_acc=79.06
epoch=98/300 lr=0.10000 train_acc=80.66 test_acc=81.62
epoch=99/300 lr=0.10000 train_acc=80.35 test_acc=78.09
epoch=100/300 lr=0.10000 train_acc=80.33 test_acc=78.53
epoch=101/300 lr=0.10000 train_acc=80.78 test_acc=79.12
epoch=102/300 lr=0.10000 train_acc=80.64 test_acc=78.31
epoch=103/300 lr=0.10000 train_acc=80.22 test_acc=77.61
epoch=104/300 lr=0.10000 train_acc=80.51 test_acc=77.51
epoch=105/300 lr=0.10000 train_acc=80.63 test_acc=74.40
epoch=106/300 lr=0.10000 train_acc=80.49 test_acc=81.03
epoch=107/300 lr=0.10000 train_acc=80.85 test_acc=72.85
epoch=108/300 lr=0.10000 train_acc=80.95 test_acc=78.34
epoch=109/300 lr=0.10000 train_acc=80.76 test_acc=79.66
epoch=110/300 lr=0.10000 train_acc=80.92 test_acc=76.54
epoch=111/300 lr=0.10000 train_acc=80.50 test_acc=82.02
epoch=112/300 lr=0.10000 train_acc=80.45 test_acc=78.59
epoch=113/300 lr=0.10000 train_acc=80.75 test_acc=77.05
epoch=114/300 lr=0.10000 train_acc=80.78 test_acc=76.28
epoch=115/300 lr=0.10000 train_acc=80.62 test_acc=75.17
epoch=116/300 lr=0.10000 train_acc=80.72 test_acc=72.89
epoch=117/300 lr=0.10000 train_acc=80.74 test_acc=71.51
epoch=118/300 lr=0.10000 train_acc=80.63 test_acc=71.85
epoch=119/300 lr=0.10000 train_acc=81.05 test_acc=77.40
epoch=120/300 lr=0.10000 train_acc=80.97 test_acc=79.86
epoch=121/300 lr=0.10000 train_acc=80.90 test_acc=76.96
epoch=122/300 lr=0.10000 train_acc=80.87 test_acc=76.38
epoch=123/300 lr=0.10000 train_acc=80.82 test_acc=76.58
epoch=124/300 lr=0.10000 train_acc=80.61 test_acc=81.42
epoch=125/300 lr=0.10000 train_acc=80.82 test_acc=78.48
epoch=126/300 lr=0.10000 train_acc=80.73 test_acc=72.49
epoch=127/300 lr=0.10000 train_acc=80.79 test_acc=74.92
epoch=128/300 lr=0.10000 train_acc=80.57 test_acc=82.36
epoch=129/300 lr=0.10000 train_acc=80.68 test_acc=74.89
epoch=130/300 lr=0.10000 train_acc=80.50 test_acc=78.40
epoch=131/300 lr=0.10000 train_acc=80.56 test_acc=78.92
epoch=132/300 lr=0.10000 train_acc=80.85 test_acc=81.58
epoch=133/300 lr=0.10000 train_acc=80.59 test_acc=72.02
epoch=134/300 lr=0.10000 train_acc=80.95 test_acc=75.09
epoch=135/300 lr=0.10000 train_acc=80.72 test_acc=81.23
epoch=136/300 lr=0.10000 train_acc=80.99 test_acc=80.40
epoch=137/300 lr=0.10000 train_acc=80.84 test_acc=78.28
epoch=138/300 lr=0.10000 train_acc=80.87 test_acc=75.63
epoch=139/300 lr=0.10000 train_acc=80.58 test_acc=79.61
epoch=140/300 lr=0.10000 train_acc=81.04 test_acc=82.80
epoch=141/300 lr=0.10000 train_acc=80.81 test_acc=80.00
epoch=142/300 lr=0.10000 train_acc=80.96 test_acc=61.01
epoch=143/300 lr=0.10000 train_acc=80.91 test_acc=78.57
epoch=144/300 lr=0.10000 train_acc=80.76 test_acc=67.83
epoch=145/300 lr=0.10000 train_acc=80.76 test_acc=74.95
epoch=146/300 lr=0.10000 train_acc=80.78 test_acc=74.46
epoch=147/300 lr=0.10000 train_acc=80.86 test_acc=76.48
epoch=148/300 lr=0.10000 train_acc=80.94 test_acc=77.07
epoch=149/300 lr=0.10000 train_acc=80.98 test_acc=72.67
epoch=150/300 lr=0.10000 train_acc=80.93 test_acc=78.69
epoch=151/300 lr=0.01000 train_acc=86.39 test_acc=89.74
epoch=152/300 lr=0.01000 train_acc=88.00 test_acc=89.95
epoch=153/300 lr=0.01000 train_acc=88.87 test_acc=90.16
epoch=154/300 lr=0.01000 train_acc=88.87 test_acc=90.58
epoch=155/300 lr=0.01000 train_acc=89.52 test_acc=90.86
epoch=156/300 lr=0.01000 train_acc=89.63 test_acc=90.86
epoch=157/300 lr=0.01000 train_acc=89.84 test_acc=90.70
epoch=158/300 lr=0.01000 train_acc=90.07 test_acc=90.58
epoch=159/300 lr=0.01000 train_acc=90.18 test_acc=90.96
epoch=160/300 lr=0.01000 train_acc=90.32 test_acc=91.18
epoch=161/300 lr=0.01000 train_acc=90.30 test_acc=90.65
epoch=162/300 lr=0.01000 train_acc=90.48 test_acc=90.68
epoch=163/300 lr=0.01000 train_acc=90.47 test_acc=91.11
epoch=164/300 lr=0.01000 train_acc=90.71 test_acc=91.28
epoch=165/300 lr=0.01000 train_acc=90.81 test_acc=91.00
epoch=166/300 lr=0.01000 train_acc=90.93 test_acc=90.84
epoch=167/300 lr=0.01000 train_acc=90.50 test_acc=90.75
epoch=168/300 lr=0.01000 train_acc=90.70 test_acc=90.59
epoch=169/300 lr=0.01000 train_acc=90.95 test_acc=91.13
epoch=170/300 lr=0.01000 train_acc=90.78 test_acc=90.69
epoch=171/300 lr=0.01000 train_acc=91.00 test_acc=90.94
epoch=172/300 lr=0.01000 train_acc=90.84 test_acc=90.68
epoch=173/300 lr=0.01000 train_acc=90.89 test_acc=90.60
epoch=174/300 lr=0.01000 train_acc=90.91 test_acc=90.49
epoch=175/300 lr=0.01000 train_acc=90.91 test_acc=90.76
epoch=176/300 lr=0.01000 train_acc=91.00 test_acc=90.45
epoch=177/300 lr=0.01000 train_acc=90.86 test_acc=89.91
epoch=178/300 lr=0.01000 train_acc=90.94 test_acc=89.58
epoch=179/300 lr=0.01000 train_acc=90.81 test_acc=90.16
epoch=180/300 lr=0.01000 train_acc=90.72 test_acc=89.77
epoch=181/300 lr=0.01000 train_acc=90.64 test_acc=90.61
epoch=182/300 lr=0.01000 train_acc=90.93 test_acc=89.17
epoch=183/300 lr=0.01000 train_acc=90.70 test_acc=90.41
epoch=184/300 lr=0.01000 train_acc=90.81 test_acc=90.38
epoch=185/300 lr=0.01000 train_acc=90.90 test_acc=90.70
epoch=186/300 lr=0.01000 train_acc=90.80 test_acc=89.86
epoch=187/300 lr=0.01000 train_acc=90.74 test_acc=89.85
epoch=188/300 lr=0.01000 train_acc=90.70 test_acc=90.44
epoch=189/300 lr=0.01000 train_acc=90.64 test_acc=90.17
epoch=190/300 lr=0.01000 train_acc=90.78 test_acc=89.95
epoch=191/300 lr=0.01000 train_acc=90.74 test_acc=90.06
epoch=192/300 lr=0.01000 train_acc=90.97 test_acc=89.76
epoch=193/300 lr=0.01000 train_acc=90.91 test_acc=88.42
epoch=194/300 lr=0.01000 train_acc=90.90 test_acc=89.91
epoch=195/300 lr=0.01000 train_acc=90.77 test_acc=90.06
epoch=196/300 lr=0.01000 train_acc=90.81 test_acc=88.68
epoch=197/300 lr=0.01000 train_acc=90.59 test_acc=90.01
epoch=198/300 lr=0.01000 train_acc=90.87 test_acc=90.12
epoch=199/300 lr=0.01000 train_acc=90.90 test_acc=89.72
epoch=200/300 lr=0.01000 train_acc=90.78 test_acc=89.33
epoch=201/300 lr=0.01000 train_acc=90.90 test_acc=88.73
epoch=202/300 lr=0.01000 train_acc=90.94 test_acc=90.25
epoch=203/300 lr=0.01000 train_acc=90.90 test_acc=89.27
epoch=204/300 lr=0.01000 train_acc=90.96 test_acc=89.65
epoch=205/300 lr=0.01000 train_acc=90.87 test_acc=90.22
epoch=206/300 lr=0.01000 train_acc=90.85 test_acc=89.72
epoch=207/300 lr=0.01000 train_acc=90.86 test_acc=90.14
epoch=208/300 lr=0.01000 train_acc=90.77 test_acc=90.24
epoch=209/300 lr=0.01000 train_acc=90.78 test_acc=89.83
epoch=210/300 lr=0.01000 train_acc=90.96 test_acc=89.50
epoch=211/300 lr=0.01000 train_acc=90.92 test_acc=90.12
epoch=212/300 lr=0.01000 train_acc=91.08 test_acc=89.82
epoch=213/300 lr=0.01000 train_acc=90.98 test_acc=89.37
epoch=214/300 lr=0.01000 train_acc=91.01 test_acc=89.35
epoch=215/300 lr=0.01000 train_acc=91.03 test_acc=90.40
epoch=216/300 lr=0.01000 train_acc=90.90 test_acc=90.22
epoch=217/300 lr=0.01000 train_acc=91.09 test_acc=89.44
epoch=218/300 lr=0.01000 train_acc=90.84 test_acc=89.27
epoch=219/300 lr=0.01000 train_acc=91.09 test_acc=88.17
epoch=220/300 lr=0.01000 train_acc=90.71 test_acc=90.15
epoch=221/300 lr=0.01000 train_acc=90.80 test_acc=89.98
epoch=222/300 lr=0.01000 train_acc=91.07 test_acc=88.74
epoch=223/300 lr=0.01000 train_acc=91.04 test_acc=89.72
epoch=224/300 lr=0.01000 train_acc=91.11 test_acc=89.25
epoch=225/300 lr=0.01000 train_acc=91.06 test_acc=89.18
epoch=226/300 lr=0.00100 train_acc=93.04 test_acc=92.28
epoch=227/300 lr=0.00100 train_acc=93.80 test_acc=92.50
epoch=228/300 lr=0.00100 train_acc=94.05 test_acc=92.77
epoch=229/300 lr=0.00100 train_acc=94.14 test_acc=92.67
epoch=230/300 lr=0.00100 train_acc=94.16 test_acc=92.46
epoch=231/300 lr=0.00100 train_acc=94.48 test_acc=92.57
epoch=232/300 lr=0.00100 train_acc=94.50 test_acc=92.61
epoch=233/300 lr=0.00100 train_acc=94.68 test_acc=92.72
epoch=234/300 lr=0.00100 train_acc=94.52 test_acc=92.70
epoch=235/300 lr=0.00100 train_acc=94.44 test_acc=92.80
epoch=236/300 lr=0.00100 train_acc=94.81 test_acc=92.70
epoch=237/300 lr=0.00100 train_acc=94.59 test_acc=92.68
epoch=238/300 lr=0.00100 train_acc=94.78 test_acc=92.75
epoch=239/300 lr=0.00100 train_acc=94.91 test_acc=92.61
epoch=240/300 lr=0.00100 train_acc=94.84 test_acc=92.86
epoch=241/300 lr=0.00100 train_acc=94.85 test_acc=92.72
epoch=242/300 lr=0.00100 train_acc=95.04 test_acc=92.69
epoch=243/300 lr=0.00100 train_acc=95.05 test_acc=92.87
epoch=244/300 lr=0.00100 train_acc=95.03 test_acc=92.67
epoch=245/300 lr=0.00100 train_acc=95.02 test_acc=92.99
epoch=246/300 lr=0.00100 train_acc=95.06 test_acc=92.94
epoch=247/300 lr=0.00100 train_acc=95.02 test_acc=92.79
epoch=248/300 lr=0.00100 train_acc=95.01 test_acc=92.79
epoch=249/300 lr=0.00100 train_acc=95.17 test_acc=92.86
epoch=250/300 lr=0.00100 train_acc=95.04 test_acc=92.76
epoch=251/300 lr=0.00100 train_acc=95.23 test_acc=92.77
epoch=252/300 lr=0.00100 train_acc=95.32 test_acc=92.77
epoch=253/300 lr=0.00100 train_acc=95.20 test_acc=92.88
epoch=254/300 lr=0.00100 train_acc=95.22 test_acc=92.88
epoch=255/300 lr=0.00100 train_acc=95.38 test_acc=92.83
epoch=256/300 lr=0.00100 train_acc=95.12 test_acc=92.96
epoch=257/300 lr=0.00100 train_acc=95.21 test_acc=93.06
epoch=258/300 lr=0.00100 train_acc=95.37 test_acc=93.06
epoch=259/300 lr=0.00100 train_acc=95.34 test_acc=92.72
epoch=260/300 lr=0.00100 train_acc=95.29 test_acc=92.71
epoch=261/300 lr=0.00100 train_acc=95.25 test_acc=92.86
epoch=262/300 lr=0.00100 train_acc=95.35 test_acc=92.79
epoch=263/300 lr=0.00100 train_acc=95.32 test_acc=92.94
epoch=264/300 lr=0.00100 train_acc=95.27 test_acc=93.07
epoch=265/300 lr=0.00100 train_acc=95.55 test_acc=93.02
epoch=266/300 lr=0.00100 train_acc=95.27 test_acc=92.92
epoch=267/300 lr=0.00100 train_acc=95.40 test_acc=92.83
epoch=268/300 lr=0.00100 train_acc=95.49 test_acc=92.79
epoch=269/300 lr=0.00100 train_acc=95.64 test_acc=92.88
epoch=270/300 lr=0.00100 train_acc=95.55 test_acc=92.74
epoch=271/300 lr=0.00100 train_acc=95.45 test_acc=92.93
epoch=272/300 lr=0.00100 train_acc=95.64 test_acc=93.00
epoch=273/300 lr=0.00100 train_acc=95.51 test_acc=92.82
epoch=274/300 lr=0.00100 train_acc=95.39 test_acc=92.72
epoch=275/300 lr=0.00100 train_acc=95.71 test_acc=93.00
epoch=276/300 lr=0.00100 train_acc=95.69 test_acc=92.88
epoch=277/300 lr=0.00100 train_acc=95.64 test_acc=92.71
epoch=278/300 lr=0.00100 train_acc=95.65 test_acc=92.83
epoch=279/300 lr=0.00100 train_acc=95.51 test_acc=92.76
epoch=280/300 lr=0.00100 train_acc=95.65 test_acc=92.86
epoch=281/300 lr=0.00100 train_acc=95.64 test_acc=92.91
epoch=282/300 lr=0.00100 train_acc=95.57 test_acc=92.90
epoch=283/300 lr=0.00100 train_acc=95.63 test_acc=92.97
epoch=284/300 lr=0.00100 train_acc=95.54 test_acc=92.89
epoch=285/300 lr=0.00100 train_acc=95.73 test_acc=92.80
epoch=286/300 lr=0.00100 train_acc=95.79 test_acc=92.68
epoch=287/300 lr=0.00100 train_acc=95.90 test_acc=92.97
epoch=288/300 lr=0.00100 train_acc=95.80 test_acc=92.72
epoch=289/300 lr=0.00100 train_acc=95.68 test_acc=93.00
epoch=290/300 lr=0.00100 train_acc=95.73 test_acc=92.53
epoch=291/300 lr=0.00100 train_acc=95.65 test_acc=92.84
epoch=292/300 lr=0.00100 train_acc=95.69 test_acc=92.97
epoch=293/300 lr=0.00100 train_acc=95.86 test_acc=92.82
epoch=294/300 lr=0.00100 train_acc=95.69 test_acc=93.09
epoch=295/300 lr=0.00100 train_acc=95.72 test_acc=92.99
epoch=296/300 lr=0.00100 train_acc=95.73 test_acc=92.86
epoch=297/300 lr=0.00100 train_acc=95.71 test_acc=92.81
epoch=298/300 lr=0.00100 train_acc=95.62 test_acc=92.97
epoch=299/300 lr=0.00100 train_acc=95.77 test_acc=92.95
epoch=300/300 lr=0.00100 train_acc=95.79 test_acc=93.02
{
  "best_accuracy": 93.09,
  "best_error_rate": 6.909999999999997,
  "final_accuracy": 93.02,
  "final_error_rate": 6.980000000000004,
  "elapsed_seconds": 1948.1250143051147,
  "is_paper_result": false,
  "note": "New reproduction result; compare against paper target separately."
}
{
  "experiment": "cifar10_resnet20_re_author_code",
  "seeds": [
    1001,
    1002,
    1003,
    1004,
    1005
  ],
  "smoke": false,
  "is_paper_result": false,
  "best_error_rate": {
    "values": [
      6.700000000000003,
      6.849999999999994,
      6.829999999999998,
      6.430000000000007,
      6.909999999999997
    ],
    "mean": 6.744,
    "population_std": 0.17130090484290666,
    "sample_std": 0.19152023391798112
  },
  "final_error_rate": {
    "values": [
      6.730000000000004,
      6.989999999999995,
      7.180000000000007,
      6.890000000000001,
      6.980000000000004
    ],
    "mean": 6.954000000000002,
    "population_std": 0.14650597257450024,
    "sample_std": 0.16379865689315118
  },
  "note": "New reproduction aggregate; paper does not state best-vs-final or std convention."
}
