start experiment=cifar100_resnet20_baseline seed=1001
epoch=1/300 lr=0.10000 train_acc=8.38 test_acc=11.57
epoch=2/300 lr=0.10000 train_acc=17.98 test_acc=17.85
epoch=3/300 lr=0.10000 train_acc=26.16 test_acc=23.60
epoch=4/300 lr=0.10000 train_acc=32.10 test_acc=30.30
epoch=5/300 lr=0.10000 train_acc=36.66 test_acc=32.78
epoch=6/300 lr=0.10000 train_acc=39.25 test_acc=31.48
epoch=7/300 lr=0.10000 train_acc=41.77 test_acc=39.01
epoch=8/300 lr=0.10000 train_acc=43.58 test_acc=37.87
epoch=9/300 lr=0.10000 train_acc=45.36 test_acc=33.51
epoch=10/300 lr=0.10000 train_acc=46.23 test_acc=33.73
epoch=11/300 lr=0.10000 train_acc=47.52 test_acc=38.85
epoch=12/300 lr=0.10000 train_acc=48.25 test_acc=44.55
epoch=13/300 lr=0.10000 train_acc=48.95 test_acc=38.43
epoch=14/300 lr=0.10000 train_acc=49.67 test_acc=39.68
epoch=15/300 lr=0.10000 train_acc=50.08 test_acc=45.16
epoch=16/300 lr=0.10000 train_acc=50.45 test_acc=42.74
epoch=17/300 lr=0.10000 train_acc=51.00 test_acc=42.07
epoch=18/300 lr=0.10000 train_acc=51.65 test_acc=45.48
epoch=19/300 lr=0.10000 train_acc=51.67 test_acc=49.12
epoch=20/300 lr=0.10000 train_acc=52.21 test_acc=40.74
epoch=21/300 lr=0.10000 train_acc=52.06 test_acc=46.40
epoch=22/300 lr=0.10000 train_acc=52.71 test_acc=46.12
epoch=23/300 lr=0.10000 train_acc=52.54 test_acc=44.96
epoch=24/300 lr=0.10000 train_acc=53.02 test_acc=38.03
epoch=25/300 lr=0.10000 train_acc=53.15 test_acc=43.59
epoch=26/300 lr=0.10000 train_acc=53.57 test_acc=44.45
epoch=27/300 lr=0.10000 train_acc=53.25 test_acc=37.71
epoch=28/300 lr=0.10000 train_acc=53.86 test_acc=41.11
epoch=29/300 lr=0.10000 train_acc=53.99 test_acc=42.08
epoch=30/300 lr=0.10000 train_acc=54.04 test_acc=38.51
epoch=31/300 lr=0.10000 train_acc=54.26 test_acc=42.83
epoch=32/300 lr=0.10000 train_acc=54.22 test_acc=43.35
epoch=33/300 lr=0.10000 train_acc=54.45 test_acc=42.14
epoch=34/300 lr=0.10000 train_acc=54.61 test_acc=42.88
epoch=35/300 lr=0.10000 train_acc=54.58 test_acc=45.83
epoch=36/300 lr=0.10000 train_acc=54.60 test_acc=46.08
epoch=37/300 lr=0.10000 train_acc=55.38 test_acc=46.62
epoch=38/300 lr=0.10000 train_acc=55.07 test_acc=48.68
epoch=39/300 lr=0.10000 train_acc=55.16 test_acc=44.63
epoch=40/300 lr=0.10000 train_acc=54.85 test_acc=46.23
epoch=41/300 lr=0.10000 train_acc=55.20 test_acc=47.84
epoch=42/300 lr=0.10000 train_acc=55.29 test_acc=44.76
epoch=43/300 lr=0.10000 train_acc=55.36 test_acc=46.83
epoch=44/300 lr=0.10000 train_acc=55.63 test_acc=48.51
epoch=45/300 lr=0.10000 train_acc=55.58 test_acc=44.51
epoch=46/300 lr=0.10000 train_acc=55.63 test_acc=46.69
epoch=47/300 lr=0.10000 train_acc=55.43 test_acc=42.09
epoch=48/300 lr=0.10000 train_acc=55.49 test_acc=46.22
epoch=49/300 lr=0.10000 train_acc=55.48 test_acc=49.53
epoch=50/300 lr=0.10000 train_acc=55.85 test_acc=39.08
epoch=51/300 lr=0.10000 train_acc=55.70 test_acc=46.50
epoch=52/300 lr=0.10000 train_acc=55.92 test_acc=47.57
epoch=53/300 lr=0.10000 train_acc=56.02 test_acc=48.23
epoch=54/300 lr=0.10000 train_acc=56.27 test_acc=44.97
epoch=55/300 lr=0.10000 train_acc=56.38 test_acc=46.66
epoch=56/300 lr=0.10000 train_acc=56.06 test_acc=39.76
epoch=57/300 lr=0.10000 train_acc=56.01 test_acc=50.21
epoch=58/300 lr=0.10000 train_acc=56.69 test_acc=48.31
epoch=59/300 lr=0.10000 train_acc=56.12 test_acc=47.14
epoch=60/300 lr=0.10000 train_acc=55.92 test_acc=46.65
epoch=61/300 lr=0.10000 train_acc=56.14 test_acc=46.45
epoch=62/300 lr=0.10000 train_acc=56.40 test_acc=47.71
epoch=63/300 lr=0.10000 train_acc=56.54 test_acc=50.68
epoch=64/300 lr=0.10000 train_acc=56.64 test_acc=49.77
epoch=65/300 lr=0.10000 train_acc=56.64 test_acc=48.32
epoch=66/300 lr=0.10000 train_acc=56.66 test_acc=46.94
epoch=67/300 lr=0.10000 train_acc=56.49 test_acc=46.67
epoch=68/300 lr=0.10000 train_acc=56.58 test_acc=49.11
epoch=69/300 lr=0.10000 train_acc=56.87 test_acc=45.21
epoch=70/300 lr=0.10000 train_acc=56.59 test_acc=45.15
epoch=71/300 lr=0.10000 train_acc=56.45 test_acc=42.68
epoch=72/300 lr=0.10000 train_acc=57.00 test_acc=45.04
epoch=73/300 lr=0.10000 train_acc=56.93 test_acc=47.50
epoch=74/300 lr=0.10000 train_acc=56.81 test_acc=46.80
epoch=75/300 lr=0.10000 train_acc=56.85 test_acc=51.57
epoch=76/300 lr=0.10000 train_acc=56.85 test_acc=46.59
epoch=77/300 lr=0.10000 train_acc=57.05 test_acc=44.65
epoch=78/300 lr=0.10000 train_acc=56.77 test_acc=41.52
epoch=79/300 lr=0.10000 train_acc=56.99 test_acc=47.91
epoch=80/300 lr=0.10000 train_acc=57.16 test_acc=44.07
epoch=81/300 lr=0.10000 train_acc=56.97 test_acc=45.91
epoch=82/300 lr=0.10000 train_acc=57.14 test_acc=48.45
epoch=83/300 lr=0.10000 train_acc=56.94 test_acc=51.07
epoch=84/300 lr=0.10000 train_acc=56.85 test_acc=44.01
epoch=85/300 lr=0.10000 train_acc=57.13 test_acc=47.29
epoch=86/300 lr=0.10000 train_acc=56.94 test_acc=49.29
epoch=87/300 lr=0.10000 train_acc=57.12 test_acc=49.24
epoch=88/300 lr=0.10000 train_acc=57.16 test_acc=50.50
epoch=89/300 lr=0.10000 train_acc=57.30 test_acc=46.96
epoch=90/300 lr=0.10000 train_acc=57.25 test_acc=47.34
epoch=91/300 lr=0.10000 train_acc=57.24 test_acc=44.53
epoch=92/300 lr=0.10000 train_acc=56.96 test_acc=47.38
epoch=93/300 lr=0.10000 train_acc=57.12 test_acc=50.41
epoch=94/300 lr=0.10000 train_acc=57.17 test_acc=48.61
epoch=95/300 lr=0.10000 train_acc=57.26 test_acc=44.96
epoch=96/300 lr=0.10000 train_acc=57.64 test_acc=50.41
epoch=97/300 lr=0.10000 train_acc=57.34 test_acc=49.70
epoch=98/300 lr=0.10000 train_acc=57.24 test_acc=48.28
epoch=99/300 lr=0.10000 train_acc=57.88 test_acc=47.64
epoch=100/300 lr=0.10000 train_acc=57.32 test_acc=39.26
epoch=101/300 lr=0.10000 train_acc=57.47 test_acc=51.51
epoch=102/300 lr=0.10000 train_acc=57.48 test_acc=51.57
epoch=103/300 lr=0.10000 train_acc=57.46 test_acc=46.95
epoch=104/300 lr=0.10000 train_acc=57.41 test_acc=46.98
epoch=105/300 lr=0.10000 train_acc=57.57 test_acc=50.62
epoch=106/300 lr=0.10000 train_acc=57.46 test_acc=50.37
epoch=107/300 lr=0.10000 train_acc=57.42 test_acc=51.69
epoch=108/300 lr=0.10000 train_acc=57.51 test_acc=42.95
epoch=109/300 lr=0.10000 train_acc=57.59 test_acc=51.91
epoch=110/300 lr=0.10000 train_acc=57.87 test_acc=50.72
epoch=111/300 lr=0.10000 train_acc=57.27 test_acc=45.70
epoch=112/300 lr=0.10000 train_acc=57.42 test_acc=49.27
epoch=113/300 lr=0.10000 train_acc=57.70 test_acc=43.55
epoch=114/300 lr=0.10000 train_acc=57.85 test_acc=49.78
epoch=115/300 lr=0.10000 train_acc=57.75 test_acc=45.81
epoch=116/300 lr=0.10000 train_acc=57.50 test_acc=42.94
epoch=117/300 lr=0.10000 train_acc=57.80 test_acc=51.00
epoch=118/300 lr=0.10000 train_acc=57.81 test_acc=48.65
epoch=119/300 lr=0.10000 train_acc=57.62 test_acc=49.44
epoch=120/300 lr=0.10000 train_acc=57.80 test_acc=43.65
epoch=121/300 lr=0.10000 train_acc=57.46 test_acc=45.73
epoch=122/300 lr=0.10000 train_acc=57.62 test_acc=49.59
epoch=123/300 lr=0.10000 train_acc=57.84 test_acc=50.44
epoch=124/300 lr=0.10000 train_acc=57.78 test_acc=47.17
epoch=125/300 lr=0.10000 train_acc=58.00 test_acc=44.24
epoch=126/300 lr=0.10000 train_acc=57.81 test_acc=51.44
epoch=127/300 lr=0.10000 train_acc=57.63 test_acc=49.55
epoch=128/300 lr=0.10000 train_acc=58.18 test_acc=49.47
epoch=129/300 lr=0.10000 train_acc=57.70 test_acc=47.54
epoch=130/300 lr=0.10000 train_acc=57.77 test_acc=50.82
epoch=131/300 lr=0.10000 train_acc=57.57 test_acc=45.36
epoch=132/300 lr=0.10000 train_acc=57.81 test_acc=49.01
epoch=133/300 lr=0.10000 train_acc=57.98 test_acc=42.35
epoch=134/300 lr=0.10000 train_acc=57.55 test_acc=52.38
epoch=135/300 lr=0.10000 train_acc=58.10 test_acc=46.32
epoch=136/300 lr=0.10000 train_acc=57.95 test_acc=50.10
epoch=137/300 lr=0.10000 train_acc=57.92 test_acc=51.44
epoch=138/300 lr=0.10000 train_acc=57.81 test_acc=48.93
epoch=139/300 lr=0.10000 train_acc=57.81 test_acc=50.72
epoch=140/300 lr=0.10000 train_acc=58.10 test_acc=50.34
epoch=141/300 lr=0.10000 train_acc=57.59 test_acc=47.84
epoch=142/300 lr=0.10000 train_acc=57.94 test_acc=49.25
epoch=143/300 lr=0.10000 train_acc=57.73 test_acc=47.63
epoch=144/300 lr=0.10000 train_acc=58.26 test_acc=47.99
epoch=145/300 lr=0.10000 train_acc=57.77 test_acc=49.24
epoch=146/300 lr=0.10000 train_acc=57.90 test_acc=50.20
epoch=147/300 lr=0.10000 train_acc=57.99 test_acc=44.95
epoch=148/300 lr=0.10000 train_acc=58.15 test_acc=47.27
epoch=149/300 lr=0.10000 train_acc=58.22 test_acc=50.82
epoch=150/300 lr=0.10000 train_acc=57.95 test_acc=48.59
epoch=151/300 lr=0.01000 train_acc=68.24 test_acc=65.12
epoch=152/300 lr=0.01000 train_acc=71.27 test_acc=66.15
epoch=153/300 lr=0.01000 train_acc=72.27 test_acc=66.54
epoch=154/300 lr=0.01000 train_acc=72.90 test_acc=67.34
epoch=155/300 lr=0.01000 train_acc=73.48 test_acc=66.63
epoch=156/300 lr=0.01000 train_acc=74.02 test_acc=67.10
epoch=157/300 lr=0.01000 train_acc=74.54 test_acc=67.07
epoch=158/300 lr=0.01000 train_acc=74.79 test_acc=66.73
epoch=159/300 lr=0.01000 train_acc=74.98 test_acc=66.76
epoch=160/300 lr=0.01000 train_acc=75.40 test_acc=67.13
epoch=161/300 lr=0.01000 train_acc=75.29 test_acc=66.54
epoch=162/300 lr=0.01000 train_acc=75.58 test_acc=66.75
epoch=163/300 lr=0.01000 train_acc=75.91 test_acc=65.83
epoch=164/300 lr=0.01000 train_acc=75.79 test_acc=66.77
epoch=165/300 lr=0.01000 train_acc=76.03 test_acc=66.50
epoch=166/300 lr=0.01000 train_acc=76.33 test_acc=66.60
epoch=167/300 lr=0.01000 train_acc=76.11 test_acc=66.19
epoch=168/300 lr=0.01000 train_acc=76.34 test_acc=66.24
epoch=169/300 lr=0.01000 train_acc=76.17 test_acc=65.62
epoch=170/300 lr=0.01000 train_acc=76.36 test_acc=65.77
epoch=171/300 lr=0.01000 train_acc=76.48 test_acc=66.47
epoch=172/300 lr=0.01000 train_acc=76.58 test_acc=65.50
epoch=173/300 lr=0.01000 train_acc=76.64 test_acc=64.96
epoch=174/300 lr=0.01000 train_acc=76.39 test_acc=65.38
epoch=175/300 lr=0.01000 train_acc=76.60 test_acc=64.87
epoch=176/300 lr=0.01000 train_acc=76.75 test_acc=65.18
epoch=177/300 lr=0.01000 train_acc=76.67 test_acc=65.61
epoch=178/300 lr=0.01000 train_acc=76.51 test_acc=65.45
epoch=179/300 lr=0.01000 train_acc=76.68 test_acc=64.93
epoch=180/300 lr=0.01000 train_acc=76.73 test_acc=64.72
epoch=181/300 lr=0.01000 train_acc=76.55 test_acc=65.94
epoch=182/300 lr=0.01000 train_acc=76.54 test_acc=64.01
epoch=183/300 lr=0.01000 train_acc=76.58 test_acc=64.94
epoch=184/300 lr=0.01000 train_acc=76.61 test_acc=65.94
epoch=185/300 lr=0.01000 train_acc=76.59 test_acc=63.65
epoch=186/300 lr=0.01000 train_acc=76.79 test_acc=64.88
epoch=187/300 lr=0.01000 train_acc=76.51 test_acc=64.68
epoch=188/300 lr=0.01000 train_acc=76.72 test_acc=64.11
epoch=189/300 lr=0.01000 train_acc=76.54 test_acc=64.49
epoch=190/300 lr=0.01000 train_acc=76.66 test_acc=64.56
epoch=191/300 lr=0.01000 train_acc=76.88 test_acc=65.29
epoch=192/300 lr=0.01000 train_acc=77.06 test_acc=63.61
epoch=193/300 lr=0.01000 train_acc=76.79 test_acc=63.24
epoch=194/300 lr=0.01000 train_acc=76.74 test_acc=64.93
epoch=195/300 lr=0.01000 train_acc=76.70 test_acc=64.83
epoch=196/300 lr=0.01000 train_acc=76.89 test_acc=63.89
epoch=197/300 lr=0.01000 train_acc=76.92 test_acc=64.86
epoch=198/300 lr=0.01000 train_acc=76.78 test_acc=62.50
epoch=199/300 lr=0.01000 train_acc=76.72 test_acc=64.12
epoch=200/300 lr=0.01000 train_acc=76.99 test_acc=64.74
epoch=201/300 lr=0.01000 train_acc=76.86 test_acc=63.46
epoch=202/300 lr=0.01000 train_acc=76.99 test_acc=64.15
epoch=203/300 lr=0.01000 train_acc=77.52 test_acc=63.98
epoch=204/300 lr=0.01000 train_acc=76.98 test_acc=65.27
epoch=205/300 lr=0.01000 train_acc=77.35 test_acc=64.32
epoch=206/300 lr=0.01000 train_acc=77.35 test_acc=63.53
epoch=207/300 lr=0.01000 train_acc=76.78 test_acc=63.64
epoch=208/300 lr=0.01000 train_acc=77.27 test_acc=64.17
epoch=209/300 lr=0.01000 train_acc=77.07 test_acc=64.76
epoch=210/300 lr=0.01000 train_acc=77.08 test_acc=64.46
epoch=211/300 lr=0.01000 train_acc=77.23 test_acc=63.26
epoch=212/300 lr=0.01000 train_acc=77.19 test_acc=63.81
epoch=213/300 lr=0.01000 train_acc=77.31 test_acc=63.80
epoch=214/300 lr=0.01000 train_acc=77.39 test_acc=63.30
epoch=215/300 lr=0.01000 train_acc=77.37 test_acc=64.54
epoch=216/300 lr=0.01000 train_acc=77.13 test_acc=63.15
epoch=217/300 lr=0.01000 train_acc=77.62 test_acc=62.16
epoch=218/300 lr=0.01000 train_acc=77.42 test_acc=62.93
epoch=219/300 lr=0.01000 train_acc=77.12 test_acc=64.58
epoch=220/300 lr=0.01000 train_acc=77.74 test_acc=63.31
epoch=221/300 lr=0.01000 train_acc=77.35 test_acc=64.86
epoch=222/300 lr=0.01000 train_acc=77.80 test_acc=64.80
epoch=223/300 lr=0.01000 train_acc=77.35 test_acc=63.73
epoch=224/300 lr=0.01000 train_acc=77.64 test_acc=63.78
epoch=225/300 lr=0.01000 train_acc=77.59 test_acc=64.02
epoch=226/300 lr=0.00100 train_acc=82.44 test_acc=68.76
epoch=227/300 lr=0.00100 train_acc=83.89 test_acc=69.11
epoch=228/300 lr=0.00100 train_acc=84.84 test_acc=69.03
epoch=229/300 lr=0.00100 train_acc=85.07 test_acc=69.22
epoch=230/300 lr=0.00100 train_acc=85.33 test_acc=69.08
epoch=231/300 lr=0.00100 train_acc=85.38 test_acc=69.19
epoch=232/300 lr=0.00100 train_acc=85.70 test_acc=69.17
epoch=233/300 lr=0.00100 train_acc=85.86 test_acc=69.34
epoch=234/300 lr=0.00100 train_acc=85.80 test_acc=68.94
epoch=235/300 lr=0.00100 train_acc=86.32 test_acc=69.04
epoch=236/300 lr=0.00100 train_acc=86.29 test_acc=69.09
epoch=237/300 lr=0.00100 train_acc=86.53 test_acc=68.81
epoch=238/300 lr=0.00100 train_acc=86.47 test_acc=68.87
epoch=239/300 lr=0.00100 train_acc=86.44 test_acc=68.98
epoch=240/300 lr=0.00100 train_acc=86.63 test_acc=69.01
epoch=241/300 lr=0.00100 train_acc=86.65 test_acc=68.77
epoch=242/300 lr=0.00100 train_acc=86.78 test_acc=68.88
epoch=243/300 lr=0.00100 train_acc=86.89 test_acc=69.20
epoch=244/300 lr=0.00100 train_acc=87.18 test_acc=68.96
epoch=245/300 lr=0.00100 train_acc=86.97 test_acc=69.08
epoch=246/300 lr=0.00100 train_acc=86.99 test_acc=68.73
epoch=247/300 lr=0.00100 train_acc=87.29 test_acc=69.25
epoch=248/300 lr=0.00100 train_acc=87.31 test_acc=68.86
epoch=249/300 lr=0.00100 train_acc=86.98 test_acc=69.03
epoch=250/300 lr=0.00100 train_acc=87.16 test_acc=69.14
epoch=251/300 lr=0.00100 train_acc=87.28 test_acc=68.73
epoch=252/300 lr=0.00100 train_acc=87.50 test_acc=68.95
epoch=253/300 lr=0.00100 train_acc=87.41 test_acc=68.58
epoch=254/300 lr=0.00100 train_acc=87.53 test_acc=68.47
epoch=255/300 lr=0.00100 train_acc=87.66 test_acc=68.61
epoch=256/300 lr=0.00100 train_acc=87.66 test_acc=68.66
epoch=257/300 lr=0.00100 train_acc=87.51 test_acc=68.87
epoch=258/300 lr=0.00100 train_acc=87.67 test_acc=68.72
epoch=259/300 lr=0.00100 train_acc=87.67 test_acc=68.71
epoch=260/300 lr=0.00100 train_acc=87.51 test_acc=68.69
epoch=261/300 lr=0.00100 train_acc=87.92 test_acc=68.86
epoch=262/300 lr=0.00100 train_acc=87.90 test_acc=68.98
epoch=263/300 lr=0.00100 train_acc=88.06 test_acc=69.00
epoch=264/300 lr=0.00100 train_acc=88.01 test_acc=68.51
epoch=265/300 lr=0.00100 train_acc=87.90 test_acc=68.71
epoch=266/300 lr=0.00100 train_acc=88.20 test_acc=68.40
epoch=267/300 lr=0.00100 train_acc=88.00 test_acc=68.44
epoch=268/300 lr=0.00100 train_acc=87.90 test_acc=68.56
epoch=269/300 lr=0.00100 train_acc=88.10 test_acc=68.84
epoch=270/300 lr=0.00100 train_acc=87.97 test_acc=68.71
epoch=271/300 lr=0.00100 train_acc=88.33 test_acc=68.75
epoch=272/300 lr=0.00100 train_acc=88.29 test_acc=68.63
epoch=273/300 lr=0.00100 train_acc=88.14 test_acc=68.26
epoch=274/300 lr=0.00100 train_acc=88.16 test_acc=68.56
epoch=275/300 lr=0.00100 train_acc=88.44 test_acc=68.63
epoch=276/300 lr=0.00100 train_acc=88.39 test_acc=68.59
epoch=277/300 lr=0.00100 train_acc=88.31 test_acc=68.65
epoch=278/300 lr=0.00100 train_acc=88.32 test_acc=68.45
epoch=279/300 lr=0.00100 train_acc=88.46 test_acc=68.69
epoch=280/300 lr=0.00100 train_acc=88.54 test_acc=68.46
epoch=281/300 lr=0.00100 train_acc=88.57 test_acc=68.35
epoch=282/300 lr=0.00100 train_acc=88.47 test_acc=68.93
epoch=283/300 lr=0.00100 train_acc=88.55 test_acc=68.69
epoch=284/300 lr=0.00100 train_acc=88.66 test_acc=68.19
epoch=285/300 lr=0.00100 train_acc=88.65 test_acc=68.22
epoch=286/300 lr=0.00100 train_acc=88.52 test_acc=68.25
epoch=287/300 lr=0.00100 train_acc=88.51 test_acc=68.27
epoch=288/300 lr=0.00100 train_acc=88.70 test_acc=68.42
epoch=289/300 lr=0.00100 train_acc=88.67 test_acc=68.36
epoch=290/300 lr=0.00100 train_acc=88.92 test_acc=68.56
epoch=291/300 lr=0.00100 train_acc=88.82 test_acc=68.36
epoch=292/300 lr=0.00100 train_acc=88.88 test_acc=68.07
epoch=293/300 lr=0.00100 train_acc=88.75 test_acc=68.17
epoch=294/300 lr=0.00100 train_acc=88.89 test_acc=68.27
epoch=295/300 lr=0.00100 train_acc=88.98 test_acc=68.27
epoch=296/300 lr=0.00100 train_acc=88.58 test_acc=68.48
epoch=297/300 lr=0.00100 train_acc=88.89 test_acc=68.36
epoch=298/300 lr=0.00100 train_acc=89.00 test_acc=68.63
epoch=299/300 lr=0.00100 train_acc=88.84 test_acc=68.54
epoch=300/300 lr=0.00100 train_acc=88.97 test_acc=68.56
{
  "best_accuracy": 69.34,
  "best_error_rate": 30.659999999999997,
  "final_accuracy": 68.56,
  "final_error_rate": 31.439999999999998,
  "elapsed_seconds": 1926.911119222641,
  "is_paper_result": false,
  "note": "New reproduction result; compare against paper target separately."
}
start experiment=cifar100_resnet20_baseline seed=1002
epoch=1/300 lr=0.10000 train_acc=8.37 test_acc=12.18
epoch=2/300 lr=0.10000 train_acc=17.17 test_acc=18.27
epoch=3/300 lr=0.10000 train_acc=25.01 test_acc=25.29
epoch=4/300 lr=0.10000 train_acc=31.50 test_acc=25.13
epoch=5/300 lr=0.10000 train_acc=35.40 test_acc=33.09
epoch=6/300 lr=0.10000 train_acc=38.89 test_acc=33.88
epoch=7/300 lr=0.10000 train_acc=41.54 test_acc=37.00
epoch=8/300 lr=0.10000 train_acc=43.69 test_acc=38.57
epoch=9/300 lr=0.10000 train_acc=45.31 test_acc=37.34
epoch=10/300 lr=0.10000 train_acc=46.54 test_acc=39.88
epoch=11/300 lr=0.10000 train_acc=47.67 test_acc=42.45
epoch=12/300 lr=0.10000 train_acc=48.46 test_acc=41.41
epoch=13/300 lr=0.10000 train_acc=49.02 test_acc=44.73
epoch=14/300 lr=0.10000 train_acc=49.83 test_acc=38.85
epoch=15/300 lr=0.10000 train_acc=50.36 test_acc=40.96
epoch=16/300 lr=0.10000 train_acc=50.77 test_acc=41.07
epoch=17/300 lr=0.10000 train_acc=51.09 test_acc=42.45
epoch=18/300 lr=0.10000 train_acc=51.36 test_acc=40.81
epoch=19/300 lr=0.10000 train_acc=52.02 test_acc=39.86
epoch=20/300 lr=0.10000 train_acc=52.15 test_acc=41.97
epoch=21/300 lr=0.10000 train_acc=52.48 test_acc=41.93
epoch=22/300 lr=0.10000 train_acc=52.72 test_acc=43.89
epoch=23/300 lr=0.10000 train_acc=53.07 test_acc=41.01
epoch=24/300 lr=0.10000 train_acc=53.25 test_acc=41.92
epoch=25/300 lr=0.10000 train_acc=53.41 test_acc=47.42
epoch=26/300 lr=0.10000 train_acc=53.25 test_acc=47.30
epoch=27/300 lr=0.10000 train_acc=53.84 test_acc=41.82
epoch=28/300 lr=0.10000 train_acc=53.45 test_acc=47.64
epoch=29/300 lr=0.10000 train_acc=54.04 test_acc=43.84
epoch=30/300 lr=0.10000 train_acc=54.33 test_acc=42.23
epoch=31/300 lr=0.10000 train_acc=54.44 test_acc=48.22
epoch=32/300 lr=0.10000 train_acc=54.35 test_acc=47.16
epoch=33/300 lr=0.10000 train_acc=54.29 test_acc=42.42
epoch=34/300 lr=0.10000 train_acc=54.58 test_acc=46.16
epoch=35/300 lr=0.10000 train_acc=54.74 test_acc=46.14
epoch=36/300 lr=0.10000 train_acc=54.33 test_acc=46.98
epoch=37/300 lr=0.10000 train_acc=54.73 test_acc=46.88
epoch=38/300 lr=0.10000 train_acc=54.94 test_acc=38.85
epoch=39/300 lr=0.10000 train_acc=54.92 test_acc=38.25
epoch=40/300 lr=0.10000 train_acc=55.36 test_acc=45.59
epoch=41/300 lr=0.10000 train_acc=55.12 test_acc=47.78
epoch=42/300 lr=0.10000 train_acc=55.03 test_acc=46.21
epoch=43/300 lr=0.10000 train_acc=55.46 test_acc=46.51
epoch=44/300 lr=0.10000 train_acc=55.26 test_acc=49.17
epoch=45/300 lr=0.10000 train_acc=55.37 test_acc=40.33
epoch=46/300 lr=0.10000 train_acc=55.35 test_acc=44.93
epoch=47/300 lr=0.10000 train_acc=55.72 test_acc=48.85
epoch=48/300 lr=0.10000 train_acc=55.68 test_acc=44.14
epoch=49/300 lr=0.10000 train_acc=55.68 test_acc=45.56
epoch=50/300 lr=0.10000 train_acc=55.94 test_acc=44.94
epoch=51/300 lr=0.10000 train_acc=55.78 test_acc=48.27
epoch=52/300 lr=0.10000 train_acc=55.93 test_acc=49.77
epoch=53/300 lr=0.10000 train_acc=55.83 test_acc=42.21
epoch=54/300 lr=0.10000 train_acc=56.20 test_acc=46.02
epoch=55/300 lr=0.10000 train_acc=56.23 test_acc=48.48
epoch=56/300 lr=0.10000 train_acc=56.16 test_acc=44.94
epoch=57/300 lr=0.10000 train_acc=55.97 test_acc=49.10
epoch=58/300 lr=0.10000 train_acc=56.38 test_acc=44.97
epoch=59/300 lr=0.10000 train_acc=56.00 test_acc=47.81
epoch=60/300 lr=0.10000 train_acc=56.26 test_acc=48.30
epoch=61/300 lr=0.10000 train_acc=56.28 test_acc=41.72
epoch=62/300 lr=0.10000 train_acc=56.48 test_acc=43.73
epoch=63/300 lr=0.10000 train_acc=56.08 test_acc=47.08
epoch=64/300 lr=0.10000 train_acc=56.61 test_acc=47.42
epoch=65/300 lr=0.10000 train_acc=56.52 test_acc=46.35
epoch=66/300 lr=0.10000 train_acc=56.37 test_acc=50.01
epoch=67/300 lr=0.10000 train_acc=56.66 test_acc=48.83
epoch=68/300 lr=0.10000 train_acc=57.06 test_acc=46.88
epoch=69/300 lr=0.10000 train_acc=56.50 test_acc=45.56
epoch=70/300 lr=0.10000 train_acc=56.82 test_acc=50.28
epoch=71/300 lr=0.10000 train_acc=56.73 test_acc=46.96
epoch=72/300 lr=0.10000 train_acc=57.03 test_acc=51.87
epoch=73/300 lr=0.10000 train_acc=56.91 test_acc=47.91
epoch=74/300 lr=0.10000 train_acc=56.92 test_acc=48.21
epoch=75/300 lr=0.10000 train_acc=56.75 test_acc=50.48
epoch=76/300 lr=0.10000 train_acc=56.80 test_acc=47.30
epoch=77/300 lr=0.10000 train_acc=56.80 test_acc=49.67
epoch=78/300 lr=0.10000 train_acc=56.96 test_acc=45.89
epoch=79/300 lr=0.10000 train_acc=57.11 test_acc=47.73
epoch=80/300 lr=0.10000 train_acc=56.80 test_acc=47.99
epoch=81/300 lr=0.10000 train_acc=56.99 test_acc=45.55
epoch=82/300 lr=0.10000 train_acc=57.07 test_acc=42.88
epoch=83/300 lr=0.10000 train_acc=57.39 test_acc=48.48
epoch=84/300 lr=0.10000 train_acc=56.99 test_acc=46.73
epoch=85/300 lr=0.10000 train_acc=57.24 test_acc=45.63
epoch=86/300 lr=0.10000 train_acc=57.15 test_acc=47.74
epoch=87/300 lr=0.10000 train_acc=57.09 test_acc=50.11
epoch=88/300 lr=0.10000 train_acc=57.18 test_acc=44.58
epoch=89/300 lr=0.10000 train_acc=57.02 test_acc=44.84
epoch=90/300 lr=0.10000 train_acc=57.48 test_acc=44.70
epoch=91/300 lr=0.10000 train_acc=57.21 test_acc=47.68
epoch=92/300 lr=0.10000 train_acc=57.18 test_acc=47.79
epoch=93/300 lr=0.10000 train_acc=57.75 test_acc=44.84
epoch=94/300 lr=0.10000 train_acc=57.40 test_acc=51.47
epoch=95/300 lr=0.10000 train_acc=57.55 test_acc=45.50
epoch=96/300 lr=0.10000 train_acc=57.32 test_acc=49.06
epoch=97/300 lr=0.10000 train_acc=57.19 test_acc=52.39
epoch=98/300 lr=0.10000 train_acc=57.30 test_acc=49.44
epoch=99/300 lr=0.10000 train_acc=57.43 test_acc=47.40
epoch=100/300 lr=0.10000 train_acc=57.41 test_acc=46.19
epoch=101/300 lr=0.10000 train_acc=57.10 test_acc=39.06
epoch=102/300 lr=0.10000 train_acc=57.63 test_acc=49.71
epoch=103/300 lr=0.10000 train_acc=57.62 test_acc=50.13
epoch=104/300 lr=0.10000 train_acc=57.25 test_acc=48.30
epoch=105/300 lr=0.10000 train_acc=57.62 test_acc=49.02
epoch=106/300 lr=0.10000 train_acc=57.31 test_acc=48.60
epoch=107/300 lr=0.10000 train_acc=57.40 test_acc=48.26
epoch=108/300 lr=0.10000 train_acc=57.65 test_acc=49.53
epoch=109/300 lr=0.10000 train_acc=57.59 test_acc=47.80
epoch=110/300 lr=0.10000 train_acc=57.80 test_acc=44.54
epoch=111/300 lr=0.10000 train_acc=57.75 test_acc=48.74
epoch=112/300 lr=0.10000 train_acc=57.62 test_acc=47.03
epoch=113/300 lr=0.10000 train_acc=57.40 test_acc=42.33
epoch=114/300 lr=0.10000 train_acc=57.72 test_acc=49.98
epoch=115/300 lr=0.10000 train_acc=57.65 test_acc=44.80
epoch=116/300 lr=0.10000 train_acc=57.84 test_acc=47.67
epoch=117/300 lr=0.10000 train_acc=57.43 test_acc=51.46
epoch=118/300 lr=0.10000 train_acc=57.62 test_acc=50.04
epoch=119/300 lr=0.10000 train_acc=57.82 test_acc=44.98
epoch=120/300 lr=0.10000 train_acc=57.20 test_acc=43.76
epoch=121/300 lr=0.10000 train_acc=57.64 test_acc=48.84
epoch=122/300 lr=0.10000 train_acc=57.59 test_acc=49.98
epoch=123/300 lr=0.10000 train_acc=57.92 test_acc=47.69
epoch=124/300 lr=0.10000 train_acc=57.77 test_acc=47.48
epoch=125/300 lr=0.10000 train_acc=57.80 test_acc=49.58
epoch=126/300 lr=0.10000 train_acc=57.84 test_acc=49.29
epoch=127/300 lr=0.10000 train_acc=57.49 test_acc=48.20
epoch=128/300 lr=0.10000 train_acc=57.93 test_acc=49.77
epoch=129/300 lr=0.10000 train_acc=58.11 test_acc=39.97
epoch=130/300 lr=0.10000 train_acc=57.89 test_acc=50.08
epoch=131/300 lr=0.10000 train_acc=57.80 test_acc=45.85
epoch=132/300 lr=0.10000 train_acc=57.79 test_acc=50.23
epoch=133/300 lr=0.10000 train_acc=57.98 test_acc=46.57
epoch=134/300 lr=0.10000 train_acc=57.76 test_acc=50.50
epoch=135/300 lr=0.10000 train_acc=57.88 test_acc=49.51
epoch=136/300 lr=0.10000 train_acc=57.81 test_acc=50.69
epoch=137/300 lr=0.10000 train_acc=57.93 test_acc=49.17
epoch=138/300 lr=0.10000 train_acc=57.97 test_acc=44.10
epoch=139/300 lr=0.10000 train_acc=57.74 test_acc=46.56
epoch=140/300 lr=0.10000 train_acc=58.13 test_acc=47.19
epoch=141/300 lr=0.10000 train_acc=58.01 test_acc=49.52
epoch=142/300 lr=0.10000 train_acc=57.80 test_acc=41.62
epoch=143/300 lr=0.10000 train_acc=58.09 test_acc=44.43
epoch=144/300 lr=0.10000 train_acc=57.78 test_acc=47.68
epoch=145/300 lr=0.10000 train_acc=57.95 test_acc=48.36
epoch=146/300 lr=0.10000 train_acc=57.81 test_acc=47.00
epoch=147/300 lr=0.10000 train_acc=57.90 test_acc=50.04
epoch=148/300 lr=0.10000 train_acc=57.74 test_acc=48.89
epoch=149/300 lr=0.10000 train_acc=58.05 test_acc=46.80
epoch=150/300 lr=0.10000 train_acc=58.17 test_acc=40.68
epoch=151/300 lr=0.01000 train_acc=68.26 test_acc=65.19
epoch=152/300 lr=0.01000 train_acc=70.92 test_acc=65.67
epoch=153/300 lr=0.01000 train_acc=72.17 test_acc=66.22
epoch=154/300 lr=0.01000 train_acc=72.76 test_acc=66.06
epoch=155/300 lr=0.01000 train_acc=73.14 test_acc=66.78
epoch=156/300 lr=0.01000 train_acc=74.09 test_acc=66.48
epoch=157/300 lr=0.01000 train_acc=74.55 test_acc=66.91
epoch=158/300 lr=0.01000 train_acc=74.60 test_acc=66.44
epoch=159/300 lr=0.01000 train_acc=74.98 test_acc=66.59
epoch=160/300 lr=0.01000 train_acc=75.03 test_acc=66.67
epoch=161/300 lr=0.01000 train_acc=75.40 test_acc=66.53
epoch=162/300 lr=0.01000 train_acc=75.48 test_acc=66.33
epoch=163/300 lr=0.01000 train_acc=76.01 test_acc=66.57
epoch=164/300 lr=0.01000 train_acc=76.04 test_acc=66.43
epoch=165/300 lr=0.01000 train_acc=75.98 test_acc=66.20
epoch=166/300 lr=0.01000 train_acc=76.21 test_acc=65.83
epoch=167/300 lr=0.01000 train_acc=76.15 test_acc=66.68
epoch=168/300 lr=0.01000 train_acc=76.39 test_acc=66.82
epoch=169/300 lr=0.01000 train_acc=76.37 test_acc=65.98
epoch=170/300 lr=0.01000 train_acc=76.49 test_acc=65.68
epoch=171/300 lr=0.01000 train_acc=76.46 test_acc=65.65
epoch=172/300 lr=0.01000 train_acc=76.44 test_acc=66.13
epoch=173/300 lr=0.01000 train_acc=76.60 test_acc=65.64
epoch=174/300 lr=0.01000 train_acc=76.65 test_acc=65.45
epoch=175/300 lr=0.01000 train_acc=76.42 test_acc=65.86
epoch=176/300 lr=0.01000 train_acc=76.55 test_acc=65.51
epoch=177/300 lr=0.01000 train_acc=76.57 test_acc=65.72
epoch=178/300 lr=0.01000 train_acc=76.49 test_acc=65.18
epoch=179/300 lr=0.01000 train_acc=76.49 test_acc=64.31
epoch=180/300 lr=0.01000 train_acc=76.90 test_acc=65.46
epoch=181/300 lr=0.01000 train_acc=76.61 test_acc=65.64
epoch=182/300 lr=0.01000 train_acc=76.43 test_acc=65.31
epoch=183/300 lr=0.01000 train_acc=76.81 test_acc=64.91
epoch=184/300 lr=0.01000 train_acc=76.80 test_acc=64.85
epoch=185/300 lr=0.01000 train_acc=76.81 test_acc=64.54
epoch=186/300 lr=0.01000 train_acc=76.63 test_acc=65.75
epoch=187/300 lr=0.01000 train_acc=76.75 test_acc=63.87
epoch=188/300 lr=0.01000 train_acc=76.89 test_acc=65.12
epoch=189/300 lr=0.01000 train_acc=76.56 test_acc=64.95
epoch=190/300 lr=0.01000 train_acc=76.67 test_acc=63.58
epoch=191/300 lr=0.01000 train_acc=76.38 test_acc=65.12
epoch=192/300 lr=0.01000 train_acc=76.66 test_acc=65.27
epoch=193/300 lr=0.01000 train_acc=76.75 test_acc=64.74
epoch=194/300 lr=0.01000 train_acc=76.79 test_acc=64.49
epoch=195/300 lr=0.01000 train_acc=76.62 test_acc=63.94
epoch=196/300 lr=0.01000 train_acc=76.97 test_acc=64.52
epoch=197/300 lr=0.01000 train_acc=76.91 test_acc=64.51
epoch=198/300 lr=0.01000 train_acc=76.83 test_acc=64.75
epoch=199/300 lr=0.01000 train_acc=76.98 test_acc=64.60
epoch=200/300 lr=0.01000 train_acc=76.84 test_acc=64.14
epoch=201/300 lr=0.01000 train_acc=77.11 test_acc=64.50
epoch=202/300 lr=0.01000 train_acc=76.98 test_acc=63.34
epoch=203/300 lr=0.01000 train_acc=76.88 test_acc=63.40
epoch=204/300 lr=0.01000 train_acc=77.30 test_acc=64.64
epoch=205/300 lr=0.01000 train_acc=77.43 test_acc=64.69
epoch=206/300 lr=0.01000 train_acc=77.16 test_acc=64.89
epoch=207/300 lr=0.01000 train_acc=77.10 test_acc=63.60
epoch=208/300 lr=0.01000 train_acc=77.27 test_acc=64.80
epoch=209/300 lr=0.01000 train_acc=77.28 test_acc=64.58
epoch=210/300 lr=0.01000 train_acc=77.21 test_acc=63.80
epoch=211/300 lr=0.01000 train_acc=77.30 test_acc=63.71
epoch=212/300 lr=0.01000 train_acc=77.22 test_acc=64.61
epoch=213/300 lr=0.01000 train_acc=77.29 test_acc=64.12
epoch=214/300 lr=0.01000 train_acc=77.45 test_acc=63.36
epoch=215/300 lr=0.01000 train_acc=77.61 test_acc=63.11
epoch=216/300 lr=0.01000 train_acc=77.52 test_acc=64.29
epoch=217/300 lr=0.01000 train_acc=77.47 test_acc=65.04
epoch=218/300 lr=0.01000 train_acc=77.42 test_acc=63.25
epoch=219/300 lr=0.01000 train_acc=77.29 test_acc=65.26
epoch=220/300 lr=0.01000 train_acc=77.62 test_acc=64.37
epoch=221/300 lr=0.01000 train_acc=77.47 test_acc=64.38
epoch=222/300 lr=0.01000 train_acc=77.79 test_acc=64.92
epoch=223/300 lr=0.01000 train_acc=77.34 test_acc=63.43
epoch=224/300 lr=0.01000 train_acc=77.57 test_acc=63.84
epoch=225/300 lr=0.01000 train_acc=77.84 test_acc=64.88
epoch=226/300 lr=0.00100 train_acc=82.58 test_acc=68.89
epoch=227/300 lr=0.00100 train_acc=84.18 test_acc=69.04
epoch=228/300 lr=0.00100 train_acc=84.70 test_acc=69.41
epoch=229/300 lr=0.00100 train_acc=85.12 test_acc=69.61
epoch=230/300 lr=0.00100 train_acc=85.54 test_acc=69.71
epoch=231/300 lr=0.00100 train_acc=85.51 test_acc=69.59
epoch=232/300 lr=0.00100 train_acc=85.82 test_acc=69.50
epoch=233/300 lr=0.00100 train_acc=85.88 test_acc=69.63
epoch=234/300 lr=0.00100 train_acc=86.37 test_acc=69.51
epoch=235/300 lr=0.00100 train_acc=86.11 test_acc=69.64
epoch=236/300 lr=0.00100 train_acc=86.53 test_acc=69.32
epoch=237/300 lr=0.00100 train_acc=86.34 test_acc=69.47
epoch=238/300 lr=0.00100 train_acc=86.62 test_acc=69.65
epoch=239/300 lr=0.00100 train_acc=86.61 test_acc=69.61
epoch=240/300 lr=0.00100 train_acc=86.56 test_acc=69.54
epoch=241/300 lr=0.00100 train_acc=86.68 test_acc=69.75
epoch=242/300 lr=0.00100 train_acc=86.97 test_acc=69.51
epoch=243/300 lr=0.00100 train_acc=86.78 test_acc=69.38
epoch=244/300 lr=0.00100 train_acc=87.02 test_acc=69.25
epoch=245/300 lr=0.00100 train_acc=87.27 test_acc=69.36
epoch=246/300 lr=0.00100 train_acc=87.29 test_acc=69.40
epoch=247/300 lr=0.00100 train_acc=87.34 test_acc=69.49
epoch=248/300 lr=0.00100 train_acc=87.12 test_acc=68.97
epoch=249/300 lr=0.00100 train_acc=87.40 test_acc=69.32
epoch=250/300 lr=0.00100 train_acc=87.15 test_acc=69.42
epoch=251/300 lr=0.00100 train_acc=87.42 test_acc=69.09
epoch=252/300 lr=0.00100 train_acc=87.53 test_acc=69.07
epoch=253/300 lr=0.00100 train_acc=87.37 test_acc=69.26
epoch=254/300 lr=0.00100 train_acc=87.59 test_acc=69.22
epoch=255/300 lr=0.00100 train_acc=87.22 test_acc=69.14
epoch=256/300 lr=0.00100 train_acc=87.77 test_acc=69.12
epoch=257/300 lr=0.00100 train_acc=87.85 test_acc=69.46
epoch=258/300 lr=0.00100 train_acc=87.50 test_acc=69.07
epoch=259/300 lr=0.00100 train_acc=87.93 test_acc=69.29
epoch=260/300 lr=0.00100 train_acc=87.70 test_acc=69.36
epoch=261/300 lr=0.00100 train_acc=88.00 test_acc=69.42
epoch=262/300 lr=0.00100 train_acc=87.87 test_acc=69.30
epoch=263/300 lr=0.00100 train_acc=88.12 test_acc=69.17
epoch=264/300 lr=0.00100 train_acc=87.89 test_acc=69.19
epoch=265/300 lr=0.00100 train_acc=88.10 test_acc=68.96
epoch=266/300 lr=0.00100 train_acc=88.12 test_acc=69.18
epoch=267/300 lr=0.00100 train_acc=88.20 test_acc=69.29
epoch=268/300 lr=0.00100 train_acc=88.24 test_acc=69.32
epoch=269/300 lr=0.00100 train_acc=88.24 test_acc=68.92
epoch=270/300 lr=0.00100 train_acc=88.20 test_acc=68.92
epoch=271/300 lr=0.00100 train_acc=88.32 test_acc=68.80
epoch=272/300 lr=0.00100 train_acc=88.34 test_acc=68.90
epoch=273/300 lr=0.00100 train_acc=88.41 test_acc=69.23
epoch=274/300 lr=0.00100 train_acc=88.29 test_acc=69.09
epoch=275/300 lr=0.00100 train_acc=88.43 test_acc=68.76
epoch=276/300 lr=0.00100 train_acc=88.12 test_acc=69.20
epoch=277/300 lr=0.00100 train_acc=88.53 test_acc=69.07
epoch=278/300 lr=0.00100 train_acc=88.44 test_acc=68.88
epoch=279/300 lr=0.00100 train_acc=88.58 test_acc=68.84
epoch=280/300 lr=0.00100 train_acc=88.35 test_acc=68.87
epoch=281/300 lr=0.00100 train_acc=88.74 test_acc=68.92
epoch=282/300 lr=0.00100 train_acc=88.55 test_acc=68.88
epoch=283/300 lr=0.00100 train_acc=88.56 test_acc=68.87
epoch=284/300 lr=0.00100 train_acc=88.60 test_acc=68.86
epoch=285/300 lr=0.00100 train_acc=88.70 test_acc=68.63
epoch=286/300 lr=0.00100 train_acc=88.67 test_acc=68.53
epoch=287/300 lr=0.00100 train_acc=88.87 test_acc=69.08
epoch=288/300 lr=0.00100 train_acc=88.80 test_acc=68.54
epoch=289/300 lr=0.00100 train_acc=88.92 test_acc=68.73
epoch=290/300 lr=0.00100 train_acc=88.74 test_acc=68.71
epoch=291/300 lr=0.00100 train_acc=88.80 test_acc=68.73
epoch=292/300 lr=0.00100 train_acc=88.89 test_acc=68.41
epoch=293/300 lr=0.00100 train_acc=88.73 test_acc=68.81
epoch=294/300 lr=0.00100 train_acc=88.89 test_acc=68.84
epoch=295/300 lr=0.00100 train_acc=88.81 test_acc=68.87
epoch=296/300 lr=0.00100 train_acc=88.80 test_acc=68.87
epoch=297/300 lr=0.00100 train_acc=88.87 test_acc=68.60
epoch=298/300 lr=0.00100 train_acc=89.12 test_acc=68.75
epoch=299/300 lr=0.00100 train_acc=88.87 test_acc=68.97
epoch=300/300 lr=0.00100 train_acc=89.09 test_acc=68.68
{
  "best_accuracy": 69.75,
  "best_error_rate": 30.25,
  "final_accuracy": 68.68,
  "final_error_rate": 31.319999999999993,
  "elapsed_seconds": 1935.5877113342285,
  "is_paper_result": false,
  "note": "New reproduction result; compare against paper target separately."
}
start experiment=cifar100_resnet20_baseline seed=1003
epoch=1/300 lr=0.10000 train_acc=8.07 test_acc=9.76
epoch=2/300 lr=0.10000 train_acc=15.99 test_acc=18.66
epoch=3/300 lr=0.10000 train_acc=23.99 test_acc=24.45
epoch=4/300 lr=0.10000 train_acc=30.21 test_acc=28.89
epoch=5/300 lr=0.10000 train_acc=34.91 test_acc=29.59
epoch=6/300 lr=0.10000 train_acc=38.30 test_acc=31.05
epoch=7/300 lr=0.10000 train_acc=40.85 test_acc=34.86
epoch=8/300 lr=0.10000 train_acc=43.41 test_acc=41.98
epoch=9/300 lr=0.10000 train_acc=45.01 test_acc=32.08
epoch=10/300 lr=0.10000 train_acc=46.05 test_acc=36.47
epoch=11/300 lr=0.10000 train_acc=47.25 test_acc=43.64
epoch=12/300 lr=0.10000 train_acc=48.21 test_acc=34.24
epoch=13/300 lr=0.10000 train_acc=49.21 test_acc=42.83
epoch=14/300 lr=0.10000 train_acc=49.71 test_acc=42.41
epoch=15/300 lr=0.10000 train_acc=50.36 test_acc=43.20
epoch=16/300 lr=0.10000 train_acc=50.49 test_acc=39.84
epoch=17/300 lr=0.10000 train_acc=51.24 test_acc=40.75
epoch=18/300 lr=0.10000 train_acc=51.59 test_acc=44.17
epoch=19/300 lr=0.10000 train_acc=51.82 test_acc=45.62
epoch=20/300 lr=0.10000 train_acc=51.93 test_acc=45.49
epoch=21/300 lr=0.10000 train_acc=52.57 test_acc=47.16
epoch=22/300 lr=0.10000 train_acc=52.84 test_acc=41.18
epoch=23/300 lr=0.10000 train_acc=52.80 test_acc=45.48
epoch=24/300 lr=0.10000 train_acc=53.51 test_acc=43.61
epoch=25/300 lr=0.10000 train_acc=53.51 test_acc=42.66
epoch=26/300 lr=0.10000 train_acc=53.30 test_acc=42.25
epoch=27/300 lr=0.10000 train_acc=53.73 test_acc=47.51
epoch=28/300 lr=0.10000 train_acc=54.07 test_acc=45.22
epoch=29/300 lr=0.10000 train_acc=54.08 test_acc=37.15
epoch=30/300 lr=0.10000 train_acc=54.12 test_acc=39.86
epoch=31/300 lr=0.10000 train_acc=54.23 test_acc=48.27
epoch=32/300 lr=0.10000 train_acc=54.76 test_acc=44.37
epoch=33/300 lr=0.10000 train_acc=54.50 test_acc=46.29
epoch=34/300 lr=0.10000 train_acc=54.76 test_acc=44.97
epoch=35/300 lr=0.10000 train_acc=54.51 test_acc=45.95
epoch=36/300 lr=0.10000 train_acc=55.04 test_acc=42.84
epoch=37/300 lr=0.10000 train_acc=55.01 test_acc=46.88
epoch=38/300 lr=0.10000 train_acc=55.02 test_acc=45.51
epoch=39/300 lr=0.10000 train_acc=55.02 test_acc=48.12
epoch=40/300 lr=0.10000 train_acc=55.38 test_acc=44.97
epoch=41/300 lr=0.10000 train_acc=55.71 test_acc=45.66
epoch=42/300 lr=0.10000 train_acc=55.42 test_acc=43.66
epoch=43/300 lr=0.10000 train_acc=55.72 test_acc=48.01
epoch=44/300 lr=0.10000 train_acc=55.54 test_acc=50.59
epoch=45/300 lr=0.10000 train_acc=55.91 test_acc=48.86
epoch=46/300 lr=0.10000 train_acc=55.72 test_acc=44.06
epoch=47/300 lr=0.10000 train_acc=55.88 test_acc=50.28
epoch=48/300 lr=0.10000 train_acc=56.04 test_acc=46.15
epoch=49/300 lr=0.10000 train_acc=56.18 test_acc=43.08
epoch=50/300 lr=0.10000 train_acc=56.31 test_acc=42.71
epoch=51/300 lr=0.10000 train_acc=56.39 test_acc=43.63
epoch=52/300 lr=0.10000 train_acc=55.91 test_acc=45.01
epoch=53/300 lr=0.10000 train_acc=56.24 test_acc=49.22
epoch=54/300 lr=0.10000 train_acc=56.29 test_acc=48.09
epoch=55/300 lr=0.10000 train_acc=56.34 test_acc=49.83
epoch=56/300 lr=0.10000 train_acc=56.20 test_acc=48.62
epoch=57/300 lr=0.10000 train_acc=56.26 test_acc=43.90
epoch=58/300 lr=0.10000 train_acc=56.36 test_acc=43.99
epoch=59/300 lr=0.10000 train_acc=56.81 test_acc=44.85
epoch=60/300 lr=0.10000 train_acc=56.53 test_acc=50.54
epoch=61/300 lr=0.10000 train_acc=56.69 test_acc=38.26
epoch=62/300 lr=0.10000 train_acc=56.62 test_acc=48.41
epoch=63/300 lr=0.10000 train_acc=56.55 test_acc=45.95
epoch=64/300 lr=0.10000 train_acc=56.66 test_acc=50.31
epoch=65/300 lr=0.10000 train_acc=56.52 test_acc=49.78
epoch=66/300 lr=0.10000 train_acc=56.73 test_acc=48.51
epoch=67/300 lr=0.10000 train_acc=56.61 test_acc=50.19
epoch=68/300 lr=0.10000 train_acc=57.04 test_acc=47.07
epoch=69/300 lr=0.10000 train_acc=56.91 test_acc=48.81
epoch=70/300 lr=0.10000 train_acc=56.81 test_acc=45.73
epoch=71/300 lr=0.10000 train_acc=56.96 test_acc=48.63
epoch=72/300 lr=0.10000 train_acc=56.92 test_acc=36.54
epoch=73/300 lr=0.10000 train_acc=56.78 test_acc=51.37
epoch=74/300 lr=0.10000 train_acc=57.13 test_acc=47.50
epoch=75/300 lr=0.10000 train_acc=57.05 test_acc=48.28
epoch=76/300 lr=0.10000 train_acc=56.79 test_acc=48.11
epoch=77/300 lr=0.10000 train_acc=57.10 test_acc=46.53
epoch=78/300 lr=0.10000 train_acc=56.81 test_acc=50.62
epoch=79/300 lr=0.10000 train_acc=57.28 test_acc=45.18
epoch=80/300 lr=0.10000 train_acc=57.09 test_acc=46.69
epoch=81/300 lr=0.10000 train_acc=57.45 test_acc=49.45
epoch=82/300 lr=0.10000 train_acc=57.22 test_acc=48.08
epoch=83/300 lr=0.10000 train_acc=57.19 test_acc=45.36
epoch=84/300 lr=0.10000 train_acc=57.01 test_acc=45.44
epoch=85/300 lr=0.10000 train_acc=56.99 test_acc=50.10
epoch=86/300 lr=0.10000 train_acc=57.29 test_acc=51.02
epoch=87/300 lr=0.10000 train_acc=57.43 test_acc=48.42
epoch=88/300 lr=0.10000 train_acc=57.42 test_acc=50.08
epoch=89/300 lr=0.10000 train_acc=57.49 test_acc=42.04
epoch=90/300 lr=0.10000 train_acc=57.74 test_acc=49.48
epoch=91/300 lr=0.10000 train_acc=57.11 test_acc=49.04
epoch=92/300 lr=0.10000 train_acc=57.65 test_acc=50.11
epoch=93/300 lr=0.10000 train_acc=57.55 test_acc=49.12
epoch=94/300 lr=0.10000 train_acc=57.32 test_acc=47.17
epoch=95/300 lr=0.10000 train_acc=57.31 test_acc=49.47
epoch=96/300 lr=0.10000 train_acc=57.39 test_acc=47.36
epoch=97/300 lr=0.10000 train_acc=57.60 test_acc=49.56
epoch=98/300 lr=0.10000 train_acc=57.57 test_acc=48.68
epoch=99/300 lr=0.10000 train_acc=57.44 test_acc=46.07
epoch=100/300 lr=0.10000 train_acc=57.79 test_acc=45.54
epoch=101/300 lr=0.10000 train_acc=57.69 test_acc=45.61
epoch=102/300 lr=0.10000 train_acc=57.67 test_acc=43.92
epoch=103/300 lr=0.10000 train_acc=57.64 test_acc=51.35
epoch=104/300 lr=0.10000 train_acc=57.62 test_acc=49.75
epoch=105/300 lr=0.10000 train_acc=57.84 test_acc=47.35
epoch=106/300 lr=0.10000 train_acc=57.70 test_acc=46.50
epoch=107/300 lr=0.10000 train_acc=57.71 test_acc=49.26
epoch=108/300 lr=0.10000 train_acc=58.02 test_acc=43.91
epoch=109/300 lr=0.10000 train_acc=57.53 test_acc=51.92
epoch=110/300 lr=0.10000 train_acc=57.78 test_acc=45.54
epoch=111/300 lr=0.10000 train_acc=57.38 test_acc=48.34
epoch=112/300 lr=0.10000 train_acc=57.89 test_acc=49.45
epoch=113/300 lr=0.10000 train_acc=57.90 test_acc=50.09
epoch=114/300 lr=0.10000 train_acc=58.01 test_acc=46.94
epoch=115/300 lr=0.10000 train_acc=57.63 test_acc=48.43
epoch=116/300 lr=0.10000 train_acc=57.74 test_acc=46.55
epoch=117/300 lr=0.10000 train_acc=57.54 test_acc=49.83
epoch=118/300 lr=0.10000 train_acc=58.13 test_acc=41.46
epoch=119/300 lr=0.10000 train_acc=57.78 test_acc=50.95
epoch=120/300 lr=0.10000 train_acc=57.72 test_acc=48.70
epoch=121/300 lr=0.10000 train_acc=57.72 test_acc=48.44
epoch=122/300 lr=0.10000 train_acc=57.81 test_acc=43.70
epoch=123/300 lr=0.10000 train_acc=57.81 test_acc=47.55
epoch=124/300 lr=0.10000 train_acc=57.99 test_acc=46.71
epoch=125/300 lr=0.10000 train_acc=57.77 test_acc=48.35
epoch=126/300 lr=0.10000 train_acc=57.93 test_acc=48.81
epoch=127/300 lr=0.10000 train_acc=57.93 test_acc=47.79
epoch=128/300 lr=0.10000 train_acc=57.76 test_acc=45.26
epoch=129/300 lr=0.10000 train_acc=57.56 test_acc=50.18
epoch=130/300 lr=0.10000 train_acc=58.25 test_acc=48.88
epoch=131/300 lr=0.10000 train_acc=58.04 test_acc=48.57
epoch=132/300 lr=0.10000 train_acc=58.12 test_acc=44.03
epoch=133/300 lr=0.10000 train_acc=57.79 test_acc=50.44
epoch=134/300 lr=0.10000 train_acc=57.79 test_acc=49.07
epoch=135/300 lr=0.10000 train_acc=58.09 test_acc=45.55
epoch=136/300 lr=0.10000 train_acc=58.15 test_acc=51.28
epoch=137/300 lr=0.10000 train_acc=58.31 test_acc=47.27
epoch=138/300 lr=0.10000 train_acc=57.86 test_acc=49.35
epoch=139/300 lr=0.10000 train_acc=57.72 test_acc=44.26
epoch=140/300 lr=0.10000 train_acc=58.26 test_acc=48.63
epoch=141/300 lr=0.10000 train_acc=58.26 test_acc=46.91
epoch=142/300 lr=0.10000 train_acc=57.80 test_acc=47.28
epoch=143/300 lr=0.10000 train_acc=57.98 test_acc=50.75
epoch=144/300 lr=0.10000 train_acc=58.05 test_acc=49.15
epoch=145/300 lr=0.10000 train_acc=58.56 test_acc=42.79
epoch=146/300 lr=0.10000 train_acc=57.98 test_acc=45.69
epoch=147/300 lr=0.10000 train_acc=58.23 test_acc=42.20
epoch=148/300 lr=0.10000 train_acc=58.04 test_acc=43.67
epoch=149/300 lr=0.10000 train_acc=58.22 test_acc=46.26
epoch=150/300 lr=0.10000 train_acc=58.06 test_acc=49.45
epoch=151/300 lr=0.01000 train_acc=68.31 test_acc=65.34
epoch=152/300 lr=0.01000 train_acc=71.30 test_acc=65.89
epoch=153/300 lr=0.01000 train_acc=72.37 test_acc=66.69
epoch=154/300 lr=0.01000 train_acc=73.35 test_acc=66.46
epoch=155/300 lr=0.01000 train_acc=73.69 test_acc=66.81
epoch=156/300 lr=0.01000 train_acc=74.00 test_acc=66.74
epoch=157/300 lr=0.01000 train_acc=74.47 test_acc=66.78
epoch=158/300 lr=0.01000 train_acc=74.81 test_acc=66.94
epoch=159/300 lr=0.01000 train_acc=75.12 test_acc=66.79
epoch=160/300 lr=0.01000 train_acc=75.51 test_acc=66.94
epoch=161/300 lr=0.01000 train_acc=75.56 test_acc=67.04
epoch=162/300 lr=0.01000 train_acc=75.73 test_acc=66.48
epoch=163/300 lr=0.01000 train_acc=76.04 test_acc=66.36
epoch=164/300 lr=0.01000 train_acc=76.00 test_acc=66.44
epoch=165/300 lr=0.01000 train_acc=76.39 test_acc=66.50
epoch=166/300 lr=0.01000 train_acc=76.37 test_acc=66.38
epoch=167/300 lr=0.01000 train_acc=76.36 test_acc=65.59
epoch=168/300 lr=0.01000 train_acc=76.75 test_acc=66.03
epoch=169/300 lr=0.01000 train_acc=76.54 test_acc=65.04
epoch=170/300 lr=0.01000 train_acc=76.67 test_acc=65.68
epoch=171/300 lr=0.01000 train_acc=76.58 test_acc=66.15
epoch=172/300 lr=0.01000 train_acc=76.76 test_acc=66.08
epoch=173/300 lr=0.01000 train_acc=76.64 test_acc=65.18
epoch=174/300 lr=0.01000 train_acc=76.71 test_acc=65.46
epoch=175/300 lr=0.01000 train_acc=76.94 test_acc=65.18
epoch=176/300 lr=0.01000 train_acc=76.80 test_acc=64.26
epoch=177/300 lr=0.01000 train_acc=76.60 test_acc=65.82
epoch=178/300 lr=0.01000 train_acc=76.86 test_acc=64.96
epoch=179/300 lr=0.01000 train_acc=76.72 test_acc=65.31
epoch=180/300 lr=0.01000 train_acc=76.81 test_acc=65.38
epoch=181/300 lr=0.01000 train_acc=76.95 test_acc=65.21
epoch=182/300 lr=0.01000 train_acc=76.97 test_acc=65.31
epoch=183/300 lr=0.01000 train_acc=76.83 test_acc=65.68
epoch=184/300 lr=0.01000 train_acc=76.85 test_acc=65.48
epoch=185/300 lr=0.01000 train_acc=76.90 test_acc=65.22
epoch=186/300 lr=0.01000 train_acc=76.71 test_acc=64.83
epoch=187/300 lr=0.01000 train_acc=76.92 test_acc=64.23
epoch=188/300 lr=0.01000 train_acc=76.64 test_acc=63.77
epoch=189/300 lr=0.01000 train_acc=76.89 test_acc=63.70
epoch=190/300 lr=0.01000 train_acc=77.18 test_acc=64.27
epoch=191/300 lr=0.01000 train_acc=77.20 test_acc=64.53
epoch=192/300 lr=0.01000 train_acc=77.20 test_acc=64.36
epoch=193/300 lr=0.01000 train_acc=76.98 test_acc=63.54
epoch=194/300 lr=0.01000 train_acc=76.92 test_acc=62.73
epoch=195/300 lr=0.01000 train_acc=76.84 test_acc=63.72
epoch=196/300 lr=0.01000 train_acc=77.26 test_acc=64.13
epoch=197/300 lr=0.01000 train_acc=77.19 test_acc=64.60
epoch=198/300 lr=0.01000 train_acc=77.23 test_acc=62.66
epoch=199/300 lr=0.01000 train_acc=76.96 test_acc=64.60
epoch=200/300 lr=0.01000 train_acc=77.22 test_acc=64.65
epoch=201/300 lr=0.01000 train_acc=77.24 test_acc=63.34
epoch=202/300 lr=0.01000 train_acc=77.01 test_acc=63.68
epoch=203/300 lr=0.01000 train_acc=77.01 test_acc=64.92
epoch=204/300 lr=0.01000 train_acc=77.17 test_acc=63.83
epoch=205/300 lr=0.01000 train_acc=77.43 test_acc=63.39
epoch=206/300 lr=0.01000 train_acc=77.48 test_acc=63.67
epoch=207/300 lr=0.01000 train_acc=77.39 test_acc=63.31
epoch=208/300 lr=0.01000 train_acc=77.12 test_acc=64.61
epoch=209/300 lr=0.01000 train_acc=77.36 test_acc=63.43
epoch=210/300 lr=0.01000 train_acc=77.37 test_acc=63.56
epoch=211/300 lr=0.01000 train_acc=77.59 test_acc=63.61
epoch=212/300 lr=0.01000 train_acc=77.57 test_acc=63.41
epoch=213/300 lr=0.01000 train_acc=77.49 test_acc=65.04
epoch=214/300 lr=0.01000 train_acc=77.82 test_acc=63.87
epoch=215/300 lr=0.01000 train_acc=77.92 test_acc=63.11
epoch=216/300 lr=0.01000 train_acc=77.69 test_acc=63.29
epoch=217/300 lr=0.01000 train_acc=77.71 test_acc=64.30
epoch=218/300 lr=0.01000 train_acc=77.83 test_acc=63.56
epoch=219/300 lr=0.01000 train_acc=77.68 test_acc=63.91
epoch=220/300 lr=0.01000 train_acc=77.76 test_acc=63.55
epoch=221/300 lr=0.01000 train_acc=77.64 test_acc=63.86
epoch=222/300 lr=0.01000 train_acc=77.81 test_acc=62.71
epoch=223/300 lr=0.01000 train_acc=77.91 test_acc=63.32
epoch=224/300 lr=0.01000 train_acc=78.12 test_acc=63.87
epoch=225/300 lr=0.01000 train_acc=77.62 test_acc=64.00
epoch=226/300 lr=0.00100 train_acc=82.83 test_acc=68.28
epoch=227/300 lr=0.00100 train_acc=84.54 test_acc=68.64
epoch=228/300 lr=0.00100 train_acc=85.07 test_acc=69.07
epoch=229/300 lr=0.00100 train_acc=85.51 test_acc=69.15
epoch=230/300 lr=0.00100 train_acc=85.69 test_acc=68.88
epoch=231/300 lr=0.00100 train_acc=86.10 test_acc=68.75
epoch=232/300 lr=0.00100 train_acc=86.29 test_acc=68.73
epoch=233/300 lr=0.00100 train_acc=86.36 test_acc=68.73
epoch=234/300 lr=0.00100 train_acc=86.69 test_acc=68.86
epoch=235/300 lr=0.00100 train_acc=86.47 test_acc=68.77
epoch=236/300 lr=0.00100 train_acc=86.68 test_acc=68.86
epoch=237/300 lr=0.00100 train_acc=86.96 test_acc=68.49
epoch=238/300 lr=0.00100 train_acc=86.92 test_acc=68.61
epoch=239/300 lr=0.00100 train_acc=86.90 test_acc=68.60
epoch=240/300 lr=0.00100 train_acc=87.30 test_acc=68.90
epoch=241/300 lr=0.00100 train_acc=87.15 test_acc=68.56
epoch=242/300 lr=0.00100 train_acc=87.45 test_acc=68.72
epoch=243/300 lr=0.00100 train_acc=87.46 test_acc=68.83
epoch=244/300 lr=0.00100 train_acc=87.40 test_acc=68.60
epoch=245/300 lr=0.00100 train_acc=87.72 test_acc=68.70
epoch=246/300 lr=0.00100 train_acc=87.64 test_acc=68.47
epoch=247/300 lr=0.00100 train_acc=87.41 test_acc=68.56
epoch=248/300 lr=0.00100 train_acc=87.60 test_acc=68.39
epoch=249/300 lr=0.00100 train_acc=87.84 test_acc=68.34
epoch=250/300 lr=0.00100 train_acc=87.80 test_acc=68.42
epoch=251/300 lr=0.00100 train_acc=87.94 test_acc=68.14
epoch=252/300 lr=0.00100 train_acc=87.91 test_acc=68.32
epoch=253/300 lr=0.00100 train_acc=87.94 test_acc=68.30
epoch=254/300 lr=0.00100 train_acc=88.08 test_acc=68.53
epoch=255/300 lr=0.00100 train_acc=87.97 test_acc=68.43
epoch=256/300 lr=0.00100 train_acc=88.24 test_acc=68.53
epoch=257/300 lr=0.00100 train_acc=88.24 test_acc=68.12
epoch=258/300 lr=0.00100 train_acc=88.14 test_acc=68.38
epoch=259/300 lr=0.00100 train_acc=88.02 test_acc=68.74
epoch=260/300 lr=0.00100 train_acc=88.04 test_acc=68.18
epoch=261/300 lr=0.00100 train_acc=87.99 test_acc=68.42
epoch=262/300 lr=0.00100 train_acc=88.50 test_acc=68.32
epoch=263/300 lr=0.00100 train_acc=88.39 test_acc=68.00
epoch=264/300 lr=0.00100 train_acc=88.53 test_acc=68.12
epoch=265/300 lr=0.00100 train_acc=88.64 test_acc=68.28
epoch=266/300 lr=0.00100 train_acc=88.50 test_acc=68.46
epoch=267/300 lr=0.00100 train_acc=88.61 test_acc=68.35
epoch=268/300 lr=0.00100 train_acc=88.67 test_acc=68.16
epoch=269/300 lr=0.00100 train_acc=88.85 test_acc=68.18
epoch=270/300 lr=0.00100 train_acc=88.59 test_acc=67.99
epoch=271/300 lr=0.00100 train_acc=88.55 test_acc=68.37
epoch=272/300 lr=0.00100 train_acc=88.53 test_acc=68.16
epoch=273/300 lr=0.00100 train_acc=88.74 test_acc=68.11
epoch=274/300 lr=0.00100 train_acc=88.81 test_acc=68.31
epoch=275/300 lr=0.00100 train_acc=88.84 test_acc=68.13
epoch=276/300 lr=0.00100 train_acc=88.76 test_acc=67.75
epoch=277/300 lr=0.00100 train_acc=88.78 test_acc=68.08
epoch=278/300 lr=0.00100 train_acc=88.62 test_acc=68.40
epoch=279/300 lr=0.00100 train_acc=89.04 test_acc=68.08
epoch=280/300 lr=0.00100 train_acc=89.08 test_acc=67.80
epoch=281/300 lr=0.00100 train_acc=88.87 test_acc=67.69
epoch=282/300 lr=0.00100 train_acc=88.94 test_acc=68.06
epoch=283/300 lr=0.00100 train_acc=89.02 test_acc=67.94
epoch=284/300 lr=0.00100 train_acc=88.95 test_acc=68.38
epoch=285/300 lr=0.00100 train_acc=89.06 test_acc=67.75
epoch=286/300 lr=0.00100 train_acc=89.19 test_acc=68.07
epoch=287/300 lr=0.00100 train_acc=89.19 test_acc=67.64
epoch=288/300 lr=0.00100 train_acc=89.22 test_acc=67.33
epoch=289/300 lr=0.00100 train_acc=89.31 test_acc=68.05
epoch=290/300 lr=0.00100 train_acc=89.08 test_acc=68.00
epoch=291/300 lr=0.00100 train_acc=89.28 test_acc=68.20
epoch=292/300 lr=0.00100 train_acc=89.29 test_acc=67.59
epoch=293/300 lr=0.00100 train_acc=89.15 test_acc=67.88
epoch=294/300 lr=0.00100 train_acc=89.39 test_acc=67.49
epoch=295/300 lr=0.00100 train_acc=89.53 test_acc=67.70
epoch=296/300 lr=0.00100 train_acc=89.47 test_acc=67.47
epoch=297/300 lr=0.00100 train_acc=89.58 test_acc=67.88
epoch=298/300 lr=0.00100 train_acc=89.60 test_acc=67.78
epoch=299/300 lr=0.00100 train_acc=89.51 test_acc=67.88
epoch=300/300 lr=0.00100 train_acc=89.60 test_acc=67.88
{
  "best_accuracy": 69.15,
  "best_error_rate": 30.849999999999994,
  "final_accuracy": 67.88,
  "final_error_rate": 32.120000000000005,
  "elapsed_seconds": 1940.2019138336182,
  "is_paper_result": false,
  "note": "New reproduction result; compare against paper target separately."
}
start experiment=cifar100_resnet20_baseline seed=1004
epoch=1/300 lr=0.10000 train_acc=8.56 test_acc=12.11
epoch=2/300 lr=0.10000 train_acc=17.73 test_acc=21.14
epoch=3/300 lr=0.10000 train_acc=25.46 test_acc=28.21
epoch=4/300 lr=0.10000 train_acc=31.52 test_acc=28.60
epoch=5/300 lr=0.10000 train_acc=35.68 test_acc=30.62
epoch=6/300 lr=0.10000 train_acc=39.46 test_acc=36.78
epoch=7/300 lr=0.10000 train_acc=41.56 test_acc=37.53
epoch=8/300 lr=0.10000 train_acc=43.99 test_acc=38.85
epoch=9/300 lr=0.10000 train_acc=45.09 test_acc=40.29
epoch=10/300 lr=0.10000 train_acc=46.43 test_acc=35.71
epoch=11/300 lr=0.10000 train_acc=47.70 test_acc=41.63
epoch=12/300 lr=0.10000 train_acc=48.15 test_acc=42.39
epoch=13/300 lr=0.10000 train_acc=49.15 test_acc=41.99
epoch=14/300 lr=0.10000 train_acc=49.78 test_acc=42.79
epoch=15/300 lr=0.10000 train_acc=50.39 test_acc=46.75
epoch=16/300 lr=0.10000 train_acc=50.89 test_acc=39.74
epoch=17/300 lr=0.10000 train_acc=51.17 test_acc=35.87
epoch=18/300 lr=0.10000 train_acc=51.67 test_acc=45.00
epoch=19/300 lr=0.10000 train_acc=52.11 test_acc=42.70
epoch=20/300 lr=0.10000 train_acc=52.85 test_acc=47.49
epoch=21/300 lr=0.10000 train_acc=52.84 test_acc=44.75
epoch=22/300 lr=0.10000 train_acc=52.56 test_acc=47.43
epoch=23/300 lr=0.10000 train_acc=53.18 test_acc=45.96
epoch=24/300 lr=0.10000 train_acc=53.67 test_acc=42.42
epoch=25/300 lr=0.10000 train_acc=53.88 test_acc=46.48
epoch=26/300 lr=0.10000 train_acc=53.41 test_acc=42.62
epoch=27/300 lr=0.10000 train_acc=53.71 test_acc=47.64
epoch=28/300 lr=0.10000 train_acc=53.92 test_acc=45.68
epoch=29/300 lr=0.10000 train_acc=54.04 test_acc=47.02
epoch=30/300 lr=0.10000 train_acc=54.00 test_acc=46.31
epoch=31/300 lr=0.10000 train_acc=54.25 test_acc=48.97
epoch=32/300 lr=0.10000 train_acc=54.58 test_acc=47.45
epoch=33/300 lr=0.10000 train_acc=54.74 test_acc=44.87
epoch=34/300 lr=0.10000 train_acc=54.98 test_acc=45.49
epoch=35/300 lr=0.10000 train_acc=55.03 test_acc=43.85
epoch=36/300 lr=0.10000 train_acc=54.76 test_acc=44.69
epoch=37/300 lr=0.10000 train_acc=54.67 test_acc=48.78
epoch=38/300 lr=0.10000 train_acc=55.07 test_acc=48.13
epoch=39/300 lr=0.10000 train_acc=55.27 test_acc=47.22
epoch=40/300 lr=0.10000 train_acc=55.01 test_acc=45.72
epoch=41/300 lr=0.10000 train_acc=55.53 test_acc=46.85
epoch=42/300 lr=0.10000 train_acc=55.56 test_acc=45.66
epoch=43/300 lr=0.10000 train_acc=55.81 test_acc=49.59
epoch=44/300 lr=0.10000 train_acc=55.52 test_acc=45.94
epoch=45/300 lr=0.10000 train_acc=55.42 test_acc=45.67
epoch=46/300 lr=0.10000 train_acc=55.67 test_acc=48.43
epoch=47/300 lr=0.10000 train_acc=55.93 test_acc=49.15
epoch=48/300 lr=0.10000 train_acc=55.99 test_acc=50.25
epoch=49/300 lr=0.10000 train_acc=56.52 test_acc=47.53
epoch=50/300 lr=0.10000 train_acc=56.19 test_acc=51.18
epoch=51/300 lr=0.10000 train_acc=56.15 test_acc=39.04
epoch=52/300 lr=0.10000 train_acc=56.09 test_acc=43.83
epoch=53/300 lr=0.10000 train_acc=56.03 test_acc=47.66
epoch=54/300 lr=0.10000 train_acc=55.93 test_acc=42.42
epoch=55/300 lr=0.10000 train_acc=56.27 test_acc=48.78
epoch=56/300 lr=0.10000 train_acc=56.45 test_acc=50.25
epoch=57/300 lr=0.10000 train_acc=56.39 test_acc=43.07
epoch=58/300 lr=0.10000 train_acc=56.49 test_acc=49.93
epoch=59/300 lr=0.10000 train_acc=56.43 test_acc=50.45
epoch=60/300 lr=0.10000 train_acc=56.30 test_acc=48.78
epoch=61/300 lr=0.10000 train_acc=56.50 test_acc=45.13
epoch=62/300 lr=0.10000 train_acc=56.71 test_acc=49.37
epoch=63/300 lr=0.10000 train_acc=56.32 test_acc=45.52
epoch=64/300 lr=0.10000 train_acc=56.68 test_acc=48.67
epoch=65/300 lr=0.10000 train_acc=56.76 test_acc=48.85
epoch=66/300 lr=0.10000 train_acc=56.29 test_acc=46.98
epoch=67/300 lr=0.10000 train_acc=56.91 test_acc=46.84
epoch=68/300 lr=0.10000 train_acc=56.69 test_acc=48.61
epoch=69/300 lr=0.10000 train_acc=56.75 test_acc=44.21
epoch=70/300 lr=0.10000 train_acc=56.41 test_acc=46.76
epoch=71/300 lr=0.10000 train_acc=56.68 test_acc=49.06
epoch=72/300 lr=0.10000 train_acc=56.65 test_acc=51.49
epoch=73/300 lr=0.10000 train_acc=56.87 test_acc=40.87
epoch=74/300 lr=0.10000 train_acc=56.57 test_acc=47.55
epoch=75/300 lr=0.10000 train_acc=57.09 test_acc=47.24
epoch=76/300 lr=0.10000 train_acc=57.08 test_acc=50.74
epoch=77/300 lr=0.10000 train_acc=56.68 test_acc=49.60
epoch=78/300 lr=0.10000 train_acc=56.86 test_acc=44.67
epoch=79/300 lr=0.10000 train_acc=56.82 test_acc=49.37
epoch=80/300 lr=0.10000 train_acc=57.03 test_acc=47.42
epoch=81/300 lr=0.10000 train_acc=56.93 test_acc=50.06
epoch=82/300 lr=0.10000 train_acc=56.96 test_acc=44.90
epoch=83/300 lr=0.10000 train_acc=57.25 test_acc=42.14
epoch=84/300 lr=0.10000 train_acc=56.88 test_acc=46.53
epoch=85/300 lr=0.10000 train_acc=57.14 test_acc=51.90
epoch=86/300 lr=0.10000 train_acc=56.97 test_acc=50.23
epoch=87/300 lr=0.10000 train_acc=56.75 test_acc=49.74
epoch=88/300 lr=0.10000 train_acc=56.79 test_acc=48.02
epoch=89/300 lr=0.10000 train_acc=57.22 test_acc=45.97
epoch=90/300 lr=0.10000 train_acc=57.16 test_acc=49.46
epoch=91/300 lr=0.10000 train_acc=57.58 test_acc=46.76
epoch=92/300 lr=0.10000 train_acc=57.11 test_acc=49.25
epoch=93/300 lr=0.10000 train_acc=57.40 test_acc=49.65
epoch=94/300 lr=0.10000 train_acc=57.21 test_acc=49.71
epoch=95/300 lr=0.10000 train_acc=57.18 test_acc=47.94
epoch=96/300 lr=0.10000 train_acc=57.15 test_acc=46.26
epoch=97/300 lr=0.10000 train_acc=57.35 test_acc=48.98
epoch=98/300 lr=0.10000 train_acc=57.34 test_acc=43.39
epoch=99/300 lr=0.10000 train_acc=57.43 test_acc=46.67
epoch=100/300 lr=0.10000 train_acc=57.28 test_acc=48.27
epoch=101/300 lr=0.10000 train_acc=57.22 test_acc=46.39
epoch=102/300 lr=0.10000 train_acc=57.70 test_acc=48.50
epoch=103/300 lr=0.10000 train_acc=57.25 test_acc=51.59
epoch=104/300 lr=0.10000 train_acc=57.48 test_acc=36.55
epoch=105/300 lr=0.10000 train_acc=57.34 test_acc=49.52
epoch=106/300 lr=0.10000 train_acc=57.28 test_acc=49.62
epoch=107/300 lr=0.10000 train_acc=57.40 test_acc=43.69
epoch=108/300 lr=0.10000 train_acc=57.45 test_acc=50.30
epoch=109/300 lr=0.10000 train_acc=57.32 test_acc=35.50
epoch=110/300 lr=0.10000 train_acc=57.62 test_acc=51.18
epoch=111/300 lr=0.10000 train_acc=57.33 test_acc=47.40
epoch=112/300 lr=0.10000 train_acc=57.61 test_acc=44.99
epoch=113/300 lr=0.10000 train_acc=57.31 test_acc=48.93
epoch=114/300 lr=0.10000 train_acc=57.44 test_acc=49.80
epoch=115/300 lr=0.10000 train_acc=57.81 test_acc=50.46
epoch=116/300 lr=0.10000 train_acc=57.50 test_acc=48.93
epoch=117/300 lr=0.10000 train_acc=57.63 test_acc=48.08
epoch=118/300 lr=0.10000 train_acc=57.32 test_acc=48.52
epoch=119/300 lr=0.10000 train_acc=57.60 test_acc=48.78
epoch=120/300 lr=0.10000 train_acc=57.76 test_acc=47.96
epoch=121/300 lr=0.10000 train_acc=57.83 test_acc=42.40
epoch=122/300 lr=0.10000 train_acc=57.53 test_acc=47.91
epoch=123/300 lr=0.10000 train_acc=57.53 test_acc=49.23
epoch=124/300 lr=0.10000 train_acc=57.68 test_acc=45.55
epoch=125/300 lr=0.10000 train_acc=57.69 test_acc=50.29
epoch=126/300 lr=0.10000 train_acc=57.84 test_acc=48.51
epoch=127/300 lr=0.10000 train_acc=57.88 test_acc=46.28
epoch=128/300 lr=0.10000 train_acc=57.58 test_acc=52.50
epoch=129/300 lr=0.10000 train_acc=57.94 test_acc=51.68
epoch=130/300 lr=0.10000 train_acc=57.72 test_acc=50.61
epoch=131/300 lr=0.10000 train_acc=57.86 test_acc=48.20
epoch=132/300 lr=0.10000 train_acc=57.34 test_acc=46.76
epoch=133/300 lr=0.10000 train_acc=57.70 test_acc=48.19
epoch=134/300 lr=0.10000 train_acc=57.83 test_acc=47.93
epoch=135/300 lr=0.10000 train_acc=57.86 test_acc=48.77
epoch=136/300 lr=0.10000 train_acc=58.12 test_acc=50.00
epoch=137/300 lr=0.10000 train_acc=57.89 test_acc=50.53
epoch=138/300 lr=0.10000 train_acc=58.14 test_acc=48.92
epoch=139/300 lr=0.10000 train_acc=57.58 test_acc=49.67
epoch=140/300 lr=0.10000 train_acc=57.90 test_acc=45.22
epoch=141/300 lr=0.10000 train_acc=57.89 test_acc=48.25
epoch=142/300 lr=0.10000 train_acc=57.91 test_acc=44.89
epoch=143/300 lr=0.10000 train_acc=58.21 test_acc=47.24
epoch=144/300 lr=0.10000 train_acc=57.89 test_acc=47.23
epoch=145/300 lr=0.10000 train_acc=57.86 test_acc=39.11
epoch=146/300 lr=0.10000 train_acc=57.92 test_acc=48.83
epoch=147/300 lr=0.10000 train_acc=57.73 test_acc=47.57
epoch=148/300 lr=0.10000 train_acc=58.05 test_acc=45.98
epoch=149/300 lr=0.10000 train_acc=57.82 test_acc=46.45
epoch=150/300 lr=0.10000 train_acc=58.00 test_acc=48.12
epoch=151/300 lr=0.01000 train_acc=68.29 test_acc=65.21
epoch=152/300 lr=0.01000 train_acc=71.20 test_acc=66.02
epoch=153/300 lr=0.01000 train_acc=72.22 test_acc=66.26
epoch=154/300 lr=0.01000 train_acc=72.95 test_acc=66.35
epoch=155/300 lr=0.01000 train_acc=73.39 test_acc=66.37
epoch=156/300 lr=0.01000 train_acc=73.98 test_acc=66.69
epoch=157/300 lr=0.01000 train_acc=74.10 test_acc=66.13
epoch=158/300 lr=0.01000 train_acc=74.78 test_acc=66.65
epoch=159/300 lr=0.01000 train_acc=74.99 test_acc=66.62
epoch=160/300 lr=0.01000 train_acc=75.18 test_acc=66.61
epoch=161/300 lr=0.01000 train_acc=75.41 test_acc=66.54
epoch=162/300 lr=0.01000 train_acc=75.78 test_acc=66.81
epoch=163/300 lr=0.01000 train_acc=75.92 test_acc=66.42
epoch=164/300 lr=0.01000 train_acc=76.06 test_acc=66.47
epoch=165/300 lr=0.01000 train_acc=76.18 test_acc=66.07
epoch=166/300 lr=0.01000 train_acc=76.16 test_acc=65.64
epoch=167/300 lr=0.01000 train_acc=76.11 test_acc=66.22
epoch=168/300 lr=0.01000 train_acc=75.97 test_acc=65.50
epoch=169/300 lr=0.01000 train_acc=76.60 test_acc=65.75
epoch=170/300 lr=0.01000 train_acc=76.40 test_acc=65.55
epoch=171/300 lr=0.01000 train_acc=76.47 test_acc=65.08
epoch=172/300 lr=0.01000 train_acc=76.39 test_acc=64.69
epoch=173/300 lr=0.01000 train_acc=76.64 test_acc=65.90
epoch=174/300 lr=0.01000 train_acc=76.48 test_acc=64.94
epoch=175/300 lr=0.01000 train_acc=76.72 test_acc=64.76
epoch=176/300 lr=0.01000 train_acc=76.82 test_acc=64.39
epoch=177/300 lr=0.01000 train_acc=76.37 test_acc=65.62
epoch=178/300 lr=0.01000 train_acc=76.42 test_acc=63.76
epoch=179/300 lr=0.01000 train_acc=76.62 test_acc=65.52
epoch=180/300 lr=0.01000 train_acc=76.57 test_acc=64.25
epoch=181/300 lr=0.01000 train_acc=76.58 test_acc=63.34
epoch=182/300 lr=0.01000 train_acc=76.48 test_acc=64.09
epoch=183/300 lr=0.01000 train_acc=76.79 test_acc=63.74
epoch=184/300 lr=0.01000 train_acc=76.84 test_acc=64.19
epoch=185/300 lr=0.01000 train_acc=76.73 test_acc=63.78
epoch=186/300 lr=0.01000 train_acc=76.58 test_acc=64.35
epoch=187/300 lr=0.01000 train_acc=76.56 test_acc=64.64
epoch=188/300 lr=0.01000 train_acc=76.49 test_acc=63.84
epoch=189/300 lr=0.01000 train_acc=76.92 test_acc=64.50
epoch=190/300 lr=0.01000 train_acc=76.73 test_acc=63.59
epoch=191/300 lr=0.01000 train_acc=76.81 test_acc=64.30
epoch=192/300 lr=0.01000 train_acc=76.74 test_acc=63.10
epoch=193/300 lr=0.01000 train_acc=76.74 test_acc=64.81
epoch=194/300 lr=0.01000 train_acc=76.72 test_acc=61.90
epoch=195/300 lr=0.01000 train_acc=76.75 test_acc=65.19
epoch=196/300 lr=0.01000 train_acc=76.50 test_acc=63.53
epoch=197/300 lr=0.01000 train_acc=76.73 test_acc=64.16
epoch=198/300 lr=0.01000 train_acc=76.78 test_acc=62.71
epoch=199/300 lr=0.01000 train_acc=76.65 test_acc=63.94
epoch=200/300 lr=0.01000 train_acc=77.01 test_acc=62.31
epoch=201/300 lr=0.01000 train_acc=76.95 test_acc=59.21
epoch=202/300 lr=0.01000 train_acc=76.70 test_acc=63.69
epoch=203/300 lr=0.01000 train_acc=76.99 test_acc=64.30
epoch=204/300 lr=0.01000 train_acc=77.39 test_acc=63.68
epoch=205/300 lr=0.01000 train_acc=77.13 test_acc=64.21
epoch=206/300 lr=0.01000 train_acc=77.18 test_acc=61.78
epoch=207/300 lr=0.01000 train_acc=76.94 test_acc=64.25
epoch=208/300 lr=0.01000 train_acc=77.11 test_acc=64.57
epoch=209/300 lr=0.01000 train_acc=77.00 test_acc=65.06
epoch=210/300 lr=0.01000 train_acc=77.36 test_acc=63.81
epoch=211/300 lr=0.01000 train_acc=77.13 test_acc=64.40
epoch=212/300 lr=0.01000 train_acc=77.32 test_acc=64.68
epoch=213/300 lr=0.01000 train_acc=77.24 test_acc=64.39
epoch=214/300 lr=0.01000 train_acc=77.25 test_acc=63.34
epoch=215/300 lr=0.01000 train_acc=77.02 test_acc=65.31
epoch=216/300 lr=0.01000 train_acc=77.45 test_acc=64.35
epoch=217/300 lr=0.01000 train_acc=77.28 test_acc=64.44
epoch=218/300 lr=0.01000 train_acc=77.23 test_acc=63.15
epoch=219/300 lr=0.01000 train_acc=77.31 test_acc=64.75
epoch=220/300 lr=0.01000 train_acc=77.35 test_acc=64.17
epoch=221/300 lr=0.01000 train_acc=77.49 test_acc=62.70
epoch=222/300 lr=0.01000 train_acc=77.45 test_acc=63.01
epoch=223/300 lr=0.01000 train_acc=77.54 test_acc=63.61
epoch=224/300 lr=0.01000 train_acc=77.51 test_acc=62.25
epoch=225/300 lr=0.01000 train_acc=77.54 test_acc=62.87
epoch=226/300 lr=0.00100 train_acc=82.47 test_acc=68.89
epoch=227/300 lr=0.00100 train_acc=83.99 test_acc=69.09
epoch=228/300 lr=0.00100 train_acc=84.76 test_acc=69.02
epoch=229/300 lr=0.00100 train_acc=85.02 test_acc=69.06
epoch=230/300 lr=0.00100 train_acc=85.39 test_acc=69.30
epoch=231/300 lr=0.00100 train_acc=85.55 test_acc=69.28
epoch=232/300 lr=0.00100 train_acc=85.70 test_acc=69.20
epoch=233/300 lr=0.00100 train_acc=85.84 test_acc=69.00
epoch=234/300 lr=0.00100 train_acc=86.25 test_acc=69.19
epoch=235/300 lr=0.00100 train_acc=86.19 test_acc=69.01
epoch=236/300 lr=0.00100 train_acc=86.30 test_acc=69.14
epoch=237/300 lr=0.00100 train_acc=86.50 test_acc=69.34
epoch=238/300 lr=0.00100 train_acc=86.45 test_acc=69.39
epoch=239/300 lr=0.00100 train_acc=86.62 test_acc=69.07
epoch=240/300 lr=0.00100 train_acc=86.74 test_acc=69.23
epoch=241/300 lr=0.00100 train_acc=86.78 test_acc=69.06
epoch=242/300 lr=0.00100 train_acc=86.67 test_acc=68.88
epoch=243/300 lr=0.00100 train_acc=86.78 test_acc=68.79
epoch=244/300 lr=0.00100 train_acc=87.06 test_acc=69.09
epoch=245/300 lr=0.00100 train_acc=86.96 test_acc=69.30
epoch=246/300 lr=0.00100 train_acc=87.15 test_acc=68.87
epoch=247/300 lr=0.00100 train_acc=87.01 test_acc=68.87
epoch=248/300 lr=0.00100 train_acc=86.87 test_acc=68.88
epoch=249/300 lr=0.00100 train_acc=87.29 test_acc=69.01
epoch=250/300 lr=0.00100 train_acc=87.16 test_acc=68.63
epoch=251/300 lr=0.00100 train_acc=87.37 test_acc=68.99
epoch=252/300 lr=0.00100 train_acc=87.46 test_acc=68.73
epoch=253/300 lr=0.00100 train_acc=87.56 test_acc=68.78
epoch=254/300 lr=0.00100 train_acc=87.56 test_acc=68.93
epoch=255/300 lr=0.00100 train_acc=87.47 test_acc=68.68
epoch=256/300 lr=0.00100 train_acc=87.51 test_acc=68.88
epoch=257/300 lr=0.00100 train_acc=87.63 test_acc=68.68
epoch=258/300 lr=0.00100 train_acc=87.70 test_acc=68.75
epoch=259/300 lr=0.00100 train_acc=87.35 test_acc=68.58
epoch=260/300 lr=0.00100 train_acc=87.83 test_acc=68.51
epoch=261/300 lr=0.00100 train_acc=87.88 test_acc=68.67
epoch=262/300 lr=0.00100 train_acc=87.73 test_acc=68.89
epoch=263/300 lr=0.00100 train_acc=88.05 test_acc=68.60
epoch=264/300 lr=0.00100 train_acc=87.83 test_acc=68.47
epoch=265/300 lr=0.00100 train_acc=88.10 test_acc=68.62
epoch=266/300 lr=0.00100 train_acc=88.08 test_acc=68.83
epoch=267/300 lr=0.00100 train_acc=88.07 test_acc=68.78
epoch=268/300 lr=0.00100 train_acc=88.04 test_acc=68.64
epoch=269/300 lr=0.00100 train_acc=88.46 test_acc=68.93
epoch=270/300 lr=0.00100 train_acc=88.23 test_acc=68.66
epoch=271/300 lr=0.00100 train_acc=88.25 test_acc=68.67
epoch=272/300 lr=0.00100 train_acc=88.34 test_acc=68.77
epoch=273/300 lr=0.00100 train_acc=88.34 test_acc=68.55
epoch=274/300 lr=0.00100 train_acc=88.19 test_acc=68.60
epoch=275/300 lr=0.00100 train_acc=88.61 test_acc=68.08
epoch=276/300 lr=0.00100 train_acc=88.27 test_acc=68.53
epoch=277/300 lr=0.00100 train_acc=88.51 test_acc=68.53
epoch=278/300 lr=0.00100 train_acc=88.57 test_acc=68.33
epoch=279/300 lr=0.00100 train_acc=88.48 test_acc=68.58
epoch=280/300 lr=0.00100 train_acc=88.78 test_acc=68.39
epoch=281/300 lr=0.00100 train_acc=88.42 test_acc=69.01
epoch=282/300 lr=0.00100 train_acc=88.46 test_acc=68.82
epoch=283/300 lr=0.00100 train_acc=88.47 test_acc=68.57
epoch=284/300 lr=0.00100 train_acc=88.58 test_acc=68.48
epoch=285/300 lr=0.00100 train_acc=88.72 test_acc=68.44
epoch=286/300 lr=0.00100 train_acc=88.53 test_acc=68.51
epoch=287/300 lr=0.00100 train_acc=88.63 test_acc=68.41
epoch=288/300 lr=0.00100 train_acc=88.62 test_acc=68.40
epoch=289/300 lr=0.00100 train_acc=88.92 test_acc=68.17
epoch=290/300 lr=0.00100 train_acc=88.72 test_acc=68.35
epoch=291/300 lr=0.00100 train_acc=88.83 test_acc=68.40
epoch=292/300 lr=0.00100 train_acc=88.86 test_acc=68.49
epoch=293/300 lr=0.00100 train_acc=88.75 test_acc=68.23
epoch=294/300 lr=0.00100 train_acc=88.65 test_acc=68.18
epoch=295/300 lr=0.00100 train_acc=88.93 test_acc=68.19
epoch=296/300 lr=0.00100 train_acc=88.91 test_acc=68.38
epoch=297/300 lr=0.00100 train_acc=89.07 test_acc=68.35
epoch=298/300 lr=0.00100 train_acc=89.11 test_acc=68.12
epoch=299/300 lr=0.00100 train_acc=89.15 test_acc=68.34
epoch=300/300 lr=0.00100 train_acc=88.92 test_acc=68.33
{
  "best_accuracy": 69.39,
  "best_error_rate": 30.61,
  "final_accuracy": 68.33,
  "final_error_rate": 31.67,
  "elapsed_seconds": 1938.6883430480957,
  "is_paper_result": false,
  "note": "New reproduction result; compare against paper target separately."
}
start experiment=cifar100_resnet20_baseline seed=1005
epoch=1/300 lr=0.10000 train_acc=7.98 test_acc=11.40
epoch=2/300 lr=0.10000 train_acc=16.30 test_acc=18.40
epoch=3/300 lr=0.10000 train_acc=23.08 test_acc=25.21
epoch=4/300 lr=0.10000 train_acc=29.43 test_acc=26.45
epoch=5/300 lr=0.10000 train_acc=34.73 test_acc=30.79
epoch=6/300 lr=0.10000 train_acc=38.20 test_acc=33.66
epoch=7/300 lr=0.10000 train_acc=41.47 test_acc=33.66
epoch=8/300 lr=0.10000 train_acc=43.63 test_acc=34.91
epoch=9/300 lr=0.10000 train_acc=45.14 test_acc=40.73
epoch=10/300 lr=0.10000 train_acc=46.24 test_acc=39.81
epoch=11/300 lr=0.10000 train_acc=47.60 test_acc=43.20
epoch=12/300 lr=0.10000 train_acc=48.28 test_acc=42.04
epoch=13/300 lr=0.10000 train_acc=49.06 test_acc=40.28
epoch=14/300 lr=0.10000 train_acc=49.83 test_acc=46.84
epoch=15/300 lr=0.10000 train_acc=50.39 test_acc=36.28
epoch=16/300 lr=0.10000 train_acc=51.12 test_acc=43.67
epoch=17/300 lr=0.10000 train_acc=51.10 test_acc=43.91
epoch=18/300 lr=0.10000 train_acc=51.67 test_acc=45.35
epoch=19/300 lr=0.10000 train_acc=51.87 test_acc=38.21
epoch=20/300 lr=0.10000 train_acc=52.41 test_acc=43.09
epoch=21/300 lr=0.10000 train_acc=52.76 test_acc=43.66
epoch=22/300 lr=0.10000 train_acc=52.89 test_acc=44.58
epoch=23/300 lr=0.10000 train_acc=53.05 test_acc=45.69
epoch=24/300 lr=0.10000 train_acc=53.57 test_acc=46.24
epoch=25/300 lr=0.10000 train_acc=53.33 test_acc=42.91
epoch=26/300 lr=0.10000 train_acc=53.87 test_acc=47.68
epoch=27/300 lr=0.10000 train_acc=53.96 test_acc=41.07
epoch=28/300 lr=0.10000 train_acc=53.61 test_acc=42.71
epoch=29/300 lr=0.10000 train_acc=54.24 test_acc=42.23
epoch=30/300 lr=0.10000 train_acc=54.62 test_acc=42.82
epoch=31/300 lr=0.10000 train_acc=54.34 test_acc=40.27
epoch=32/300 lr=0.10000 train_acc=54.34 test_acc=43.49
epoch=33/300 lr=0.10000 train_acc=54.93 test_acc=45.64
epoch=34/300 lr=0.10000 train_acc=55.04 test_acc=47.24
epoch=35/300 lr=0.10000 train_acc=54.74 test_acc=48.02
epoch=36/300 lr=0.10000 train_acc=54.88 test_acc=45.96
epoch=37/300 lr=0.10000 train_acc=54.97 test_acc=46.05
epoch=38/300 lr=0.10000 train_acc=54.92 test_acc=46.31
epoch=39/300 lr=0.10000 train_acc=55.08 test_acc=44.41
epoch=40/300 lr=0.10000 train_acc=55.57 test_acc=49.91
epoch=41/300 lr=0.10000 train_acc=55.37 test_acc=42.79
epoch=42/300 lr=0.10000 train_acc=55.34 test_acc=46.94
epoch=43/300 lr=0.10000 train_acc=55.42 test_acc=49.13
epoch=44/300 lr=0.10000 train_acc=55.90 test_acc=40.97
epoch=45/300 lr=0.10000 train_acc=55.84 test_acc=44.99
epoch=46/300 lr=0.10000 train_acc=55.64 test_acc=47.69
epoch=47/300 lr=0.10000 train_acc=55.62 test_acc=45.48
epoch=48/300 lr=0.10000 train_acc=56.07 test_acc=46.13
epoch=49/300 lr=0.10000 train_acc=56.00 test_acc=48.59
epoch=50/300 lr=0.10000 train_acc=56.08 test_acc=43.94
epoch=51/300 lr=0.10000 train_acc=56.16 test_acc=47.09
epoch=52/300 lr=0.10000 train_acc=56.30 test_acc=45.47
epoch=53/300 lr=0.10000 train_acc=56.06 test_acc=48.57
epoch=54/300 lr=0.10000 train_acc=56.48 test_acc=50.25
epoch=55/300 lr=0.10000 train_acc=56.34 test_acc=47.55
epoch=56/300 lr=0.10000 train_acc=56.15 test_acc=45.96
epoch=57/300 lr=0.10000 train_acc=56.36 test_acc=49.76
epoch=58/300 lr=0.10000 train_acc=56.25 test_acc=45.16
epoch=59/300 lr=0.10000 train_acc=56.34 test_acc=48.72
epoch=60/300 lr=0.10000 train_acc=56.63 test_acc=42.52
epoch=61/300 lr=0.10000 train_acc=56.15 test_acc=51.24
epoch=62/300 lr=0.10000 train_acc=56.43 test_acc=47.83
epoch=63/300 lr=0.10000 train_acc=56.79 test_acc=43.92
epoch=64/300 lr=0.10000 train_acc=56.51 test_acc=46.27
epoch=65/300 lr=0.10000 train_acc=56.62 test_acc=45.62
epoch=66/300 lr=0.10000 train_acc=56.57 test_acc=47.22
epoch=67/300 lr=0.10000 train_acc=56.42 test_acc=43.86
epoch=68/300 lr=0.10000 train_acc=56.94 test_acc=50.95
epoch=69/300 lr=0.10000 train_acc=56.62 test_acc=45.67
epoch=70/300 lr=0.10000 train_acc=56.62 test_acc=45.22
epoch=71/300 lr=0.10000 train_acc=56.77 test_acc=41.49
epoch=72/300 lr=0.10000 train_acc=56.93 test_acc=45.91
epoch=73/300 lr=0.10000 train_acc=56.39 test_acc=45.80
epoch=74/300 lr=0.10000 train_acc=56.80 test_acc=48.32
epoch=75/300 lr=0.10000 train_acc=56.43 test_acc=44.14
epoch=76/300 lr=0.10000 train_acc=57.05 test_acc=48.81
epoch=77/300 lr=0.10000 train_acc=57.09 test_acc=47.49
epoch=78/300 lr=0.10000 train_acc=56.76 test_acc=41.64
epoch=79/300 lr=0.10000 train_acc=56.75 test_acc=44.76
epoch=80/300 lr=0.10000 train_acc=57.02 test_acc=41.91
epoch=81/300 lr=0.10000 train_acc=56.74 test_acc=49.10
epoch=82/300 lr=0.10000 train_acc=57.22 test_acc=50.51
epoch=83/300 lr=0.10000 train_acc=57.09 test_acc=48.12
epoch=84/300 lr=0.10000 train_acc=56.99 test_acc=47.67
epoch=85/300 lr=0.10000 train_acc=57.17 test_acc=45.39
epoch=86/300 lr=0.10000 train_acc=56.95 test_acc=45.77
epoch=87/300 lr=0.10000 train_acc=56.94 test_acc=46.45
epoch=88/300 lr=0.10000 train_acc=57.26 test_acc=47.12
epoch=89/300 lr=0.10000 train_acc=56.99 test_acc=50.63
epoch=90/300 lr=0.10000 train_acc=57.14 test_acc=50.66
epoch=91/300 lr=0.10000 train_acc=57.14 test_acc=47.65
epoch=92/300 lr=0.10000 train_acc=57.12 test_acc=41.29
epoch=93/300 lr=0.10000 train_acc=56.82 test_acc=46.68
epoch=94/300 lr=0.10000 train_acc=57.15 test_acc=45.26
epoch=95/300 lr=0.10000 train_acc=56.91 test_acc=48.13
epoch=96/300 lr=0.10000 train_acc=57.08 test_acc=48.95
epoch=97/300 lr=0.10000 train_acc=57.36 test_acc=49.83
epoch=98/300 lr=0.10000 train_acc=56.96 test_acc=48.43
epoch=99/300 lr=0.10000 train_acc=56.98 test_acc=48.34
epoch=100/300 lr=0.10000 train_acc=57.40 test_acc=47.00
epoch=101/300 lr=0.10000 train_acc=57.28 test_acc=51.12
epoch=102/300 lr=0.10000 train_acc=57.48 test_acc=49.79
epoch=103/300 lr=0.10000 train_acc=57.47 test_acc=48.64
epoch=104/300 lr=0.10000 train_acc=57.35 test_acc=45.19
epoch=105/300 lr=0.10000 train_acc=57.06 test_acc=48.99
epoch=106/300 lr=0.10000 train_acc=57.31 test_acc=46.52
epoch=107/300 lr=0.10000 train_acc=57.38 test_acc=47.33
epoch=108/300 lr=0.10000 train_acc=57.59 test_acc=51.50
epoch=109/300 lr=0.10000 train_acc=57.58 test_acc=45.36
epoch=110/300 lr=0.10000 train_acc=57.36 test_acc=53.02
epoch=111/300 lr=0.10000 train_acc=57.39 test_acc=43.73
epoch=112/300 lr=0.10000 train_acc=57.62 test_acc=47.76
epoch=113/300 lr=0.10000 train_acc=57.53 test_acc=49.71
epoch=114/300 lr=0.10000 train_acc=57.48 test_acc=49.54
epoch=115/300 lr=0.10000 train_acc=57.40 test_acc=49.26
epoch=116/300 lr=0.10000 train_acc=57.50 test_acc=45.98
epoch=117/300 lr=0.10000 train_acc=57.50 test_acc=51.78
epoch=118/300 lr=0.10000 train_acc=57.76 test_acc=49.59
epoch=119/300 lr=0.10000 train_acc=57.61 test_acc=49.93
epoch=120/300 lr=0.10000 train_acc=57.51 test_acc=43.77
epoch=121/300 lr=0.10000 train_acc=57.59 test_acc=49.86
epoch=122/300 lr=0.10000 train_acc=57.62 test_acc=49.38
epoch=123/300 lr=0.10000 train_acc=57.83 test_acc=47.23
epoch=124/300 lr=0.10000 train_acc=57.82 test_acc=50.86
epoch=125/300 lr=0.10000 train_acc=57.24 test_acc=50.70
epoch=126/300 lr=0.10000 train_acc=57.64 test_acc=44.80
epoch=127/300 lr=0.10000 train_acc=57.88 test_acc=50.21
epoch=128/300 lr=0.10000 train_acc=57.54 test_acc=49.99
epoch=129/300 lr=0.10000 train_acc=57.78 test_acc=46.86
epoch=130/300 lr=0.10000 train_acc=57.44 test_acc=42.85
epoch=131/300 lr=0.10000 train_acc=57.96 test_acc=46.85
epoch=132/300 lr=0.10000 train_acc=57.50 test_acc=48.30
epoch=133/300 lr=0.10000 train_acc=57.64 test_acc=47.52
epoch=134/300 lr=0.10000 train_acc=57.82 test_acc=49.71
epoch=135/300 lr=0.10000 train_acc=57.57 test_acc=50.39
epoch=136/300 lr=0.10000 train_acc=57.65 test_acc=46.65
epoch=137/300 lr=0.10000 train_acc=57.92 test_acc=49.73
epoch=138/300 lr=0.10000 train_acc=57.94 test_acc=45.42
epoch=139/300 lr=0.10000 train_acc=57.40 test_acc=46.63
epoch=140/300 lr=0.10000 train_acc=57.78 test_acc=50.41
epoch=141/300 lr=0.10000 train_acc=57.48 test_acc=46.42
epoch=142/300 lr=0.10000 train_acc=57.93 test_acc=50.91
epoch=143/300 lr=0.10000 train_acc=57.52 test_acc=48.70
epoch=144/300 lr=0.10000 train_acc=57.62 test_acc=46.38
epoch=145/300 lr=0.10000 train_acc=58.03 test_acc=45.28
epoch=146/300 lr=0.10000 train_acc=57.74 test_acc=48.67
epoch=147/300 lr=0.10000 train_acc=57.76 test_acc=37.60
epoch=148/300 lr=0.10000 train_acc=57.70 test_acc=47.00
epoch=149/300 lr=0.10000 train_acc=57.85 test_acc=48.46
epoch=150/300 lr=0.10000 train_acc=57.94 test_acc=50.55
epoch=151/300 lr=0.01000 train_acc=67.78 test_acc=65.37
epoch=152/300 lr=0.01000 train_acc=70.72 test_acc=66.62
epoch=153/300 lr=0.01000 train_acc=71.91 test_acc=66.48
epoch=154/300 lr=0.01000 train_acc=72.68 test_acc=66.82
epoch=155/300 lr=0.01000 train_acc=73.17 test_acc=66.42
epoch=156/300 lr=0.01000 train_acc=73.57 test_acc=67.27
epoch=157/300 lr=0.01000 train_acc=73.88 test_acc=66.34
epoch=158/300 lr=0.01000 train_acc=74.18 test_acc=67.18
epoch=159/300 lr=0.01000 train_acc=74.38 test_acc=66.98
epoch=160/300 lr=0.01000 train_acc=75.03 test_acc=66.82
epoch=161/300 lr=0.01000 train_acc=75.09 test_acc=67.13
epoch=162/300 lr=0.01000 train_acc=75.22 test_acc=66.90
epoch=163/300 lr=0.01000 train_acc=75.43 test_acc=66.95
epoch=164/300 lr=0.01000 train_acc=75.78 test_acc=66.38
epoch=165/300 lr=0.01000 train_acc=75.85 test_acc=65.81
epoch=166/300 lr=0.01000 train_acc=76.03 test_acc=66.06
epoch=167/300 lr=0.01000 train_acc=76.12 test_acc=66.08
epoch=168/300 lr=0.01000 train_acc=76.01 test_acc=65.94
epoch=169/300 lr=0.01000 train_acc=76.12 test_acc=66.00
epoch=170/300 lr=0.01000 train_acc=76.15 test_acc=64.98
epoch=171/300 lr=0.01000 train_acc=76.29 test_acc=65.97
epoch=172/300 lr=0.01000 train_acc=76.17 test_acc=64.72
epoch=173/300 lr=0.01000 train_acc=76.33 test_acc=65.32
epoch=174/300 lr=0.01000 train_acc=76.52 test_acc=65.16
epoch=175/300 lr=0.01000 train_acc=76.56 test_acc=65.02
epoch=176/300 lr=0.01000 train_acc=76.29 test_acc=65.32
epoch=177/300 lr=0.01000 train_acc=76.49 test_acc=65.13
epoch=178/300 lr=0.01000 train_acc=76.13 test_acc=64.97
epoch=179/300 lr=0.01000 train_acc=76.24 test_acc=65.10
epoch=180/300 lr=0.01000 train_acc=76.46 test_acc=66.15
epoch=181/300 lr=0.01000 train_acc=76.26 test_acc=64.33
epoch=182/300 lr=0.01000 train_acc=76.45 test_acc=64.28
epoch=183/300 lr=0.01000 train_acc=76.36 test_acc=64.92
epoch=184/300 lr=0.01000 train_acc=76.51 test_acc=64.93
epoch=185/300 lr=0.01000 train_acc=76.21 test_acc=64.69
epoch=186/300 lr=0.01000 train_acc=76.39 test_acc=64.59
epoch=187/300 lr=0.01000 train_acc=76.48 test_acc=63.88
epoch=188/300 lr=0.01000 train_acc=76.63 test_acc=64.70
epoch=189/300 lr=0.01000 train_acc=76.60 test_acc=64.40
epoch=190/300 lr=0.01000 train_acc=76.45 test_acc=64.19
epoch=191/300 lr=0.01000 train_acc=76.61 test_acc=64.27
epoch=192/300 lr=0.01000 train_acc=76.61 test_acc=64.71
epoch=193/300 lr=0.01000 train_acc=76.73 test_acc=64.31
epoch=194/300 lr=0.01000 train_acc=76.56 test_acc=65.15
epoch=195/300 lr=0.01000 train_acc=76.40 test_acc=65.14
epoch=196/300 lr=0.01000 train_acc=76.42 test_acc=64.34
epoch=197/300 lr=0.01000 train_acc=76.49 test_acc=63.42
epoch=198/300 lr=0.01000 train_acc=76.41 test_acc=64.64
epoch=199/300 lr=0.01000 train_acc=76.67 test_acc=64.12
epoch=200/300 lr=0.01000 train_acc=76.71 test_acc=63.18
epoch=201/300 lr=0.01000 train_acc=76.88 test_acc=64.52
epoch=202/300 lr=0.01000 train_acc=76.81 test_acc=64.93
epoch=203/300 lr=0.01000 train_acc=76.88 test_acc=63.29
epoch=204/300 lr=0.01000 train_acc=76.71 test_acc=63.58
epoch=205/300 lr=0.01000 train_acc=76.78 test_acc=63.89
epoch=206/300 lr=0.01000 train_acc=76.93 test_acc=63.45
epoch=207/300 lr=0.01000 train_acc=77.07 test_acc=63.19
epoch=208/300 lr=0.01000 train_acc=76.81 test_acc=63.20
epoch=209/300 lr=0.01000 train_acc=77.07 test_acc=62.84
epoch=210/300 lr=0.01000 train_acc=77.14 test_acc=63.57
epoch=211/300 lr=0.01000 train_acc=77.12 test_acc=63.33
epoch=212/300 lr=0.01000 train_acc=76.98 test_acc=64.10
epoch=213/300 lr=0.01000 train_acc=77.39 test_acc=64.38
epoch=214/300 lr=0.01000 train_acc=77.05 test_acc=64.02
epoch=215/300 lr=0.01000 train_acc=77.34 test_acc=64.01
epoch=216/300 lr=0.01000 train_acc=77.12 test_acc=64.17
epoch=217/300 lr=0.01000 train_acc=77.26 test_acc=64.36
epoch=218/300 lr=0.01000 train_acc=77.37 test_acc=62.90
epoch=219/300 lr=0.01000 train_acc=77.48 test_acc=64.36
epoch=220/300 lr=0.01000 train_acc=77.37 test_acc=62.80
epoch=221/300 lr=0.01000 train_acc=77.37 test_acc=62.59
epoch=222/300 lr=0.01000 train_acc=77.68 test_acc=64.53
epoch=223/300 lr=0.01000 train_acc=77.60 test_acc=64.14
epoch=224/300 lr=0.01000 train_acc=77.55 test_acc=62.07
epoch=225/300 lr=0.01000 train_acc=77.35 test_acc=63.38
epoch=226/300 lr=0.00100 train_acc=82.26 test_acc=68.53
epoch=227/300 lr=0.00100 train_acc=84.08 test_acc=68.71
epoch=228/300 lr=0.00100 train_acc=84.81 test_acc=69.11
epoch=229/300 lr=0.00100 train_acc=84.85 test_acc=68.76
epoch=230/300 lr=0.00100 train_acc=85.25 test_acc=68.73
epoch=231/300 lr=0.00100 train_acc=85.53 test_acc=68.80
epoch=232/300 lr=0.00100 train_acc=85.33 test_acc=68.60
epoch=233/300 lr=0.00100 train_acc=85.90 test_acc=68.67
epoch=234/300 lr=0.00100 train_acc=85.89 test_acc=68.93
epoch=235/300 lr=0.00100 train_acc=86.11 test_acc=68.62
epoch=236/300 lr=0.00100 train_acc=86.09 test_acc=68.55
epoch=237/300 lr=0.00100 train_acc=86.27 test_acc=68.84
epoch=238/300 lr=0.00100 train_acc=86.29 test_acc=68.68
epoch=239/300 lr=0.00100 train_acc=86.59 test_acc=68.62
epoch=240/300 lr=0.00100 train_acc=86.66 test_acc=68.50
epoch=241/300 lr=0.00100 train_acc=86.57 test_acc=68.24
epoch=242/300 lr=0.00100 train_acc=86.74 test_acc=68.35
epoch=243/300 lr=0.00100 train_acc=86.72 test_acc=68.38
epoch=244/300 lr=0.00100 train_acc=86.75 test_acc=68.60
epoch=245/300 lr=0.00100 train_acc=86.80 test_acc=68.28
epoch=246/300 lr=0.00100 train_acc=86.96 test_acc=68.50
epoch=247/300 lr=0.00100 train_acc=86.94 test_acc=68.03
epoch=248/300 lr=0.00100 train_acc=86.98 test_acc=68.51
epoch=249/300 lr=0.00100 train_acc=86.91 test_acc=68.58
epoch=250/300 lr=0.00100 train_acc=87.15 test_acc=68.40
epoch=251/300 lr=0.00100 train_acc=87.21 test_acc=68.19
epoch=252/300 lr=0.00100 train_acc=87.28 test_acc=68.26
epoch=253/300 lr=0.00100 train_acc=87.19 test_acc=68.45
epoch=254/300 lr=0.00100 train_acc=87.37 test_acc=68.51
epoch=255/300 lr=0.00100 train_acc=87.46 test_acc=68.23
epoch=256/300 lr=0.00100 train_acc=87.59 test_acc=68.14
epoch=257/300 lr=0.00100 train_acc=87.58 test_acc=68.17
epoch=258/300 lr=0.00100 train_acc=87.65 test_acc=68.22
epoch=259/300 lr=0.00100 train_acc=87.57 test_acc=68.32
epoch=260/300 lr=0.00100 train_acc=87.72 test_acc=68.44
epoch=261/300 lr=0.00100 train_acc=87.68 test_acc=68.49
epoch=262/300 lr=0.00100 train_acc=87.70 test_acc=68.33
epoch=263/300 lr=0.00100 train_acc=87.73 test_acc=68.33
epoch=264/300 lr=0.00100 train_acc=87.60 test_acc=68.15
epoch=265/300 lr=0.00100 train_acc=88.19 test_acc=68.23
epoch=266/300 lr=0.00100 train_acc=87.73 test_acc=68.48
epoch=267/300 lr=0.00100 train_acc=87.98 test_acc=68.53
epoch=268/300 lr=0.00100 train_acc=87.89 test_acc=68.57
epoch=269/300 lr=0.00100 train_acc=87.79 test_acc=68.27
epoch=270/300 lr=0.00100 train_acc=87.94 test_acc=68.32
epoch=271/300 lr=0.00100 train_acc=87.89 test_acc=68.14
epoch=272/300 lr=0.00100 train_acc=88.21 test_acc=67.87
epoch=273/300 lr=0.00100 train_acc=88.21 test_acc=68.36
epoch=274/300 lr=0.00100 train_acc=88.20 test_acc=68.43
epoch=275/300 lr=0.00100 train_acc=88.30 test_acc=67.97
epoch=276/300 lr=0.00100 train_acc=88.09 test_acc=68.35
epoch=277/300 lr=0.00100 train_acc=88.34 test_acc=68.33
epoch=278/300 lr=0.00100 train_acc=88.34 test_acc=67.83
epoch=279/300 lr=0.00100 train_acc=88.16 test_acc=68.06
epoch=280/300 lr=0.00100 train_acc=88.34 test_acc=68.23
epoch=281/300 lr=0.00100 train_acc=88.58 test_acc=67.76
epoch=282/300 lr=0.00100 train_acc=88.08 test_acc=67.91
epoch=283/300 lr=0.00100 train_acc=88.30 test_acc=68.11
epoch=284/300 lr=0.00100 train_acc=88.56 test_acc=67.80
epoch=285/300 lr=0.00100 train_acc=88.46 test_acc=68.22
epoch=286/300 lr=0.00100 train_acc=88.67 test_acc=68.24
epoch=287/300 lr=0.00100 train_acc=88.53 test_acc=68.16
epoch=288/300 lr=0.00100 train_acc=88.71 test_acc=67.76
epoch=289/300 lr=0.00100 train_acc=88.43 test_acc=67.79
epoch=290/300 lr=0.00100 train_acc=88.58 test_acc=67.79
epoch=291/300 lr=0.00100 train_acc=88.43 test_acc=67.94
epoch=292/300 lr=0.00100 train_acc=88.68 test_acc=67.83
epoch=293/300 lr=0.00100 train_acc=88.69 test_acc=67.93
epoch=294/300 lr=0.00100 train_acc=88.54 test_acc=67.61
epoch=295/300 lr=0.00100 train_acc=88.84 test_acc=67.76
epoch=296/300 lr=0.00100 train_acc=88.77 test_acc=67.40
epoch=297/300 lr=0.00100 train_acc=88.81 test_acc=67.72
epoch=298/300 lr=0.00100 train_acc=88.65 test_acc=67.85
epoch=299/300 lr=0.00100 train_acc=88.73 test_acc=67.64
epoch=300/300 lr=0.00100 train_acc=88.89 test_acc=67.96
{
  "best_accuracy": 69.11,
  "best_error_rate": 30.89,
  "final_accuracy": 67.96,
  "final_error_rate": 32.040000000000006,
  "elapsed_seconds": 1975.242022037506,
  "is_paper_result": false,
  "note": "New reproduction result; compare against paper target separately."
}
{
  "experiment": "cifar100_resnet20_baseline",
  "seeds": [
    1001,
    1002,
    1003,
    1004,
    1005
  ],
  "smoke": false,
  "is_paper_result": false,
  "best_error_rate": {
    "values": [
      30.659999999999997,
      30.25,
      30.849999999999994,
      30.61,
      30.89
    ],
    "mean": 30.651999999999997,
    "population_std": 0.22771912523984367,
    "sample_std": 0.2545977219065393
  },
  "final_error_rate": {
    "values": [
      31.439999999999998,
      31.319999999999993,
      32.120000000000005,
      31.67,
      32.040000000000006
    ],
    "mean": 31.718,
    "population_std": 0.31726329759365934,
    "sample_std": 0.35471115009258386
  },
  "note": "New reproduction aggregate; paper does not state best-vs-final or std convention."
}
start experiment=cifar100_resnet20_re_paper seed=1001
epoch=1/300 lr=0.10000 train_acc=6.86 test_acc=10.77
epoch=2/300 lr=0.10000 train_acc=13.51 test_acc=15.90
epoch=3/300 lr=0.10000 train_acc=19.47 test_acc=22.43
epoch=4/300 lr=0.10000 train_acc=24.69 test_acc=25.74
epoch=5/300 lr=0.10000 train_acc=29.12 test_acc=31.16
epoch=6/300 lr=0.10000 train_acc=32.13 test_acc=28.39
epoch=7/300 lr=0.10000 train_acc=34.95 test_acc=38.80
epoch=8/300 lr=0.10000 train_acc=36.94 test_acc=32.63
epoch=9/300 lr=0.10000 train_acc=38.78 test_acc=33.17
epoch=10/300 lr=0.10000 train_acc=39.75 test_acc=36.74
epoch=11/300 lr=0.10000 train_acc=41.25 test_acc=37.64
epoch=12/300 lr=0.10000 train_acc=41.88 test_acc=39.17
epoch=13/300 lr=0.10000 train_acc=42.74 test_acc=40.42
epoch=14/300 lr=0.10000 train_acc=43.26 test_acc=40.26
epoch=15/300 lr=0.10000 train_acc=43.68 test_acc=42.88
epoch=16/300 lr=0.10000 train_acc=44.31 test_acc=41.76
epoch=17/300 lr=0.10000 train_acc=44.80 test_acc=39.82
epoch=18/300 lr=0.10000 train_acc=45.25 test_acc=40.53
epoch=19/300 lr=0.10000 train_acc=45.71 test_acc=42.31
epoch=20/300 lr=0.10000 train_acc=46.04 test_acc=43.67
epoch=21/300 lr=0.10000 train_acc=45.69 test_acc=39.42
epoch=22/300 lr=0.10000 train_acc=46.41 test_acc=43.19
epoch=23/300 lr=0.10000 train_acc=46.90 test_acc=42.76
epoch=24/300 lr=0.10000 train_acc=46.74 test_acc=37.96
epoch=25/300 lr=0.10000 train_acc=46.92 test_acc=44.50
epoch=26/300 lr=0.10000 train_acc=46.90 test_acc=40.74
epoch=27/300 lr=0.10000 train_acc=47.27 test_acc=43.60
epoch=28/300 lr=0.10000 train_acc=47.27 test_acc=40.13
epoch=29/300 lr=0.10000 train_acc=47.68 test_acc=40.07
epoch=30/300 lr=0.10000 train_acc=47.89 test_acc=36.63
epoch=31/300 lr=0.10000 train_acc=47.81 test_acc=45.20
epoch=32/300 lr=0.10000 train_acc=48.04 test_acc=41.47
epoch=33/300 lr=0.10000 train_acc=48.33 test_acc=44.91
epoch=34/300 lr=0.10000 train_acc=48.18 test_acc=48.11
epoch=35/300 lr=0.10000 train_acc=48.27 test_acc=45.87
epoch=36/300 lr=0.10000 train_acc=48.33 test_acc=46.07
epoch=37/300 lr=0.10000 train_acc=48.78 test_acc=45.19
epoch=38/300 lr=0.10000 train_acc=48.74 test_acc=43.83
epoch=39/300 lr=0.10000 train_acc=48.66 test_acc=43.84
epoch=40/300 lr=0.10000 train_acc=48.96 test_acc=43.65
epoch=41/300 lr=0.10000 train_acc=49.10 test_acc=46.07
epoch=42/300 lr=0.10000 train_acc=48.93 test_acc=43.49
epoch=43/300 lr=0.10000 train_acc=49.14 test_acc=45.19
epoch=44/300 lr=0.10000 train_acc=49.01 test_acc=46.29
epoch=45/300 lr=0.10000 train_acc=49.21 test_acc=45.24
epoch=46/300 lr=0.10000 train_acc=49.38 test_acc=44.37
epoch=47/300 lr=0.10000 train_acc=49.37 test_acc=42.37
epoch=48/300 lr=0.10000 train_acc=49.27 test_acc=42.32
epoch=49/300 lr=0.10000 train_acc=49.48 test_acc=45.19
epoch=50/300 lr=0.10000 train_acc=49.74 test_acc=48.74
epoch=51/300 lr=0.10000 train_acc=49.20 test_acc=43.02
epoch=52/300 lr=0.10000 train_acc=49.78 test_acc=42.39
epoch=53/300 lr=0.10000 train_acc=49.56 test_acc=45.30
epoch=54/300 lr=0.10000 train_acc=49.61 test_acc=49.10
epoch=55/300 lr=0.10000 train_acc=50.04 test_acc=46.35
epoch=56/300 lr=0.10000 train_acc=49.88 test_acc=43.76
epoch=57/300 lr=0.10000 train_acc=49.98 test_acc=44.03
epoch=58/300 lr=0.10000 train_acc=49.94 test_acc=44.48
epoch=59/300 lr=0.10000 train_acc=49.71 test_acc=38.64
epoch=60/300 lr=0.10000 train_acc=49.90 test_acc=43.85
epoch=61/300 lr=0.10000 train_acc=49.96 test_acc=41.80
epoch=62/300 lr=0.10000 train_acc=50.16 test_acc=42.25
epoch=63/300 lr=0.10000 train_acc=49.94 test_acc=43.84
epoch=64/300 lr=0.10000 train_acc=49.97 test_acc=45.53
epoch=65/300 lr=0.10000 train_acc=50.23 test_acc=44.41
epoch=66/300 lr=0.10000 train_acc=50.35 test_acc=44.24
epoch=67/300 lr=0.10000 train_acc=50.29 test_acc=45.93
epoch=68/300 lr=0.10000 train_acc=50.20 test_acc=41.38
epoch=69/300 lr=0.10000 train_acc=49.92 test_acc=43.60
epoch=70/300 lr=0.10000 train_acc=50.31 test_acc=47.54
epoch=71/300 lr=0.10000 train_acc=50.23 test_acc=44.93
epoch=72/300 lr=0.10000 train_acc=50.27 test_acc=43.93
epoch=73/300 lr=0.10000 train_acc=50.34 test_acc=41.45
epoch=74/300 lr=0.10000 train_acc=50.24 test_acc=45.52
epoch=75/300 lr=0.10000 train_acc=50.47 test_acc=43.09
epoch=76/300 lr=0.10000 train_acc=50.25 test_acc=39.92
epoch=77/300 lr=0.10000 train_acc=50.53 test_acc=45.01
epoch=78/300 lr=0.10000 train_acc=50.22 test_acc=48.52
epoch=79/300 lr=0.10000 train_acc=50.75 test_acc=41.80
epoch=80/300 lr=0.10000 train_acc=50.70 test_acc=48.04
epoch=81/300 lr=0.10000 train_acc=50.47 test_acc=47.85
epoch=82/300 lr=0.10000 train_acc=50.90 test_acc=46.39
epoch=83/300 lr=0.10000 train_acc=50.28 test_acc=48.92
epoch=84/300 lr=0.10000 train_acc=50.86 test_acc=48.59
epoch=85/300 lr=0.10000 train_acc=51.02 test_acc=43.33
epoch=86/300 lr=0.10000 train_acc=50.43 test_acc=46.02
epoch=87/300 lr=0.10000 train_acc=50.86 test_acc=41.55
epoch=88/300 lr=0.10000 train_acc=50.87 test_acc=46.79
epoch=89/300 lr=0.10000 train_acc=50.92 test_acc=48.70
epoch=90/300 lr=0.10000 train_acc=50.77 test_acc=43.83
epoch=91/300 lr=0.10000 train_acc=50.84 test_acc=43.26
epoch=92/300 lr=0.10000 train_acc=50.69 test_acc=43.90
epoch=93/300 lr=0.10000 train_acc=50.69 test_acc=49.33
epoch=94/300 lr=0.10000 train_acc=51.02 test_acc=47.35
epoch=95/300 lr=0.10000 train_acc=50.80 test_acc=46.06
epoch=96/300 lr=0.10000 train_acc=50.58 test_acc=47.03
epoch=97/300 lr=0.10000 train_acc=50.81 test_acc=51.23
epoch=98/300 lr=0.10000 train_acc=50.90 test_acc=45.28
epoch=99/300 lr=0.10000 train_acc=50.93 test_acc=48.43
epoch=100/300 lr=0.10000 train_acc=50.75 test_acc=43.43
epoch=101/300 lr=0.10000 train_acc=50.46 test_acc=47.89
epoch=102/300 lr=0.10000 train_acc=50.76 test_acc=48.52
epoch=103/300 lr=0.10000 train_acc=50.88 test_acc=38.03
epoch=104/300 lr=0.10000 train_acc=50.72 test_acc=47.66
epoch=105/300 lr=0.10000 train_acc=50.64 test_acc=44.73
epoch=106/300 lr=0.10000 train_acc=50.79 test_acc=48.65
epoch=107/300 lr=0.10000 train_acc=50.86 test_acc=47.41
epoch=108/300 lr=0.10000 train_acc=51.13 test_acc=46.59
epoch=109/300 lr=0.10000 train_acc=51.10 test_acc=47.38
epoch=110/300 lr=0.10000 train_acc=51.15 test_acc=46.96
epoch=111/300 lr=0.10000 train_acc=50.87 test_acc=49.51
epoch=112/300 lr=0.10000 train_acc=50.97 test_acc=39.16
epoch=113/300 lr=0.10000 train_acc=51.08 test_acc=43.83
epoch=114/300 lr=0.10000 train_acc=50.94 test_acc=48.18
epoch=115/300 lr=0.10000 train_acc=51.35 test_acc=44.16
epoch=116/300 lr=0.10000 train_acc=50.89 test_acc=46.93
epoch=117/300 lr=0.10000 train_acc=50.76 test_acc=45.41
epoch=118/300 lr=0.10000 train_acc=50.72 test_acc=47.50
epoch=119/300 lr=0.10000 train_acc=50.95 test_acc=47.85
epoch=120/300 lr=0.10000 train_acc=51.05 test_acc=42.71
epoch=121/300 lr=0.10000 train_acc=50.94 test_acc=44.47
epoch=122/300 lr=0.10000 train_acc=51.06 test_acc=38.52
epoch=123/300 lr=0.10000 train_acc=51.07 test_acc=47.70
epoch=124/300 lr=0.10000 train_acc=50.80 test_acc=47.18
epoch=125/300 lr=0.10000 train_acc=51.15 test_acc=44.34
epoch=126/300 lr=0.10000 train_acc=51.31 test_acc=47.80
epoch=127/300 lr=0.10000 train_acc=51.35 test_acc=48.89
epoch=128/300 lr=0.10000 train_acc=51.53 test_acc=46.80
epoch=129/300 lr=0.10000 train_acc=51.38 test_acc=44.93
epoch=130/300 lr=0.10000 train_acc=51.08 test_acc=45.99
epoch=131/300 lr=0.10000 train_acc=51.05 test_acc=38.74
epoch=132/300 lr=0.10000 train_acc=51.43 test_acc=49.68
epoch=133/300 lr=0.10000 train_acc=51.28 test_acc=50.45
epoch=134/300 lr=0.10000 train_acc=51.15 test_acc=47.21
epoch=135/300 lr=0.10000 train_acc=51.05 test_acc=44.48
epoch=136/300 lr=0.10000 train_acc=51.27 test_acc=47.63
epoch=137/300 lr=0.10000 train_acc=51.16 test_acc=43.90
epoch=138/300 lr=0.10000 train_acc=51.24 test_acc=38.12
epoch=139/300 lr=0.10000 train_acc=51.03 test_acc=45.13
epoch=140/300 lr=0.10000 train_acc=51.15 test_acc=47.23
epoch=141/300 lr=0.10000 train_acc=51.06 test_acc=46.24
epoch=142/300 lr=0.10000 train_acc=51.17 test_acc=49.49
epoch=143/300 lr=0.10000 train_acc=51.21 test_acc=46.34
epoch=144/300 lr=0.10000 train_acc=51.29 test_acc=47.90
epoch=145/300 lr=0.10000 train_acc=51.17 test_acc=43.93
epoch=146/300 lr=0.10000 train_acc=51.04 test_acc=45.31
epoch=147/300 lr=0.10000 train_acc=51.42 test_acc=41.84
epoch=148/300 lr=0.10000 train_acc=51.17 test_acc=45.92
epoch=149/300 lr=0.10000 train_acc=51.43 test_acc=45.78
epoch=150/300 lr=0.10000 train_acc=51.52 test_acc=41.83
epoch=151/300 lr=0.01000 train_acc=60.82 test_acc=63.54
epoch=152/300 lr=0.01000 train_acc=63.81 test_acc=64.39
epoch=153/300 lr=0.01000 train_acc=64.55 test_acc=65.48
epoch=154/300 lr=0.01000 train_acc=64.87 test_acc=64.90
epoch=155/300 lr=0.01000 train_acc=65.78 test_acc=65.24
epoch=156/300 lr=0.01000 train_acc=66.09 test_acc=65.87
epoch=157/300 lr=0.01000 train_acc=66.50 test_acc=65.63
epoch=158/300 lr=0.01000 train_acc=66.65 test_acc=65.65
epoch=159/300 lr=0.01000 train_acc=66.84 test_acc=66.13
epoch=160/300 lr=0.01000 train_acc=66.92 test_acc=65.29
epoch=161/300 lr=0.01000 train_acc=67.24 test_acc=65.95
epoch=162/300 lr=0.01000 train_acc=67.35 test_acc=65.80
epoch=163/300 lr=0.01000 train_acc=67.12 test_acc=66.59
epoch=164/300 lr=0.01000 train_acc=67.36 test_acc=65.81
epoch=165/300 lr=0.01000 train_acc=67.75 test_acc=65.54
epoch=166/300 lr=0.01000 train_acc=67.74 test_acc=65.57
epoch=167/300 lr=0.01000 train_acc=67.92 test_acc=65.30
epoch=168/300 lr=0.01000 train_acc=68.07 test_acc=64.95
epoch=169/300 lr=0.01000 train_acc=68.22 test_acc=64.78
epoch=170/300 lr=0.01000 train_acc=67.83 test_acc=66.09
epoch=171/300 lr=0.01000 train_acc=67.72 test_acc=65.29
epoch=172/300 lr=0.01000 train_acc=68.04 test_acc=64.98
epoch=173/300 lr=0.01000 train_acc=67.93 test_acc=65.27
epoch=174/300 lr=0.01000 train_acc=67.99 test_acc=64.66
epoch=175/300 lr=0.01000 train_acc=68.19 test_acc=64.03
epoch=176/300 lr=0.01000 train_acc=68.07 test_acc=64.65
epoch=177/300 lr=0.01000 train_acc=68.04 test_acc=64.67
epoch=178/300 lr=0.01000 train_acc=68.19 test_acc=64.00
epoch=179/300 lr=0.01000 train_acc=68.20 test_acc=64.05
epoch=180/300 lr=0.01000 train_acc=68.13 test_acc=64.75
epoch=181/300 lr=0.01000 train_acc=68.12 test_acc=65.02
epoch=182/300 lr=0.01000 train_acc=68.45 test_acc=61.73
epoch=183/300 lr=0.01000 train_acc=68.07 test_acc=65.71
epoch=184/300 lr=0.01000 train_acc=68.07 test_acc=65.28
epoch=185/300 lr=0.01000 train_acc=68.16 test_acc=64.89
epoch=186/300 lr=0.01000 train_acc=68.36 test_acc=65.08
epoch=187/300 lr=0.01000 train_acc=67.95 test_acc=64.33
epoch=188/300 lr=0.01000 train_acc=67.94 test_acc=63.92
epoch=189/300 lr=0.01000 train_acc=68.04 test_acc=64.57
epoch=190/300 lr=0.01000 train_acc=68.53 test_acc=64.45
epoch=191/300 lr=0.01000 train_acc=68.35 test_acc=62.56
epoch=192/300 lr=0.01000 train_acc=67.96 test_acc=62.74
epoch=193/300 lr=0.01000 train_acc=68.26 test_acc=63.88
epoch=194/300 lr=0.01000 train_acc=68.40 test_acc=64.31
epoch=195/300 lr=0.01000 train_acc=68.05 test_acc=64.71
epoch=196/300 lr=0.01000 train_acc=68.44 test_acc=63.55
epoch=197/300 lr=0.01000 train_acc=68.01 test_acc=64.43
epoch=198/300 lr=0.01000 train_acc=68.40 test_acc=63.77
epoch=199/300 lr=0.01000 train_acc=68.06 test_acc=63.88
epoch=200/300 lr=0.01000 train_acc=68.29 test_acc=63.91
epoch=201/300 lr=0.01000 train_acc=67.97 test_acc=64.22
epoch=202/300 lr=0.01000 train_acc=68.10 test_acc=63.54
epoch=203/300 lr=0.01000 train_acc=68.36 test_acc=62.21
epoch=204/300 lr=0.01000 train_acc=68.18 test_acc=63.86
epoch=205/300 lr=0.01000 train_acc=68.25 test_acc=63.18
epoch=206/300 lr=0.01000 train_acc=68.48 test_acc=65.48
epoch=207/300 lr=0.01000 train_acc=68.48 test_acc=64.18
epoch=208/300 lr=0.01000 train_acc=68.43 test_acc=64.04
epoch=209/300 lr=0.01000 train_acc=68.57 test_acc=64.50
epoch=210/300 lr=0.01000 train_acc=68.50 test_acc=63.03
epoch=211/300 lr=0.01000 train_acc=68.36 test_acc=63.58
epoch=212/300 lr=0.01000 train_acc=68.38 test_acc=62.47
epoch=213/300 lr=0.01000 train_acc=68.58 test_acc=63.53
epoch=214/300 lr=0.01000 train_acc=68.37 test_acc=65.40
epoch=215/300 lr=0.01000 train_acc=68.68 test_acc=63.98
epoch=216/300 lr=0.01000 train_acc=68.28 test_acc=63.74
epoch=217/300 lr=0.01000 train_acc=68.49 test_acc=64.20
epoch=218/300 lr=0.01000 train_acc=68.75 test_acc=65.27
epoch=219/300 lr=0.01000 train_acc=68.44 test_acc=63.80
epoch=220/300 lr=0.01000 train_acc=68.59 test_acc=64.22
epoch=221/300 lr=0.01000 train_acc=68.44 test_acc=63.91
epoch=222/300 lr=0.01000 train_acc=68.76 test_acc=61.87
epoch=223/300 lr=0.01000 train_acc=68.86 test_acc=62.93
epoch=224/300 lr=0.01000 train_acc=68.43 test_acc=63.82
epoch=225/300 lr=0.01000 train_acc=68.82 test_acc=63.37
epoch=226/300 lr=0.00100 train_acc=72.86 test_acc=68.50
epoch=227/300 lr=0.00100 train_acc=74.14 test_acc=69.03
epoch=228/300 lr=0.00100 train_acc=74.79 test_acc=68.77
epoch=229/300 lr=0.00100 train_acc=74.87 test_acc=68.79
epoch=230/300 lr=0.00100 train_acc=75.47 test_acc=69.19
epoch=231/300 lr=0.00100 train_acc=75.05 test_acc=68.65
epoch=232/300 lr=0.00100 train_acc=75.48 test_acc=68.98
epoch=233/300 lr=0.00100 train_acc=75.66 test_acc=69.04
epoch=234/300 lr=0.00100 train_acc=75.53 test_acc=68.93
epoch=235/300 lr=0.00100 train_acc=75.84 test_acc=68.86
epoch=236/300 lr=0.00100 train_acc=75.96 test_acc=69.00
epoch=237/300 lr=0.00100 train_acc=76.17 test_acc=68.97
epoch=238/300 lr=0.00100 train_acc=76.27 test_acc=69.24
epoch=239/300 lr=0.00100 train_acc=76.27 test_acc=68.75
epoch=240/300 lr=0.00100 train_acc=76.54 test_acc=68.93
epoch=241/300 lr=0.00100 train_acc=76.29 test_acc=69.20
epoch=242/300 lr=0.00100 train_acc=76.26 test_acc=69.11
epoch=243/300 lr=0.00100 train_acc=76.71 test_acc=69.10
epoch=244/300 lr=0.00100 train_acc=76.59 test_acc=68.90
epoch=245/300 lr=0.00100 train_acc=76.69 test_acc=68.99
epoch=246/300 lr=0.00100 train_acc=76.82 test_acc=69.05
epoch=247/300 lr=0.00100 train_acc=76.75 test_acc=68.95
epoch=248/300 lr=0.00100 train_acc=76.83 test_acc=69.11
epoch=249/300 lr=0.00100 train_acc=76.97 test_acc=68.66
epoch=250/300 lr=0.00100 train_acc=76.96 test_acc=68.78
epoch=251/300 lr=0.00100 train_acc=76.74 test_acc=69.07
epoch=252/300 lr=0.00100 train_acc=76.80 test_acc=69.16
epoch=253/300 lr=0.00100 train_acc=76.95 test_acc=69.15
epoch=254/300 lr=0.00100 train_acc=77.07 test_acc=69.34
epoch=255/300 lr=0.00100 train_acc=77.17 test_acc=69.20
epoch=256/300 lr=0.00100 train_acc=77.10 test_acc=68.84
epoch=257/300 lr=0.00100 train_acc=77.05 test_acc=69.01
epoch=258/300 lr=0.00100 train_acc=77.15 test_acc=69.62
epoch=259/300 lr=0.00100 train_acc=77.20 test_acc=69.34
epoch=260/300 lr=0.00100 train_acc=77.38 test_acc=69.34
epoch=261/300 lr=0.00100 train_acc=77.11 test_acc=69.71
epoch=262/300 lr=0.00100 train_acc=77.38 test_acc=69.05
epoch=263/300 lr=0.00100 train_acc=77.21 test_acc=69.25
epoch=264/300 lr=0.00100 train_acc=77.60 test_acc=69.51
epoch=265/300 lr=0.00100 train_acc=77.32 test_acc=69.42
epoch=266/300 lr=0.00100 train_acc=77.54 test_acc=69.25
epoch=267/300 lr=0.00100 train_acc=77.28 test_acc=69.42
epoch=268/300 lr=0.00100 train_acc=77.40 test_acc=69.31
epoch=269/300 lr=0.00100 train_acc=77.57 test_acc=69.48
epoch=270/300 lr=0.00100 train_acc=77.38 test_acc=69.01
epoch=271/300 lr=0.00100 train_acc=77.49 test_acc=68.94
epoch=272/300 lr=0.00100 train_acc=77.66 test_acc=68.96
epoch=273/300 lr=0.00100 train_acc=77.61 test_acc=69.06
epoch=274/300 lr=0.00100 train_acc=77.65 test_acc=69.30
epoch=275/300 lr=0.00100 train_acc=77.65 test_acc=69.28
epoch=276/300 lr=0.00100 train_acc=77.57 test_acc=69.10
epoch=277/300 lr=0.00100 train_acc=77.53 test_acc=69.64
epoch=278/300 lr=0.00100 train_acc=77.86 test_acc=69.23
epoch=279/300 lr=0.00100 train_acc=77.66 test_acc=69.27
epoch=280/300 lr=0.00100 train_acc=77.86 test_acc=68.87
epoch=281/300 lr=0.00100 train_acc=77.78 test_acc=69.30
epoch=282/300 lr=0.00100 train_acc=77.66 test_acc=69.37
epoch=283/300 lr=0.00100 train_acc=77.73 test_acc=69.54
epoch=284/300 lr=0.00100 train_acc=77.95 test_acc=69.06
epoch=285/300 lr=0.00100 train_acc=77.88 test_acc=68.95
epoch=286/300 lr=0.00100 train_acc=78.00 test_acc=69.62
epoch=287/300 lr=0.00100 train_acc=77.98 test_acc=69.23
epoch=288/300 lr=0.00100 train_acc=77.99 test_acc=69.06
epoch=289/300 lr=0.00100 train_acc=77.89 test_acc=68.83
epoch=290/300 lr=0.00100 train_acc=77.99 test_acc=68.91
epoch=291/300 lr=0.00100 train_acc=78.04 test_acc=68.96
epoch=292/300 lr=0.00100 train_acc=77.68 test_acc=68.88
epoch=293/300 lr=0.00100 train_acc=77.98 test_acc=69.24
epoch=294/300 lr=0.00100 train_acc=78.23 test_acc=69.14
epoch=295/300 lr=0.00100 train_acc=77.82 test_acc=68.93
epoch=296/300 lr=0.00100 train_acc=77.92 test_acc=68.92
epoch=297/300 lr=0.00100 train_acc=78.10 test_acc=68.66
epoch=298/300 lr=0.00100 train_acc=77.95 test_acc=69.18
epoch=299/300 lr=0.00100 train_acc=78.33 test_acc=69.29
epoch=300/300 lr=0.00100 train_acc=78.05 test_acc=69.39
{
  "best_accuracy": 69.71,
  "best_error_rate": 30.290000000000006,
  "final_accuracy": 69.39,
  "final_error_rate": 30.61,
  "elapsed_seconds": 1964.4912548065186,
  "is_paper_result": false,
  "note": "New reproduction result; compare against paper target separately."
}
start experiment=cifar100_resnet20_re_paper seed=1002
epoch=1/300 lr=0.10000 train_acc=7.08 test_acc=11.23
epoch=2/300 lr=0.10000 train_acc=14.00 test_acc=18.72
epoch=3/300 lr=0.10000 train_acc=19.89 test_acc=21.70
epoch=4/300 lr=0.10000 train_acc=25.69 test_acc=21.70
epoch=5/300 lr=0.10000 train_acc=30.03 test_acc=25.55
epoch=6/300 lr=0.10000 train_acc=33.08 test_acc=27.83
epoch=7/300 lr=0.10000 train_acc=35.67 test_acc=33.52
epoch=8/300 lr=0.10000 train_acc=37.45 test_acc=35.19
epoch=9/300 lr=0.10000 train_acc=39.16 test_acc=33.83
epoch=10/300 lr=0.10000 train_acc=40.15 test_acc=36.42
epoch=11/300 lr=0.10000 train_acc=41.12 test_acc=40.91
epoch=12/300 lr=0.10000 train_acc=42.24 test_acc=36.67
epoch=13/300 lr=0.10000 train_acc=42.75 test_acc=37.12
epoch=14/300 lr=0.10000 train_acc=43.65 test_acc=39.47
epoch=15/300 lr=0.10000 train_acc=43.92 test_acc=37.70
epoch=16/300 lr=0.10000 train_acc=44.66 test_acc=39.26
epoch=17/300 lr=0.10000 train_acc=44.86 test_acc=42.37
epoch=18/300 lr=0.10000 train_acc=45.36 test_acc=37.78
epoch=19/300 lr=0.10000 train_acc=45.54 test_acc=32.04
epoch=20/300 lr=0.10000 train_acc=45.71 test_acc=43.39
epoch=21/300 lr=0.10000 train_acc=46.34 test_acc=39.91
epoch=22/300 lr=0.10000 train_acc=46.41 test_acc=44.90
epoch=23/300 lr=0.10000 train_acc=46.65 test_acc=44.55
epoch=24/300 lr=0.10000 train_acc=47.06 test_acc=39.87
epoch=25/300 lr=0.10000 train_acc=47.26 test_acc=42.80
epoch=26/300 lr=0.10000 train_acc=47.48 test_acc=42.59
epoch=27/300 lr=0.10000 train_acc=47.58 test_acc=43.28
epoch=28/300 lr=0.10000 train_acc=47.64 test_acc=41.97
epoch=29/300 lr=0.10000 train_acc=47.78 test_acc=44.29
epoch=30/300 lr=0.10000 train_acc=48.26 test_acc=46.64
epoch=31/300 lr=0.10000 train_acc=48.13 test_acc=37.36
epoch=32/300 lr=0.10000 train_acc=48.35 test_acc=44.91
epoch=33/300 lr=0.10000 train_acc=48.49 test_acc=40.32
epoch=34/300 lr=0.10000 train_acc=48.60 test_acc=43.65
epoch=35/300 lr=0.10000 train_acc=48.68 test_acc=45.14
epoch=36/300 lr=0.10000 train_acc=48.58 test_acc=45.19
epoch=37/300 lr=0.10000 train_acc=48.50 test_acc=46.54
epoch=38/300 lr=0.10000 train_acc=48.83 test_acc=40.67
epoch=39/300 lr=0.10000 train_acc=49.09 test_acc=39.86
epoch=40/300 lr=0.10000 train_acc=48.89 test_acc=45.88
epoch=41/300 lr=0.10000 train_acc=49.23 test_acc=47.81
epoch=42/300 lr=0.10000 train_acc=49.12 test_acc=41.22
epoch=43/300 lr=0.10000 train_acc=49.26 test_acc=39.18
epoch=44/300 lr=0.10000 train_acc=49.16 test_acc=38.39
epoch=45/300 lr=0.10000 train_acc=49.51 test_acc=45.80
epoch=46/300 lr=0.10000 train_acc=49.38 test_acc=41.88
epoch=47/300 lr=0.10000 train_acc=49.32 test_acc=46.69
epoch=48/300 lr=0.10000 train_acc=49.50 test_acc=44.72
epoch=49/300 lr=0.10000 train_acc=49.39 test_acc=41.55
epoch=50/300 lr=0.10000 train_acc=49.93 test_acc=43.30
epoch=51/300 lr=0.10000 train_acc=49.80 test_acc=44.57
epoch=52/300 lr=0.10000 train_acc=49.56 test_acc=50.84
epoch=53/300 lr=0.10000 train_acc=49.78 test_acc=41.05
epoch=54/300 lr=0.10000 train_acc=49.77 test_acc=44.18
epoch=55/300 lr=0.10000 train_acc=49.84 test_acc=46.20
epoch=56/300 lr=0.10000 train_acc=50.19 test_acc=45.92
epoch=57/300 lr=0.10000 train_acc=49.95 test_acc=41.33
epoch=58/300 lr=0.10000 train_acc=49.65 test_acc=45.48
epoch=59/300 lr=0.10000 train_acc=50.04 test_acc=45.76
epoch=60/300 lr=0.10000 train_acc=49.86 test_acc=48.26
epoch=61/300 lr=0.10000 train_acc=50.32 test_acc=39.02
epoch=62/300 lr=0.10000 train_acc=50.07 test_acc=44.85
epoch=63/300 lr=0.10000 train_acc=50.15 test_acc=47.76
epoch=64/300 lr=0.10000 train_acc=50.44 test_acc=47.64
epoch=65/300 lr=0.10000 train_acc=49.94 test_acc=40.58
epoch=66/300 lr=0.10000 train_acc=50.15 test_acc=43.77
epoch=67/300 lr=0.10000 train_acc=50.39 test_acc=47.05
epoch=68/300 lr=0.10000 train_acc=50.34 test_acc=46.02
epoch=69/300 lr=0.10000 train_acc=50.20 test_acc=41.78
epoch=70/300 lr=0.10000 train_acc=50.33 test_acc=42.20
epoch=71/300 lr=0.10000 train_acc=50.42 test_acc=47.52
epoch=72/300 lr=0.10000 train_acc=50.45 test_acc=47.27
epoch=73/300 lr=0.10000 train_acc=50.26 test_acc=42.05
epoch=74/300 lr=0.10000 train_acc=50.30 test_acc=46.84
epoch=75/300 lr=0.10000 train_acc=50.52 test_acc=44.04
epoch=76/300 lr=0.10000 train_acc=50.34 test_acc=42.79
epoch=77/300 lr=0.10000 train_acc=50.69 test_acc=45.71
epoch=78/300 lr=0.10000 train_acc=50.57 test_acc=46.95
epoch=79/300 lr=0.10000 train_acc=50.80 test_acc=44.62
epoch=80/300 lr=0.10000 train_acc=50.52 test_acc=46.31
epoch=81/300 lr=0.10000 train_acc=50.45 test_acc=41.85
epoch=82/300 lr=0.10000 train_acc=50.26 test_acc=48.67
epoch=83/300 lr=0.10000 train_acc=50.46 test_acc=44.61
epoch=84/300 lr=0.10000 train_acc=50.54 test_acc=47.21
epoch=85/300 lr=0.10000 train_acc=50.91 test_acc=42.22
epoch=86/300 lr=0.10000 train_acc=50.66 test_acc=45.51
epoch=87/300 lr=0.10000 train_acc=50.69 test_acc=48.27
epoch=88/300 lr=0.10000 train_acc=50.68 test_acc=39.59
epoch=89/300 lr=0.10000 train_acc=50.50 test_acc=46.50
epoch=90/300 lr=0.10000 train_acc=50.47 test_acc=44.89
epoch=91/300 lr=0.10000 train_acc=50.63 test_acc=45.55
epoch=92/300 lr=0.10000 train_acc=50.66 test_acc=44.30
epoch=93/300 lr=0.10000 train_acc=50.93 test_acc=49.77
epoch=94/300 lr=0.10000 train_acc=50.98 test_acc=42.03
epoch=95/300 lr=0.10000 train_acc=50.81 test_acc=49.30
epoch=96/300 lr=0.10000 train_acc=50.64 test_acc=47.64
epoch=97/300 lr=0.10000 train_acc=50.84 test_acc=49.94
epoch=98/300 lr=0.10000 train_acc=50.66 test_acc=45.51
epoch=99/300 lr=0.10000 train_acc=50.83 test_acc=47.10
epoch=100/300 lr=0.10000 train_acc=50.98 test_acc=50.32
epoch=101/300 lr=0.10000 train_acc=50.98 test_acc=45.00
epoch=102/300 lr=0.10000 train_acc=51.10 test_acc=43.38
epoch=103/300 lr=0.10000 train_acc=50.79 test_acc=47.35
epoch=104/300 lr=0.10000 train_acc=50.70 test_acc=50.52
epoch=105/300 lr=0.10000 train_acc=50.81 test_acc=44.13
epoch=106/300 lr=0.10000 train_acc=50.74 test_acc=42.09
epoch=107/300 lr=0.10000 train_acc=50.75 test_acc=45.58
epoch=108/300 lr=0.10000 train_acc=51.21 test_acc=45.27
epoch=109/300 lr=0.10000 train_acc=50.65 test_acc=44.59
epoch=110/300 lr=0.10000 train_acc=50.76 test_acc=49.12
epoch=111/300 lr=0.10000 train_acc=50.96 test_acc=47.98
epoch=112/300 lr=0.10000 train_acc=50.56 test_acc=45.93
epoch=113/300 lr=0.10000 train_acc=50.89 test_acc=41.40
epoch=114/300 lr=0.10000 train_acc=50.76 test_acc=44.66
epoch=115/300 lr=0.10000 train_acc=51.00 test_acc=40.35
epoch=116/300 lr=0.10000 train_acc=51.33 test_acc=42.01
epoch=117/300 lr=0.10000 train_acc=50.57 test_acc=52.98
epoch=118/300 lr=0.10000 train_acc=50.77 test_acc=47.44
epoch=119/300 lr=0.10000 train_acc=50.71 test_acc=42.99
epoch=120/300 lr=0.10000 train_acc=50.97 test_acc=42.68
epoch=121/300 lr=0.10000 train_acc=51.03 test_acc=45.94
epoch=122/300 lr=0.10000 train_acc=50.60 test_acc=44.88
epoch=123/300 lr=0.10000 train_acc=51.06 test_acc=49.76
epoch=124/300 lr=0.10000 train_acc=50.53 test_acc=44.16
epoch=125/300 lr=0.10000 train_acc=51.45 test_acc=49.42
epoch=126/300 lr=0.10000 train_acc=50.79 test_acc=48.88
epoch=127/300 lr=0.10000 train_acc=51.01 test_acc=44.67
epoch=128/300 lr=0.10000 train_acc=50.96 test_acc=50.63
epoch=129/300 lr=0.10000 train_acc=50.82 test_acc=48.39
epoch=130/300 lr=0.10000 train_acc=51.20 test_acc=44.35
epoch=131/300 lr=0.10000 train_acc=51.05 test_acc=49.67
epoch=132/300 lr=0.10000 train_acc=51.14 test_acc=50.83
epoch=133/300 lr=0.10000 train_acc=51.26 test_acc=44.92
epoch=134/300 lr=0.10000 train_acc=51.03 test_acc=49.11
epoch=135/300 lr=0.10000 train_acc=50.87 test_acc=47.96
epoch=136/300 lr=0.10000 train_acc=51.34 test_acc=47.30
epoch=137/300 lr=0.10000 train_acc=51.17 test_acc=42.21
epoch=138/300 lr=0.10000 train_acc=51.22 test_acc=46.32
epoch=139/300 lr=0.10000 train_acc=51.15 test_acc=41.48
epoch=140/300 lr=0.10000 train_acc=50.99 test_acc=46.05
epoch=141/300 lr=0.10000 train_acc=50.89 test_acc=43.86
epoch=142/300 lr=0.10000 train_acc=51.38 test_acc=48.30
epoch=143/300 lr=0.10000 train_acc=50.92 test_acc=49.28
epoch=144/300 lr=0.10000 train_acc=51.25 test_acc=47.36
epoch=145/300 lr=0.10000 train_acc=50.76 test_acc=47.37
epoch=146/300 lr=0.10000 train_acc=50.84 test_acc=46.60
epoch=147/300 lr=0.10000 train_acc=51.36 test_acc=49.52
epoch=148/300 lr=0.10000 train_acc=51.00 test_acc=44.48
epoch=149/300 lr=0.10000 train_acc=51.36 test_acc=49.57
epoch=150/300 lr=0.10000 train_acc=51.10 test_acc=47.93
epoch=151/300 lr=0.01000 train_acc=60.86 test_acc=64.14
epoch=152/300 lr=0.01000 train_acc=63.27 test_acc=64.22
epoch=153/300 lr=0.01000 train_acc=64.25 test_acc=65.05
epoch=154/300 lr=0.01000 train_acc=64.67 test_acc=65.11
epoch=155/300 lr=0.01000 train_acc=65.52 test_acc=65.60
epoch=156/300 lr=0.01000 train_acc=65.79 test_acc=65.60
epoch=157/300 lr=0.01000 train_acc=66.27 test_acc=65.98
epoch=158/300 lr=0.01000 train_acc=66.48 test_acc=66.10
epoch=159/300 lr=0.01000 train_acc=66.38 test_acc=66.09
epoch=160/300 lr=0.01000 train_acc=66.89 test_acc=66.01
epoch=161/300 lr=0.01000 train_acc=67.13 test_acc=65.01
epoch=162/300 lr=0.01000 train_acc=67.27 test_acc=65.50
epoch=163/300 lr=0.01000 train_acc=67.36 test_acc=66.12
epoch=164/300 lr=0.01000 train_acc=67.71 test_acc=65.41
epoch=165/300 lr=0.01000 train_acc=67.56 test_acc=65.78
epoch=166/300 lr=0.01000 train_acc=67.30 test_acc=65.98
epoch=167/300 lr=0.01000 train_acc=67.76 test_acc=65.81
epoch=168/300 lr=0.01000 train_acc=67.78 test_acc=65.88
epoch=169/300 lr=0.01000 train_acc=67.76 test_acc=65.34
epoch=170/300 lr=0.01000 train_acc=67.68 test_acc=65.96
epoch=171/300 lr=0.01000 train_acc=67.85 test_acc=65.90
epoch=172/300 lr=0.01000 train_acc=67.87 test_acc=65.59
epoch=173/300 lr=0.01000 train_acc=67.94 test_acc=65.56
epoch=174/300 lr=0.01000 train_acc=68.08 test_acc=65.84
epoch=175/300 lr=0.01000 train_acc=68.06 test_acc=65.08
epoch=176/300 lr=0.01000 train_acc=68.04 test_acc=65.18
epoch=177/300 lr=0.01000 train_acc=67.71 test_acc=64.32
epoch=178/300 lr=0.01000 train_acc=68.01 test_acc=64.29
epoch=179/300 lr=0.01000 train_acc=67.94 test_acc=64.49
epoch=180/300 lr=0.01000 train_acc=68.06 test_acc=64.49
epoch=181/300 lr=0.01000 train_acc=68.04 test_acc=64.74
epoch=182/300 lr=0.01000 train_acc=67.93 test_acc=64.55
epoch=183/300 lr=0.01000 train_acc=67.79 test_acc=63.23
epoch=184/300 lr=0.01000 train_acc=68.05 test_acc=64.37
epoch=185/300 lr=0.01000 train_acc=68.07 test_acc=63.22
epoch=186/300 lr=0.01000 train_acc=67.84 test_acc=64.54
epoch=187/300 lr=0.01000 train_acc=68.13 test_acc=62.71
epoch=188/300 lr=0.01000 train_acc=67.85 test_acc=64.79
epoch=189/300 lr=0.01000 train_acc=68.03 test_acc=64.71
epoch=190/300 lr=0.01000 train_acc=67.86 test_acc=63.55
epoch=191/300 lr=0.01000 train_acc=67.95 test_acc=64.20
epoch=192/300 lr=0.01000 train_acc=68.04 test_acc=65.27
epoch=193/300 lr=0.01000 train_acc=68.05 test_acc=64.37
epoch=194/300 lr=0.01000 train_acc=68.02 test_acc=64.49
epoch=195/300 lr=0.01000 train_acc=68.15 test_acc=64.80
epoch=196/300 lr=0.01000 train_acc=68.15 test_acc=63.06
epoch=197/300 lr=0.01000 train_acc=68.24 test_acc=65.69
epoch=198/300 lr=0.01000 train_acc=68.14 test_acc=63.94
epoch=199/300 lr=0.01000 train_acc=68.13 test_acc=63.50
epoch=200/300 lr=0.01000 train_acc=68.02 test_acc=63.78
epoch=201/300 lr=0.01000 train_acc=68.16 test_acc=63.09
epoch=202/300 lr=0.01000 train_acc=68.00 test_acc=65.14
epoch=203/300 lr=0.01000 train_acc=68.14 test_acc=64.52
epoch=204/300 lr=0.01000 train_acc=68.16 test_acc=64.30
epoch=205/300 lr=0.01000 train_acc=68.12 test_acc=63.78
epoch=206/300 lr=0.01000 train_acc=68.21 test_acc=63.99
epoch=207/300 lr=0.01000 train_acc=68.53 test_acc=64.44
epoch=208/300 lr=0.01000 train_acc=68.37 test_acc=64.65
epoch=209/300 lr=0.01000 train_acc=68.48 test_acc=64.71
epoch=210/300 lr=0.01000 train_acc=68.34 test_acc=62.98
epoch=211/300 lr=0.01000 train_acc=68.26 test_acc=64.53
epoch=212/300 lr=0.01000 train_acc=68.34 test_acc=64.53
epoch=213/300 lr=0.01000 train_acc=68.72 test_acc=63.14
epoch=214/300 lr=0.01000 train_acc=68.59 test_acc=63.51
epoch=215/300 lr=0.01000 train_acc=68.52 test_acc=64.65
epoch=216/300 lr=0.01000 train_acc=68.43 test_acc=63.53
epoch=217/300 lr=0.01000 train_acc=68.47 test_acc=64.84
epoch=218/300 lr=0.01000 train_acc=68.35 test_acc=63.81
epoch=219/300 lr=0.01000 train_acc=68.66 test_acc=64.61
epoch=220/300 lr=0.01000 train_acc=68.45 test_acc=63.54
epoch=221/300 lr=0.01000 train_acc=68.24 test_acc=64.84
epoch=222/300 lr=0.01000 train_acc=68.75 test_acc=62.69
epoch=223/300 lr=0.01000 train_acc=68.73 test_acc=63.04
epoch=224/300 lr=0.01000 train_acc=68.77 test_acc=63.17
epoch=225/300 lr=0.01000 train_acc=68.84 test_acc=64.09
epoch=226/300 lr=0.00100 train_acc=72.99 test_acc=69.40
epoch=227/300 lr=0.00100 train_acc=74.34 test_acc=69.87
epoch=228/300 lr=0.00100 train_acc=74.75 test_acc=69.76
epoch=229/300 lr=0.00100 train_acc=74.90 test_acc=69.99
epoch=230/300 lr=0.00100 train_acc=75.44 test_acc=69.96
epoch=231/300 lr=0.00100 train_acc=75.19 test_acc=69.97
epoch=232/300 lr=0.00100 train_acc=75.58 test_acc=70.10
epoch=233/300 lr=0.00100 train_acc=75.59 test_acc=70.13
epoch=234/300 lr=0.00100 train_acc=75.65 test_acc=69.90
epoch=235/300 lr=0.00100 train_acc=75.96 test_acc=69.72
epoch=236/300 lr=0.00100 train_acc=76.04 test_acc=70.14
epoch=237/300 lr=0.00100 train_acc=76.12 test_acc=70.11
epoch=238/300 lr=0.00100 train_acc=75.99 test_acc=70.28
epoch=239/300 lr=0.00100 train_acc=76.04 test_acc=70.10
epoch=240/300 lr=0.00100 train_acc=76.27 test_acc=70.20
epoch=241/300 lr=0.00100 train_acc=76.39 test_acc=70.61
epoch=242/300 lr=0.00100 train_acc=76.42 test_acc=70.11
epoch=243/300 lr=0.00100 train_acc=76.62 test_acc=70.39
epoch=244/300 lr=0.00100 train_acc=76.38 test_acc=70.13
epoch=245/300 lr=0.00100 train_acc=76.63 test_acc=70.38
epoch=246/300 lr=0.00100 train_acc=76.43 test_acc=69.95
epoch=247/300 lr=0.00100 train_acc=76.71 test_acc=70.22
epoch=248/300 lr=0.00100 train_acc=76.68 test_acc=70.30
epoch=249/300 lr=0.00100 train_acc=76.75 test_acc=70.09
epoch=250/300 lr=0.00100 train_acc=76.67 test_acc=70.26
epoch=251/300 lr=0.00100 train_acc=76.71 test_acc=70.45
epoch=252/300 lr=0.00100 train_acc=77.12 test_acc=70.06
epoch=253/300 lr=0.00100 train_acc=76.95 test_acc=70.06
epoch=254/300 lr=0.00100 train_acc=77.14 test_acc=70.38
epoch=255/300 lr=0.00100 train_acc=76.95 test_acc=70.07
epoch=256/300 lr=0.00100 train_acc=77.14 test_acc=70.21
epoch=257/300 lr=0.00100 train_acc=76.89 test_acc=70.08
epoch=258/300 lr=0.00100 train_acc=76.76 test_acc=70.24
epoch=259/300 lr=0.00100 train_acc=77.26 test_acc=70.13
epoch=260/300 lr=0.00100 train_acc=77.25 test_acc=70.37
epoch=261/300 lr=0.00100 train_acc=77.16 test_acc=70.64
epoch=262/300 lr=0.00100 train_acc=76.97 test_acc=70.43
epoch=263/300 lr=0.00100 train_acc=77.38 test_acc=70.22
epoch=264/300 lr=0.00100 train_acc=77.25 test_acc=70.40
epoch=265/300 lr=0.00100 train_acc=77.37 test_acc=70.52
epoch=266/300 lr=0.00100 train_acc=77.28 test_acc=69.66
epoch=267/300 lr=0.00100 train_acc=77.25 test_acc=70.03
epoch=268/300 lr=0.00100 train_acc=77.02 test_acc=70.25
epoch=269/300 lr=0.00100 train_acc=77.42 test_acc=70.36
epoch=270/300 lr=0.00100 train_acc=77.26 test_acc=70.22
epoch=271/300 lr=0.00100 train_acc=77.54 test_acc=70.06
epoch=272/300 lr=0.00100 train_acc=77.36 test_acc=70.16
epoch=273/300 lr=0.00100 train_acc=77.55 test_acc=70.47
epoch=274/300 lr=0.00100 train_acc=77.68 test_acc=70.20
epoch=275/300 lr=0.00100 train_acc=77.35 test_acc=70.14
epoch=276/300 lr=0.00100 train_acc=77.64 test_acc=69.90
epoch=277/300 lr=0.00100 train_acc=77.59 test_acc=70.27
epoch=278/300 lr=0.00100 train_acc=77.47 test_acc=70.13
epoch=279/300 lr=0.00100 train_acc=77.63 test_acc=70.14
epoch=280/300 lr=0.00100 train_acc=77.57 test_acc=70.26
epoch=281/300 lr=0.00100 train_acc=77.82 test_acc=70.59
epoch=282/300 lr=0.00100 train_acc=77.86 test_acc=70.15
epoch=283/300 lr=0.00100 train_acc=77.55 test_acc=70.10
epoch=284/300 lr=0.00100 train_acc=77.82 test_acc=70.13
epoch=285/300 lr=0.00100 train_acc=77.70 test_acc=70.09
epoch=286/300 lr=0.00100 train_acc=77.80 test_acc=70.06
epoch=287/300 lr=0.00100 train_acc=77.78 test_acc=69.98
epoch=288/300 lr=0.00100 train_acc=77.81 test_acc=70.07
epoch=289/300 lr=0.00100 train_acc=77.65 test_acc=69.85
epoch=290/300 lr=0.00100 train_acc=77.77 test_acc=69.90
epoch=291/300 lr=0.00100 train_acc=77.80 test_acc=70.23
epoch=292/300 lr=0.00100 train_acc=77.89 test_acc=69.58
epoch=293/300 lr=0.00100 train_acc=77.83 test_acc=70.03
epoch=294/300 lr=0.00100 train_acc=78.07 test_acc=69.89
epoch=295/300 lr=0.00100 train_acc=77.94 test_acc=69.84
epoch=296/300 lr=0.00100 train_acc=77.96 test_acc=70.05
epoch=297/300 lr=0.00100 train_acc=77.86 test_acc=69.80
epoch=298/300 lr=0.00100 train_acc=77.80 test_acc=69.41
epoch=299/300 lr=0.00100 train_acc=77.89 test_acc=69.71
epoch=300/300 lr=0.00100 train_acc=77.69 test_acc=70.09
{
  "best_accuracy": 70.64,
  "best_error_rate": 29.36,
  "final_accuracy": 70.09,
  "final_error_rate": 29.909999999999997,
  "elapsed_seconds": 1959.482177734375,
  "is_paper_result": false,
  "note": "New reproduction result; compare against paper target separately."
}
start experiment=cifar100_resnet20_re_paper seed=1003
epoch=1/300 lr=0.10000 train_acc=7.32 test_acc=8.86
epoch=2/300 lr=0.10000 train_acc=12.46 test_acc=13.68
epoch=3/300 lr=0.10000 train_acc=17.44 test_acc=18.63
epoch=4/300 lr=0.10000 train_acc=22.56 test_acc=17.78
epoch=5/300 lr=0.10000 train_acc=27.37 test_acc=26.58
epoch=6/300 lr=0.10000 train_acc=31.04 test_acc=25.59
epoch=7/300 lr=0.10000 train_acc=33.65 test_acc=31.57
epoch=8/300 lr=0.10000 train_acc=36.52 test_acc=34.37
epoch=9/300 lr=0.10000 train_acc=37.71 test_acc=35.99
epoch=10/300 lr=0.10000 train_acc=39.55 test_acc=36.79
epoch=11/300 lr=0.10000 train_acc=40.95 test_acc=37.00
epoch=12/300 lr=0.10000 train_acc=41.31 test_acc=36.05
epoch=13/300 lr=0.10000 train_acc=42.43 test_acc=38.30
epoch=14/300 lr=0.10000 train_acc=42.63 test_acc=43.43
epoch=15/300 lr=0.10000 train_acc=43.80 test_acc=40.11
epoch=16/300 lr=0.10000 train_acc=44.36 test_acc=34.56
epoch=17/300 lr=0.10000 train_acc=44.83 test_acc=41.20
epoch=18/300 lr=0.10000 train_acc=44.86 test_acc=39.79
epoch=19/300 lr=0.10000 train_acc=45.20 test_acc=42.30
epoch=20/300 lr=0.10000 train_acc=45.62 test_acc=40.37
epoch=21/300 lr=0.10000 train_acc=45.80 test_acc=42.98
epoch=22/300 lr=0.10000 train_acc=46.09 test_acc=39.27
epoch=23/300 lr=0.10000 train_acc=46.40 test_acc=40.34
epoch=24/300 lr=0.10000 train_acc=46.94 test_acc=39.42
epoch=25/300 lr=0.10000 train_acc=46.93 test_acc=41.78
epoch=26/300 lr=0.10000 train_acc=47.02 test_acc=43.25
epoch=27/300 lr=0.10000 train_acc=47.17 test_acc=45.50
epoch=28/300 lr=0.10000 train_acc=47.50 test_acc=42.15
epoch=29/300 lr=0.10000 train_acc=47.45 test_acc=44.95
epoch=30/300 lr=0.10000 train_acc=48.02 test_acc=44.26
epoch=31/300 lr=0.10000 train_acc=47.89 test_acc=41.04
epoch=32/300 lr=0.10000 train_acc=48.23 test_acc=41.20
epoch=33/300 lr=0.10000 train_acc=48.05 test_acc=44.60
epoch=34/300 lr=0.10000 train_acc=47.91 test_acc=39.61
epoch=35/300 lr=0.10000 train_acc=48.49 test_acc=40.77
epoch=36/300 lr=0.10000 train_acc=48.34 test_acc=41.23
epoch=37/300 lr=0.10000 train_acc=48.50 test_acc=42.30
epoch=38/300 lr=0.10000 train_acc=48.49 test_acc=47.74
epoch=39/300 lr=0.10000 train_acc=48.72 test_acc=45.07
epoch=40/300 lr=0.10000 train_acc=48.95 test_acc=42.25
epoch=41/300 lr=0.10000 train_acc=48.74 test_acc=44.62
epoch=42/300 lr=0.10000 train_acc=48.73 test_acc=39.57
epoch=43/300 lr=0.10000 train_acc=49.17 test_acc=45.09
epoch=44/300 lr=0.10000 train_acc=48.70 test_acc=41.55
epoch=45/300 lr=0.10000 train_acc=48.93 test_acc=46.52
epoch=46/300 lr=0.10000 train_acc=48.97 test_acc=40.48
epoch=47/300 lr=0.10000 train_acc=49.10 test_acc=47.56
epoch=48/300 lr=0.10000 train_acc=49.60 test_acc=43.51
epoch=49/300 lr=0.10000 train_acc=48.95 test_acc=47.25
epoch=50/300 lr=0.10000 train_acc=49.54 test_acc=45.15
epoch=51/300 lr=0.10000 train_acc=49.66 test_acc=43.86
epoch=52/300 lr=0.10000 train_acc=49.43 test_acc=43.08
epoch=53/300 lr=0.10000 train_acc=49.61 test_acc=42.29
epoch=54/300 lr=0.10000 train_acc=49.89 test_acc=43.33
epoch=55/300 lr=0.10000 train_acc=49.54 test_acc=45.85
epoch=56/300 lr=0.10000 train_acc=49.37 test_acc=42.12
epoch=57/300 lr=0.10000 train_acc=49.75 test_acc=40.83
epoch=58/300 lr=0.10000 train_acc=49.74 test_acc=34.76
epoch=59/300 lr=0.10000 train_acc=49.59 test_acc=44.20
epoch=60/300 lr=0.10000 train_acc=49.49 test_acc=44.75
epoch=61/300 lr=0.10000 train_acc=50.08 test_acc=42.56
epoch=62/300 lr=0.10000 train_acc=49.76 test_acc=44.38
epoch=63/300 lr=0.10000 train_acc=49.70 test_acc=47.83
epoch=64/300 lr=0.10000 train_acc=49.87 test_acc=46.74
epoch=65/300 lr=0.10000 train_acc=49.89 test_acc=41.85
epoch=66/300 lr=0.10000 train_acc=50.15 test_acc=49.60
epoch=67/300 lr=0.10000 train_acc=50.05 test_acc=48.89
epoch=68/300 lr=0.10000 train_acc=50.35 test_acc=44.89
epoch=69/300 lr=0.10000 train_acc=50.31 test_acc=45.47
epoch=70/300 lr=0.10000 train_acc=49.95 test_acc=45.80
epoch=71/300 lr=0.10000 train_acc=50.21 test_acc=45.42
epoch=72/300 lr=0.10000 train_acc=50.33 test_acc=44.47
epoch=73/300 lr=0.10000 train_acc=50.27 test_acc=46.82
epoch=74/300 lr=0.10000 train_acc=50.05 test_acc=45.27
epoch=75/300 lr=0.10000 train_acc=50.34 test_acc=50.99
epoch=76/300 lr=0.10000 train_acc=50.02 test_acc=45.68
epoch=77/300 lr=0.10000 train_acc=50.36 test_acc=42.69
epoch=78/300 lr=0.10000 train_acc=50.29 test_acc=49.17
epoch=79/300 lr=0.10000 train_acc=50.39 test_acc=45.49
epoch=80/300 lr=0.10000 train_acc=50.58 test_acc=45.48
epoch=81/300 lr=0.10000 train_acc=50.40 test_acc=48.31
epoch=82/300 lr=0.10000 train_acc=50.46 test_acc=47.71
epoch=83/300 lr=0.10000 train_acc=50.41 test_acc=39.76
epoch=84/300 lr=0.10000 train_acc=50.48 test_acc=46.48
epoch=85/300 lr=0.10000 train_acc=50.65 test_acc=43.71
epoch=86/300 lr=0.10000 train_acc=50.48 test_acc=47.09
epoch=87/300 lr=0.10000 train_acc=50.72 test_acc=44.92
epoch=88/300 lr=0.10000 train_acc=50.76 test_acc=48.08
epoch=89/300 lr=0.10000 train_acc=50.42 test_acc=46.81
epoch=90/300 lr=0.10000 train_acc=50.35 test_acc=43.23
epoch=91/300 lr=0.10000 train_acc=50.42 test_acc=48.68
epoch=92/300 lr=0.10000 train_acc=50.44 test_acc=43.99
epoch=93/300 lr=0.10000 train_acc=50.75 test_acc=46.16
epoch=94/300 lr=0.10000 train_acc=50.74 test_acc=45.76
epoch=95/300 lr=0.10000 train_acc=50.73 test_acc=45.04
epoch=96/300 lr=0.10000 train_acc=50.73 test_acc=45.35
epoch=97/300 lr=0.10000 train_acc=51.09 test_acc=44.81
epoch=98/300 lr=0.10000 train_acc=50.68 test_acc=45.67
epoch=99/300 lr=0.10000 train_acc=50.59 test_acc=43.85
epoch=100/300 lr=0.10000 train_acc=51.05 test_acc=46.07
epoch=101/300 lr=0.10000 train_acc=50.80 test_acc=47.06
epoch=102/300 lr=0.10000 train_acc=50.93 test_acc=44.73
epoch=103/300 lr=0.10000 train_acc=51.04 test_acc=43.26
epoch=104/300 lr=0.10000 train_acc=50.67 test_acc=43.61
epoch=105/300 lr=0.10000 train_acc=50.87 test_acc=42.86
epoch=106/300 lr=0.10000 train_acc=50.98 test_acc=44.88
epoch=107/300 lr=0.10000 train_acc=50.92 test_acc=46.47
epoch=108/300 lr=0.10000 train_acc=51.07 test_acc=44.38
epoch=109/300 lr=0.10000 train_acc=50.88 test_acc=50.22
epoch=110/300 lr=0.10000 train_acc=50.98 test_acc=45.73
epoch=111/300 lr=0.10000 train_acc=50.98 test_acc=42.73
epoch=112/300 lr=0.10000 train_acc=50.98 test_acc=39.79
epoch=113/300 lr=0.10000 train_acc=50.99 test_acc=44.53
epoch=114/300 lr=0.10000 train_acc=51.33 test_acc=49.61
epoch=115/300 lr=0.10000 train_acc=51.16 test_acc=45.14
epoch=116/300 lr=0.10000 train_acc=50.92 test_acc=47.28
epoch=117/300 lr=0.10000 train_acc=50.90 test_acc=46.21
epoch=118/300 lr=0.10000 train_acc=50.70 test_acc=43.00
epoch=119/300 lr=0.10000 train_acc=50.80 test_acc=45.92
epoch=120/300 lr=0.10000 train_acc=51.07 test_acc=47.28
epoch=121/300 lr=0.10000 train_acc=51.14 test_acc=46.58
epoch=122/300 lr=0.10000 train_acc=50.86 test_acc=45.71
epoch=123/300 lr=0.10000 train_acc=50.70 test_acc=47.44
epoch=124/300 lr=0.10000 train_acc=50.90 test_acc=44.20
epoch=125/300 lr=0.10000 train_acc=51.16 test_acc=43.90
epoch=126/300 lr=0.10000 train_acc=51.31 test_acc=47.72
epoch=127/300 lr=0.10000 train_acc=51.19 test_acc=49.38
epoch=128/300 lr=0.10000 train_acc=51.22 test_acc=47.71
epoch=129/300 lr=0.10000 train_acc=51.07 test_acc=38.56
epoch=130/300 lr=0.10000 train_acc=51.09 test_acc=50.00
epoch=131/300 lr=0.10000 train_acc=51.33 test_acc=49.37
epoch=132/300 lr=0.10000 train_acc=51.18 test_acc=47.60
epoch=133/300 lr=0.10000 train_acc=50.93 test_acc=41.83
epoch=134/300 lr=0.10000 train_acc=51.22 test_acc=37.27
epoch=135/300 lr=0.10000 train_acc=51.00 test_acc=42.91
epoch=136/300 lr=0.10000 train_acc=51.27 test_acc=50.82
epoch=137/300 lr=0.10000 train_acc=51.35 test_acc=42.64
epoch=138/300 lr=0.10000 train_acc=51.18 test_acc=48.29
epoch=139/300 lr=0.10000 train_acc=51.11 test_acc=45.59
epoch=140/300 lr=0.10000 train_acc=50.98 test_acc=49.55
epoch=141/300 lr=0.10000 train_acc=51.15 test_acc=46.28
epoch=142/300 lr=0.10000 train_acc=51.17 test_acc=40.39
epoch=143/300 lr=0.10000 train_acc=51.38 test_acc=45.80
epoch=144/300 lr=0.10000 train_acc=50.91 test_acc=47.41
epoch=145/300 lr=0.10000 train_acc=51.41 test_acc=48.14
epoch=146/300 lr=0.10000 train_acc=51.34 test_acc=49.80
epoch=147/300 lr=0.10000 train_acc=51.32 test_acc=47.05
epoch=148/300 lr=0.10000 train_acc=51.31 test_acc=45.83
epoch=149/300 lr=0.10000 train_acc=51.64 test_acc=48.33
epoch=150/300 lr=0.10000 train_acc=51.49 test_acc=44.21
epoch=151/300 lr=0.01000 train_acc=60.67 test_acc=63.81
epoch=152/300 lr=0.01000 train_acc=63.68 test_acc=64.46
epoch=153/300 lr=0.01000 train_acc=64.41 test_acc=64.82
epoch=154/300 lr=0.01000 train_acc=65.17 test_acc=65.14
epoch=155/300 lr=0.01000 train_acc=65.96 test_acc=65.46
epoch=156/300 lr=0.01000 train_acc=66.15 test_acc=65.43
epoch=157/300 lr=0.01000 train_acc=66.29 test_acc=65.46
epoch=158/300 lr=0.01000 train_acc=66.45 test_acc=64.97
epoch=159/300 lr=0.01000 train_acc=67.14 test_acc=65.94
epoch=160/300 lr=0.01000 train_acc=67.03 test_acc=65.84
epoch=161/300 lr=0.01000 train_acc=67.50 test_acc=65.58
epoch=162/300 lr=0.01000 train_acc=67.43 test_acc=65.52
epoch=163/300 lr=0.01000 train_acc=67.43 test_acc=66.39
epoch=164/300 lr=0.01000 train_acc=67.44 test_acc=65.59
epoch=165/300 lr=0.01000 train_acc=67.71 test_acc=65.60
epoch=166/300 lr=0.01000 train_acc=67.89 test_acc=65.61
epoch=167/300 lr=0.01000 train_acc=67.95 test_acc=65.94
epoch=168/300 lr=0.01000 train_acc=68.09 test_acc=65.48
epoch=169/300 lr=0.01000 train_acc=67.81 test_acc=64.28
epoch=170/300 lr=0.01000 train_acc=67.85 test_acc=65.44
epoch=171/300 lr=0.01000 train_acc=67.74 test_acc=64.40
epoch=172/300 lr=0.01000 train_acc=68.08 test_acc=64.89
epoch=173/300 lr=0.01000 train_acc=68.02 test_acc=64.72
epoch=174/300 lr=0.01000 train_acc=68.07 test_acc=64.62
epoch=175/300 lr=0.01000 train_acc=68.20 test_acc=65.84
epoch=176/300 lr=0.01000 train_acc=67.69 test_acc=64.46
epoch=177/300 lr=0.01000 train_acc=67.85 test_acc=64.35
epoch=178/300 lr=0.01000 train_acc=67.93 test_acc=64.61
epoch=179/300 lr=0.01000 train_acc=67.88 test_acc=64.63
epoch=180/300 lr=0.01000 train_acc=67.82 test_acc=64.63
epoch=181/300 lr=0.01000 train_acc=68.07 test_acc=65.60
epoch=182/300 lr=0.01000 train_acc=68.11 test_acc=64.88
epoch=183/300 lr=0.01000 train_acc=67.79 test_acc=64.28
epoch=184/300 lr=0.01000 train_acc=67.98 test_acc=64.28
epoch=185/300 lr=0.01000 train_acc=68.34 test_acc=64.20
epoch=186/300 lr=0.01000 train_acc=68.02 test_acc=63.45
epoch=187/300 lr=0.01000 train_acc=68.14 test_acc=64.57
epoch=188/300 lr=0.01000 train_acc=67.82 test_acc=62.70
epoch=189/300 lr=0.01000 train_acc=68.18 test_acc=63.52
epoch=190/300 lr=0.01000 train_acc=68.23 test_acc=64.11
epoch=191/300 lr=0.01000 train_acc=68.31 test_acc=63.34
epoch=192/300 lr=0.01000 train_acc=68.11 test_acc=63.78
epoch=193/300 lr=0.01000 train_acc=67.76 test_acc=63.67
epoch=194/300 lr=0.01000 train_acc=67.96 test_acc=63.10
epoch=195/300 lr=0.01000 train_acc=67.82 test_acc=63.16
epoch=196/300 lr=0.01000 train_acc=68.23 test_acc=64.89
epoch=197/300 lr=0.01000 train_acc=68.27 test_acc=61.94
epoch=198/300 lr=0.01000 train_acc=67.97 test_acc=64.51
epoch=199/300 lr=0.01000 train_acc=68.24 test_acc=64.27
epoch=200/300 lr=0.01000 train_acc=68.38 test_acc=65.04
epoch=201/300 lr=0.01000 train_acc=68.09 test_acc=64.23
epoch=202/300 lr=0.01000 train_acc=68.22 test_acc=63.70
epoch=203/300 lr=0.01000 train_acc=68.53 test_acc=63.94
epoch=204/300 lr=0.01000 train_acc=68.27 test_acc=62.45
epoch=205/300 lr=0.01000 train_acc=68.58 test_acc=63.56
epoch=206/300 lr=0.01000 train_acc=68.29 test_acc=63.35
epoch=207/300 lr=0.01000 train_acc=68.39 test_acc=63.05
epoch=208/300 lr=0.01000 train_acc=68.48 test_acc=63.59
epoch=209/300 lr=0.01000 train_acc=68.11 test_acc=64.47
epoch=210/300 lr=0.01000 train_acc=68.87 test_acc=64.27
epoch=211/300 lr=0.01000 train_acc=68.48 test_acc=63.33
epoch=212/300 lr=0.01000 train_acc=68.57 test_acc=64.58
epoch=213/300 lr=0.01000 train_acc=68.17 test_acc=64.24
epoch=214/300 lr=0.01000 train_acc=68.64 test_acc=63.36
epoch=215/300 lr=0.01000 train_acc=69.03 test_acc=63.62
epoch=216/300 lr=0.01000 train_acc=68.47 test_acc=60.49
epoch=217/300 lr=0.01000 train_acc=68.55 test_acc=63.35
epoch=218/300 lr=0.01000 train_acc=68.68 test_acc=63.66
epoch=219/300 lr=0.01000 train_acc=68.34 test_acc=62.74
epoch=220/300 lr=0.01000 train_acc=68.71 test_acc=62.58
epoch=221/300 lr=0.01000 train_acc=68.44 test_acc=65.82
epoch=222/300 lr=0.01000 train_acc=68.60 test_acc=61.73
epoch=223/300 lr=0.01000 train_acc=68.95 test_acc=62.05
epoch=224/300 lr=0.01000 train_acc=68.59 test_acc=64.20
epoch=225/300 lr=0.01000 train_acc=68.76 test_acc=62.88
epoch=226/300 lr=0.00100 train_acc=72.57 test_acc=68.95
epoch=227/300 lr=0.00100 train_acc=74.22 test_acc=68.83
epoch=228/300 lr=0.00100 train_acc=74.63 test_acc=69.03
epoch=229/300 lr=0.00100 train_acc=74.97 test_acc=69.53
epoch=230/300 lr=0.00100 train_acc=74.99 test_acc=69.22
epoch=231/300 lr=0.00100 train_acc=75.45 test_acc=68.97
epoch=232/300 lr=0.00100 train_acc=75.48 test_acc=69.36
epoch=233/300 lr=0.00100 train_acc=75.63 test_acc=69.82
epoch=234/300 lr=0.00100 train_acc=75.93 test_acc=69.80
epoch=235/300 lr=0.00100 train_acc=76.00 test_acc=69.59
epoch=236/300 lr=0.00100 train_acc=76.07 test_acc=69.40
epoch=237/300 lr=0.00100 train_acc=76.26 test_acc=69.47
epoch=238/300 lr=0.00100 train_acc=76.08 test_acc=69.66
epoch=239/300 lr=0.00100 train_acc=76.24 test_acc=69.50
epoch=240/300 lr=0.00100 train_acc=76.45 test_acc=69.55
epoch=241/300 lr=0.00100 train_acc=76.44 test_acc=69.54
epoch=242/300 lr=0.00100 train_acc=76.43 test_acc=69.69
epoch=243/300 lr=0.00100 train_acc=76.57 test_acc=69.35
epoch=244/300 lr=0.00100 train_acc=76.49 test_acc=69.57
epoch=245/300 lr=0.00100 train_acc=76.39 test_acc=69.71
epoch=246/300 lr=0.00100 train_acc=76.57 test_acc=69.53
epoch=247/300 lr=0.00100 train_acc=76.65 test_acc=69.82
epoch=248/300 lr=0.00100 train_acc=76.86 test_acc=69.48
epoch=249/300 lr=0.00100 train_acc=77.06 test_acc=69.90
epoch=250/300 lr=0.00100 train_acc=76.75 test_acc=69.91
epoch=251/300 lr=0.00100 train_acc=77.00 test_acc=69.95
epoch=252/300 lr=0.00100 train_acc=77.18 test_acc=70.15
epoch=253/300 lr=0.00100 train_acc=76.51 test_acc=69.86
epoch=254/300 lr=0.00100 train_acc=77.04 test_acc=69.82
epoch=255/300 lr=0.00100 train_acc=77.12 test_acc=69.81
epoch=256/300 lr=0.00100 train_acc=77.39 test_acc=69.22
epoch=257/300 lr=0.00100 train_acc=77.22 test_acc=69.48
epoch=258/300 lr=0.00100 train_acc=77.33 test_acc=69.71
epoch=259/300 lr=0.00100 train_acc=77.40 test_acc=69.67
epoch=260/300 lr=0.00100 train_acc=77.06 test_acc=69.63
epoch=261/300 lr=0.00100 train_acc=77.37 test_acc=69.56
epoch=262/300 lr=0.00100 train_acc=77.38 test_acc=70.00
epoch=263/300 lr=0.00100 train_acc=77.50 test_acc=69.40
epoch=264/300 lr=0.00100 train_acc=77.13 test_acc=69.91
epoch=265/300 lr=0.00100 train_acc=77.43 test_acc=69.46
epoch=266/300 lr=0.00100 train_acc=77.32 test_acc=69.74
epoch=267/300 lr=0.00100 train_acc=77.44 test_acc=69.66
epoch=268/300 lr=0.00100 train_acc=77.55 test_acc=69.77
epoch=269/300 lr=0.00100 train_acc=77.63 test_acc=69.65
epoch=270/300 lr=0.00100 train_acc=77.82 test_acc=69.82
epoch=271/300 lr=0.00100 train_acc=77.48 test_acc=69.43
epoch=272/300 lr=0.00100 train_acc=77.39 test_acc=69.85
epoch=273/300 lr=0.00100 train_acc=77.44 test_acc=69.54
epoch=274/300 lr=0.00100 train_acc=77.71 test_acc=69.73
epoch=275/300 lr=0.00100 train_acc=78.10 test_acc=69.61
epoch=276/300 lr=0.00100 train_acc=77.64 test_acc=69.84
epoch=277/300 lr=0.00100 train_acc=77.51 test_acc=69.95
epoch=278/300 lr=0.00100 train_acc=77.80 test_acc=69.70
epoch=279/300 lr=0.00100 train_acc=77.94 test_acc=69.58
epoch=280/300 lr=0.00100 train_acc=77.90 test_acc=69.51
epoch=281/300 lr=0.00100 train_acc=77.99 test_acc=69.97
epoch=282/300 lr=0.00100 train_acc=77.80 test_acc=69.65
epoch=283/300 lr=0.00100 train_acc=77.88 test_acc=69.44
epoch=284/300 lr=0.00100 train_acc=77.65 test_acc=69.56
epoch=285/300 lr=0.00100 train_acc=77.71 test_acc=69.65
epoch=286/300 lr=0.00100 train_acc=78.15 test_acc=69.35
epoch=287/300 lr=0.00100 train_acc=78.21 test_acc=69.45
epoch=288/300 lr=0.00100 train_acc=77.68 test_acc=69.28
epoch=289/300 lr=0.00100 train_acc=77.97 test_acc=69.51
epoch=290/300 lr=0.00100 train_acc=77.87 test_acc=69.47
epoch=291/300 lr=0.00100 train_acc=78.12 test_acc=69.76
epoch=292/300 lr=0.00100 train_acc=78.02 test_acc=69.53
epoch=293/300 lr=0.00100 train_acc=78.13 test_acc=69.45
epoch=294/300 lr=0.00100 train_acc=78.23 test_acc=69.73
epoch=295/300 lr=0.00100 train_acc=78.00 test_acc=69.36
epoch=296/300 lr=0.00100 train_acc=78.11 test_acc=69.45
epoch=297/300 lr=0.00100 train_acc=77.98 test_acc=69.44
epoch=298/300 lr=0.00100 train_acc=77.88 test_acc=69.72
epoch=299/300 lr=0.00100 train_acc=78.36 test_acc=69.65
epoch=300/300 lr=0.00100 train_acc=78.01 test_acc=69.69
{
  "best_accuracy": 70.15,
  "best_error_rate": 29.849999999999994,
  "final_accuracy": 69.69,
  "final_error_rate": 30.310000000000002,
  "elapsed_seconds": 1990.7148742675781,
  "is_paper_result": false,
  "note": "New reproduction result; compare against paper target separately."
}
start experiment=cifar100_resnet20_re_paper seed=1004
epoch=1/300 lr=0.10000 train_acc=7.13 test_acc=9.46
epoch=2/300 lr=0.10000 train_acc=13.04 test_acc=16.78
epoch=3/300 lr=0.10000 train_acc=18.74 test_acc=20.71
epoch=4/300 lr=0.10000 train_acc=24.39 test_acc=20.72
epoch=5/300 lr=0.10000 train_acc=28.76 test_acc=26.81
epoch=6/300 lr=0.10000 train_acc=32.11 test_acc=29.80
epoch=7/300 lr=0.10000 train_acc=34.89 test_acc=25.31
epoch=8/300 lr=0.10000 train_acc=37.11 test_acc=31.41
epoch=9/300 lr=0.10000 train_acc=38.80 test_acc=39.53
epoch=10/300 lr=0.10000 train_acc=40.26 test_acc=39.70
epoch=11/300 lr=0.10000 train_acc=41.47 test_acc=36.97
epoch=12/300 lr=0.10000 train_acc=41.99 test_acc=38.08
epoch=13/300 lr=0.10000 train_acc=42.65 test_acc=37.28
epoch=14/300 lr=0.10000 train_acc=43.55 test_acc=39.08
epoch=15/300 lr=0.10000 train_acc=43.82 test_acc=33.15
epoch=16/300 lr=0.10000 train_acc=44.56 test_acc=34.28
epoch=17/300 lr=0.10000 train_acc=44.59 test_acc=40.60
epoch=18/300 lr=0.10000 train_acc=45.23 test_acc=40.86
epoch=19/300 lr=0.10000 train_acc=45.72 test_acc=42.81
epoch=20/300 lr=0.10000 train_acc=45.66 test_acc=46.85
epoch=21/300 lr=0.10000 train_acc=46.06 test_acc=46.54
epoch=22/300 lr=0.10000 train_acc=46.23 test_acc=45.63
epoch=23/300 lr=0.10000 train_acc=46.32 test_acc=42.58
epoch=24/300 lr=0.10000 train_acc=46.90 test_acc=40.11
epoch=25/300 lr=0.10000 train_acc=46.99 test_acc=43.44
epoch=26/300 lr=0.10000 train_acc=46.92 test_acc=35.99
epoch=27/300 lr=0.10000 train_acc=47.30 test_acc=44.32
epoch=28/300 lr=0.10000 train_acc=47.19 test_acc=43.25
epoch=29/300 lr=0.10000 train_acc=47.58 test_acc=40.23
epoch=30/300 lr=0.10000 train_acc=47.60 test_acc=39.46
epoch=31/300 lr=0.10000 train_acc=47.84 test_acc=46.15
epoch=32/300 lr=0.10000 train_acc=48.26 test_acc=36.82
epoch=33/300 lr=0.10000 train_acc=47.89 test_acc=46.37
epoch=34/300 lr=0.10000 train_acc=48.17 test_acc=43.61
epoch=35/300 lr=0.10000 train_acc=48.08 test_acc=36.27
epoch=36/300 lr=0.10000 train_acc=48.34 test_acc=47.69
epoch=37/300 lr=0.10000 train_acc=48.12 test_acc=42.94
epoch=38/300 lr=0.10000 train_acc=48.74 test_acc=46.87
epoch=39/300 lr=0.10000 train_acc=48.23 test_acc=44.61
epoch=40/300 lr=0.10000 train_acc=49.04 test_acc=44.81
epoch=41/300 lr=0.10000 train_acc=48.92 test_acc=46.58
epoch=42/300 lr=0.10000 train_acc=48.78 test_acc=47.28
epoch=43/300 lr=0.10000 train_acc=49.00 test_acc=48.35
epoch=44/300 lr=0.10000 train_acc=49.15 test_acc=44.78
epoch=45/300 lr=0.10000 train_acc=48.79 test_acc=43.47
epoch=46/300 lr=0.10000 train_acc=49.44 test_acc=47.69
epoch=47/300 lr=0.10000 train_acc=49.17 test_acc=47.32
epoch=48/300 lr=0.10000 train_acc=49.55 test_acc=47.21
epoch=49/300 lr=0.10000 train_acc=49.61 test_acc=45.53
epoch=50/300 lr=0.10000 train_acc=49.57 test_acc=47.40
epoch=51/300 lr=0.10000 train_acc=49.33 test_acc=44.80
epoch=52/300 lr=0.10000 train_acc=49.39 test_acc=46.22
epoch=53/300 lr=0.10000 train_acc=49.56 test_acc=44.00
epoch=54/300 lr=0.10000 train_acc=49.51 test_acc=46.31
epoch=55/300 lr=0.10000 train_acc=49.47 test_acc=47.52
epoch=56/300 lr=0.10000 train_acc=49.78 test_acc=46.22
epoch=57/300 lr=0.10000 train_acc=49.87 test_acc=36.33
epoch=58/300 lr=0.10000 train_acc=49.79 test_acc=42.39
epoch=59/300 lr=0.10000 train_acc=49.65 test_acc=44.05
epoch=60/300 lr=0.10000 train_acc=49.90 test_acc=46.66
epoch=61/300 lr=0.10000 train_acc=49.88 test_acc=48.02
epoch=62/300 lr=0.10000 train_acc=50.14 test_acc=45.31
epoch=63/300 lr=0.10000 train_acc=49.60 test_acc=35.08
epoch=64/300 lr=0.10000 train_acc=50.06 test_acc=46.87
epoch=65/300 lr=0.10000 train_acc=50.16 test_acc=46.15
epoch=66/300 lr=0.10000 train_acc=50.15 test_acc=37.53
epoch=67/300 lr=0.10000 train_acc=50.17 test_acc=47.51
epoch=68/300 lr=0.10000 train_acc=50.03 test_acc=46.31
epoch=69/300 lr=0.10000 train_acc=50.29 test_acc=42.60
epoch=70/300 lr=0.10000 train_acc=50.07 test_acc=41.41
epoch=71/300 lr=0.10000 train_acc=50.15 test_acc=45.44
epoch=72/300 lr=0.10000 train_acc=49.67 test_acc=49.54
epoch=73/300 lr=0.10000 train_acc=50.40 test_acc=42.27
epoch=74/300 lr=0.10000 train_acc=50.16 test_acc=44.37
epoch=75/300 lr=0.10000 train_acc=50.46 test_acc=35.59
epoch=76/300 lr=0.10000 train_acc=50.42 test_acc=48.35
epoch=77/300 lr=0.10000 train_acc=50.37 test_acc=39.80
epoch=78/300 lr=0.10000 train_acc=50.23 test_acc=42.60
epoch=79/300 lr=0.10000 train_acc=50.24 test_acc=46.84
epoch=80/300 lr=0.10000 train_acc=50.34 test_acc=44.27
epoch=81/300 lr=0.10000 train_acc=50.60 test_acc=49.19
epoch=82/300 lr=0.10000 train_acc=50.35 test_acc=41.41
epoch=83/300 lr=0.10000 train_acc=50.47 test_acc=46.37
epoch=84/300 lr=0.10000 train_acc=50.10 test_acc=46.12
epoch=85/300 lr=0.10000 train_acc=50.82 test_acc=48.32
epoch=86/300 lr=0.10000 train_acc=50.34 test_acc=49.44
epoch=87/300 lr=0.10000 train_acc=50.90 test_acc=45.99
epoch=88/300 lr=0.10000 train_acc=50.16 test_acc=45.81
epoch=89/300 lr=0.10000 train_acc=50.69 test_acc=44.05
epoch=90/300 lr=0.10000 train_acc=50.52 test_acc=43.40
epoch=91/300 lr=0.10000 train_acc=50.92 test_acc=45.02
epoch=92/300 lr=0.10000 train_acc=50.50 test_acc=49.06
epoch=93/300 lr=0.10000 train_acc=50.69 test_acc=40.41
epoch=94/300 lr=0.10000 train_acc=50.96 test_acc=47.75
epoch=95/300 lr=0.10000 train_acc=50.65 test_acc=47.54
epoch=96/300 lr=0.10000 train_acc=50.60 test_acc=46.78
epoch=97/300 lr=0.10000 train_acc=50.64 test_acc=48.94
epoch=98/300 lr=0.10000 train_acc=50.72 test_acc=44.30
epoch=99/300 lr=0.10000 train_acc=50.43 test_acc=41.92
epoch=100/300 lr=0.10000 train_acc=50.55 test_acc=43.27
epoch=101/300 lr=0.10000 train_acc=50.50 test_acc=48.11
epoch=102/300 lr=0.10000 train_acc=51.01 test_acc=44.57
epoch=103/300 lr=0.10000 train_acc=50.68 test_acc=44.22
epoch=104/300 lr=0.10000 train_acc=50.98 test_acc=46.54
epoch=105/300 lr=0.10000 train_acc=50.70 test_acc=48.99
epoch=106/300 lr=0.10000 train_acc=50.73 test_acc=45.04
epoch=107/300 lr=0.10000 train_acc=50.86 test_acc=47.76
epoch=108/300 lr=0.10000 train_acc=50.70 test_acc=46.83
epoch=109/300 lr=0.10000 train_acc=50.49 test_acc=45.78
epoch=110/300 lr=0.10000 train_acc=50.75 test_acc=46.19
epoch=111/300 lr=0.10000 train_acc=50.72 test_acc=45.12
epoch=112/300 lr=0.10000 train_acc=50.64 test_acc=37.53
epoch=113/300 lr=0.10000 train_acc=50.59 test_acc=46.06
epoch=114/300 lr=0.10000 train_acc=51.14 test_acc=48.71
epoch=115/300 lr=0.10000 train_acc=50.90 test_acc=44.69
epoch=116/300 lr=0.10000 train_acc=51.19 test_acc=47.17
epoch=117/300 lr=0.10000 train_acc=51.21 test_acc=44.22
epoch=118/300 lr=0.10000 train_acc=51.11 test_acc=47.63
epoch=119/300 lr=0.10000 train_acc=51.03 test_acc=42.99
epoch=120/300 lr=0.10000 train_acc=51.38 test_acc=46.61
epoch=121/300 lr=0.10000 train_acc=50.82 test_acc=44.59
epoch=122/300 lr=0.10000 train_acc=50.65 test_acc=45.90
epoch=123/300 lr=0.10000 train_acc=50.83 test_acc=42.93
epoch=124/300 lr=0.10000 train_acc=51.14 test_acc=46.98
epoch=125/300 lr=0.10000 train_acc=51.00 test_acc=42.62
epoch=126/300 lr=0.10000 train_acc=51.15 test_acc=48.66
epoch=127/300 lr=0.10000 train_acc=50.98 test_acc=38.56
epoch=128/300 lr=0.10000 train_acc=51.16 test_acc=47.75
epoch=129/300 lr=0.10000 train_acc=50.87 test_acc=47.72
epoch=130/300 lr=0.10000 train_acc=51.06 test_acc=43.39
epoch=131/300 lr=0.10000 train_acc=51.12 test_acc=45.69
epoch=132/300 lr=0.10000 train_acc=51.32 test_acc=46.88
epoch=133/300 lr=0.10000 train_acc=51.01 test_acc=48.62
epoch=134/300 lr=0.10000 train_acc=50.96 test_acc=40.03
epoch=135/300 lr=0.10000 train_acc=50.98 test_acc=49.07
epoch=136/300 lr=0.10000 train_acc=51.51 test_acc=48.17
epoch=137/300 lr=0.10000 train_acc=51.02 test_acc=46.17
epoch=138/300 lr=0.10000 train_acc=51.17 test_acc=45.49
epoch=139/300 lr=0.10000 train_acc=50.96 test_acc=47.87
epoch=140/300 lr=0.10000 train_acc=51.34 test_acc=48.30
epoch=141/300 lr=0.10000 train_acc=51.59 test_acc=45.36
epoch=142/300 lr=0.10000 train_acc=50.97 test_acc=46.20
epoch=143/300 lr=0.10000 train_acc=51.31 test_acc=42.18
epoch=144/300 lr=0.10000 train_acc=51.49 test_acc=41.24
epoch=145/300 lr=0.10000 train_acc=51.24 test_acc=41.46
epoch=146/300 lr=0.10000 train_acc=51.24 test_acc=51.50
epoch=147/300 lr=0.10000 train_acc=51.27 test_acc=49.81
epoch=148/300 lr=0.10000 train_acc=51.41 test_acc=47.84
epoch=149/300 lr=0.10000 train_acc=51.62 test_acc=46.25
epoch=150/300 lr=0.10000 train_acc=51.01 test_acc=49.29
epoch=151/300 lr=0.01000 train_acc=60.80 test_acc=63.45
epoch=152/300 lr=0.01000 train_acc=63.49 test_acc=64.66
epoch=153/300 lr=0.01000 train_acc=64.90 test_acc=64.94
epoch=154/300 lr=0.01000 train_acc=65.31 test_acc=65.33
epoch=155/300 lr=0.01000 train_acc=65.46 test_acc=65.32
epoch=156/300 lr=0.01000 train_acc=66.08 test_acc=65.94
epoch=157/300 lr=0.01000 train_acc=66.15 test_acc=65.39
epoch=158/300 lr=0.01000 train_acc=66.22 test_acc=65.13
epoch=159/300 lr=0.01000 train_acc=66.84 test_acc=65.20
epoch=160/300 lr=0.01000 train_acc=67.07 test_acc=65.39
epoch=161/300 lr=0.01000 train_acc=67.01 test_acc=65.26
epoch=162/300 lr=0.01000 train_acc=67.16 test_acc=64.85
epoch=163/300 lr=0.01000 train_acc=67.28 test_acc=65.10
epoch=164/300 lr=0.01000 train_acc=67.79 test_acc=65.84
epoch=165/300 lr=0.01000 train_acc=67.61 test_acc=65.84
epoch=166/300 lr=0.01000 train_acc=67.76 test_acc=65.51
epoch=167/300 lr=0.01000 train_acc=67.55 test_acc=64.18
epoch=168/300 lr=0.01000 train_acc=67.97 test_acc=64.89
epoch=169/300 lr=0.01000 train_acc=67.72 test_acc=64.90
epoch=170/300 lr=0.01000 train_acc=67.74 test_acc=65.25
epoch=171/300 lr=0.01000 train_acc=68.04 test_acc=65.52
epoch=172/300 lr=0.01000 train_acc=67.55 test_acc=65.94
epoch=173/300 lr=0.01000 train_acc=67.67 test_acc=64.10
epoch=174/300 lr=0.01000 train_acc=67.92 test_acc=64.41
epoch=175/300 lr=0.01000 train_acc=68.16 test_acc=63.97
epoch=176/300 lr=0.01000 train_acc=68.33 test_acc=64.49
epoch=177/300 lr=0.01000 train_acc=67.72 test_acc=63.09
epoch=178/300 lr=0.01000 train_acc=68.04 test_acc=64.40
epoch=179/300 lr=0.01000 train_acc=68.12 test_acc=63.95
epoch=180/300 lr=0.01000 train_acc=67.89 test_acc=64.14
epoch=181/300 lr=0.01000 train_acc=68.01 test_acc=63.96
epoch=182/300 lr=0.01000 train_acc=68.11 test_acc=63.36
epoch=183/300 lr=0.01000 train_acc=67.95 test_acc=64.14
epoch=184/300 lr=0.01000 train_acc=67.99 test_acc=63.82
epoch=185/300 lr=0.01000 train_acc=67.77 test_acc=62.94
epoch=186/300 lr=0.01000 train_acc=67.89 test_acc=63.52
epoch=187/300 lr=0.01000 train_acc=67.75 test_acc=64.38
epoch=188/300 lr=0.01000 train_acc=67.80 test_acc=64.12
epoch=189/300 lr=0.01000 train_acc=68.20 test_acc=62.69
epoch=190/300 lr=0.01000 train_acc=68.02 test_acc=64.32
epoch=191/300 lr=0.01000 train_acc=67.98 test_acc=63.68
epoch=192/300 lr=0.01000 train_acc=68.05 test_acc=63.74
epoch=193/300 lr=0.01000 train_acc=67.91 test_acc=64.47
epoch=194/300 lr=0.01000 train_acc=68.26 test_acc=63.94
epoch=195/300 lr=0.01000 train_acc=67.90 test_acc=63.73
epoch=196/300 lr=0.01000 train_acc=68.15 test_acc=63.95
epoch=197/300 lr=0.01000 train_acc=68.22 test_acc=64.51
epoch=198/300 lr=0.01000 train_acc=68.16 test_acc=64.42
epoch=199/300 lr=0.01000 train_acc=68.20 test_acc=64.31
epoch=200/300 lr=0.01000 train_acc=68.32 test_acc=62.09
epoch=201/300 lr=0.01000 train_acc=67.95 test_acc=62.79
epoch=202/300 lr=0.01000 train_acc=68.50 test_acc=63.99
epoch=203/300 lr=0.01000 train_acc=68.47 test_acc=63.41
epoch=204/300 lr=0.01000 train_acc=68.41 test_acc=64.56
epoch=205/300 lr=0.01000 train_acc=68.56 test_acc=62.89
epoch=206/300 lr=0.01000 train_acc=68.32 test_acc=61.28
epoch=207/300 lr=0.01000 train_acc=68.34 test_acc=63.44
epoch=208/300 lr=0.01000 train_acc=68.41 test_acc=63.70
epoch=209/300 lr=0.01000 train_acc=68.38 test_acc=63.30
epoch=210/300 lr=0.01000 train_acc=68.54 test_acc=63.66
epoch=211/300 lr=0.01000 train_acc=68.28 test_acc=64.16
epoch=212/300 lr=0.01000 train_acc=68.35 test_acc=64.42
epoch=213/300 lr=0.01000 train_acc=68.38 test_acc=64.20
epoch=214/300 lr=0.01000 train_acc=68.48 test_acc=63.40
epoch=215/300 lr=0.01000 train_acc=68.12 test_acc=63.25
epoch=216/300 lr=0.01000 train_acc=68.43 test_acc=63.91
epoch=217/300 lr=0.01000 train_acc=68.66 test_acc=63.17
epoch=218/300 lr=0.01000 train_acc=68.87 test_acc=63.07
epoch=219/300 lr=0.01000 train_acc=68.81 test_acc=64.44
epoch=220/300 lr=0.01000 train_acc=68.42 test_acc=64.37
epoch=221/300 lr=0.01000 train_acc=68.47 test_acc=63.08
epoch=222/300 lr=0.01000 train_acc=68.76 test_acc=63.40
epoch=223/300 lr=0.01000 train_acc=68.53 test_acc=63.74
epoch=224/300 lr=0.01000 train_acc=68.59 test_acc=62.40
epoch=225/300 lr=0.01000 train_acc=68.40 test_acc=63.23
epoch=226/300 lr=0.00100 train_acc=72.55 test_acc=68.74
epoch=227/300 lr=0.00100 train_acc=74.19 test_acc=69.36
epoch=228/300 lr=0.00100 train_acc=74.73 test_acc=69.03
epoch=229/300 lr=0.00100 train_acc=75.07 test_acc=69.45
epoch=230/300 lr=0.00100 train_acc=75.21 test_acc=69.63
epoch=231/300 lr=0.00100 train_acc=75.44 test_acc=69.39
epoch=232/300 lr=0.00100 train_acc=75.32 test_acc=69.36
epoch=233/300 lr=0.00100 train_acc=75.62 test_acc=69.30
epoch=234/300 lr=0.00100 train_acc=75.81 test_acc=69.38
epoch=235/300 lr=0.00100 train_acc=75.85 test_acc=69.30
epoch=236/300 lr=0.00100 train_acc=75.92 test_acc=69.43
epoch=237/300 lr=0.00100 train_acc=76.07 test_acc=69.30
epoch=238/300 lr=0.00100 train_acc=76.05 test_acc=69.43
epoch=239/300 lr=0.00100 train_acc=76.11 test_acc=69.17
epoch=240/300 lr=0.00100 train_acc=76.06 test_acc=69.48
epoch=241/300 lr=0.00100 train_acc=76.43 test_acc=69.52
epoch=242/300 lr=0.00100 train_acc=76.17 test_acc=69.21
epoch=243/300 lr=0.00100 train_acc=76.59 test_acc=69.39
epoch=244/300 lr=0.00100 train_acc=76.62 test_acc=69.52
epoch=245/300 lr=0.00100 train_acc=76.58 test_acc=69.77
epoch=246/300 lr=0.00100 train_acc=76.60 test_acc=69.54
epoch=247/300 lr=0.00100 train_acc=76.59 test_acc=69.86
epoch=248/300 lr=0.00100 train_acc=76.74 test_acc=69.33
epoch=249/300 lr=0.00100 train_acc=76.87 test_acc=69.42
epoch=250/300 lr=0.00100 train_acc=76.94 test_acc=69.15
epoch=251/300 lr=0.00100 train_acc=76.70 test_acc=69.61
epoch=252/300 lr=0.00100 train_acc=77.22 test_acc=69.41
epoch=253/300 lr=0.00100 train_acc=76.94 test_acc=69.32
epoch=254/300 lr=0.00100 train_acc=76.85 test_acc=69.27
epoch=255/300 lr=0.00100 train_acc=76.78 test_acc=69.41
epoch=256/300 lr=0.00100 train_acc=76.97 test_acc=69.30
epoch=257/300 lr=0.00100 train_acc=76.76 test_acc=69.02
epoch=258/300 lr=0.00100 train_acc=77.24 test_acc=69.22
epoch=259/300 lr=0.00100 train_acc=76.95 test_acc=69.12
epoch=260/300 lr=0.00100 train_acc=77.01 test_acc=69.22
epoch=261/300 lr=0.00100 train_acc=77.33 test_acc=69.39
epoch=262/300 lr=0.00100 train_acc=77.40 test_acc=69.27
epoch=263/300 lr=0.00100 train_acc=77.18 test_acc=69.17
epoch=264/300 lr=0.00100 train_acc=77.54 test_acc=69.19
epoch=265/300 lr=0.00100 train_acc=77.38 test_acc=69.46
epoch=266/300 lr=0.00100 train_acc=77.26 test_acc=69.39
epoch=267/300 lr=0.00100 train_acc=77.43 test_acc=69.16
epoch=268/300 lr=0.00100 train_acc=77.31 test_acc=69.36
epoch=269/300 lr=0.00100 train_acc=77.35 test_acc=69.29
epoch=270/300 lr=0.00100 train_acc=77.22 test_acc=69.29
epoch=271/300 lr=0.00100 train_acc=77.65 test_acc=69.41
epoch=272/300 lr=0.00100 train_acc=77.45 test_acc=69.05
epoch=273/300 lr=0.00100 train_acc=77.67 test_acc=69.41
epoch=274/300 lr=0.00100 train_acc=77.32 test_acc=69.41
epoch=275/300 lr=0.00100 train_acc=77.42 test_acc=69.37
epoch=276/300 lr=0.00100 train_acc=77.39 test_acc=69.22
epoch=277/300 lr=0.00100 train_acc=77.42 test_acc=69.29
epoch=278/300 lr=0.00100 train_acc=77.80 test_acc=69.39
epoch=279/300 lr=0.00100 train_acc=77.67 test_acc=69.28
epoch=280/300 lr=0.00100 train_acc=77.69 test_acc=69.16
epoch=281/300 lr=0.00100 train_acc=77.61 test_acc=69.45
epoch=282/300 lr=0.00100 train_acc=77.73 test_acc=69.18
epoch=283/300 lr=0.00100 train_acc=77.55 test_acc=69.54
epoch=284/300 lr=0.00100 train_acc=77.55 test_acc=68.95
epoch=285/300 lr=0.00100 train_acc=77.96 test_acc=69.35
epoch=286/300 lr=0.00100 train_acc=77.86 test_acc=69.51
epoch=287/300 lr=0.00100 train_acc=77.82 test_acc=69.48
epoch=288/300 lr=0.00100 train_acc=77.87 test_acc=69.17
epoch=289/300 lr=0.00100 train_acc=77.82 test_acc=69.52
epoch=290/300 lr=0.00100 train_acc=77.73 test_acc=69.56
epoch=291/300 lr=0.00100 train_acc=78.00 test_acc=69.31
epoch=292/300 lr=0.00100 train_acc=77.77 test_acc=69.50
epoch=293/300 lr=0.00100 train_acc=77.80 test_acc=69.17
epoch=294/300 lr=0.00100 train_acc=78.32 test_acc=69.20
epoch=295/300 lr=0.00100 train_acc=77.92 test_acc=69.00
epoch=296/300 lr=0.00100 train_acc=78.08 test_acc=69.45
epoch=297/300 lr=0.00100 train_acc=77.98 test_acc=68.87
epoch=298/300 lr=0.00100 train_acc=78.05 test_acc=69.19
epoch=299/300 lr=0.00100 train_acc=77.89 test_acc=69.51
epoch=300/300 lr=0.00100 train_acc=77.99 test_acc=69.08
{
  "best_accuracy": 69.86,
  "best_error_rate": 30.14,
  "final_accuracy": 69.08,
  "final_error_rate": 30.92,
  "elapsed_seconds": 1972.296676158905,
  "is_paper_result": false,
  "note": "New reproduction result; compare against paper target separately."
}
start experiment=cifar100_resnet20_re_paper seed=1005
epoch=1/300 lr=0.10000 train_acc=6.88 test_acc=9.30
epoch=2/300 lr=0.10000 train_acc=13.01 test_acc=16.55
epoch=3/300 lr=0.10000 train_acc=18.74 test_acc=15.24
epoch=4/300 lr=0.10000 train_acc=23.78 test_acc=25.20
epoch=5/300 lr=0.10000 train_acc=27.91 test_acc=27.36
epoch=6/300 lr=0.10000 train_acc=31.74 test_acc=33.49
epoch=7/300 lr=0.10000 train_acc=34.27 test_acc=33.57
epoch=8/300 lr=0.10000 train_acc=36.90 test_acc=33.11
epoch=9/300 lr=0.10000 train_acc=38.67 test_acc=39.23
epoch=10/300 lr=0.10000 train_acc=40.09 test_acc=31.47
epoch=11/300 lr=0.10000 train_acc=40.91 test_acc=40.59
epoch=12/300 lr=0.10000 train_acc=42.07 test_acc=37.52
epoch=13/300 lr=0.10000 train_acc=42.90 test_acc=38.58
epoch=14/300 lr=0.10000 train_acc=43.34 test_acc=44.24
epoch=15/300 lr=0.10000 train_acc=44.02 test_acc=39.28
epoch=16/300 lr=0.10000 train_acc=44.64 test_acc=37.89
epoch=17/300 lr=0.10000 train_acc=45.02 test_acc=41.32
epoch=18/300 lr=0.10000 train_acc=45.13 test_acc=39.64
epoch=19/300 lr=0.10000 train_acc=45.76 test_acc=42.91
epoch=20/300 lr=0.10000 train_acc=45.81 test_acc=41.44
epoch=21/300 lr=0.10000 train_acc=46.10 test_acc=43.86
epoch=22/300 lr=0.10000 train_acc=46.20 test_acc=38.80
epoch=23/300 lr=0.10000 train_acc=46.61 test_acc=47.48
epoch=24/300 lr=0.10000 train_acc=46.82 test_acc=42.82
epoch=25/300 lr=0.10000 train_acc=47.08 test_acc=38.37
epoch=26/300 lr=0.10000 train_acc=47.33 test_acc=42.31
epoch=27/300 lr=0.10000 train_acc=47.29 test_acc=43.88
epoch=28/300 lr=0.10000 train_acc=47.30 test_acc=46.88
epoch=29/300 lr=0.10000 train_acc=48.00 test_acc=41.76
epoch=30/300 lr=0.10000 train_acc=47.97 test_acc=41.88
epoch=31/300 lr=0.10000 train_acc=47.82 test_acc=43.05
epoch=32/300 lr=0.10000 train_acc=48.23 test_acc=40.40
epoch=33/300 lr=0.10000 train_acc=48.15 test_acc=45.68
epoch=34/300 lr=0.10000 train_acc=48.25 test_acc=42.68
epoch=35/300 lr=0.10000 train_acc=48.33 test_acc=46.41
epoch=36/300 lr=0.10000 train_acc=48.57 test_acc=44.80
epoch=37/300 lr=0.10000 train_acc=48.33 test_acc=45.69
epoch=38/300 lr=0.10000 train_acc=48.35 test_acc=44.36
epoch=39/300 lr=0.10000 train_acc=48.58 test_acc=44.14
epoch=40/300 lr=0.10000 train_acc=49.04 test_acc=49.41
epoch=41/300 lr=0.10000 train_acc=48.54 test_acc=44.78
epoch=42/300 lr=0.10000 train_acc=48.68 test_acc=43.27
epoch=43/300 lr=0.10000 train_acc=48.84 test_acc=45.83
epoch=44/300 lr=0.10000 train_acc=48.98 test_acc=41.07
epoch=45/300 lr=0.10000 train_acc=48.87 test_acc=46.00
epoch=46/300 lr=0.10000 train_acc=49.22 test_acc=45.30
epoch=47/300 lr=0.10000 train_acc=49.02 test_acc=48.20
epoch=48/300 lr=0.10000 train_acc=49.11 test_acc=47.46
epoch=49/300 lr=0.10000 train_acc=49.53 test_acc=46.59
epoch=50/300 lr=0.10000 train_acc=49.29 test_acc=44.56
epoch=51/300 lr=0.10000 train_acc=49.33 test_acc=45.87
epoch=52/300 lr=0.10000 train_acc=49.69 test_acc=45.17
epoch=53/300 lr=0.10000 train_acc=49.71 test_acc=40.32
epoch=54/300 lr=0.10000 train_acc=49.54 test_acc=43.00
epoch=55/300 lr=0.10000 train_acc=49.80 test_acc=49.83
epoch=56/300 lr=0.10000 train_acc=49.60 test_acc=40.63
epoch=57/300 lr=0.10000 train_acc=49.58 test_acc=46.23
epoch=58/300 lr=0.10000 train_acc=49.80 test_acc=45.63
epoch=59/300 lr=0.10000 train_acc=49.59 test_acc=47.18
epoch=60/300 lr=0.10000 train_acc=49.71 test_acc=44.67
epoch=61/300 lr=0.10000 train_acc=49.90 test_acc=37.11
epoch=62/300 lr=0.10000 train_acc=50.09 test_acc=43.21
epoch=63/300 lr=0.10000 train_acc=49.67 test_acc=47.94
epoch=64/300 lr=0.10000 train_acc=49.68 test_acc=47.86
epoch=65/300 lr=0.10000 train_acc=49.95 test_acc=47.05
epoch=66/300 lr=0.10000 train_acc=50.05 test_acc=48.11
epoch=67/300 lr=0.10000 train_acc=49.61 test_acc=42.27
epoch=68/300 lr=0.10000 train_acc=49.96 test_acc=47.26
epoch=69/300 lr=0.10000 train_acc=49.99 test_acc=45.28
epoch=70/300 lr=0.10000 train_acc=50.14 test_acc=45.23
epoch=71/300 lr=0.10000 train_acc=49.85 test_acc=40.59
epoch=72/300 lr=0.10000 train_acc=50.18 test_acc=39.46
epoch=73/300 lr=0.10000 train_acc=49.98 test_acc=47.10
epoch=74/300 lr=0.10000 train_acc=50.04 test_acc=47.26
epoch=75/300 lr=0.10000 train_acc=50.05 test_acc=46.17
epoch=76/300 lr=0.10000 train_acc=50.22 test_acc=46.05
epoch=77/300 lr=0.10000 train_acc=50.55 test_acc=48.99
epoch=78/300 lr=0.10000 train_acc=50.42 test_acc=41.67
epoch=79/300 lr=0.10000 train_acc=50.03 test_acc=49.09
epoch=80/300 lr=0.10000 train_acc=50.28 test_acc=45.18
epoch=81/300 lr=0.10000 train_acc=50.34 test_acc=35.27
epoch=82/300 lr=0.10000 train_acc=50.65 test_acc=49.59
epoch=83/300 lr=0.10000 train_acc=50.40 test_acc=45.38
epoch=84/300 lr=0.10000 train_acc=50.26 test_acc=49.92
epoch=85/300 lr=0.10000 train_acc=50.54 test_acc=49.14
epoch=86/300 lr=0.10000 train_acc=50.24 test_acc=42.67
epoch=87/300 lr=0.10000 train_acc=50.72 test_acc=48.47
epoch=88/300 lr=0.10000 train_acc=50.06 test_acc=46.59
epoch=89/300 lr=0.10000 train_acc=50.42 test_acc=44.70
epoch=90/300 lr=0.10000 train_acc=50.62 test_acc=45.15
epoch=91/300 lr=0.10000 train_acc=50.64 test_acc=47.91
epoch=92/300 lr=0.10000 train_acc=50.31 test_acc=43.32
epoch=93/300 lr=0.10000 train_acc=50.66 test_acc=41.57
epoch=94/300 lr=0.10000 train_acc=50.49 test_acc=46.72
epoch=95/300 lr=0.10000 train_acc=50.35 test_acc=50.59
epoch=96/300 lr=0.10000 train_acc=50.64 test_acc=46.26
epoch=97/300 lr=0.10000 train_acc=50.73 test_acc=46.30
epoch=98/300 lr=0.10000 train_acc=50.63 test_acc=49.37
epoch=99/300 lr=0.10000 train_acc=50.57 test_acc=41.36
epoch=100/300 lr=0.10000 train_acc=51.01 test_acc=46.39
epoch=101/300 lr=0.10000 train_acc=50.80 test_acc=41.86
epoch=102/300 lr=0.10000 train_acc=50.44 test_acc=44.08
epoch=103/300 lr=0.10000 train_acc=50.84 test_acc=44.25
epoch=104/300 lr=0.10000 train_acc=50.66 test_acc=51.14
epoch=105/300 lr=0.10000 train_acc=50.76 test_acc=44.98
epoch=106/300 lr=0.10000 train_acc=50.59 test_acc=48.12
epoch=107/300 lr=0.10000 train_acc=50.80 test_acc=45.71
epoch=108/300 lr=0.10000 train_acc=51.04 test_acc=43.44
epoch=109/300 lr=0.10000 train_acc=50.96 test_acc=43.54
epoch=110/300 lr=0.10000 train_acc=50.80 test_acc=46.76
epoch=111/300 lr=0.10000 train_acc=50.95 test_acc=38.84
epoch=112/300 lr=0.10000 train_acc=50.95 test_acc=46.57
epoch=113/300 lr=0.10000 train_acc=50.77 test_acc=48.66
epoch=114/300 lr=0.10000 train_acc=50.80 test_acc=49.83
epoch=115/300 lr=0.10000 train_acc=51.07 test_acc=42.61
epoch=116/300 lr=0.10000 train_acc=50.96 test_acc=48.06
epoch=117/300 lr=0.10000 train_acc=50.79 test_acc=43.97
epoch=118/300 lr=0.10000 train_acc=51.26 test_acc=40.53
epoch=119/300 lr=0.10000 train_acc=50.88 test_acc=45.02
epoch=120/300 lr=0.10000 train_acc=51.21 test_acc=48.63
epoch=121/300 lr=0.10000 train_acc=50.93 test_acc=44.28
epoch=122/300 lr=0.10000 train_acc=50.75 test_acc=49.05
epoch=123/300 lr=0.10000 train_acc=51.20 test_acc=49.03
epoch=124/300 lr=0.10000 train_acc=50.82 test_acc=44.77
epoch=125/300 lr=0.10000 train_acc=51.20 test_acc=43.90
epoch=126/300 lr=0.10000 train_acc=50.80 test_acc=45.38
epoch=127/300 lr=0.10000 train_acc=51.13 test_acc=45.13
epoch=128/300 lr=0.10000 train_acc=51.01 test_acc=44.16
epoch=129/300 lr=0.10000 train_acc=51.41 test_acc=45.70
epoch=130/300 lr=0.10000 train_acc=51.12 test_acc=47.83
epoch=131/300 lr=0.10000 train_acc=51.45 test_acc=41.73
epoch=132/300 lr=0.10000 train_acc=50.95 test_acc=39.88
epoch=133/300 lr=0.10000 train_acc=50.76 test_acc=49.99
epoch=134/300 lr=0.10000 train_acc=50.98 test_acc=34.48
epoch=135/300 lr=0.10000 train_acc=51.21 test_acc=48.69
epoch=136/300 lr=0.10000 train_acc=51.16 test_acc=46.35
epoch=137/300 lr=0.10000 train_acc=51.11 test_acc=49.99
epoch=138/300 lr=0.10000 train_acc=51.10 test_acc=45.21
epoch=139/300 lr=0.10000 train_acc=50.89 test_acc=43.43
epoch=140/300 lr=0.10000 train_acc=51.30 test_acc=46.25
epoch=141/300 lr=0.10000 train_acc=51.45 test_acc=44.33
epoch=142/300 lr=0.10000 train_acc=51.44 test_acc=48.20
epoch=143/300 lr=0.10000 train_acc=51.53 test_acc=49.17
epoch=144/300 lr=0.10000 train_acc=50.95 test_acc=49.84
epoch=145/300 lr=0.10000 train_acc=51.18 test_acc=47.39
epoch=146/300 lr=0.10000 train_acc=50.73 test_acc=48.76
epoch=147/300 lr=0.10000 train_acc=51.47 test_acc=41.23
epoch=148/300 lr=0.10000 train_acc=51.38 test_acc=46.89
epoch=149/300 lr=0.10000 train_acc=51.23 test_acc=38.22
epoch=150/300 lr=0.10000 train_acc=51.63 test_acc=47.60
epoch=151/300 lr=0.01000 train_acc=60.48 test_acc=64.70
epoch=152/300 lr=0.01000 train_acc=63.63 test_acc=64.94
epoch=153/300 lr=0.01000 train_acc=64.79 test_acc=65.59
epoch=154/300 lr=0.01000 train_acc=65.27 test_acc=65.17
epoch=155/300 lr=0.01000 train_acc=65.94 test_acc=66.14
epoch=156/300 lr=0.01000 train_acc=65.92 test_acc=65.59
epoch=157/300 lr=0.01000 train_acc=66.34 test_acc=66.19
epoch=158/300 lr=0.01000 train_acc=66.72 test_acc=66.15
epoch=159/300 lr=0.01000 train_acc=66.81 test_acc=66.06
epoch=160/300 lr=0.01000 train_acc=67.20 test_acc=66.88
epoch=161/300 lr=0.01000 train_acc=67.29 test_acc=66.34
epoch=162/300 lr=0.01000 train_acc=67.24 test_acc=66.17
epoch=163/300 lr=0.01000 train_acc=67.71 test_acc=66.14
epoch=164/300 lr=0.01000 train_acc=67.74 test_acc=65.81
epoch=165/300 lr=0.01000 train_acc=67.47 test_acc=65.82
epoch=166/300 lr=0.01000 train_acc=68.06 test_acc=65.77
epoch=167/300 lr=0.01000 train_acc=67.80 test_acc=65.94
epoch=168/300 lr=0.01000 train_acc=68.21 test_acc=65.89
epoch=169/300 lr=0.01000 train_acc=67.96 test_acc=65.15
epoch=170/300 lr=0.01000 train_acc=68.30 test_acc=65.78
epoch=171/300 lr=0.01000 train_acc=68.48 test_acc=65.80
epoch=172/300 lr=0.01000 train_acc=68.21 test_acc=64.89
epoch=173/300 lr=0.01000 train_acc=67.99 test_acc=64.42
epoch=174/300 lr=0.01000 train_acc=68.37 test_acc=64.92
epoch=175/300 lr=0.01000 train_acc=68.10 test_acc=64.77
epoch=176/300 lr=0.01000 train_acc=68.26 test_acc=65.74
epoch=177/300 lr=0.01000 train_acc=68.06 test_acc=64.15
epoch=178/300 lr=0.01000 train_acc=68.28 test_acc=65.16
epoch=179/300 lr=0.01000 train_acc=68.02 test_acc=64.33
epoch=180/300 lr=0.01000 train_acc=67.82 test_acc=63.09
epoch=181/300 lr=0.01000 train_acc=68.16 test_acc=65.28
epoch=182/300 lr=0.01000 train_acc=68.34 test_acc=63.99
epoch=183/300 lr=0.01000 train_acc=68.38 test_acc=64.64
epoch=184/300 lr=0.01000 train_acc=68.21 test_acc=64.11
epoch=185/300 lr=0.01000 train_acc=67.99 test_acc=64.53
epoch=186/300 lr=0.01000 train_acc=68.24 test_acc=63.96
epoch=187/300 lr=0.01000 train_acc=68.23 test_acc=63.81
epoch=188/300 lr=0.01000 train_acc=68.56 test_acc=64.92
epoch=189/300 lr=0.01000 train_acc=68.28 test_acc=64.70
epoch=190/300 lr=0.01000 train_acc=68.25 test_acc=63.37
epoch=191/300 lr=0.01000 train_acc=68.03 test_acc=64.35
epoch=192/300 lr=0.01000 train_acc=68.18 test_acc=63.39
epoch=193/300 lr=0.01000 train_acc=68.16 test_acc=63.25
epoch=194/300 lr=0.01000 train_acc=68.29 test_acc=63.64
epoch=195/300 lr=0.01000 train_acc=68.59 test_acc=63.09
epoch=196/300 lr=0.01000 train_acc=68.23 test_acc=63.73
epoch=197/300 lr=0.01000 train_acc=68.25 test_acc=64.42
epoch=198/300 lr=0.01000 train_acc=68.32 test_acc=63.91
epoch=199/300 lr=0.01000 train_acc=68.04 test_acc=63.01
epoch=200/300 lr=0.01000 train_acc=67.83 test_acc=64.65
epoch=201/300 lr=0.01000 train_acc=68.61 test_acc=63.46
epoch=202/300 lr=0.01000 train_acc=68.36 test_acc=65.06
epoch=203/300 lr=0.01000 train_acc=68.06 test_acc=64.18
epoch=204/300 lr=0.01000 train_acc=68.62 test_acc=63.59
epoch=205/300 lr=0.01000 train_acc=68.29 test_acc=64.10
epoch=206/300 lr=0.01000 train_acc=68.44 test_acc=64.44
epoch=207/300 lr=0.01000 train_acc=68.29 test_acc=63.81
epoch=208/300 lr=0.01000 train_acc=68.37 test_acc=65.13
epoch=209/300 lr=0.01000 train_acc=68.61 test_acc=63.06
epoch=210/300 lr=0.01000 train_acc=68.50 test_acc=62.50
epoch=211/300 lr=0.01000 train_acc=68.67 test_acc=63.71
epoch=212/300 lr=0.01000 train_acc=68.33 test_acc=65.22
epoch=213/300 lr=0.01000 train_acc=68.61 test_acc=64.89
epoch=214/300 lr=0.01000 train_acc=68.29 test_acc=65.01
epoch=215/300 lr=0.01000 train_acc=68.64 test_acc=65.24
epoch=216/300 lr=0.01000 train_acc=68.30 test_acc=64.03
epoch=217/300 lr=0.01000 train_acc=68.45 test_acc=64.32
epoch=218/300 lr=0.01000 train_acc=68.48 test_acc=64.01
epoch=219/300 lr=0.01000 train_acc=68.67 test_acc=63.44
epoch=220/300 lr=0.01000 train_acc=68.68 test_acc=64.05
epoch=221/300 lr=0.01000 train_acc=68.58 test_acc=62.44
epoch=222/300 lr=0.01000 train_acc=68.66 test_acc=64.59
epoch=223/300 lr=0.01000 train_acc=68.96 test_acc=64.26
epoch=224/300 lr=0.01000 train_acc=68.63 test_acc=65.74
epoch=225/300 lr=0.01000 train_acc=69.11 test_acc=64.23
epoch=226/300 lr=0.00100 train_acc=72.91 test_acc=69.46
epoch=227/300 lr=0.00100 train_acc=74.49 test_acc=69.49
epoch=228/300 lr=0.00100 train_acc=74.90 test_acc=69.62
epoch=229/300 lr=0.00100 train_acc=75.22 test_acc=69.98
epoch=230/300 lr=0.00100 train_acc=75.23 test_acc=69.91
epoch=231/300 lr=0.00100 train_acc=75.53 test_acc=69.89
epoch=232/300 lr=0.00100 train_acc=75.79 test_acc=69.69
epoch=233/300 lr=0.00100 train_acc=75.82 test_acc=69.67
epoch=234/300 lr=0.00100 train_acc=75.78 test_acc=69.47
epoch=235/300 lr=0.00100 train_acc=76.09 test_acc=69.97
epoch=236/300 lr=0.00100 train_acc=75.95 test_acc=69.53
epoch=237/300 lr=0.00100 train_acc=76.11 test_acc=69.71
epoch=238/300 lr=0.00100 train_acc=76.57 test_acc=69.98
epoch=239/300 lr=0.00100 train_acc=76.57 test_acc=70.03
epoch=240/300 lr=0.00100 train_acc=76.47 test_acc=69.97
epoch=241/300 lr=0.00100 train_acc=76.27 test_acc=70.17
epoch=242/300 lr=0.00100 train_acc=76.63 test_acc=70.17
epoch=243/300 lr=0.00100 train_acc=76.66 test_acc=69.96
epoch=244/300 lr=0.00100 train_acc=76.69 test_acc=70.26
epoch=245/300 lr=0.00100 train_acc=76.57 test_acc=69.96
epoch=246/300 lr=0.00100 train_acc=76.62 test_acc=70.06
epoch=247/300 lr=0.00100 train_acc=76.87 test_acc=69.90
epoch=248/300 lr=0.00100 train_acc=76.72 test_acc=69.93
epoch=249/300 lr=0.00100 train_acc=77.21 test_acc=69.90
epoch=250/300 lr=0.00100 train_acc=77.10 test_acc=69.99
epoch=251/300 lr=0.00100 train_acc=77.07 test_acc=70.05
epoch=252/300 lr=0.00100 train_acc=77.21 test_acc=70.01
epoch=253/300 lr=0.00100 train_acc=77.25 test_acc=69.88
epoch=254/300 lr=0.00100 train_acc=76.80 test_acc=69.92
epoch=255/300 lr=0.00100 train_acc=77.18 test_acc=69.83
epoch=256/300 lr=0.00100 train_acc=77.39 test_acc=70.10
epoch=257/300 lr=0.00100 train_acc=77.26 test_acc=69.53
epoch=258/300 lr=0.00100 train_acc=77.55 test_acc=70.03
epoch=259/300 lr=0.00100 train_acc=77.32 test_acc=69.89
epoch=260/300 lr=0.00100 train_acc=77.42 test_acc=69.60
epoch=261/300 lr=0.00100 train_acc=77.28 test_acc=70.09
epoch=262/300 lr=0.00100 train_acc=77.36 test_acc=70.06
epoch=263/300 lr=0.00100 train_acc=77.30 test_acc=69.67
epoch=264/300 lr=0.00100 train_acc=77.42 test_acc=70.06
epoch=265/300 lr=0.00100 train_acc=77.49 test_acc=69.85
epoch=266/300 lr=0.00100 train_acc=77.46 test_acc=69.93
epoch=267/300 lr=0.00100 train_acc=77.76 test_acc=69.67
epoch=268/300 lr=0.00100 train_acc=77.54 test_acc=69.92
epoch=269/300 lr=0.00100 train_acc=77.60 test_acc=69.44
epoch=270/300 lr=0.00100 train_acc=77.40 test_acc=69.93
epoch=271/300 lr=0.00100 train_acc=77.65 test_acc=69.77
epoch=272/300 lr=0.00100 train_acc=77.79 test_acc=70.08
epoch=273/300 lr=0.00100 train_acc=77.58 test_acc=70.07
epoch=274/300 lr=0.00100 train_acc=77.82 test_acc=69.89
epoch=275/300 lr=0.00100 train_acc=77.70 test_acc=69.56
epoch=276/300 lr=0.00100 train_acc=77.90 test_acc=69.98
epoch=277/300 lr=0.00100 train_acc=77.63 test_acc=69.83
epoch=278/300 lr=0.00100 train_acc=77.81 test_acc=69.71
epoch=279/300 lr=0.00100 train_acc=77.71 test_acc=69.70
epoch=280/300 lr=0.00100 train_acc=77.95 test_acc=69.96
epoch=281/300 lr=0.00100 train_acc=77.92 test_acc=69.66
epoch=282/300 lr=0.00100 train_acc=78.01 test_acc=69.95
epoch=283/300 lr=0.00100 train_acc=78.04 test_acc=69.40
epoch=284/300 lr=0.00100 train_acc=77.88 test_acc=69.55
epoch=285/300 lr=0.00100 train_acc=78.03 test_acc=69.80
epoch=286/300 lr=0.00100 train_acc=78.05 test_acc=70.06
epoch=287/300 lr=0.00100 train_acc=78.11 test_acc=70.08
epoch=288/300 lr=0.00100 train_acc=78.20 test_acc=69.98
epoch=289/300 lr=0.00100 train_acc=78.16 test_acc=69.31
epoch=290/300 lr=0.00100 train_acc=78.09 test_acc=69.71
epoch=291/300 lr=0.00100 train_acc=78.30 test_acc=69.60
epoch=292/300 lr=0.00100 train_acc=78.13 test_acc=69.76
epoch=293/300 lr=0.00100 train_acc=78.16 test_acc=69.53
epoch=294/300 lr=0.00100 train_acc=78.06 test_acc=69.60
epoch=295/300 lr=0.00100 train_acc=78.34 test_acc=69.88
epoch=296/300 lr=0.00100 train_acc=78.13 test_acc=70.02
epoch=297/300 lr=0.00100 train_acc=78.13 test_acc=69.84
epoch=298/300 lr=0.00100 train_acc=78.26 test_acc=70.22
epoch=299/300 lr=0.00100 train_acc=78.19 test_acc=69.93
epoch=300/300 lr=0.00100 train_acc=78.35 test_acc=70.02
{
  "best_accuracy": 70.26,
  "best_error_rate": 29.739999999999995,
  "final_accuracy": 70.02,
  "final_error_rate": 29.980000000000004,
  "elapsed_seconds": 2013.7994763851166,
  "is_paper_result": false,
  "note": "New reproduction result; compare against paper target separately."
}
{
  "experiment": "cifar100_resnet20_re_paper",
  "seeds": [
    1001,
    1002,
    1003,
    1004,
    1005
  ],
  "smoke": false,
  "is_paper_result": false,
  "best_error_rate": {
    "values": [
      30.290000000000006,
      29.36,
      29.849999999999994,
      30.14,
      29.739999999999995
    ],
    "mean": 29.875999999999998,
    "population_std": 0.3245057780687449,
    "sample_std": 0.36280848942658706
  },
  "final_error_rate": {
    "values": [
      30.61,
      29.909999999999997,
      30.310000000000002,
      30.92,
      29.980000000000004
    ],
    "mean": 30.346,
    "population_std": 0.3806625802466015,
    "sample_std": 0.4255937029609348
  },
  "note": "New reproduction aggregate; paper does not state best-vs-final or std convention."
}
start experiment=fashionmnist_resnet20_baseline seed=1001
epoch=1/300 lr=0.10000 train_acc=75.15 test_acc=80.39
epoch=2/300 lr=0.10000 train_acc=85.77 test_acc=86.16
epoch=3/300 lr=0.10000 train_acc=87.63 test_acc=83.25
epoch=4/300 lr=0.10000 train_acc=88.34 test_acc=87.92
epoch=5/300 lr=0.10000 train_acc=88.61 test_acc=89.65
epoch=6/300 lr=0.10000 train_acc=88.96 test_acc=86.49
epoch=7/300 lr=0.10000 train_acc=89.43 test_acc=89.22
epoch=8/300 lr=0.10000 train_acc=89.54 test_acc=86.16
epoch=9/300 lr=0.10000 train_acc=89.70 test_acc=75.34
epoch=10/300 lr=0.10000 train_acc=89.78 test_acc=86.96
epoch=11/300 lr=0.10000 train_acc=89.72 test_acc=88.47
epoch=12/300 lr=0.10000 train_acc=89.86 test_acc=83.38
epoch=13/300 lr=0.10000 train_acc=90.29 test_acc=87.50
epoch=14/300 lr=0.10000 train_acc=90.33 test_acc=87.38
epoch=15/300 lr=0.10000 train_acc=90.33 test_acc=90.27
epoch=16/300 lr=0.10000 train_acc=90.52 test_acc=87.20
epoch=17/300 lr=0.10000 train_acc=90.33 test_acc=87.78
epoch=18/300 lr=0.10000 train_acc=90.57 test_acc=90.26
epoch=19/300 lr=0.10000 train_acc=90.47 test_acc=86.40
epoch=20/300 lr=0.10000 train_acc=90.91 test_acc=87.85
epoch=21/300 lr=0.10000 train_acc=90.65 test_acc=86.19
epoch=22/300 lr=0.10000 train_acc=90.62 test_acc=90.63
epoch=23/300 lr=0.10000 train_acc=90.80 test_acc=86.77
epoch=24/300 lr=0.10000 train_acc=90.86 test_acc=89.30
epoch=25/300 lr=0.10000 train_acc=90.93 test_acc=87.02
epoch=26/300 lr=0.10000 train_acc=91.11 test_acc=88.76
epoch=27/300 lr=0.10000 train_acc=90.91 test_acc=89.80
epoch=28/300 lr=0.10000 train_acc=90.85 test_acc=90.33
epoch=29/300 lr=0.10000 train_acc=91.20 test_acc=86.20
epoch=30/300 lr=0.10000 train_acc=91.16 test_acc=88.48
epoch=31/300 lr=0.10000 train_acc=91.03 test_acc=90.07
epoch=32/300 lr=0.10000 train_acc=91.04 test_acc=90.20
epoch=33/300 lr=0.10000 train_acc=91.17 test_acc=88.26
epoch=34/300 lr=0.10000 train_acc=91.19 test_acc=84.69
epoch=35/300 lr=0.10000 train_acc=91.30 test_acc=89.61
epoch=36/300 lr=0.10000 train_acc=91.06 test_acc=91.95
epoch=37/300 lr=0.10000 train_acc=91.37 test_acc=89.67
epoch=38/300 lr=0.10000 train_acc=91.21 test_acc=90.74
epoch=39/300 lr=0.10000 train_acc=91.36 test_acc=85.49
epoch=40/300 lr=0.10000 train_acc=91.59 test_acc=89.66
epoch=41/300 lr=0.10000 train_acc=91.30 test_acc=90.33
epoch=42/300 lr=0.10000 train_acc=91.31 test_acc=91.12
epoch=43/300 lr=0.10000 train_acc=91.33 test_acc=90.25
epoch=44/300 lr=0.10000 train_acc=91.43 test_acc=87.69
epoch=45/300 lr=0.10000 train_acc=91.36 test_acc=89.15
epoch=46/300 lr=0.10000 train_acc=91.73 test_acc=90.39
epoch=47/300 lr=0.10000 train_acc=91.43 test_acc=86.74
epoch=48/300 lr=0.10000 train_acc=91.34 test_acc=90.08
epoch=49/300 lr=0.10000 train_acc=91.64 test_acc=88.79
epoch=50/300 lr=0.10000 train_acc=91.45 test_acc=90.87
epoch=51/300 lr=0.10000 train_acc=91.50 test_acc=87.06
epoch=52/300 lr=0.10000 train_acc=91.55 test_acc=90.84
epoch=53/300 lr=0.10000 train_acc=91.53 test_acc=90.88
epoch=54/300 lr=0.10000 train_acc=91.63 test_acc=88.37
epoch=55/300 lr=0.10000 train_acc=91.43 test_acc=90.36
epoch=56/300 lr=0.10000 train_acc=91.76 test_acc=89.56
epoch=57/300 lr=0.10000 train_acc=91.61 test_acc=90.53
epoch=58/300 lr=0.10000 train_acc=91.47 test_acc=87.47
epoch=59/300 lr=0.10000 train_acc=91.60 test_acc=89.47
epoch=60/300 lr=0.10000 train_acc=91.46 test_acc=89.52
epoch=61/300 lr=0.10000 train_acc=91.56 test_acc=88.60
epoch=62/300 lr=0.10000 train_acc=91.64 test_acc=89.69
epoch=63/300 lr=0.10000 train_acc=91.62 test_acc=89.61
epoch=64/300 lr=0.10000 train_acc=91.55 test_acc=89.32
epoch=65/300 lr=0.10000 train_acc=91.81 test_acc=87.76
epoch=66/300 lr=0.10000 train_acc=91.44 test_acc=89.17
epoch=67/300 lr=0.10000 train_acc=91.55 test_acc=87.50
epoch=68/300 lr=0.10000 train_acc=91.79 test_acc=90.65
epoch=69/300 lr=0.10000 train_acc=91.52 test_acc=88.98
epoch=70/300 lr=0.10000 train_acc=91.54 test_acc=89.46
epoch=71/300 lr=0.10000 train_acc=91.61 test_acc=91.60
epoch=72/300 lr=0.10000 train_acc=91.81 test_acc=90.04
epoch=73/300 lr=0.10000 train_acc=91.55 test_acc=90.54
epoch=74/300 lr=0.10000 train_acc=91.80 test_acc=91.45
epoch=75/300 lr=0.10000 train_acc=91.73 test_acc=87.20
epoch=76/300 lr=0.10000 train_acc=91.65 test_acc=90.79
epoch=77/300 lr=0.10000 train_acc=91.65 test_acc=90.94
epoch=78/300 lr=0.10000 train_acc=91.97 test_acc=91.58
epoch=79/300 lr=0.10000 train_acc=91.83 test_acc=90.08
epoch=80/300 lr=0.10000 train_acc=91.59 test_acc=88.03
epoch=81/300 lr=0.10000 train_acc=91.83 test_acc=91.47
epoch=82/300 lr=0.10000 train_acc=91.34 test_acc=90.98
epoch=83/300 lr=0.10000 train_acc=91.44 test_acc=90.85
epoch=84/300 lr=0.10000 train_acc=91.79 test_acc=91.98
epoch=85/300 lr=0.10000 train_acc=91.62 test_acc=91.76
epoch=86/300 lr=0.10000 train_acc=91.73 test_acc=91.30
epoch=87/300 lr=0.10000 train_acc=91.83 test_acc=89.80
epoch=88/300 lr=0.10000 train_acc=91.65 test_acc=90.80
epoch=89/300 lr=0.10000 train_acc=91.72 test_acc=87.16
epoch=90/300 lr=0.10000 train_acc=91.75 test_acc=91.50
epoch=91/300 lr=0.10000 train_acc=91.66 test_acc=90.01
epoch=92/300 lr=0.10000 train_acc=91.64 test_acc=89.09
epoch=93/300 lr=0.10000 train_acc=91.81 test_acc=91.95
epoch=94/300 lr=0.10000 train_acc=91.52 test_acc=91.90
epoch=95/300 lr=0.10000 train_acc=91.67 test_acc=90.59
epoch=96/300 lr=0.10000 train_acc=91.59 test_acc=88.45
epoch=97/300 lr=0.10000 train_acc=91.78 test_acc=90.06
epoch=98/300 lr=0.10000 train_acc=91.82 test_acc=91.36
epoch=99/300 lr=0.10000 train_acc=91.74 test_acc=87.67
epoch=100/300 lr=0.10000 train_acc=91.88 test_acc=91.19
epoch=101/300 lr=0.10000 train_acc=91.85 test_acc=89.90
epoch=102/300 lr=0.10000 train_acc=91.73 test_acc=86.67
epoch=103/300 lr=0.10000 train_acc=91.61 test_acc=89.70
epoch=104/300 lr=0.10000 train_acc=91.75 test_acc=88.72
epoch=105/300 lr=0.10000 train_acc=91.82 test_acc=91.07
epoch=106/300 lr=0.10000 train_acc=91.63 test_acc=90.47
epoch=107/300 lr=0.10000 train_acc=91.68 test_acc=92.08
epoch=108/300 lr=0.10000 train_acc=91.86 test_acc=90.44
epoch=109/300 lr=0.10000 train_acc=91.74 test_acc=90.40
epoch=110/300 lr=0.10000 train_acc=91.79 test_acc=86.25
epoch=111/300 lr=0.10000 train_acc=91.68 test_acc=89.66
epoch=112/300 lr=0.10000 train_acc=91.77 test_acc=88.59
epoch=113/300 lr=0.10000 train_acc=91.69 test_acc=90.22
epoch=114/300 lr=0.10000 train_acc=91.76 test_acc=91.26
epoch=115/300 lr=0.10000 train_acc=91.75 test_acc=91.98
epoch=116/300 lr=0.10000 train_acc=91.69 test_acc=89.55
epoch=117/300 lr=0.10000 train_acc=91.81 test_acc=87.62
epoch=118/300 lr=0.10000 train_acc=91.75 test_acc=86.77
epoch=119/300 lr=0.10000 train_acc=91.78 test_acc=89.59
epoch=120/300 lr=0.10000 train_acc=91.70 test_acc=88.78
epoch=121/300 lr=0.10000 train_acc=91.85 test_acc=90.54
epoch=122/300 lr=0.10000 train_acc=91.68 test_acc=91.73
epoch=123/300 lr=0.10000 train_acc=91.83 test_acc=91.61
epoch=124/300 lr=0.10000 train_acc=91.72 test_acc=89.35
epoch=125/300 lr=0.10000 train_acc=91.76 test_acc=90.42
epoch=126/300 lr=0.10000 train_acc=91.79 test_acc=89.30
epoch=127/300 lr=0.10000 train_acc=91.83 test_acc=91.81
epoch=128/300 lr=0.10000 train_acc=91.96 test_acc=90.59
epoch=129/300 lr=0.10000 train_acc=91.75 test_acc=91.57
epoch=130/300 lr=0.10000 train_acc=91.90 test_acc=89.49
epoch=131/300 lr=0.10000 train_acc=91.90 test_acc=91.11
epoch=132/300 lr=0.10000 train_acc=91.72 test_acc=88.12
epoch=133/300 lr=0.10000 train_acc=91.86 test_acc=90.66
epoch=134/300 lr=0.10000 train_acc=91.86 test_acc=90.77
epoch=135/300 lr=0.10000 train_acc=91.80 test_acc=88.54
epoch=136/300 lr=0.10000 train_acc=91.78 test_acc=91.10
epoch=137/300 lr=0.10000 train_acc=91.69 test_acc=90.00
epoch=138/300 lr=0.10000 train_acc=91.83 test_acc=90.41
epoch=139/300 lr=0.10000 train_acc=91.58 test_acc=88.88
epoch=140/300 lr=0.10000 train_acc=91.71 test_acc=91.26
epoch=141/300 lr=0.10000 train_acc=91.90 test_acc=90.40
epoch=142/300 lr=0.10000 train_acc=91.80 test_acc=91.13
epoch=143/300 lr=0.10000 train_acc=91.92 test_acc=90.92
epoch=144/300 lr=0.10000 train_acc=91.86 test_acc=91.73
epoch=145/300 lr=0.10000 train_acc=91.78 test_acc=90.49
epoch=146/300 lr=0.10000 train_acc=91.78 test_acc=88.05
epoch=147/300 lr=0.10000 train_acc=91.80 test_acc=87.85
epoch=148/300 lr=0.10000 train_acc=91.65 test_acc=90.03
epoch=149/300 lr=0.10000 train_acc=91.72 test_acc=88.17
epoch=150/300 lr=0.10000 train_acc=91.64 test_acc=90.63
epoch=151/300 lr=0.01000 train_acc=94.03 test_acc=93.97
epoch=152/300 lr=0.01000 train_acc=94.58 test_acc=94.22
epoch=153/300 lr=0.01000 train_acc=94.83 test_acc=94.10
epoch=154/300 lr=0.01000 train_acc=95.02 test_acc=94.48
epoch=155/300 lr=0.01000 train_acc=95.14 test_acc=94.10
epoch=156/300 lr=0.01000 train_acc=95.21 test_acc=94.31
epoch=157/300 lr=0.01000 train_acc=95.31 test_acc=94.30
epoch=158/300 lr=0.01000 train_acc=95.31 test_acc=94.63
epoch=159/300 lr=0.01000 train_acc=95.51 test_acc=94.29
epoch=160/300 lr=0.01000 train_acc=95.47 test_acc=94.34
epoch=161/300 lr=0.01000 train_acc=95.59 test_acc=94.24
epoch=162/300 lr=0.01000 train_acc=95.55 test_acc=94.23
epoch=163/300 lr=0.01000 train_acc=95.69 test_acc=94.36
epoch=164/300 lr=0.01000 train_acc=95.67 test_acc=94.45
epoch=165/300 lr=0.01000 train_acc=95.74 test_acc=94.19
epoch=166/300 lr=0.01000 train_acc=95.65 test_acc=94.25
epoch=167/300 lr=0.01000 train_acc=95.77 test_acc=94.47
epoch=168/300 lr=0.01000 train_acc=95.81 test_acc=93.92
epoch=169/300 lr=0.01000 train_acc=95.78 test_acc=93.57
epoch=170/300 lr=0.01000 train_acc=95.70 test_acc=94.22
epoch=171/300 lr=0.01000 train_acc=95.83 test_acc=94.14
epoch=172/300 lr=0.01000 train_acc=95.75 test_acc=94.54
epoch=173/300 lr=0.01000 train_acc=95.84 test_acc=94.36
epoch=174/300 lr=0.01000 train_acc=95.84 test_acc=93.98
epoch=175/300 lr=0.01000 train_acc=95.81 test_acc=93.70
epoch=176/300 lr=0.01000 train_acc=95.73 test_acc=93.97
epoch=177/300 lr=0.01000 train_acc=95.78 test_acc=93.82
epoch=178/300 lr=0.01000 train_acc=95.73 test_acc=93.88
epoch=179/300 lr=0.01000 train_acc=95.89 test_acc=94.20
epoch=180/300 lr=0.01000 train_acc=95.75 test_acc=93.69
epoch=181/300 lr=0.01000 train_acc=95.78 test_acc=93.95
epoch=182/300 lr=0.01000 train_acc=95.87 test_acc=93.47
epoch=183/300 lr=0.01000 train_acc=95.95 test_acc=93.33
epoch=184/300 lr=0.01000 train_acc=96.01 test_acc=93.88
epoch=185/300 lr=0.01000 train_acc=95.99 test_acc=93.87
epoch=186/300 lr=0.01000 train_acc=95.99 test_acc=93.50
epoch=187/300 lr=0.01000 train_acc=95.91 test_acc=93.91
epoch=188/300 lr=0.01000 train_acc=95.96 test_acc=94.18
epoch=189/300 lr=0.01000 train_acc=95.97 test_acc=94.40
epoch=190/300 lr=0.01000 train_acc=95.91 test_acc=93.89
epoch=191/300 lr=0.01000 train_acc=95.94 test_acc=94.36
epoch=192/300 lr=0.01000 train_acc=95.99 test_acc=93.77
epoch=193/300 lr=0.01000 train_acc=96.00 test_acc=93.92
epoch=194/300 lr=0.01000 train_acc=96.02 test_acc=93.83
epoch=195/300 lr=0.01000 train_acc=95.97 test_acc=93.47
epoch=196/300 lr=0.01000 train_acc=96.01 test_acc=93.84
epoch=197/300 lr=0.01000 train_acc=95.99 test_acc=94.22
epoch=198/300 lr=0.01000 train_acc=95.95 test_acc=93.97
epoch=199/300 lr=0.01000 train_acc=96.07 test_acc=94.21
epoch=200/300 lr=0.01000 train_acc=95.98 test_acc=93.99
epoch=201/300 lr=0.01000 train_acc=96.14 test_acc=94.02
epoch=202/300 lr=0.01000 train_acc=96.07 test_acc=94.15
epoch=203/300 lr=0.01000 train_acc=96.04 test_acc=94.36
epoch=204/300 lr=0.01000 train_acc=96.08 test_acc=94.17
epoch=205/300 lr=0.01000 train_acc=96.04 test_acc=93.44
epoch=206/300 lr=0.01000 train_acc=96.21 test_acc=94.24
epoch=207/300 lr=0.01000 train_acc=96.28 test_acc=94.33
epoch=208/300 lr=0.01000 train_acc=96.14 test_acc=93.96
epoch=209/300 lr=0.01000 train_acc=96.19 test_acc=93.95
epoch=210/300 lr=0.01000 train_acc=96.05 test_acc=93.94
epoch=211/300 lr=0.01000 train_acc=96.31 test_acc=93.13
epoch=212/300 lr=0.01000 train_acc=96.06 test_acc=94.05
epoch=213/300 lr=0.01000 train_acc=96.32 test_acc=94.07
epoch=214/300 lr=0.01000 train_acc=96.25 test_acc=94.55
epoch=215/300 lr=0.01000 train_acc=96.16 test_acc=94.19
epoch=216/300 lr=0.01000 train_acc=96.19 test_acc=93.48
epoch=217/300 lr=0.01000 train_acc=96.07 test_acc=93.75
epoch=218/300 lr=0.01000 train_acc=96.43 test_acc=94.19
epoch=219/300 lr=0.01000 train_acc=96.32 test_acc=94.33
epoch=220/300 lr=0.01000 train_acc=96.28 test_acc=94.28
epoch=221/300 lr=0.01000 train_acc=96.37 test_acc=93.39
epoch=222/300 lr=0.01000 train_acc=96.28 test_acc=93.78
epoch=223/300 lr=0.01000 train_acc=96.43 test_acc=93.93
epoch=224/300 lr=0.01000 train_acc=96.22 test_acc=93.81
epoch=225/300 lr=0.01000 train_acc=96.28 test_acc=94.57
epoch=226/300 lr=0.00100 train_acc=97.31 test_acc=94.91
epoch=227/300 lr=0.00100 train_acc=97.80 test_acc=94.94
epoch=228/300 lr=0.00100 train_acc=97.95 test_acc=94.90
epoch=229/300 lr=0.00100 train_acc=98.06 test_acc=94.90
epoch=230/300 lr=0.00100 train_acc=98.04 test_acc=95.01
epoch=231/300 lr=0.00100 train_acc=98.10 test_acc=94.91
epoch=232/300 lr=0.00100 train_acc=98.25 test_acc=94.99
epoch=233/300 lr=0.00100 train_acc=98.29 test_acc=94.99
epoch=234/300 lr=0.00100 train_acc=98.33 test_acc=94.84
epoch=235/300 lr=0.00100 train_acc=98.42 test_acc=95.07
epoch=236/300 lr=0.00100 train_acc=98.43 test_acc=94.95
epoch=237/300 lr=0.00100 train_acc=98.47 test_acc=94.92
epoch=238/300 lr=0.00100 train_acc=98.53 test_acc=95.01
epoch=239/300 lr=0.00100 train_acc=98.45 test_acc=94.99
epoch=240/300 lr=0.00100 train_acc=98.55 test_acc=94.94
epoch=241/300 lr=0.00100 train_acc=98.67 test_acc=95.01
epoch=242/300 lr=0.00100 train_acc=98.54 test_acc=95.13
epoch=243/300 lr=0.00100 train_acc=98.62 test_acc=94.91
epoch=244/300 lr=0.00100 train_acc=98.72 test_acc=95.07
epoch=245/300 lr=0.00100 train_acc=98.63 test_acc=94.88
epoch=246/300 lr=0.00100 train_acc=98.77 test_acc=94.91
epoch=247/300 lr=0.00100 train_acc=98.78 test_acc=94.85
epoch=248/300 lr=0.00100 train_acc=98.76 test_acc=94.93
epoch=249/300 lr=0.00100 train_acc=98.77 test_acc=94.94
epoch=250/300 lr=0.00100 train_acc=98.79 test_acc=94.99
epoch=251/300 lr=0.00100 train_acc=98.80 test_acc=94.97
epoch=252/300 lr=0.00100 train_acc=98.83 test_acc=94.90
epoch=253/300 lr=0.00100 train_acc=98.86 test_acc=94.81
epoch=254/300 lr=0.00100 train_acc=98.89 test_acc=95.04
epoch=255/300 lr=0.00100 train_acc=98.86 test_acc=94.98
epoch=256/300 lr=0.00100 train_acc=98.84 test_acc=94.93
epoch=257/300 lr=0.00100 train_acc=98.86 test_acc=95.02
epoch=258/300 lr=0.00100 train_acc=98.95 test_acc=95.02
epoch=259/300 lr=0.00100 train_acc=98.93 test_acc=95.08
epoch=260/300 lr=0.00100 train_acc=98.95 test_acc=94.93
epoch=261/300 lr=0.00100 train_acc=99.00 test_acc=94.97
epoch=262/300 lr=0.00100 train_acc=99.02 test_acc=95.09
epoch=263/300 lr=0.00100 train_acc=99.00 test_acc=94.90
epoch=264/300 lr=0.00100 train_acc=99.03 test_acc=95.03
epoch=265/300 lr=0.00100 train_acc=99.10 test_acc=95.01
epoch=266/300 lr=0.00100 train_acc=99.01 test_acc=94.90
epoch=267/300 lr=0.00100 train_acc=99.04 test_acc=94.94
epoch=268/300 lr=0.00100 train_acc=99.06 test_acc=94.98
epoch=269/300 lr=0.00100 train_acc=99.12 test_acc=95.03
epoch=270/300 lr=0.00100 train_acc=99.08 test_acc=95.05
epoch=271/300 lr=0.00100 train_acc=99.07 test_acc=94.86
epoch=272/300 lr=0.00100 train_acc=99.12 test_acc=95.05
epoch=273/300 lr=0.00100 train_acc=99.06 test_acc=95.04
epoch=274/300 lr=0.00100 train_acc=99.13 test_acc=94.83
epoch=275/300 lr=0.00100 train_acc=99.11 test_acc=94.92
epoch=276/300 lr=0.00100 train_acc=99.10 test_acc=94.91
epoch=277/300 lr=0.00100 train_acc=99.11 test_acc=94.72
epoch=278/300 lr=0.00100 train_acc=99.14 test_acc=95.04
epoch=279/300 lr=0.00100 train_acc=99.16 test_acc=94.93
epoch=280/300 lr=0.00100 train_acc=99.15 test_acc=95.01
epoch=281/300 lr=0.00100 train_acc=99.23 test_acc=94.76
epoch=282/300 lr=0.00100 train_acc=99.24 test_acc=94.90
epoch=283/300 lr=0.00100 train_acc=99.22 test_acc=94.89
epoch=284/300 lr=0.00100 train_acc=99.23 test_acc=94.87
epoch=285/300 lr=0.00100 train_acc=99.09 test_acc=94.85
epoch=286/300 lr=0.00100 train_acc=99.24 test_acc=94.83
epoch=287/300 lr=0.00100 train_acc=99.27 test_acc=94.94
epoch=288/300 lr=0.00100 train_acc=99.23 test_acc=94.99
epoch=289/300 lr=0.00100 train_acc=99.23 test_acc=95.10
epoch=290/300 lr=0.00100 train_acc=99.27 test_acc=94.98
epoch=291/300 lr=0.00100 train_acc=99.29 test_acc=95.17
epoch=292/300 lr=0.00100 train_acc=99.27 test_acc=95.08
epoch=293/300 lr=0.00100 train_acc=99.27 test_acc=94.80
epoch=294/300 lr=0.00100 train_acc=99.24 test_acc=94.84
epoch=295/300 lr=0.00100 train_acc=99.30 test_acc=94.98
epoch=296/300 lr=0.00100 train_acc=99.25 test_acc=95.07
epoch=297/300 lr=0.00100 train_acc=99.25 test_acc=94.87
epoch=298/300 lr=0.00100 train_acc=99.32 test_acc=94.82
epoch=299/300 lr=0.00100 train_acc=99.33 test_acc=94.97
epoch=300/300 lr=0.00100 train_acc=99.28 test_acc=94.83
{
  "best_accuracy": 95.17,
  "best_error_rate": 4.829999999999998,
  "final_accuracy": 94.83,
  "final_error_rate": 5.170000000000002,
  "elapsed_seconds": 2143.1158356666565,
  "is_paper_result": false,
  "note": "New reproduction result; compare against paper target separately."
}
start experiment=fashionmnist_resnet20_baseline seed=1002
epoch=1/300 lr=0.10000 train_acc=73.72 test_acc=76.33
epoch=2/300 lr=0.10000 train_acc=85.31 test_acc=86.12
epoch=3/300 lr=0.10000 train_acc=87.52 test_acc=85.37
epoch=4/300 lr=0.10000 train_acc=88.39 test_acc=86.61
epoch=5/300 lr=0.10000 train_acc=88.72 test_acc=85.29
epoch=6/300 lr=0.10000 train_acc=89.05 test_acc=87.69
epoch=7/300 lr=0.10000 train_acc=89.35 test_acc=87.10
epoch=8/300 lr=0.10000 train_acc=89.54 test_acc=88.31
epoch=9/300 lr=0.10000 train_acc=89.49 test_acc=87.53
epoch=10/300 lr=0.10000 train_acc=89.91 test_acc=87.85
epoch=11/300 lr=0.10000 train_acc=90.11 test_acc=89.60
epoch=12/300 lr=0.10000 train_acc=90.13 test_acc=89.20
epoch=13/300 lr=0.10000 train_acc=90.29 test_acc=89.83
epoch=14/300 lr=0.10000 train_acc=90.25 test_acc=88.63
epoch=15/300 lr=0.10000 train_acc=90.44 test_acc=87.99
epoch=16/300 lr=0.10000 train_acc=90.42 test_acc=87.24
epoch=17/300 lr=0.10000 train_acc=90.59 test_acc=81.79
epoch=18/300 lr=0.10000 train_acc=90.65 test_acc=89.49
epoch=19/300 lr=0.10000 train_acc=90.56 test_acc=90.44
epoch=20/300 lr=0.10000 train_acc=90.60 test_acc=90.67
epoch=21/300 lr=0.10000 train_acc=90.86 test_acc=89.44
epoch=22/300 lr=0.10000 train_acc=90.51 test_acc=89.69
epoch=23/300 lr=0.10000 train_acc=90.79 test_acc=88.71
epoch=24/300 lr=0.10000 train_acc=90.87 test_acc=90.07
epoch=25/300 lr=0.10000 train_acc=91.04 test_acc=90.51
epoch=26/300 lr=0.10000 train_acc=91.12 test_acc=90.83
epoch=27/300 lr=0.10000 train_acc=90.97 test_acc=87.66
epoch=28/300 lr=0.10000 train_acc=91.20 test_acc=90.16
epoch=29/300 lr=0.10000 train_acc=91.08 test_acc=88.67
epoch=30/300 lr=0.10000 train_acc=91.05 test_acc=89.26
epoch=31/300 lr=0.10000 train_acc=91.09 test_acc=87.84
epoch=32/300 lr=0.10000 train_acc=91.27 test_acc=90.01
epoch=33/300 lr=0.10000 train_acc=91.36 test_acc=90.49
epoch=34/300 lr=0.10000 train_acc=91.21 test_acc=89.01
epoch=35/300 lr=0.10000 train_acc=91.38 test_acc=89.45
epoch=36/300 lr=0.10000 train_acc=91.48 test_acc=90.33
epoch=37/300 lr=0.10000 train_acc=91.41 test_acc=89.92
epoch=38/300 lr=0.10000 train_acc=91.23 test_acc=89.76
epoch=39/300 lr=0.10000 train_acc=91.39 test_acc=90.14
epoch=40/300 lr=0.10000 train_acc=91.47 test_acc=90.69
epoch=41/300 lr=0.10000 train_acc=91.49 test_acc=89.04
epoch=42/300 lr=0.10000 train_acc=91.47 test_acc=88.18
epoch=43/300 lr=0.10000 train_acc=91.51 test_acc=91.75
epoch=44/300 lr=0.10000 train_acc=91.63 test_acc=88.87
epoch=45/300 lr=0.10000 train_acc=91.41 test_acc=91.32
epoch=46/300 lr=0.10000 train_acc=91.63 test_acc=89.82
epoch=47/300 lr=0.10000 train_acc=91.61 test_acc=83.73
epoch=48/300 lr=0.10000 train_acc=91.46 test_acc=90.78
epoch=49/300 lr=0.10000 train_acc=91.44 test_acc=91.77
epoch=50/300 lr=0.10000 train_acc=91.52 test_acc=90.51
epoch=51/300 lr=0.10000 train_acc=91.65 test_acc=88.44
epoch=52/300 lr=0.10000 train_acc=91.71 test_acc=92.00
epoch=53/300 lr=0.10000 train_acc=91.59 test_acc=88.94
epoch=54/300 lr=0.10000 train_acc=91.64 test_acc=89.64
epoch=55/300 lr=0.10000 train_acc=91.67 test_acc=91.22
epoch=56/300 lr=0.10000 train_acc=91.69 test_acc=91.09
epoch=57/300 lr=0.10000 train_acc=91.73 test_acc=83.89
epoch=58/300 lr=0.10000 train_acc=91.67 test_acc=90.76
epoch=59/300 lr=0.10000 train_acc=91.81 test_acc=89.86
epoch=60/300 lr=0.10000 train_acc=91.69 test_acc=88.21
epoch=61/300 lr=0.10000 train_acc=91.68 test_acc=90.59
epoch=62/300 lr=0.10000 train_acc=91.69 test_acc=90.77
epoch=63/300 lr=0.10000 train_acc=91.69 test_acc=90.65
epoch=64/300 lr=0.10000 train_acc=91.53 test_acc=84.26
epoch=65/300 lr=0.10000 train_acc=91.74 test_acc=91.29
epoch=66/300 lr=0.10000 train_acc=91.74 test_acc=91.21
epoch=67/300 lr=0.10000 train_acc=91.69 test_acc=87.61
epoch=68/300 lr=0.10000 train_acc=91.79 test_acc=90.82
epoch=69/300 lr=0.10000 train_acc=91.69 test_acc=88.47
epoch=70/300 lr=0.10000 train_acc=91.75 test_acc=91.30
epoch=71/300 lr=0.10000 train_acc=91.72 test_acc=85.07
epoch=72/300 lr=0.10000 train_acc=91.58 test_acc=91.01
epoch=73/300 lr=0.10000 train_acc=91.58 test_acc=91.10
epoch=74/300 lr=0.10000 train_acc=91.67 test_acc=90.30
epoch=75/300 lr=0.10000 train_acc=91.89 test_acc=90.59
epoch=76/300 lr=0.10000 train_acc=91.63 test_acc=91.11
epoch=77/300 lr=0.10000 train_acc=91.80 test_acc=90.17
epoch=78/300 lr=0.10000 train_acc=91.65 test_acc=88.51
epoch=79/300 lr=0.10000 train_acc=91.73 test_acc=89.44
epoch=80/300 lr=0.10000 train_acc=91.70 test_acc=88.39
epoch=81/300 lr=0.10000 train_acc=91.73 test_acc=90.39
epoch=82/300 lr=0.10000 train_acc=91.95 test_acc=87.75
epoch=83/300 lr=0.10000 train_acc=91.75 test_acc=89.72
epoch=84/300 lr=0.10000 train_acc=91.72 test_acc=90.04
epoch=85/300 lr=0.10000 train_acc=91.88 test_acc=91.13
epoch=86/300 lr=0.10000 train_acc=91.89 test_acc=87.20
epoch=87/300 lr=0.10000 train_acc=91.80 test_acc=90.87
epoch=88/300 lr=0.10000 train_acc=91.76 test_acc=89.45
epoch=89/300 lr=0.10000 train_acc=91.79 test_acc=91.12
epoch=90/300 lr=0.10000 train_acc=91.69 test_acc=87.00
epoch=91/300 lr=0.10000 train_acc=91.71 test_acc=89.49
epoch=92/300 lr=0.10000 train_acc=91.89 test_acc=90.08
epoch=93/300 lr=0.10000 train_acc=91.66 test_acc=92.04
epoch=94/300 lr=0.10000 train_acc=91.85 test_acc=91.45
epoch=95/300 lr=0.10000 train_acc=91.73 test_acc=90.45
epoch=96/300 lr=0.10000 train_acc=91.59 test_acc=87.49
epoch=97/300 lr=0.10000 train_acc=91.80 test_acc=87.97
epoch=98/300 lr=0.10000 train_acc=91.83 test_acc=90.36
epoch=99/300 lr=0.10000 train_acc=91.96 test_acc=90.48
epoch=100/300 lr=0.10000 train_acc=92.02 test_acc=91.06
epoch=101/300 lr=0.10000 train_acc=91.89 test_acc=84.62
epoch=102/300 lr=0.10000 train_acc=91.95 test_acc=80.87
epoch=103/300 lr=0.10000 train_acc=91.81 test_acc=89.74
epoch=104/300 lr=0.10000 train_acc=91.92 test_acc=89.71
epoch=105/300 lr=0.10000 train_acc=91.89 test_acc=88.95
epoch=106/300 lr=0.10000 train_acc=91.88 test_acc=90.94
epoch=107/300 lr=0.10000 train_acc=91.91 test_acc=91.43
epoch=108/300 lr=0.10000 train_acc=91.96 test_acc=87.51
epoch=109/300 lr=0.10000 train_acc=91.82 test_acc=89.90
epoch=110/300 lr=0.10000 train_acc=91.94 test_acc=91.92
epoch=111/300 lr=0.10000 train_acc=91.89 test_acc=91.59
epoch=112/300 lr=0.10000 train_acc=91.91 test_acc=91.70
epoch=113/300 lr=0.10000 train_acc=91.93 test_acc=91.82
epoch=114/300 lr=0.10000 train_acc=91.89 test_acc=90.22
epoch=115/300 lr=0.10000 train_acc=91.90 test_acc=88.09
epoch=116/300 lr=0.10000 train_acc=91.82 test_acc=89.97
epoch=117/300 lr=0.10000 train_acc=91.95 test_acc=90.46
epoch=118/300 lr=0.10000 train_acc=92.03 test_acc=91.45
epoch=119/300 lr=0.10000 train_acc=91.91 test_acc=88.27
epoch=120/300 lr=0.10000 train_acc=91.90 test_acc=89.82
epoch=121/300 lr=0.10000 train_acc=91.94 test_acc=91.28
epoch=122/300 lr=0.10000 train_acc=91.94 test_acc=90.04
epoch=123/300 lr=0.10000 train_acc=91.92 test_acc=89.67
epoch=124/300 lr=0.10000 train_acc=91.97 test_acc=92.27
epoch=125/300 lr=0.10000 train_acc=91.88 test_acc=91.24
epoch=126/300 lr=0.10000 train_acc=91.84 test_acc=90.05
epoch=127/300 lr=0.10000 train_acc=92.04 test_acc=92.08
epoch=128/300 lr=0.10000 train_acc=91.85 test_acc=89.19
epoch=129/300 lr=0.10000 train_acc=91.92 test_acc=89.91
epoch=130/300 lr=0.10000 train_acc=91.90 test_acc=91.05
epoch=131/300 lr=0.10000 train_acc=91.89 test_acc=91.72
epoch=132/300 lr=0.10000 train_acc=91.93 test_acc=91.38
epoch=133/300 lr=0.10000 train_acc=92.09 test_acc=91.63
epoch=134/300 lr=0.10000 train_acc=91.94 test_acc=88.83
epoch=135/300 lr=0.10000 train_acc=91.94 test_acc=91.59
epoch=136/300 lr=0.10000 train_acc=91.94 test_acc=89.07
epoch=137/300 lr=0.10000 train_acc=92.05 test_acc=89.35
epoch=138/300 lr=0.10000 train_acc=92.03 test_acc=90.36
epoch=139/300 lr=0.10000 train_acc=92.14 test_acc=87.73
epoch=140/300 lr=0.10000 train_acc=92.09 test_acc=91.09
epoch=141/300 lr=0.10000 train_acc=92.05 test_acc=91.25
epoch=142/300 lr=0.10000 train_acc=91.96 test_acc=90.81
epoch=143/300 lr=0.10000 train_acc=91.93 test_acc=87.34
epoch=144/300 lr=0.10000 train_acc=91.88 test_acc=90.27
epoch=145/300 lr=0.10000 train_acc=91.94 test_acc=92.49
epoch=146/300 lr=0.10000 train_acc=91.89 test_acc=90.39
epoch=147/300 lr=0.10000 train_acc=91.94 test_acc=86.86
epoch=148/300 lr=0.10000 train_acc=92.03 test_acc=91.43
epoch=149/300 lr=0.10000 train_acc=91.86 test_acc=90.75
epoch=150/300 lr=0.10000 train_acc=91.81 test_acc=90.80
epoch=151/300 lr=0.01000 train_acc=94.00 test_acc=94.10
epoch=152/300 lr=0.01000 train_acc=94.66 test_acc=94.25
epoch=153/300 lr=0.01000 train_acc=94.89 test_acc=94.36
epoch=154/300 lr=0.01000 train_acc=94.93 test_acc=94.33
epoch=155/300 lr=0.01000 train_acc=95.19 test_acc=94.32
epoch=156/300 lr=0.01000 train_acc=95.20 test_acc=94.25
epoch=157/300 lr=0.01000 train_acc=95.38 test_acc=94.26
epoch=158/300 lr=0.01000 train_acc=95.42 test_acc=94.22
epoch=159/300 lr=0.01000 train_acc=95.49 test_acc=94.39
epoch=160/300 lr=0.01000 train_acc=95.52 test_acc=94.51
epoch=161/300 lr=0.01000 train_acc=95.56 test_acc=94.04
epoch=162/300 lr=0.01000 train_acc=95.63 test_acc=94.52
epoch=163/300 lr=0.01000 train_acc=95.72 test_acc=93.76
epoch=164/300 lr=0.01000 train_acc=95.70 test_acc=94.16
epoch=165/300 lr=0.01000 train_acc=95.69 test_acc=94.33
epoch=166/300 lr=0.01000 train_acc=95.69 test_acc=93.73
epoch=167/300 lr=0.01000 train_acc=95.68 test_acc=94.01
epoch=168/300 lr=0.01000 train_acc=95.83 test_acc=94.00
epoch=169/300 lr=0.01000 train_acc=95.80 test_acc=94.23
epoch=170/300 lr=0.01000 train_acc=95.74 test_acc=94.29
epoch=171/300 lr=0.01000 train_acc=95.90 test_acc=94.29
epoch=172/300 lr=0.01000 train_acc=95.75 test_acc=94.29
epoch=173/300 lr=0.01000 train_acc=95.78 test_acc=94.33
epoch=174/300 lr=0.01000 train_acc=95.82 test_acc=94.04
epoch=175/300 lr=0.01000 train_acc=95.85 test_acc=94.12
epoch=176/300 lr=0.01000 train_acc=95.89 test_acc=93.90
epoch=177/300 lr=0.01000 train_acc=95.86 test_acc=93.96
epoch=178/300 lr=0.01000 train_acc=95.77 test_acc=94.25
epoch=179/300 lr=0.01000 train_acc=95.93 test_acc=94.13
epoch=180/300 lr=0.01000 train_acc=95.95 test_acc=94.25
epoch=181/300 lr=0.01000 train_acc=95.97 test_acc=94.05
epoch=182/300 lr=0.01000 train_acc=95.95 test_acc=94.18
epoch=183/300 lr=0.01000 train_acc=96.07 test_acc=94.13
epoch=184/300 lr=0.01000 train_acc=95.96 test_acc=94.01
epoch=185/300 lr=0.01000 train_acc=95.98 test_acc=93.77
epoch=186/300 lr=0.01000 train_acc=95.91 test_acc=93.85
epoch=187/300 lr=0.01000 train_acc=95.97 test_acc=93.42
epoch=188/300 lr=0.01000 train_acc=95.98 test_acc=94.25
epoch=189/300 lr=0.01000 train_acc=95.95 test_acc=93.66
epoch=190/300 lr=0.01000 train_acc=95.95 test_acc=94.04
epoch=191/300 lr=0.01000 train_acc=96.03 test_acc=94.09
epoch=192/300 lr=0.01000 train_acc=96.08 test_acc=94.50
epoch=193/300 lr=0.01000 train_acc=96.00 test_acc=93.92
epoch=194/300 lr=0.01000 train_acc=95.94 test_acc=93.86
epoch=195/300 lr=0.01000 train_acc=96.08 test_acc=93.92
epoch=196/300 lr=0.01000 train_acc=95.98 test_acc=93.57
epoch=197/300 lr=0.01000 train_acc=96.06 test_acc=94.08
epoch=198/300 lr=0.01000 train_acc=96.16 test_acc=93.98
epoch=199/300 lr=0.01000 train_acc=95.97 test_acc=93.86
epoch=200/300 lr=0.01000 train_acc=96.26 test_acc=94.30
epoch=201/300 lr=0.01000 train_acc=96.09 test_acc=94.20
epoch=202/300 lr=0.01000 train_acc=96.05 test_acc=94.31
epoch=203/300 lr=0.01000 train_acc=96.15 test_acc=93.99
epoch=204/300 lr=0.01000 train_acc=96.03 test_acc=94.24
epoch=205/300 lr=0.01000 train_acc=96.20 test_acc=93.52
epoch=206/300 lr=0.01000 train_acc=96.12 test_acc=93.81
epoch=207/300 lr=0.01000 train_acc=96.06 test_acc=94.44
epoch=208/300 lr=0.01000 train_acc=96.20 test_acc=93.49
epoch=209/300 lr=0.01000 train_acc=96.18 test_acc=94.22
epoch=210/300 lr=0.01000 train_acc=96.13 test_acc=94.05
epoch=211/300 lr=0.01000 train_acc=96.23 test_acc=94.13
epoch=212/300 lr=0.01000 train_acc=96.32 test_acc=93.48
epoch=213/300 lr=0.01000 train_acc=96.08 test_acc=94.51
epoch=214/300 lr=0.01000 train_acc=96.22 test_acc=94.00
epoch=215/300 lr=0.01000 train_acc=96.20 test_acc=94.04
epoch=216/300 lr=0.01000 train_acc=96.27 test_acc=94.25
epoch=217/300 lr=0.01000 train_acc=96.25 test_acc=94.04
epoch=218/300 lr=0.01000 train_acc=96.30 test_acc=93.54
epoch=219/300 lr=0.01000 train_acc=96.36 test_acc=93.95
epoch=220/300 lr=0.01000 train_acc=96.31 test_acc=93.63
epoch=221/300 lr=0.01000 train_acc=96.35 test_acc=93.96
epoch=222/300 lr=0.01000 train_acc=96.34 test_acc=93.70
epoch=223/300 lr=0.01000 train_acc=96.47 test_acc=93.94
epoch=224/300 lr=0.01000 train_acc=96.40 test_acc=92.95
epoch=225/300 lr=0.01000 train_acc=96.31 test_acc=94.15
epoch=226/300 lr=0.00100 train_acc=97.47 test_acc=94.70
epoch=227/300 lr=0.00100 train_acc=97.83 test_acc=94.92
epoch=228/300 lr=0.00100 train_acc=97.96 test_acc=94.87
epoch=229/300 lr=0.00100 train_acc=98.11 test_acc=95.05
epoch=230/300 lr=0.00100 train_acc=98.22 test_acc=95.05
epoch=231/300 lr=0.00100 train_acc=98.23 test_acc=95.02
epoch=232/300 lr=0.00100 train_acc=98.41 test_acc=94.96
epoch=233/300 lr=0.00100 train_acc=98.35 test_acc=95.00
epoch=234/300 lr=0.00100 train_acc=98.39 test_acc=94.96
epoch=235/300 lr=0.00100 train_acc=98.43 test_acc=95.01
epoch=236/300 lr=0.00100 train_acc=98.43 test_acc=95.02
epoch=237/300 lr=0.00100 train_acc=98.47 test_acc=95.07
epoch=238/300 lr=0.00100 train_acc=98.52 test_acc=95.12
epoch=239/300 lr=0.00100 train_acc=98.58 test_acc=95.14
epoch=240/300 lr=0.00100 train_acc=98.59 test_acc=95.12
epoch=241/300 lr=0.00100 train_acc=98.63 test_acc=95.05
epoch=242/300 lr=0.00100 train_acc=98.57 test_acc=95.14
epoch=243/300 lr=0.00100 train_acc=98.73 test_acc=95.05
epoch=244/300 lr=0.00100 train_acc=98.69 test_acc=95.06
epoch=245/300 lr=0.00100 train_acc=98.76 test_acc=95.15
epoch=246/300 lr=0.00100 train_acc=98.73 test_acc=95.02
epoch=247/300 lr=0.00100 train_acc=98.79 test_acc=95.10
epoch=248/300 lr=0.00100 train_acc=98.74 test_acc=95.09
epoch=249/300 lr=0.00100 train_acc=98.85 test_acc=94.96
epoch=250/300 lr=0.00100 train_acc=98.81 test_acc=94.75
epoch=251/300 lr=0.00100 train_acc=98.86 test_acc=94.85
epoch=252/300 lr=0.00100 train_acc=98.94 test_acc=95.06
epoch=253/300 lr=0.00100 train_acc=98.80 test_acc=94.96
epoch=254/300 lr=0.00100 train_acc=98.93 test_acc=94.88
epoch=255/300 lr=0.00100 train_acc=98.92 test_acc=95.03
epoch=256/300 lr=0.00100 train_acc=99.00 test_acc=94.90
epoch=257/300 lr=0.00100 train_acc=98.91 test_acc=94.87
epoch=258/300 lr=0.00100 train_acc=98.96 test_acc=95.03
epoch=259/300 lr=0.00100 train_acc=99.03 test_acc=95.13
epoch=260/300 lr=0.00100 train_acc=98.99 test_acc=94.94
epoch=261/300 lr=0.00100 train_acc=99.10 test_acc=95.03
epoch=262/300 lr=0.00100 train_acc=99.07 test_acc=95.05
epoch=263/300 lr=0.00100 train_acc=99.05 test_acc=94.79
epoch=264/300 lr=0.00100 train_acc=99.07 test_acc=94.95
epoch=265/300 lr=0.00100 train_acc=99.13 test_acc=94.90
epoch=266/300 lr=0.00100 train_acc=98.98 test_acc=95.05
epoch=267/300 lr=0.00100 train_acc=99.09 test_acc=94.87
epoch=268/300 lr=0.00100 train_acc=99.04 test_acc=94.93
epoch=269/300 lr=0.00100 train_acc=99.09 test_acc=94.88
epoch=270/300 lr=0.00100 train_acc=99.08 test_acc=94.85
epoch=271/300 lr=0.00100 train_acc=99.11 test_acc=94.83
epoch=272/300 lr=0.00100 train_acc=99.11 test_acc=94.86
epoch=273/300 lr=0.00100 train_acc=99.17 test_acc=94.90
epoch=274/300 lr=0.00100 train_acc=99.17 test_acc=94.94
epoch=275/300 lr=0.00100 train_acc=99.20 test_acc=95.00
epoch=276/300 lr=0.00100 train_acc=99.20 test_acc=94.97
epoch=277/300 lr=0.00100 train_acc=99.25 test_acc=94.83
epoch=278/300 lr=0.00100 train_acc=99.18 test_acc=94.96
epoch=279/300 lr=0.00100 train_acc=99.16 test_acc=94.85
epoch=280/300 lr=0.00100 train_acc=99.24 test_acc=94.95
epoch=281/300 lr=0.00100 train_acc=99.29 test_acc=95.00
epoch=282/300 lr=0.00100 train_acc=99.20 test_acc=94.96
epoch=283/300 lr=0.00100 train_acc=99.20 test_acc=94.81
epoch=284/300 lr=0.00100 train_acc=99.28 test_acc=94.87
epoch=285/300 lr=0.00100 train_acc=99.21 test_acc=94.98
epoch=286/300 lr=0.00100 train_acc=99.27 test_acc=94.95
epoch=287/300 lr=0.00100 train_acc=99.24 test_acc=94.77
epoch=288/300 lr=0.00100 train_acc=99.31 test_acc=94.90
epoch=289/300 lr=0.00100 train_acc=99.30 test_acc=94.72
epoch=290/300 lr=0.00100 train_acc=99.31 test_acc=94.78
epoch=291/300 lr=0.00100 train_acc=99.26 test_acc=94.69
epoch=292/300 lr=0.00100 train_acc=99.31 test_acc=95.01
epoch=293/300 lr=0.00100 train_acc=99.30 test_acc=94.77
epoch=294/300 lr=0.00100 train_acc=99.31 test_acc=94.81
epoch=295/300 lr=0.00100 train_acc=99.36 test_acc=94.92
epoch=296/300 lr=0.00100 train_acc=99.27 test_acc=94.84
epoch=297/300 lr=0.00100 train_acc=99.32 test_acc=94.85
epoch=298/300 lr=0.00100 train_acc=99.34 test_acc=94.97
epoch=299/300 lr=0.00100 train_acc=99.34 test_acc=94.79
epoch=300/300 lr=0.00100 train_acc=99.41 test_acc=94.97
{
  "best_accuracy": 95.15,
  "best_error_rate": 4.849999999999994,
  "final_accuracy": 94.97,
  "final_error_rate": 5.030000000000001,
  "elapsed_seconds": 2157.3077549934387,
  "is_paper_result": false,
  "note": "New reproduction result; compare against paper target separately."
}
start experiment=fashionmnist_resnet20_baseline seed=1003
epoch=1/300 lr=0.10000 train_acc=76.05 test_acc=78.97
epoch=2/300 lr=0.10000 train_acc=85.61 test_acc=86.35
epoch=3/300 lr=0.10000 train_acc=87.51 test_acc=85.63
epoch=4/300 lr=0.10000 train_acc=88.53 test_acc=84.17
epoch=5/300 lr=0.10000 train_acc=88.90 test_acc=78.98
epoch=6/300 lr=0.10000 train_acc=89.08 test_acc=89.00
epoch=7/300 lr=0.10000 train_acc=89.53 test_acc=89.34
epoch=8/300 lr=0.10000 train_acc=89.66 test_acc=88.83
epoch=9/300 lr=0.10000 train_acc=89.77 test_acc=87.00
epoch=10/300 lr=0.10000 train_acc=89.87 test_acc=90.35
epoch=11/300 lr=0.10000 train_acc=89.87 test_acc=88.49
epoch=12/300 lr=0.10000 train_acc=90.07 test_acc=87.88
epoch=13/300 lr=0.10000 train_acc=90.00 test_acc=86.17
epoch=14/300 lr=0.10000 train_acc=90.24 test_acc=87.48
epoch=15/300 lr=0.10000 train_acc=90.42 test_acc=84.37
epoch=16/300 lr=0.10000 train_acc=90.31 test_acc=89.53
epoch=17/300 lr=0.10000 train_acc=90.36 test_acc=86.90
epoch=18/300 lr=0.10000 train_acc=90.48 test_acc=88.82
epoch=19/300 lr=0.10000 train_acc=90.55 test_acc=90.15
epoch=20/300 lr=0.10000 train_acc=90.55 test_acc=86.68
epoch=21/300 lr=0.10000 train_acc=90.88 test_acc=91.03
epoch=22/300 lr=0.10000 train_acc=90.77 test_acc=90.35
epoch=23/300 lr=0.10000 train_acc=90.93 test_acc=90.99
epoch=24/300 lr=0.10000 train_acc=90.67 test_acc=91.47
epoch=25/300 lr=0.10000 train_acc=90.82 test_acc=88.82
epoch=26/300 lr=0.10000 train_acc=91.06 test_acc=87.02
epoch=27/300 lr=0.10000 train_acc=91.04 test_acc=86.73
epoch=28/300 lr=0.10000 train_acc=90.87 test_acc=89.15
epoch=29/300 lr=0.10000 train_acc=91.15 test_acc=89.17
epoch=30/300 lr=0.10000 train_acc=91.14 test_acc=89.55
epoch=31/300 lr=0.10000 train_acc=91.10 test_acc=90.54
epoch=32/300 lr=0.10000 train_acc=91.00 test_acc=79.84
epoch=33/300 lr=0.10000 train_acc=91.19 test_acc=89.54
epoch=34/300 lr=0.10000 train_acc=91.08 test_acc=89.22
epoch=35/300 lr=0.10000 train_acc=91.25 test_acc=89.08
epoch=36/300 lr=0.10000 train_acc=91.03 test_acc=90.30
epoch=37/300 lr=0.10000 train_acc=91.14 test_acc=87.07
epoch=38/300 lr=0.10000 train_acc=91.22 test_acc=89.65
epoch=39/300 lr=0.10000 train_acc=91.16 test_acc=86.90
epoch=40/300 lr=0.10000 train_acc=91.10 test_acc=89.55
epoch=41/300 lr=0.10000 train_acc=91.19 test_acc=90.31
epoch=42/300 lr=0.10000 train_acc=91.22 test_acc=87.73
epoch=43/300 lr=0.10000 train_acc=91.01 test_acc=84.27
epoch=44/300 lr=0.10000 train_acc=91.23 test_acc=89.39
epoch=45/300 lr=0.10000 train_acc=91.27 test_acc=89.07
epoch=46/300 lr=0.10000 train_acc=91.21 test_acc=90.66
epoch=47/300 lr=0.10000 train_acc=91.25 test_acc=83.97
epoch=48/300 lr=0.10000 train_acc=91.24 test_acc=91.69
epoch=49/300 lr=0.10000 train_acc=91.49 test_acc=91.06
epoch=50/300 lr=0.10000 train_acc=91.38 test_acc=89.13
epoch=51/300 lr=0.10000 train_acc=91.41 test_acc=85.52
epoch=52/300 lr=0.10000 train_acc=91.47 test_acc=90.96
epoch=53/300 lr=0.10000 train_acc=91.44 test_acc=90.56
epoch=54/300 lr=0.10000 train_acc=91.44 test_acc=90.55
epoch=55/300 lr=0.10000 train_acc=91.44 test_acc=91.54
epoch=56/300 lr=0.10000 train_acc=91.22 test_acc=90.47
epoch=57/300 lr=0.10000 train_acc=91.34 test_acc=89.36
epoch=58/300 lr=0.10000 train_acc=91.65 test_acc=87.12
epoch=59/300 lr=0.10000 train_acc=91.50 test_acc=88.41
epoch=60/300 lr=0.10000 train_acc=91.57 test_acc=90.52
epoch=61/300 lr=0.10000 train_acc=91.42 test_acc=82.17
epoch=62/300 lr=0.10000 train_acc=91.50 test_acc=91.89
epoch=63/300 lr=0.10000 train_acc=91.42 test_acc=89.30
epoch=64/300 lr=0.10000 train_acc=91.40 test_acc=91.51
epoch=65/300 lr=0.10000 train_acc=91.60 test_acc=90.82
epoch=66/300 lr=0.10000 train_acc=91.27 test_acc=90.29
epoch=67/300 lr=0.10000 train_acc=91.56 test_acc=89.76
epoch=68/300 lr=0.10000 train_acc=91.48 test_acc=87.62
epoch=69/300 lr=0.10000 train_acc=91.60 test_acc=90.33
epoch=70/300 lr=0.10000 train_acc=91.58 test_acc=87.32
epoch=71/300 lr=0.10000 train_acc=91.57 test_acc=85.45
epoch=72/300 lr=0.10000 train_acc=91.33 test_acc=89.43
epoch=73/300 lr=0.10000 train_acc=91.61 test_acc=77.13
epoch=74/300 lr=0.10000 train_acc=91.39 test_acc=89.56
epoch=75/300 lr=0.10000 train_acc=91.58 test_acc=90.62
epoch=76/300 lr=0.10000 train_acc=91.62 test_acc=88.24
epoch=77/300 lr=0.10000 train_acc=91.70 test_acc=90.05
epoch=78/300 lr=0.10000 train_acc=91.56 test_acc=90.00
epoch=79/300 lr=0.10000 train_acc=91.52 test_acc=91.38
epoch=80/300 lr=0.10000 train_acc=91.36 test_acc=90.60
epoch=81/300 lr=0.10000 train_acc=91.63 test_acc=89.00
epoch=82/300 lr=0.10000 train_acc=91.61 test_acc=87.42
epoch=83/300 lr=0.10000 train_acc=91.56 test_acc=90.13
epoch=84/300 lr=0.10000 train_acc=91.68 test_acc=89.07
epoch=85/300 lr=0.10000 train_acc=91.54 test_acc=90.24
epoch=86/300 lr=0.10000 train_acc=91.31 test_acc=89.37
epoch=87/300 lr=0.10000 train_acc=91.57 test_acc=90.99
epoch=88/300 lr=0.10000 train_acc=91.32 test_acc=88.45
epoch=89/300 lr=0.10000 train_acc=91.41 test_acc=90.58
epoch=90/300 lr=0.10000 train_acc=91.75 test_acc=90.51
epoch=91/300 lr=0.10000 train_acc=91.59 test_acc=91.55
epoch=92/300 lr=0.10000 train_acc=91.55 test_acc=89.90
epoch=93/300 lr=0.10000 train_acc=91.59 test_acc=91.75
epoch=94/300 lr=0.10000 train_acc=91.76 test_acc=91.85
epoch=95/300 lr=0.10000 train_acc=91.80 test_acc=89.96
epoch=96/300 lr=0.10000 train_acc=91.64 test_acc=85.75
epoch=97/300 lr=0.10000 train_acc=91.64 test_acc=87.63
epoch=98/300 lr=0.10000 train_acc=91.77 test_acc=90.41
epoch=99/300 lr=0.10000 train_acc=91.58 test_acc=90.16
epoch=100/300 lr=0.10000 train_acc=91.58 test_acc=91.09
epoch=101/300 lr=0.10000 train_acc=91.89 test_acc=91.11
epoch=102/300 lr=0.10000 train_acc=91.61 test_acc=90.99
epoch=103/300 lr=0.10000 train_acc=91.74 test_acc=87.45
epoch=104/300 lr=0.10000 train_acc=91.67 test_acc=91.19
epoch=105/300 lr=0.10000 train_acc=91.78 test_acc=89.00
epoch=106/300 lr=0.10000 train_acc=91.58 test_acc=88.35
epoch=107/300 lr=0.10000 train_acc=91.73 test_acc=89.55
epoch=108/300 lr=0.10000 train_acc=91.63 test_acc=90.10
epoch=109/300 lr=0.10000 train_acc=91.89 test_acc=90.23
epoch=110/300 lr=0.10000 train_acc=91.68 test_acc=88.53
epoch=111/300 lr=0.10000 train_acc=91.57 test_acc=87.77
epoch=112/300 lr=0.10000 train_acc=91.77 test_acc=86.75
epoch=113/300 lr=0.10000 train_acc=91.84 test_acc=91.13
epoch=114/300 lr=0.10000 train_acc=91.84 test_acc=86.30
epoch=115/300 lr=0.10000 train_acc=91.85 test_acc=90.25
epoch=116/300 lr=0.10000 train_acc=91.57 test_acc=87.98
epoch=117/300 lr=0.10000 train_acc=91.85 test_acc=90.54
epoch=118/300 lr=0.10000 train_acc=91.72 test_acc=90.77
epoch=119/300 lr=0.10000 train_acc=91.71 test_acc=91.11
epoch=120/300 lr=0.10000 train_acc=91.86 test_acc=80.25
epoch=121/300 lr=0.10000 train_acc=91.78 test_acc=89.80
epoch=122/300 lr=0.10000 train_acc=91.64 test_acc=91.25
epoch=123/300 lr=0.10000 train_acc=91.83 test_acc=89.47
epoch=124/300 lr=0.10000 train_acc=91.71 test_acc=87.97
epoch=125/300 lr=0.10000 train_acc=91.87 test_acc=90.62
epoch=126/300 lr=0.10000 train_acc=91.71 test_acc=90.54
epoch=127/300 lr=0.10000 train_acc=91.84 test_acc=88.18
epoch=128/300 lr=0.10000 train_acc=91.91 test_acc=91.91
epoch=129/300 lr=0.10000 train_acc=91.86 test_acc=81.12
epoch=130/300 lr=0.10000 train_acc=91.86 test_acc=89.85
epoch=131/300 lr=0.10000 train_acc=91.75 test_acc=89.89
epoch=132/300 lr=0.10000 train_acc=91.67 test_acc=88.08
epoch=133/300 lr=0.10000 train_acc=91.82 test_acc=91.46
epoch=134/300 lr=0.10000 train_acc=91.73 test_acc=88.10
epoch=135/300 lr=0.10000 train_acc=91.74 test_acc=85.80
epoch=136/300 lr=0.10000 train_acc=91.74 test_acc=88.03
epoch=137/300 lr=0.10000 train_acc=91.83 test_acc=91.66
epoch=138/300 lr=0.10000 train_acc=91.82 test_acc=90.65
epoch=139/300 lr=0.10000 train_acc=91.94 test_acc=91.53
epoch=140/300 lr=0.10000 train_acc=91.92 test_acc=89.49
epoch=141/300 lr=0.10000 train_acc=91.80 test_acc=91.10
epoch=142/300 lr=0.10000 train_acc=91.85 test_acc=91.43
epoch=143/300 lr=0.10000 train_acc=91.83 test_acc=90.95
epoch=144/300 lr=0.10000 train_acc=91.68 test_acc=91.48
epoch=145/300 lr=0.10000 train_acc=91.87 test_acc=90.95
epoch=146/300 lr=0.10000 train_acc=92.09 test_acc=91.50
epoch=147/300 lr=0.10000 train_acc=91.69 test_acc=90.60
epoch=148/300 lr=0.10000 train_acc=91.92 test_acc=90.25
epoch=149/300 lr=0.10000 train_acc=91.86 test_acc=90.41
epoch=150/300 lr=0.10000 train_acc=91.86 test_acc=88.90
epoch=151/300 lr=0.01000 train_acc=93.81 test_acc=93.83
epoch=152/300 lr=0.01000 train_acc=94.64 test_acc=94.05
epoch=153/300 lr=0.01000 train_acc=94.80 test_acc=94.10
epoch=154/300 lr=0.01000 train_acc=95.07 test_acc=93.67
epoch=155/300 lr=0.01000 train_acc=95.14 test_acc=94.10
epoch=156/300 lr=0.01000 train_acc=95.19 test_acc=94.03
epoch=157/300 lr=0.01000 train_acc=95.30 test_acc=94.20
epoch=158/300 lr=0.01000 train_acc=95.32 test_acc=94.22
epoch=159/300 lr=0.01000 train_acc=95.44 test_acc=94.39
epoch=160/300 lr=0.01000 train_acc=95.47 test_acc=94.39
epoch=161/300 lr=0.01000 train_acc=95.57 test_acc=94.39
epoch=162/300 lr=0.01000 train_acc=95.50 test_acc=94.47
epoch=163/300 lr=0.01000 train_acc=95.69 test_acc=94.49
epoch=164/300 lr=0.01000 train_acc=95.67 test_acc=94.57
epoch=165/300 lr=0.01000 train_acc=95.64 test_acc=94.39
epoch=166/300 lr=0.01000 train_acc=95.65 test_acc=94.26
epoch=167/300 lr=0.01000 train_acc=95.77 test_acc=93.85
epoch=168/300 lr=0.01000 train_acc=95.58 test_acc=93.99
epoch=169/300 lr=0.01000 train_acc=95.71 test_acc=94.44
epoch=170/300 lr=0.01000 train_acc=95.79 test_acc=94.48
epoch=171/300 lr=0.01000 train_acc=95.89 test_acc=94.40
epoch=172/300 lr=0.01000 train_acc=95.77 test_acc=94.26
epoch=173/300 lr=0.01000 train_acc=95.74 test_acc=94.42
epoch=174/300 lr=0.01000 train_acc=95.73 test_acc=93.74
epoch=175/300 lr=0.01000 train_acc=95.70 test_acc=94.24
epoch=176/300 lr=0.01000 train_acc=95.80 test_acc=94.35
epoch=177/300 lr=0.01000 train_acc=95.87 test_acc=94.04
epoch=178/300 lr=0.01000 train_acc=95.81 test_acc=94.03
epoch=179/300 lr=0.01000 train_acc=95.83 test_acc=94.11
epoch=180/300 lr=0.01000 train_acc=95.93 test_acc=93.88
epoch=181/300 lr=0.01000 train_acc=95.85 test_acc=93.49
epoch=182/300 lr=0.01000 train_acc=95.77 test_acc=93.98
epoch=183/300 lr=0.01000 train_acc=95.84 test_acc=94.25
epoch=184/300 lr=0.01000 train_acc=95.75 test_acc=94.14
epoch=185/300 lr=0.01000 train_acc=95.81 test_acc=94.27
epoch=186/300 lr=0.01000 train_acc=95.96 test_acc=94.32
epoch=187/300 lr=0.01000 train_acc=95.93 test_acc=93.52
epoch=188/300 lr=0.01000 train_acc=95.78 test_acc=93.45
epoch=189/300 lr=0.01000 train_acc=95.97 test_acc=94.13
epoch=190/300 lr=0.01000 train_acc=96.00 test_acc=94.13
epoch=191/300 lr=0.01000 train_acc=95.90 test_acc=94.18
epoch=192/300 lr=0.01000 train_acc=95.87 test_acc=94.15
epoch=193/300 lr=0.01000 train_acc=96.08 test_acc=94.28
epoch=194/300 lr=0.01000 train_acc=95.91 test_acc=93.82
epoch=195/300 lr=0.01000 train_acc=95.95 test_acc=94.12
epoch=196/300 lr=0.01000 train_acc=95.99 test_acc=93.64
epoch=197/300 lr=0.01000 train_acc=95.95 test_acc=94.14
epoch=198/300 lr=0.01000 train_acc=96.00 test_acc=94.31
epoch=199/300 lr=0.01000 train_acc=95.91 test_acc=94.05
epoch=200/300 lr=0.01000 train_acc=96.06 test_acc=93.98
epoch=201/300 lr=0.01000 train_acc=96.03 test_acc=93.19
epoch=202/300 lr=0.01000 train_acc=96.06 test_acc=93.90
epoch=203/300 lr=0.01000 train_acc=96.12 test_acc=94.34
epoch=204/300 lr=0.01000 train_acc=96.11 test_acc=93.86
epoch=205/300 lr=0.01000 train_acc=96.03 test_acc=93.48
epoch=206/300 lr=0.01000 train_acc=96.09 test_acc=93.84
epoch=207/300 lr=0.01000 train_acc=96.18 test_acc=94.07
epoch=208/300 lr=0.01000 train_acc=96.22 test_acc=93.48
epoch=209/300 lr=0.01000 train_acc=96.11 test_acc=94.17
epoch=210/300 lr=0.01000 train_acc=96.14 test_acc=94.44
epoch=211/300 lr=0.01000 train_acc=96.11 test_acc=94.50
epoch=212/300 lr=0.01000 train_acc=96.17 test_acc=93.91
epoch=213/300 lr=0.01000 train_acc=96.15 test_acc=94.36
epoch=214/300 lr=0.01000 train_acc=96.14 test_acc=93.90
epoch=215/300 lr=0.01000 train_acc=96.27 test_acc=94.60
epoch=216/300 lr=0.01000 train_acc=96.15 test_acc=93.83
epoch=217/300 lr=0.01000 train_acc=96.13 test_acc=94.32
epoch=218/300 lr=0.01000 train_acc=96.38 test_acc=93.55
epoch=219/300 lr=0.01000 train_acc=96.26 test_acc=94.00
epoch=220/300 lr=0.01000 train_acc=96.11 test_acc=93.33
epoch=221/300 lr=0.01000 train_acc=96.27 test_acc=93.97
epoch=222/300 lr=0.01000 train_acc=96.34 test_acc=94.05
epoch=223/300 lr=0.01000 train_acc=96.22 test_acc=94.01
epoch=224/300 lr=0.01000 train_acc=96.33 test_acc=94.23
epoch=225/300 lr=0.01000 train_acc=96.35 test_acc=94.15
epoch=226/300 lr=0.00100 train_acc=97.40 test_acc=95.00
epoch=227/300 lr=0.00100 train_acc=97.86 test_acc=94.98
epoch=228/300 lr=0.00100 train_acc=97.96 test_acc=95.21
epoch=229/300 lr=0.00100 train_acc=98.12 test_acc=95.06
epoch=230/300 lr=0.00100 train_acc=98.17 test_acc=95.17
epoch=231/300 lr=0.00100 train_acc=98.21 test_acc=95.23
epoch=232/300 lr=0.00100 train_acc=98.23 test_acc=95.24
epoch=233/300 lr=0.00100 train_acc=98.19 test_acc=95.17
epoch=234/300 lr=0.00100 train_acc=98.35 test_acc=95.12
epoch=235/300 lr=0.00100 train_acc=98.47 test_acc=95.07
epoch=236/300 lr=0.00100 train_acc=98.42 test_acc=95.11
epoch=237/300 lr=0.00100 train_acc=98.38 test_acc=95.25
epoch=238/300 lr=0.00100 train_acc=98.48 test_acc=95.07
epoch=239/300 lr=0.00100 train_acc=98.57 test_acc=95.14
epoch=240/300 lr=0.00100 train_acc=98.59 test_acc=95.24
epoch=241/300 lr=0.00100 train_acc=98.56 test_acc=95.10
epoch=242/300 lr=0.00100 train_acc=98.62 test_acc=95.13
epoch=243/300 lr=0.00100 train_acc=98.76 test_acc=95.20
epoch=244/300 lr=0.00100 train_acc=98.70 test_acc=95.17
epoch=245/300 lr=0.00100 train_acc=98.73 test_acc=95.13
epoch=246/300 lr=0.00100 train_acc=98.79 test_acc=95.09
epoch=247/300 lr=0.00100 train_acc=98.72 test_acc=95.01
epoch=248/300 lr=0.00100 train_acc=98.80 test_acc=95.15
epoch=249/300 lr=0.00100 train_acc=98.81 test_acc=95.13
epoch=250/300 lr=0.00100 train_acc=98.70 test_acc=95.14
epoch=251/300 lr=0.00100 train_acc=98.80 test_acc=95.15
epoch=252/300 lr=0.00100 train_acc=98.85 test_acc=95.09
epoch=253/300 lr=0.00100 train_acc=98.87 test_acc=95.25
epoch=254/300 lr=0.00100 train_acc=98.90 test_acc=95.16
epoch=255/300 lr=0.00100 train_acc=98.89 test_acc=95.28
epoch=256/300 lr=0.00100 train_acc=98.94 test_acc=95.19
epoch=257/300 lr=0.00100 train_acc=98.86 test_acc=95.08
epoch=258/300 lr=0.00100 train_acc=98.95 test_acc=95.00
epoch=259/300 lr=0.00100 train_acc=98.92 test_acc=95.24
epoch=260/300 lr=0.00100 train_acc=99.02 test_acc=95.13
epoch=261/300 lr=0.00100 train_acc=98.95 test_acc=95.19
epoch=262/300 lr=0.00100 train_acc=98.99 test_acc=95.16
epoch=263/300 lr=0.00100 train_acc=98.97 test_acc=95.13
epoch=264/300 lr=0.00100 train_acc=99.05 test_acc=95.12
epoch=265/300 lr=0.00100 train_acc=99.05 test_acc=95.20
epoch=266/300 lr=0.00100 train_acc=99.02 test_acc=95.31
epoch=267/300 lr=0.00100 train_acc=99.10 test_acc=95.09
epoch=268/300 lr=0.00100 train_acc=99.11 test_acc=95.07
epoch=269/300 lr=0.00100 train_acc=99.07 test_acc=95.08
epoch=270/300 lr=0.00100 train_acc=99.10 test_acc=94.97
epoch=271/300 lr=0.00100 train_acc=99.14 test_acc=95.26
epoch=272/300 lr=0.00100 train_acc=99.07 test_acc=94.97
epoch=273/300 lr=0.00100 train_acc=99.16 test_acc=95.12
epoch=274/300 lr=0.00100 train_acc=99.18 test_acc=94.88
epoch=275/300 lr=0.00100 train_acc=99.16 test_acc=94.89
epoch=276/300 lr=0.00100 train_acc=99.22 test_acc=95.00
epoch=277/300 lr=0.00100 train_acc=99.17 test_acc=94.92
epoch=278/300 lr=0.00100 train_acc=99.17 test_acc=94.80
epoch=279/300 lr=0.00100 train_acc=99.19 test_acc=94.98
epoch=280/300 lr=0.00100 train_acc=99.12 test_acc=94.82
epoch=281/300 lr=0.00100 train_acc=99.17 test_acc=94.87
epoch=282/300 lr=0.00100 train_acc=99.19 test_acc=94.95
epoch=283/300 lr=0.00100 train_acc=99.21 test_acc=95.14
epoch=284/300 lr=0.00100 train_acc=99.23 test_acc=94.95
epoch=285/300 lr=0.00100 train_acc=99.22 test_acc=95.08
epoch=286/300 lr=0.00100 train_acc=99.23 test_acc=94.97
epoch=287/300 lr=0.00100 train_acc=99.23 test_acc=94.88
epoch=288/300 lr=0.00100 train_acc=99.32 test_acc=95.02
epoch=289/300 lr=0.00100 train_acc=99.30 test_acc=94.91
epoch=290/300 lr=0.00100 train_acc=99.30 test_acc=94.74
epoch=291/300 lr=0.00100 train_acc=99.27 test_acc=94.73
epoch=292/300 lr=0.00100 train_acc=99.14 test_acc=94.98
epoch=293/300 lr=0.00100 train_acc=99.27 test_acc=94.94
epoch=294/300 lr=0.00100 train_acc=99.25 test_acc=94.90
epoch=295/300 lr=0.00100 train_acc=99.26 test_acc=94.95
epoch=296/300 lr=0.00100 train_acc=99.33 test_acc=94.97
epoch=297/300 lr=0.00100 train_acc=99.33 test_acc=95.06
epoch=298/300 lr=0.00100 train_acc=99.30 test_acc=95.15
epoch=299/300 lr=0.00100 train_acc=99.31 test_acc=95.23
epoch=300/300 lr=0.00100 train_acc=99.28 test_acc=95.21
{
  "best_accuracy": 95.31,
  "best_error_rate": 4.689999999999998,
  "final_accuracy": 95.21,
  "final_error_rate": 4.790000000000006,
  "elapsed_seconds": 2157.1509573459625,
  "is_paper_result": false,
  "note": "New reproduction result; compare against paper target separately."
}
start experiment=fashionmnist_resnet20_baseline seed=1004
epoch=1/300 lr=0.10000 train_acc=76.25 test_acc=82.54
epoch=2/300 lr=0.10000 train_acc=86.16 test_acc=86.40
epoch=3/300 lr=0.10000 train_acc=87.83 test_acc=88.51
epoch=4/300 lr=0.10000 train_acc=88.50 test_acc=88.22
epoch=5/300 lr=0.10000 train_acc=88.81 test_acc=83.89
epoch=6/300 lr=0.10000 train_acc=89.31 test_acc=83.98
epoch=7/300 lr=0.10000 train_acc=89.45 test_acc=74.29
epoch=8/300 lr=0.10000 train_acc=89.78 test_acc=89.80
epoch=9/300 lr=0.10000 train_acc=89.73 test_acc=89.82
epoch=10/300 lr=0.10000 train_acc=89.98 test_acc=88.31
epoch=11/300 lr=0.10000 train_acc=89.99 test_acc=86.12
epoch=12/300 lr=0.10000 train_acc=90.07 test_acc=89.42
epoch=13/300 lr=0.10000 train_acc=90.25 test_acc=87.77
epoch=14/300 lr=0.10000 train_acc=90.52 test_acc=91.30
epoch=15/300 lr=0.10000 train_acc=90.24 test_acc=88.84
epoch=16/300 lr=0.10000 train_acc=90.55 test_acc=79.58
epoch=17/300 lr=0.10000 train_acc=90.57 test_acc=88.96
epoch=18/300 lr=0.10000 train_acc=90.75 test_acc=88.86
epoch=19/300 lr=0.10000 train_acc=90.59 test_acc=88.94
epoch=20/300 lr=0.10000 train_acc=90.68 test_acc=87.53
epoch=21/300 lr=0.10000 train_acc=90.77 test_acc=87.21
epoch=22/300 lr=0.10000 train_acc=90.89 test_acc=84.41
epoch=23/300 lr=0.10000 train_acc=90.93 test_acc=89.81
epoch=24/300 lr=0.10000 train_acc=90.92 test_acc=89.02
epoch=25/300 lr=0.10000 train_acc=90.91 test_acc=87.53
epoch=26/300 lr=0.10000 train_acc=90.98 test_acc=89.37
epoch=27/300 lr=0.10000 train_acc=90.99 test_acc=89.73
epoch=28/300 lr=0.10000 train_acc=90.82 test_acc=90.21
epoch=29/300 lr=0.10000 train_acc=91.01 test_acc=90.10
epoch=30/300 lr=0.10000 train_acc=91.20 test_acc=86.83
epoch=31/300 lr=0.10000 train_acc=91.03 test_acc=87.63
epoch=32/300 lr=0.10000 train_acc=91.08 test_acc=90.72
epoch=33/300 lr=0.10000 train_acc=91.23 test_acc=89.75
epoch=34/300 lr=0.10000 train_acc=91.18 test_acc=90.01
epoch=35/300 lr=0.10000 train_acc=91.15 test_acc=89.60
epoch=36/300 lr=0.10000 train_acc=91.26 test_acc=88.43
epoch=37/300 lr=0.10000 train_acc=91.17 test_acc=90.00
epoch=38/300 lr=0.10000 train_acc=91.11 test_acc=87.95
epoch=39/300 lr=0.10000 train_acc=91.16 test_acc=89.75
epoch=40/300 lr=0.10000 train_acc=91.26 test_acc=91.44
epoch=41/300 lr=0.10000 train_acc=91.15 test_acc=88.95
epoch=42/300 lr=0.10000 train_acc=91.36 test_acc=90.21
epoch=43/300 lr=0.10000 train_acc=91.38 test_acc=90.28
epoch=44/300 lr=0.10000 train_acc=91.50 test_acc=86.72
epoch=45/300 lr=0.10000 train_acc=91.47 test_acc=91.90
epoch=46/300 lr=0.10000 train_acc=91.41 test_acc=90.20
epoch=47/300 lr=0.10000 train_acc=91.27 test_acc=87.57
epoch=48/300 lr=0.10000 train_acc=91.25 test_acc=90.60
epoch=49/300 lr=0.10000 train_acc=91.37 test_acc=87.42
epoch=50/300 lr=0.10000 train_acc=91.45 test_acc=87.71
epoch=51/300 lr=0.10000 train_acc=91.56 test_acc=90.46
epoch=52/300 lr=0.10000 train_acc=91.54 test_acc=90.60
epoch=53/300 lr=0.10000 train_acc=91.54 test_acc=89.47
epoch=54/300 lr=0.10000 train_acc=91.46 test_acc=85.75
epoch=55/300 lr=0.10000 train_acc=91.50 test_acc=91.13
epoch=56/300 lr=0.10000 train_acc=91.36 test_acc=90.00
epoch=57/300 lr=0.10000 train_acc=91.50 test_acc=89.48
epoch=58/300 lr=0.10000 train_acc=91.53 test_acc=91.89
epoch=59/300 lr=0.10000 train_acc=91.49 test_acc=90.85
epoch=60/300 lr=0.10000 train_acc=91.61 test_acc=91.16
epoch=61/300 lr=0.10000 train_acc=91.30 test_acc=86.05
epoch=62/300 lr=0.10000 train_acc=91.59 test_acc=89.73
epoch=63/300 lr=0.10000 train_acc=91.52 test_acc=91.64
epoch=64/300 lr=0.10000 train_acc=91.47 test_acc=88.86
epoch=65/300 lr=0.10000 train_acc=91.54 test_acc=88.34
epoch=66/300 lr=0.10000 train_acc=91.45 test_acc=87.46
epoch=67/300 lr=0.10000 train_acc=91.61 test_acc=82.59
epoch=68/300 lr=0.10000 train_acc=91.62 test_acc=90.63
epoch=69/300 lr=0.10000 train_acc=91.61 test_acc=92.00
epoch=70/300 lr=0.10000 train_acc=91.63 test_acc=83.62
epoch=71/300 lr=0.10000 train_acc=91.80 test_acc=91.84
epoch=72/300 lr=0.10000 train_acc=91.62 test_acc=90.91
epoch=73/300 lr=0.10000 train_acc=91.75 test_acc=91.49
epoch=74/300 lr=0.10000 train_acc=91.81 test_acc=90.34
epoch=75/300 lr=0.10000 train_acc=91.54 test_acc=88.32
epoch=76/300 lr=0.10000 train_acc=91.68 test_acc=90.85
epoch=77/300 lr=0.10000 train_acc=91.57 test_acc=89.60
epoch=78/300 lr=0.10000 train_acc=91.63 test_acc=90.93
epoch=79/300 lr=0.10000 train_acc=91.64 test_acc=91.18
epoch=80/300 lr=0.10000 train_acc=91.61 test_acc=91.20
epoch=81/300 lr=0.10000 train_acc=91.86 test_acc=91.93
epoch=82/300 lr=0.10000 train_acc=91.72 test_acc=90.37
epoch=83/300 lr=0.10000 train_acc=91.75 test_acc=90.96
epoch=84/300 lr=0.10000 train_acc=91.70 test_acc=90.67
epoch=85/300 lr=0.10000 train_acc=91.64 test_acc=89.60
epoch=86/300 lr=0.10000 train_acc=91.75 test_acc=91.56
epoch=87/300 lr=0.10000 train_acc=91.70 test_acc=91.68
epoch=88/300 lr=0.10000 train_acc=91.70 test_acc=90.11
epoch=89/300 lr=0.10000 train_acc=91.71 test_acc=90.67
epoch=90/300 lr=0.10000 train_acc=91.80 test_acc=91.87
epoch=91/300 lr=0.10000 train_acc=91.68 test_acc=91.01
epoch=92/300 lr=0.10000 train_acc=91.59 test_acc=89.14
epoch=93/300 lr=0.10000 train_acc=91.75 test_acc=90.38
epoch=94/300 lr=0.10000 train_acc=91.67 test_acc=89.88
epoch=95/300 lr=0.10000 train_acc=91.75 test_acc=91.08
epoch=96/300 lr=0.10000 train_acc=91.79 test_acc=90.65
epoch=97/300 lr=0.10000 train_acc=92.00 test_acc=89.78
epoch=98/300 lr=0.10000 train_acc=91.74 test_acc=91.68
epoch=99/300 lr=0.10000 train_acc=91.59 test_acc=91.19
epoch=100/300 lr=0.10000 train_acc=91.78 test_acc=84.09
epoch=101/300 lr=0.10000 train_acc=91.72 test_acc=90.34
epoch=102/300 lr=0.10000 train_acc=91.80 test_acc=90.57
epoch=103/300 lr=0.10000 train_acc=91.85 test_acc=89.88
epoch=104/300 lr=0.10000 train_acc=91.89 test_acc=89.66
epoch=105/300 lr=0.10000 train_acc=91.83 test_acc=90.41
epoch=106/300 lr=0.10000 train_acc=91.77 test_acc=91.63
epoch=107/300 lr=0.10000 train_acc=91.76 test_acc=89.72
epoch=108/300 lr=0.10000 train_acc=91.90 test_acc=87.26
epoch=109/300 lr=0.10000 train_acc=91.92 test_acc=91.51
epoch=110/300 lr=0.10000 train_acc=91.77 test_acc=91.11
epoch=111/300 lr=0.10000 train_acc=91.91 test_acc=91.53
epoch=112/300 lr=0.10000 train_acc=91.91 test_acc=90.51
epoch=113/300 lr=0.10000 train_acc=91.82 test_acc=87.37
epoch=114/300 lr=0.10000 train_acc=91.69 test_acc=90.65
epoch=115/300 lr=0.10000 train_acc=91.82 test_acc=91.05
epoch=116/300 lr=0.10000 train_acc=91.70 test_acc=91.58
epoch=117/300 lr=0.10000 train_acc=91.80 test_acc=91.75
epoch=118/300 lr=0.10000 train_acc=91.94 test_acc=89.88
epoch=119/300 lr=0.10000 train_acc=91.70 test_acc=91.63
epoch=120/300 lr=0.10000 train_acc=91.73 test_acc=88.52
epoch=121/300 lr=0.10000 train_acc=91.75 test_acc=88.21
epoch=122/300 lr=0.10000 train_acc=91.66 test_acc=90.42
epoch=123/300 lr=0.10000 train_acc=91.76 test_acc=89.32
epoch=124/300 lr=0.10000 train_acc=91.83 test_acc=90.19
epoch=125/300 lr=0.10000 train_acc=91.99 test_acc=88.19
epoch=126/300 lr=0.10000 train_acc=91.78 test_acc=87.38
epoch=127/300 lr=0.10000 train_acc=91.98 test_acc=90.12
epoch=128/300 lr=0.10000 train_acc=91.84 test_acc=90.82
epoch=129/300 lr=0.10000 train_acc=91.86 test_acc=91.64
epoch=130/300 lr=0.10000 train_acc=91.72 test_acc=89.93
epoch=131/300 lr=0.10000 train_acc=91.84 test_acc=90.81
epoch=132/300 lr=0.10000 train_acc=91.81 test_acc=89.80
epoch=133/300 lr=0.10000 train_acc=91.78 test_acc=91.40
epoch=134/300 lr=0.10000 train_acc=91.64 test_acc=88.99
epoch=135/300 lr=0.10000 train_acc=91.82 test_acc=90.57
epoch=136/300 lr=0.10000 train_acc=91.88 test_acc=90.23
epoch=137/300 lr=0.10000 train_acc=92.06 test_acc=89.11
epoch=138/300 lr=0.10000 train_acc=91.80 test_acc=90.73
epoch=139/300 lr=0.10000 train_acc=91.87 test_acc=90.55
epoch=140/300 lr=0.10000 train_acc=91.81 test_acc=91.63
epoch=141/300 lr=0.10000 train_acc=91.86 test_acc=90.72
epoch=142/300 lr=0.10000 train_acc=91.83 test_acc=91.20
epoch=143/300 lr=0.10000 train_acc=91.75 test_acc=89.93
epoch=144/300 lr=0.10000 train_acc=92.02 test_acc=89.49
epoch=145/300 lr=0.10000 train_acc=91.74 test_acc=89.85
epoch=146/300 lr=0.10000 train_acc=91.91 test_acc=90.93
epoch=147/300 lr=0.10000 train_acc=91.96 test_acc=90.43
epoch=148/300 lr=0.10000 train_acc=92.00 test_acc=90.70
epoch=149/300 lr=0.10000 train_acc=91.94 test_acc=90.32
epoch=150/300 lr=0.10000 train_acc=91.78 test_acc=92.07
epoch=151/300 lr=0.01000 train_acc=94.09 test_acc=94.02
epoch=152/300 lr=0.01000 train_acc=94.65 test_acc=93.98
epoch=153/300 lr=0.01000 train_acc=94.80 test_acc=94.49
epoch=154/300 lr=0.01000 train_acc=94.92 test_acc=94.24
epoch=155/300 lr=0.01000 train_acc=95.17 test_acc=94.36
epoch=156/300 lr=0.01000 train_acc=95.20 test_acc=94.51
epoch=157/300 lr=0.01000 train_acc=95.33 test_acc=94.15
epoch=158/300 lr=0.01000 train_acc=95.35 test_acc=94.22
epoch=159/300 lr=0.01000 train_acc=95.53 test_acc=94.48
epoch=160/300 lr=0.01000 train_acc=95.55 test_acc=94.64
epoch=161/300 lr=0.01000 train_acc=95.56 test_acc=94.50
epoch=162/300 lr=0.01000 train_acc=95.76 test_acc=94.02
epoch=163/300 lr=0.01000 train_acc=95.62 test_acc=94.43
epoch=164/300 lr=0.01000 train_acc=95.68 test_acc=94.12
epoch=165/300 lr=0.01000 train_acc=95.64 test_acc=94.36
epoch=166/300 lr=0.01000 train_acc=95.82 test_acc=94.33
epoch=167/300 lr=0.01000 train_acc=95.79 test_acc=94.17
epoch=168/300 lr=0.01000 train_acc=95.75 test_acc=94.18
epoch=169/300 lr=0.01000 train_acc=95.74 test_acc=94.41
epoch=170/300 lr=0.01000 train_acc=95.70 test_acc=94.00
epoch=171/300 lr=0.01000 train_acc=95.79 test_acc=94.40
epoch=172/300 lr=0.01000 train_acc=95.75 test_acc=93.91
epoch=173/300 lr=0.01000 train_acc=95.86 test_acc=94.33
epoch=174/300 lr=0.01000 train_acc=95.89 test_acc=94.03
epoch=175/300 lr=0.01000 train_acc=95.80 test_acc=94.03
epoch=176/300 lr=0.01000 train_acc=95.77 test_acc=93.31
epoch=177/300 lr=0.01000 train_acc=95.84 test_acc=94.19
epoch=178/300 lr=0.01000 train_acc=95.83 test_acc=94.16
epoch=179/300 lr=0.01000 train_acc=95.80 test_acc=94.05
epoch=180/300 lr=0.01000 train_acc=95.92 test_acc=93.84
epoch=181/300 lr=0.01000 train_acc=95.94 test_acc=94.19
epoch=182/300 lr=0.01000 train_acc=95.85 test_acc=94.08
epoch=183/300 lr=0.01000 train_acc=95.95 test_acc=93.90
epoch=184/300 lr=0.01000 train_acc=95.83 test_acc=94.34
epoch=185/300 lr=0.01000 train_acc=95.99 test_acc=94.10
epoch=186/300 lr=0.01000 train_acc=95.92 test_acc=93.92
epoch=187/300 lr=0.01000 train_acc=95.92 test_acc=94.16
epoch=188/300 lr=0.01000 train_acc=95.90 test_acc=94.18
epoch=189/300 lr=0.01000 train_acc=95.99 test_acc=94.07
epoch=190/300 lr=0.01000 train_acc=95.92 test_acc=94.46
epoch=191/300 lr=0.01000 train_acc=95.89 test_acc=94.31
epoch=192/300 lr=0.01000 train_acc=95.92 test_acc=94.22
epoch=193/300 lr=0.01000 train_acc=96.05 test_acc=94.31
epoch=194/300 lr=0.01000 train_acc=95.99 test_acc=93.99
epoch=195/300 lr=0.01000 train_acc=96.13 test_acc=93.95
epoch=196/300 lr=0.01000 train_acc=95.99 test_acc=93.82
epoch=197/300 lr=0.01000 train_acc=95.95 test_acc=94.00
epoch=198/300 lr=0.01000 train_acc=96.13 test_acc=94.23
epoch=199/300 lr=0.01000 train_acc=96.00 test_acc=94.19
epoch=200/300 lr=0.01000 train_acc=95.98 test_acc=93.68
epoch=201/300 lr=0.01000 train_acc=96.13 test_acc=94.10
epoch=202/300 lr=0.01000 train_acc=96.14 test_acc=94.22
epoch=203/300 lr=0.01000 train_acc=95.98 test_acc=94.12
epoch=204/300 lr=0.01000 train_acc=96.16 test_acc=94.22
epoch=205/300 lr=0.01000 train_acc=96.02 test_acc=94.36
epoch=206/300 lr=0.01000 train_acc=96.06 test_acc=94.02
epoch=207/300 lr=0.01000 train_acc=96.02 test_acc=93.78
epoch=208/300 lr=0.01000 train_acc=96.14 test_acc=94.01
epoch=209/300 lr=0.01000 train_acc=96.14 test_acc=94.13
epoch=210/300 lr=0.01000 train_acc=96.18 test_acc=94.41
epoch=211/300 lr=0.01000 train_acc=96.16 test_acc=93.97
epoch=212/300 lr=0.01000 train_acc=96.29 test_acc=93.60
epoch=213/300 lr=0.01000 train_acc=96.30 test_acc=93.81
epoch=214/300 lr=0.01000 train_acc=96.18 test_acc=94.19
epoch=215/300 lr=0.01000 train_acc=96.29 test_acc=93.73
epoch=216/300 lr=0.01000 train_acc=96.18 test_acc=94.10
epoch=217/300 lr=0.01000 train_acc=96.28 test_acc=94.02
epoch=218/300 lr=0.01000 train_acc=96.25 test_acc=93.94
epoch=219/300 lr=0.01000 train_acc=96.32 test_acc=93.94
epoch=220/300 lr=0.01000 train_acc=96.23 test_acc=94.17
epoch=221/300 lr=0.01000 train_acc=96.27 test_acc=94.09
epoch=222/300 lr=0.01000 train_acc=96.35 test_acc=94.17
epoch=223/300 lr=0.01000 train_acc=96.32 test_acc=94.38
epoch=224/300 lr=0.01000 train_acc=96.41 test_acc=94.01
epoch=225/300 lr=0.01000 train_acc=96.23 test_acc=94.27
epoch=226/300 lr=0.00100 train_acc=97.38 test_acc=95.00
epoch=227/300 lr=0.00100 train_acc=97.83 test_acc=95.14
epoch=228/300 lr=0.00100 train_acc=97.97 test_acc=95.04
epoch=229/300 lr=0.00100 train_acc=98.04 test_acc=94.93
epoch=230/300 lr=0.00100 train_acc=98.12 test_acc=95.10
epoch=231/300 lr=0.00100 train_acc=98.11 test_acc=95.21
epoch=232/300 lr=0.00100 train_acc=98.22 test_acc=95.12
epoch=233/300 lr=0.00100 train_acc=98.37 test_acc=95.10
epoch=234/300 lr=0.00100 train_acc=98.36 test_acc=94.90
epoch=235/300 lr=0.00100 train_acc=98.39 test_acc=95.06
epoch=236/300 lr=0.00100 train_acc=98.46 test_acc=95.17
epoch=237/300 lr=0.00100 train_acc=98.43 test_acc=95.07
epoch=238/300 lr=0.00100 train_acc=98.52 test_acc=95.03
epoch=239/300 lr=0.00100 train_acc=98.49 test_acc=95.16
epoch=240/300 lr=0.00100 train_acc=98.58 test_acc=95.16
epoch=241/300 lr=0.00100 train_acc=98.61 test_acc=95.05
epoch=242/300 lr=0.00100 train_acc=98.61 test_acc=95.08
epoch=243/300 lr=0.00100 train_acc=98.62 test_acc=95.01
epoch=244/300 lr=0.00100 train_acc=98.74 test_acc=95.15
epoch=245/300 lr=0.00100 train_acc=98.65 test_acc=95.16
epoch=246/300 lr=0.00100 train_acc=98.73 test_acc=95.16
epoch=247/300 lr=0.00100 train_acc=98.84 test_acc=95.06
epoch=248/300 lr=0.00100 train_acc=98.75 test_acc=95.01
epoch=249/300 lr=0.00100 train_acc=98.77 test_acc=95.14
epoch=250/300 lr=0.00100 train_acc=98.71 test_acc=95.07
epoch=251/300 lr=0.00100 train_acc=98.81 test_acc=94.94
epoch=252/300 lr=0.00100 train_acc=98.87 test_acc=95.11
epoch=253/300 lr=0.00100 train_acc=98.84 test_acc=95.14
epoch=254/300 lr=0.00100 train_acc=98.85 test_acc=95.11
epoch=255/300 lr=0.00100 train_acc=98.86 test_acc=94.94
epoch=256/300 lr=0.00100 train_acc=98.98 test_acc=95.02
epoch=257/300 lr=0.00100 train_acc=98.93 test_acc=94.96
epoch=258/300 lr=0.00100 train_acc=98.89 test_acc=94.93
epoch=259/300 lr=0.00100 train_acc=98.94 test_acc=95.12
epoch=260/300 lr=0.00100 train_acc=98.99 test_acc=95.09
epoch=261/300 lr=0.00100 train_acc=98.98 test_acc=95.14
epoch=262/300 lr=0.00100 train_acc=99.03 test_acc=95.01
epoch=263/300 lr=0.00100 train_acc=98.98 test_acc=94.88
epoch=264/300 lr=0.00100 train_acc=98.96 test_acc=95.00
epoch=265/300 lr=0.00100 train_acc=99.09 test_acc=94.88
epoch=266/300 lr=0.00100 train_acc=99.01 test_acc=94.89
epoch=267/300 lr=0.00100 train_acc=99.06 test_acc=94.93
epoch=268/300 lr=0.00100 train_acc=99.09 test_acc=95.02
epoch=269/300 lr=0.00100 train_acc=99.06 test_acc=94.80
epoch=270/300 lr=0.00100 train_acc=99.03 test_acc=94.89
epoch=271/300 lr=0.00100 train_acc=99.08 test_acc=94.79
epoch=272/300 lr=0.00100 train_acc=99.13 test_acc=94.93
epoch=273/300 lr=0.00100 train_acc=99.13 test_acc=94.73
epoch=274/300 lr=0.00100 train_acc=99.09 test_acc=95.09
epoch=275/300 lr=0.00100 train_acc=99.14 test_acc=94.96
epoch=276/300 lr=0.00100 train_acc=99.14 test_acc=94.84
epoch=277/300 lr=0.00100 train_acc=99.20 test_acc=94.89
epoch=278/300 lr=0.00100 train_acc=99.19 test_acc=94.82
epoch=279/300 lr=0.00100 train_acc=99.22 test_acc=95.01
epoch=280/300 lr=0.00100 train_acc=99.18 test_acc=94.88
epoch=281/300 lr=0.00100 train_acc=99.22 test_acc=94.79
epoch=282/300 lr=0.00100 train_acc=99.27 test_acc=95.02
epoch=283/300 lr=0.00100 train_acc=99.18 test_acc=94.90
epoch=284/300 lr=0.00100 train_acc=99.30 test_acc=94.76
epoch=285/300 lr=0.00100 train_acc=99.21 test_acc=94.99
epoch=286/300 lr=0.00100 train_acc=99.22 test_acc=94.97
epoch=287/300 lr=0.00100 train_acc=99.15 test_acc=94.73
epoch=288/300 lr=0.00100 train_acc=99.28 test_acc=94.73
epoch=289/300 lr=0.00100 train_acc=99.25 test_acc=94.79
epoch=290/300 lr=0.00100 train_acc=99.24 test_acc=94.98
epoch=291/300 lr=0.00100 train_acc=99.27 test_acc=94.96
epoch=292/300 lr=0.00100 train_acc=99.29 test_acc=94.99
epoch=293/300 lr=0.00100 train_acc=99.28 test_acc=94.87
epoch=294/300 lr=0.00100 train_acc=99.28 test_acc=94.79
epoch=295/300 lr=0.00100 train_acc=99.30 test_acc=94.83
epoch=296/300 lr=0.00100 train_acc=99.27 test_acc=94.81
epoch=297/300 lr=0.00100 train_acc=99.29 test_acc=95.00
epoch=298/300 lr=0.00100 train_acc=99.30 test_acc=94.77
epoch=299/300 lr=0.00100 train_acc=99.27 test_acc=94.82
epoch=300/300 lr=0.00100 train_acc=99.31 test_acc=94.88
{
  "best_accuracy": 95.21,
  "best_error_rate": 4.790000000000006,
  "final_accuracy": 94.88,
  "final_error_rate": 5.1200000000000045,
  "elapsed_seconds": 2156.1617710590363,
  "is_paper_result": false,
  "note": "New reproduction result; compare against paper target separately."
}
start experiment=fashionmnist_resnet20_baseline seed=1005
epoch=1/300 lr=0.10000 train_acc=75.62 test_acc=77.46
epoch=2/300 lr=0.10000 train_acc=85.80 test_acc=85.90
epoch=3/300 lr=0.10000 train_acc=87.75 test_acc=86.96
epoch=4/300 lr=0.10000 train_acc=88.30 test_acc=66.78
epoch=5/300 lr=0.10000 train_acc=88.98 test_acc=83.88
epoch=6/300 lr=0.10000 train_acc=89.06 test_acc=88.26
epoch=7/300 lr=0.10000 train_acc=89.39 test_acc=86.36
epoch=8/300 lr=0.10000 train_acc=89.65 test_acc=84.47
epoch=9/300 lr=0.10000 train_acc=89.68 test_acc=88.19
epoch=10/300 lr=0.10000 train_acc=89.54 test_acc=90.08
epoch=11/300 lr=0.10000 train_acc=89.85 test_acc=88.54
epoch=12/300 lr=0.10000 train_acc=89.92 test_acc=89.54
epoch=13/300 lr=0.10000 train_acc=90.17 test_acc=85.30
epoch=14/300 lr=0.10000 train_acc=90.19 test_acc=83.19
epoch=15/300 lr=0.10000 train_acc=90.31 test_acc=87.85
epoch=16/300 lr=0.10000 train_acc=90.47 test_acc=83.26
epoch=17/300 lr=0.10000 train_acc=90.38 test_acc=88.79
epoch=18/300 lr=0.10000 train_acc=90.43 test_acc=88.70
epoch=19/300 lr=0.10000 train_acc=90.45 test_acc=84.57
epoch=20/300 lr=0.10000 train_acc=90.69 test_acc=89.91
epoch=21/300 lr=0.10000 train_acc=90.66 test_acc=85.23
epoch=22/300 lr=0.10000 train_acc=90.80 test_acc=89.37
epoch=23/300 lr=0.10000 train_acc=90.70 test_acc=87.19
epoch=24/300 lr=0.10000 train_acc=90.87 test_acc=87.93
epoch=25/300 lr=0.10000 train_acc=90.54 test_acc=87.20
epoch=26/300 lr=0.10000 train_acc=90.93 test_acc=89.30
epoch=27/300 lr=0.10000 train_acc=90.74 test_acc=88.79
epoch=28/300 lr=0.10000 train_acc=91.03 test_acc=90.34
epoch=29/300 lr=0.10000 train_acc=90.91 test_acc=89.22
epoch=30/300 lr=0.10000 train_acc=91.01 test_acc=90.56
epoch=31/300 lr=0.10000 train_acc=91.04 test_acc=86.02
epoch=32/300 lr=0.10000 train_acc=90.97 test_acc=83.47
epoch=33/300 lr=0.10000 train_acc=91.12 test_acc=83.79
epoch=34/300 lr=0.10000 train_acc=91.12 test_acc=88.10
epoch=35/300 lr=0.10000 train_acc=91.27 test_acc=89.06
epoch=36/300 lr=0.10000 train_acc=91.21 test_acc=88.45
epoch=37/300 lr=0.10000 train_acc=91.22 test_acc=90.41
epoch=38/300 lr=0.10000 train_acc=91.17 test_acc=82.07
epoch=39/300 lr=0.10000 train_acc=91.05 test_acc=83.51
epoch=40/300 lr=0.10000 train_acc=91.19 test_acc=89.81
epoch=41/300 lr=0.10000 train_acc=91.32 test_acc=86.53
epoch=42/300 lr=0.10000 train_acc=91.37 test_acc=90.91
epoch=43/300 lr=0.10000 train_acc=91.29 test_acc=90.34
epoch=44/300 lr=0.10000 train_acc=91.18 test_acc=90.99
epoch=45/300 lr=0.10000 train_acc=91.16 test_acc=89.95
epoch=46/300 lr=0.10000 train_acc=91.28 test_acc=84.68
epoch=47/300 lr=0.10000 train_acc=91.37 test_acc=86.44
epoch=48/300 lr=0.10000 train_acc=91.41 test_acc=90.80
epoch=49/300 lr=0.10000 train_acc=91.34 test_acc=89.16
epoch=50/300 lr=0.10000 train_acc=91.35 test_acc=90.90
epoch=51/300 lr=0.10000 train_acc=91.27 test_acc=86.93
epoch=52/300 lr=0.10000 train_acc=91.33 test_acc=89.73
epoch=53/300 lr=0.10000 train_acc=91.37 test_acc=89.39
epoch=54/300 lr=0.10000 train_acc=91.39 test_acc=88.51
epoch=55/300 lr=0.10000 train_acc=91.48 test_acc=86.84
epoch=56/300 lr=0.10000 train_acc=91.45 test_acc=88.33
epoch=57/300 lr=0.10000 train_acc=91.30 test_acc=89.38
epoch=58/300 lr=0.10000 train_acc=91.45 test_acc=91.03
epoch=59/300 lr=0.10000 train_acc=91.60 test_acc=91.33
epoch=60/300 lr=0.10000 train_acc=91.41 test_acc=91.12
epoch=61/300 lr=0.10000 train_acc=91.59 test_acc=86.12
epoch=62/300 lr=0.10000 train_acc=91.61 test_acc=88.31
epoch=63/300 lr=0.10000 train_acc=91.64 test_acc=87.49
epoch=64/300 lr=0.10000 train_acc=91.36 test_acc=88.75
epoch=65/300 lr=0.10000 train_acc=91.37 test_acc=90.94
epoch=66/300 lr=0.10000 train_acc=91.67 test_acc=88.21
epoch=67/300 lr=0.10000 train_acc=91.66 test_acc=88.63
epoch=68/300 lr=0.10000 train_acc=91.47 test_acc=91.51
epoch=69/300 lr=0.10000 train_acc=91.69 test_acc=88.18
epoch=70/300 lr=0.10000 train_acc=91.59 test_acc=90.84
epoch=71/300 lr=0.10000 train_acc=91.51 test_acc=85.43
epoch=72/300 lr=0.10000 train_acc=91.42 test_acc=87.70
epoch=73/300 lr=0.10000 train_acc=91.77 test_acc=90.20
epoch=74/300 lr=0.10000 train_acc=91.61 test_acc=91.56
epoch=75/300 lr=0.10000 train_acc=91.48 test_acc=87.60
epoch=76/300 lr=0.10000 train_acc=91.71 test_acc=88.72
epoch=77/300 lr=0.10000 train_acc=91.69 test_acc=89.80
epoch=78/300 lr=0.10000 train_acc=91.67 test_acc=89.49
epoch=79/300 lr=0.10000 train_acc=91.56 test_acc=90.78
epoch=80/300 lr=0.10000 train_acc=91.47 test_acc=88.99
epoch=81/300 lr=0.10000 train_acc=91.50 test_acc=89.39
epoch=82/300 lr=0.10000 train_acc=91.60 test_acc=88.70
epoch=83/300 lr=0.10000 train_acc=91.37 test_acc=89.42
epoch=84/300 lr=0.10000 train_acc=91.38 test_acc=89.26
epoch=85/300 lr=0.10000 train_acc=91.61 test_acc=91.72
epoch=86/300 lr=0.10000 train_acc=91.48 test_acc=91.62
epoch=87/300 lr=0.10000 train_acc=91.72 test_acc=90.71
epoch=88/300 lr=0.10000 train_acc=91.64 test_acc=91.13
epoch=89/300 lr=0.10000 train_acc=91.43 test_acc=85.94
epoch=90/300 lr=0.10000 train_acc=91.62 test_acc=89.49
epoch=91/300 lr=0.10000 train_acc=91.51 test_acc=91.72
epoch=92/300 lr=0.10000 train_acc=91.51 test_acc=90.73
epoch=93/300 lr=0.10000 train_acc=91.68 test_acc=91.23
epoch=94/300 lr=0.10000 train_acc=91.67 test_acc=89.78
epoch=95/300 lr=0.10000 train_acc=91.61 test_acc=88.96
epoch=96/300 lr=0.10000 train_acc=91.67 test_acc=89.07
epoch=97/300 lr=0.10000 train_acc=91.75 test_acc=92.10
epoch=98/300 lr=0.10000 train_acc=91.55 test_acc=91.15
epoch=99/300 lr=0.10000 train_acc=91.52 test_acc=91.90
epoch=100/300 lr=0.10000 train_acc=91.67 test_acc=91.22
epoch=101/300 lr=0.10000 train_acc=91.64 test_acc=90.46
epoch=102/300 lr=0.10000 train_acc=91.56 test_acc=88.19
epoch=103/300 lr=0.10000 train_acc=91.78 test_acc=90.53
epoch=104/300 lr=0.10000 train_acc=91.65 test_acc=90.27
epoch=105/300 lr=0.10000 train_acc=91.63 test_acc=91.52
epoch=106/300 lr=0.10000 train_acc=91.79 test_acc=91.76
epoch=107/300 lr=0.10000 train_acc=91.70 test_acc=88.22
epoch=108/300 lr=0.10000 train_acc=91.59 test_acc=87.90
epoch=109/300 lr=0.10000 train_acc=91.67 test_acc=91.72
epoch=110/300 lr=0.10000 train_acc=91.69 test_acc=90.72
epoch=111/300 lr=0.10000 train_acc=91.67 test_acc=88.84
epoch=112/300 lr=0.10000 train_acc=91.77 test_acc=90.22
epoch=113/300 lr=0.10000 train_acc=91.50 test_acc=91.09
epoch=114/300 lr=0.10000 train_acc=91.73 test_acc=91.66
epoch=115/300 lr=0.10000 train_acc=91.87 test_acc=90.64
epoch=116/300 lr=0.10000 train_acc=91.66 test_acc=90.56
epoch=117/300 lr=0.10000 train_acc=91.76 test_acc=83.86
epoch=118/300 lr=0.10000 train_acc=91.82 test_acc=90.88
epoch=119/300 lr=0.10000 train_acc=91.72 test_acc=88.46
epoch=120/300 lr=0.10000 train_acc=91.60 test_acc=91.84
epoch=121/300 lr=0.10000 train_acc=91.62 test_acc=90.35
epoch=122/300 lr=0.10000 train_acc=91.75 test_acc=90.64
epoch=123/300 lr=0.10000 train_acc=91.83 test_acc=91.82
epoch=124/300 lr=0.10000 train_acc=91.68 test_acc=92.02
epoch=125/300 lr=0.10000 train_acc=91.72 test_acc=90.37
epoch=126/300 lr=0.10000 train_acc=91.90 test_acc=91.11
epoch=127/300 lr=0.10000 train_acc=91.73 test_acc=91.05
epoch=128/300 lr=0.10000 train_acc=91.81 test_acc=91.65
epoch=129/300 lr=0.10000 train_acc=91.90 test_acc=88.61
epoch=130/300 lr=0.10000 train_acc=91.93 test_acc=89.76
epoch=131/300 lr=0.10000 train_acc=91.63 test_acc=91.12
epoch=132/300 lr=0.10000 train_acc=91.75 test_acc=88.79
epoch=133/300 lr=0.10000 train_acc=91.91 test_acc=89.93
epoch=134/300 lr=0.10000 train_acc=91.93 test_acc=90.53
epoch=135/300 lr=0.10000 train_acc=92.00 test_acc=89.62
epoch=136/300 lr=0.10000 train_acc=91.80 test_acc=89.65
epoch=137/300 lr=0.10000 train_acc=91.65 test_acc=90.03
epoch=138/300 lr=0.10000 train_acc=91.69 test_acc=90.43
epoch=139/300 lr=0.10000 train_acc=91.67 test_acc=91.15
epoch=140/300 lr=0.10000 train_acc=91.74 test_acc=91.92
epoch=141/300 lr=0.10000 train_acc=91.76 test_acc=91.05
epoch=142/300 lr=0.10000 train_acc=91.79 test_acc=92.22
epoch=143/300 lr=0.10000 train_acc=91.82 test_acc=90.56
epoch=144/300 lr=0.10000 train_acc=91.78 test_acc=91.55
epoch=145/300 lr=0.10000 train_acc=91.97 test_acc=88.28
epoch=146/300 lr=0.10000 train_acc=91.89 test_acc=88.53
epoch=147/300 lr=0.10000 train_acc=91.88 test_acc=90.98
epoch=148/300 lr=0.10000 train_acc=91.97 test_acc=90.51
epoch=149/300 lr=0.10000 train_acc=91.73 test_acc=91.77
epoch=150/300 lr=0.10000 train_acc=91.87 test_acc=90.41
epoch=151/300 lr=0.01000 train_acc=93.96 test_acc=93.98
epoch=152/300 lr=0.01000 train_acc=94.63 test_acc=94.23
epoch=153/300 lr=0.01000 train_acc=94.87 test_acc=94.04
epoch=154/300 lr=0.01000 train_acc=94.97 test_acc=94.25
epoch=155/300 lr=0.01000 train_acc=95.12 test_acc=94.39
epoch=156/300 lr=0.01000 train_acc=95.28 test_acc=94.48
epoch=157/300 lr=0.01000 train_acc=95.35 test_acc=94.70
epoch=158/300 lr=0.01000 train_acc=95.43 test_acc=94.67
epoch=159/300 lr=0.01000 train_acc=95.53 test_acc=94.42
epoch=160/300 lr=0.01000 train_acc=95.56 test_acc=94.31
epoch=161/300 lr=0.01000 train_acc=95.50 test_acc=94.50
epoch=162/300 lr=0.01000 train_acc=95.66 test_acc=94.29
epoch=163/300 lr=0.01000 train_acc=95.50 test_acc=94.58
epoch=164/300 lr=0.01000 train_acc=95.73 test_acc=94.41
epoch=165/300 lr=0.01000 train_acc=95.70 test_acc=94.52
epoch=166/300 lr=0.01000 train_acc=95.69 test_acc=94.27
epoch=167/300 lr=0.01000 train_acc=95.80 test_acc=94.49
epoch=168/300 lr=0.01000 train_acc=95.75 test_acc=94.58
epoch=169/300 lr=0.01000 train_acc=95.72 test_acc=93.41
epoch=170/300 lr=0.01000 train_acc=95.75 test_acc=94.37
epoch=171/300 lr=0.01000 train_acc=95.82 test_acc=94.34
epoch=172/300 lr=0.01000 train_acc=95.92 test_acc=94.41
epoch=173/300 lr=0.01000 train_acc=95.78 test_acc=94.46
epoch=174/300 lr=0.01000 train_acc=95.81 test_acc=93.95
epoch=175/300 lr=0.01000 train_acc=95.82 test_acc=94.59
epoch=176/300 lr=0.01000 train_acc=95.88 test_acc=94.41
epoch=177/300 lr=0.01000 train_acc=95.90 test_acc=94.14
epoch=178/300 lr=0.01000 train_acc=95.75 test_acc=94.03
epoch=179/300 lr=0.01000 train_acc=95.84 test_acc=94.01
epoch=180/300 lr=0.01000 train_acc=95.82 test_acc=93.83
epoch=181/300 lr=0.01000 train_acc=95.90 test_acc=94.26
epoch=182/300 lr=0.01000 train_acc=95.84 test_acc=94.58
epoch=183/300 lr=0.01000 train_acc=95.81 test_acc=94.39
epoch=184/300 lr=0.01000 train_acc=95.85 test_acc=93.56
epoch=185/300 lr=0.01000 train_acc=95.79 test_acc=93.73
epoch=186/300 lr=0.01000 train_acc=95.86 test_acc=93.66
epoch=187/300 lr=0.01000 train_acc=95.92 test_acc=94.27
epoch=188/300 lr=0.01000 train_acc=95.89 test_acc=94.06
epoch=189/300 lr=0.01000 train_acc=95.90 test_acc=94.24
epoch=190/300 lr=0.01000 train_acc=95.91 test_acc=94.05
epoch=191/300 lr=0.01000 train_acc=95.94 test_acc=94.21
epoch=192/300 lr=0.01000 train_acc=95.92 test_acc=94.46
epoch=193/300 lr=0.01000 train_acc=95.98 test_acc=93.91
epoch=194/300 lr=0.01000 train_acc=96.00 test_acc=94.09
epoch=195/300 lr=0.01000 train_acc=95.99 test_acc=93.43
epoch=196/300 lr=0.01000 train_acc=96.03 test_acc=94.07
epoch=197/300 lr=0.01000 train_acc=95.94 test_acc=94.43
epoch=198/300 lr=0.01000 train_acc=95.99 test_acc=94.36
epoch=199/300 lr=0.01000 train_acc=95.94 test_acc=94.48
epoch=200/300 lr=0.01000 train_acc=95.96 test_acc=93.35
epoch=201/300 lr=0.01000 train_acc=96.05 test_acc=93.62
epoch=202/300 lr=0.01000 train_acc=96.09 test_acc=94.56
epoch=203/300 lr=0.01000 train_acc=96.09 test_acc=93.89
epoch=204/300 lr=0.01000 train_acc=96.09 test_acc=94.11
epoch=205/300 lr=0.01000 train_acc=96.09 test_acc=94.32
epoch=206/300 lr=0.01000 train_acc=96.04 test_acc=94.46
epoch=207/300 lr=0.01000 train_acc=96.14 test_acc=94.48
epoch=208/300 lr=0.01000 train_acc=96.13 test_acc=94.06
epoch=209/300 lr=0.01000 train_acc=96.09 test_acc=94.04
epoch=210/300 lr=0.01000 train_acc=96.18 test_acc=93.83
epoch=211/300 lr=0.01000 train_acc=96.16 test_acc=94.02
epoch=212/300 lr=0.01000 train_acc=96.24 test_acc=94.37
epoch=213/300 lr=0.01000 train_acc=96.10 test_acc=94.21
epoch=214/300 lr=0.01000 train_acc=96.11 test_acc=93.82
epoch=215/300 lr=0.01000 train_acc=96.18 test_acc=94.27
epoch=216/300 lr=0.01000 train_acc=96.27 test_acc=94.05
epoch=217/300 lr=0.01000 train_acc=96.28 test_acc=94.24
epoch=218/300 lr=0.01000 train_acc=96.07 test_acc=93.84
epoch=219/300 lr=0.01000 train_acc=96.31 test_acc=94.00
epoch=220/300 lr=0.01000 train_acc=96.29 test_acc=93.96
epoch=221/300 lr=0.01000 train_acc=96.19 test_acc=94.06
epoch=222/300 lr=0.01000 train_acc=96.26 test_acc=94.47
epoch=223/300 lr=0.01000 train_acc=96.24 test_acc=93.61
epoch=224/300 lr=0.01000 train_acc=96.15 test_acc=93.94
epoch=225/300 lr=0.01000 train_acc=96.15 test_acc=94.32
epoch=226/300 lr=0.00100 train_acc=97.26 test_acc=95.04
epoch=227/300 lr=0.00100 train_acc=97.70 test_acc=95.02
epoch=228/300 lr=0.00100 train_acc=97.82 test_acc=95.06
epoch=229/300 lr=0.00100 train_acc=97.99 test_acc=95.04
epoch=230/300 lr=0.00100 train_acc=98.01 test_acc=95.20
epoch=231/300 lr=0.00100 train_acc=98.25 test_acc=95.09
epoch=232/300 lr=0.00100 train_acc=98.20 test_acc=95.20
epoch=233/300 lr=0.00100 train_acc=98.24 test_acc=94.98
epoch=234/300 lr=0.00100 train_acc=98.30 test_acc=95.24
epoch=235/300 lr=0.00100 train_acc=98.31 test_acc=95.11
epoch=236/300 lr=0.00100 train_acc=98.35 test_acc=95.08
epoch=237/300 lr=0.00100 train_acc=98.41 test_acc=95.13
epoch=238/300 lr=0.00100 train_acc=98.51 test_acc=95.02
epoch=239/300 lr=0.00100 train_acc=98.47 test_acc=95.08
epoch=240/300 lr=0.00100 train_acc=98.49 test_acc=95.17
epoch=241/300 lr=0.00100 train_acc=98.54 test_acc=95.09
epoch=242/300 lr=0.00100 train_acc=98.56 test_acc=95.11
epoch=243/300 lr=0.00100 train_acc=98.64 test_acc=95.22
epoch=244/300 lr=0.00100 train_acc=98.60 test_acc=95.13
epoch=245/300 lr=0.00100 train_acc=98.63 test_acc=95.09
epoch=246/300 lr=0.00100 train_acc=98.63 test_acc=95.12
epoch=247/300 lr=0.00100 train_acc=98.72 test_acc=95.07
epoch=248/300 lr=0.00100 train_acc=98.70 test_acc=94.98
epoch=249/300 lr=0.00100 train_acc=98.76 test_acc=95.15
epoch=250/300 lr=0.00100 train_acc=98.81 test_acc=95.13
epoch=251/300 lr=0.00100 train_acc=98.82 test_acc=95.11
epoch=252/300 lr=0.00100 train_acc=98.71 test_acc=95.07
epoch=253/300 lr=0.00100 train_acc=98.82 test_acc=95.12
epoch=254/300 lr=0.00100 train_acc=98.86 test_acc=94.96
epoch=255/300 lr=0.00100 train_acc=98.92 test_acc=95.03
epoch=256/300 lr=0.00100 train_acc=98.94 test_acc=94.90
epoch=257/300 lr=0.00100 train_acc=98.91 test_acc=94.98
epoch=258/300 lr=0.00100 train_acc=98.88 test_acc=94.93
epoch=259/300 lr=0.00100 train_acc=98.90 test_acc=94.98
epoch=260/300 lr=0.00100 train_acc=98.98 test_acc=94.86
epoch=261/300 lr=0.00100 train_acc=98.94 test_acc=94.75
epoch=262/300 lr=0.00100 train_acc=98.99 test_acc=94.76
epoch=263/300 lr=0.00100 train_acc=99.02 test_acc=94.89
epoch=264/300 lr=0.00100 train_acc=98.97 test_acc=94.78
epoch=265/300 lr=0.00100 train_acc=98.99 test_acc=94.96
epoch=266/300 lr=0.00100 train_acc=99.05 test_acc=94.83
epoch=267/300 lr=0.00100 train_acc=99.07 test_acc=94.87
epoch=268/300 lr=0.00100 train_acc=99.01 test_acc=94.77
epoch=269/300 lr=0.00100 train_acc=99.05 test_acc=94.79
epoch=270/300 lr=0.00100 train_acc=99.07 test_acc=94.70
epoch=271/300 lr=0.00100 train_acc=99.02 test_acc=94.88
epoch=272/300 lr=0.00100 train_acc=99.03 test_acc=94.77
epoch=273/300 lr=0.00100 train_acc=99.12 test_acc=94.88
epoch=274/300 lr=0.00100 train_acc=99.13 test_acc=94.96
epoch=275/300 lr=0.00100 train_acc=99.16 test_acc=94.83
epoch=276/300 lr=0.00100 train_acc=99.12 test_acc=94.98
epoch=277/300 lr=0.00100 train_acc=99.17 test_acc=94.74
epoch=278/300 lr=0.00100 train_acc=99.17 test_acc=94.92
epoch=279/300 lr=0.00100 train_acc=99.21 test_acc=94.88
epoch=280/300 lr=0.00100 train_acc=99.16 test_acc=94.89
epoch=281/300 lr=0.00100 train_acc=99.19 test_acc=94.95
epoch=282/300 lr=0.00100 train_acc=99.21 test_acc=94.83
epoch=283/300 lr=0.00100 train_acc=99.20 test_acc=94.97
epoch=284/300 lr=0.00100 train_acc=99.15 test_acc=94.92
epoch=285/300 lr=0.00100 train_acc=99.25 test_acc=94.81
epoch=286/300 lr=0.00100 train_acc=99.22 test_acc=94.98
epoch=287/300 lr=0.00100 train_acc=99.15 test_acc=94.66
epoch=288/300 lr=0.00100 train_acc=99.18 test_acc=94.89
epoch=289/300 lr=0.00100 train_acc=99.28 test_acc=94.72
epoch=290/300 lr=0.00100 train_acc=99.22 test_acc=94.75
epoch=291/300 lr=0.00100 train_acc=99.25 test_acc=94.67
epoch=292/300 lr=0.00100 train_acc=99.21 test_acc=94.88
epoch=293/300 lr=0.00100 train_acc=99.23 test_acc=94.85
epoch=294/300 lr=0.00100 train_acc=99.28 test_acc=94.86
epoch=295/300 lr=0.00100 train_acc=99.29 test_acc=94.90
epoch=296/300 lr=0.00100 train_acc=99.26 test_acc=94.92
epoch=297/300 lr=0.00100 train_acc=99.30 test_acc=95.06
epoch=298/300 lr=0.00100 train_acc=99.20 test_acc=95.10
epoch=299/300 lr=0.00100 train_acc=99.26 test_acc=94.98
epoch=300/300 lr=0.00100 train_acc=99.25 test_acc=94.90
{
  "best_accuracy": 95.24,
  "best_error_rate": 4.760000000000005,
  "final_accuracy": 94.9,
  "final_error_rate": 5.099999999999994,
  "elapsed_seconds": 2149.4941926002502,
  "is_paper_result": false,
  "note": "New reproduction result; compare against paper target separately."
}
{
  "experiment": "fashionmnist_resnet20_baseline",
  "seeds": [
    1001,
    1002,
    1003,
    1004,
    1005
  ],
  "smoke": false,
  "is_paper_result": false,
  "best_error_rate": {
    "values": [
      4.829999999999998,
      4.849999999999994,
      4.689999999999998,
      4.790000000000006,
      4.760000000000005
    ],
    "mean": 4.784000000000001,
    "population_std": 0.05642694391866238,
    "sample_std": 0.06308724118234874
  },
  "final_error_rate": {
    "values": [
      5.170000000000002,
      5.030000000000001,
      4.790000000000006,
      5.1200000000000045,
      5.099999999999994
    ],
    "mean": 5.042000000000002,
    "population_std": 0.13377593206552313,
    "sample_std": 0.1495660389259518
  },
  "note": "New reproduction aggregate; paper does not state best-vs-final or std convention."
}
start experiment=fashionmnist_resnet20_re_paper seed=1001
epoch=1/300 lr=0.10000 train_acc=69.05 test_acc=80.57
epoch=2/300 lr=0.10000 train_acc=81.45 test_acc=86.81
epoch=3/300 lr=0.10000 train_acc=84.11 test_acc=86.96
epoch=4/300 lr=0.10000 train_acc=85.50 test_acc=86.72
epoch=5/300 lr=0.10000 train_acc=86.01 test_acc=88.85
epoch=6/300 lr=0.10000 train_acc=86.70 test_acc=86.77
epoch=7/300 lr=0.10000 train_acc=87.11 test_acc=85.48
epoch=8/300 lr=0.10000 train_acc=86.94 test_acc=80.98
epoch=9/300 lr=0.10000 train_acc=87.15 test_acc=85.18
epoch=10/300 lr=0.10000 train_acc=87.17 test_acc=89.03
epoch=11/300 lr=0.10000 train_acc=87.37 test_acc=89.32
epoch=12/300 lr=0.10000 train_acc=87.48 test_acc=87.08
epoch=13/300 lr=0.10000 train_acc=87.49 test_acc=87.86
epoch=14/300 lr=0.10000 train_acc=87.72 test_acc=88.59
epoch=15/300 lr=0.10000 train_acc=87.76 test_acc=89.24
epoch=16/300 lr=0.10000 train_acc=87.95 test_acc=88.11
epoch=17/300 lr=0.10000 train_acc=88.13 test_acc=86.18
epoch=18/300 lr=0.10000 train_acc=88.33 test_acc=88.38
epoch=19/300 lr=0.10000 train_acc=88.01 test_acc=90.15
epoch=20/300 lr=0.10000 train_acc=88.02 test_acc=89.00
epoch=21/300 lr=0.10000 train_acc=88.24 test_acc=88.52
epoch=22/300 lr=0.10000 train_acc=88.36 test_acc=89.76
epoch=23/300 lr=0.10000 train_acc=88.22 test_acc=88.61
epoch=24/300 lr=0.10000 train_acc=88.29 test_acc=88.98
epoch=25/300 lr=0.10000 train_acc=88.48 test_acc=84.09
epoch=26/300 lr=0.10000 train_acc=88.42 test_acc=88.72
epoch=27/300 lr=0.10000 train_acc=88.35 test_acc=89.51
epoch=28/300 lr=0.10000 train_acc=88.45 test_acc=91.13
epoch=29/300 lr=0.10000 train_acc=88.54 test_acc=88.39
epoch=30/300 lr=0.10000 train_acc=88.56 test_acc=90.61
epoch=31/300 lr=0.10000 train_acc=88.50 test_acc=90.61
epoch=32/300 lr=0.10000 train_acc=88.72 test_acc=89.75
epoch=33/300 lr=0.10000 train_acc=88.62 test_acc=88.77
epoch=34/300 lr=0.10000 train_acc=88.67 test_acc=88.10
epoch=35/300 lr=0.10000 train_acc=88.61 test_acc=89.61
epoch=36/300 lr=0.10000 train_acc=88.51 test_acc=90.36
epoch=37/300 lr=0.10000 train_acc=88.78 test_acc=89.30
epoch=38/300 lr=0.10000 train_acc=88.71 test_acc=90.16
epoch=39/300 lr=0.10000 train_acc=88.87 test_acc=89.84
epoch=40/300 lr=0.10000 train_acc=88.76 test_acc=87.34
epoch=41/300 lr=0.10000 train_acc=88.72 test_acc=90.10
epoch=42/300 lr=0.10000 train_acc=88.81 test_acc=90.33
epoch=43/300 lr=0.10000 train_acc=88.73 test_acc=87.80
epoch=44/300 lr=0.10000 train_acc=89.01 test_acc=74.51
epoch=45/300 lr=0.10000 train_acc=88.95 test_acc=87.87
epoch=46/300 lr=0.10000 train_acc=88.94 test_acc=81.94
epoch=47/300 lr=0.10000 train_acc=88.94 test_acc=89.50
epoch=48/300 lr=0.10000 train_acc=89.17 test_acc=90.68
epoch=49/300 lr=0.10000 train_acc=89.06 test_acc=87.65
epoch=50/300 lr=0.10000 train_acc=89.20 test_acc=91.21
epoch=51/300 lr=0.10000 train_acc=89.02 test_acc=89.21
epoch=52/300 lr=0.10000 train_acc=89.05 test_acc=89.23
epoch=53/300 lr=0.10000 train_acc=89.08 test_acc=87.64
epoch=54/300 lr=0.10000 train_acc=89.03 test_acc=90.05
epoch=55/300 lr=0.10000 train_acc=89.02 test_acc=89.58
epoch=56/300 lr=0.10000 train_acc=89.11 test_acc=88.63
epoch=57/300 lr=0.10000 train_acc=89.29 test_acc=89.18
epoch=58/300 lr=0.10000 train_acc=89.26 test_acc=90.03
epoch=59/300 lr=0.10000 train_acc=89.23 test_acc=90.49
epoch=60/300 lr=0.10000 train_acc=89.23 test_acc=87.84
epoch=61/300 lr=0.10000 train_acc=88.96 test_acc=90.13
epoch=62/300 lr=0.10000 train_acc=89.27 test_acc=89.94
epoch=63/300 lr=0.10000 train_acc=89.28 test_acc=90.82
epoch=64/300 lr=0.10000 train_acc=89.27 test_acc=89.49
epoch=65/300 lr=0.10000 train_acc=88.99 test_acc=91.23
epoch=66/300 lr=0.10000 train_acc=89.10 test_acc=89.23
epoch=67/300 lr=0.10000 train_acc=89.39 test_acc=90.87
epoch=68/300 lr=0.10000 train_acc=89.21 test_acc=91.72
epoch=69/300 lr=0.10000 train_acc=89.10 test_acc=90.08
epoch=70/300 lr=0.10000 train_acc=89.31 test_acc=90.46
epoch=71/300 lr=0.10000 train_acc=89.31 test_acc=90.71
epoch=72/300 lr=0.10000 train_acc=89.35 test_acc=89.23
epoch=73/300 lr=0.10000 train_acc=89.15 test_acc=92.03
epoch=74/300 lr=0.10000 train_acc=89.32 test_acc=89.59
epoch=75/300 lr=0.10000 train_acc=89.31 test_acc=90.52
epoch=76/300 lr=0.10000 train_acc=89.30 test_acc=90.02
epoch=77/300 lr=0.10000 train_acc=89.20 test_acc=90.98
epoch=78/300 lr=0.10000 train_acc=89.12 test_acc=91.06
epoch=79/300 lr=0.10000 train_acc=89.27 test_acc=89.79
epoch=80/300 lr=0.10000 train_acc=89.10 test_acc=90.73
epoch=81/300 lr=0.10000 train_acc=89.22 test_acc=90.07
epoch=82/300 lr=0.10000 train_acc=89.26 test_acc=89.96
epoch=83/300 lr=0.10000 train_acc=89.51 test_acc=91.02
epoch=84/300 lr=0.10000 train_acc=89.30 test_acc=91.51
epoch=85/300 lr=0.10000 train_acc=89.24 test_acc=91.21
epoch=86/300 lr=0.10000 train_acc=89.33 test_acc=90.02
epoch=87/300 lr=0.10000 train_acc=89.47 test_acc=90.63
epoch=88/300 lr=0.10000 train_acc=89.18 test_acc=90.66
epoch=89/300 lr=0.10000 train_acc=89.51 test_acc=88.19
epoch=90/300 lr=0.10000 train_acc=89.37 test_acc=88.73
epoch=91/300 lr=0.10000 train_acc=89.28 test_acc=88.68
epoch=92/300 lr=0.10000 train_acc=89.33 test_acc=91.37
epoch=93/300 lr=0.10000 train_acc=89.43 test_acc=90.36
epoch=94/300 lr=0.10000 train_acc=89.41 test_acc=90.98
epoch=95/300 lr=0.10000 train_acc=89.49 test_acc=87.26
epoch=96/300 lr=0.10000 train_acc=89.27 test_acc=85.08
epoch=97/300 lr=0.10000 train_acc=89.49 test_acc=91.27
epoch=98/300 lr=0.10000 train_acc=89.45 test_acc=91.62
epoch=99/300 lr=0.10000 train_acc=89.20 test_acc=88.64
epoch=100/300 lr=0.10000 train_acc=89.21 test_acc=91.74
epoch=101/300 lr=0.10000 train_acc=89.19 test_acc=89.37
epoch=102/300 lr=0.10000 train_acc=89.34 test_acc=90.54
epoch=103/300 lr=0.10000 train_acc=89.48 test_acc=89.01
epoch=104/300 lr=0.10000 train_acc=89.35 test_acc=88.85
epoch=105/300 lr=0.10000 train_acc=89.36 test_acc=91.95
epoch=106/300 lr=0.10000 train_acc=89.26 test_acc=90.49
epoch=107/300 lr=0.10000 train_acc=89.44 test_acc=90.16
epoch=108/300 lr=0.10000 train_acc=89.42 test_acc=89.47
epoch=109/300 lr=0.10000 train_acc=89.59 test_acc=90.32
epoch=110/300 lr=0.10000 train_acc=89.47 test_acc=91.13
epoch=111/300 lr=0.10000 train_acc=89.51 test_acc=90.18
epoch=112/300 lr=0.10000 train_acc=89.19 test_acc=91.80
epoch=113/300 lr=0.10000 train_acc=89.33 test_acc=88.76
epoch=114/300 lr=0.10000 train_acc=89.53 test_acc=89.67
epoch=115/300 lr=0.10000 train_acc=89.54 test_acc=91.13
epoch=116/300 lr=0.10000 train_acc=89.69 test_acc=88.35
epoch=117/300 lr=0.10000 train_acc=89.40 test_acc=89.28
epoch=118/300 lr=0.10000 train_acc=89.48 test_acc=86.67
epoch=119/300 lr=0.10000 train_acc=89.78 test_acc=88.77
epoch=120/300 lr=0.10000 train_acc=89.36 test_acc=90.71
epoch=121/300 lr=0.10000 train_acc=89.67 test_acc=88.57
epoch=122/300 lr=0.10000 train_acc=89.36 test_acc=90.23
epoch=123/300 lr=0.10000 train_acc=89.42 test_acc=90.52
epoch=124/300 lr=0.10000 train_acc=89.43 test_acc=90.19
epoch=125/300 lr=0.10000 train_acc=89.53 test_acc=89.29
epoch=126/300 lr=0.10000 train_acc=89.46 test_acc=89.44
epoch=127/300 lr=0.10000 train_acc=89.42 test_acc=87.69
epoch=128/300 lr=0.10000 train_acc=89.42 test_acc=89.61
epoch=129/300 lr=0.10000 train_acc=89.55 test_acc=90.10
epoch=130/300 lr=0.10000 train_acc=89.67 test_acc=88.55
epoch=131/300 lr=0.10000 train_acc=89.61 test_acc=90.86
epoch=132/300 lr=0.10000 train_acc=89.42 test_acc=86.97
epoch=133/300 lr=0.10000 train_acc=89.49 test_acc=90.68
epoch=134/300 lr=0.10000 train_acc=89.59 test_acc=87.96
epoch=135/300 lr=0.10000 train_acc=89.47 test_acc=89.14
epoch=136/300 lr=0.10000 train_acc=89.55 test_acc=91.34
epoch=137/300 lr=0.10000 train_acc=89.60 test_acc=89.59
epoch=138/300 lr=0.10000 train_acc=89.46 test_acc=91.56
epoch=139/300 lr=0.10000 train_acc=89.54 test_acc=90.10
epoch=140/300 lr=0.10000 train_acc=89.85 test_acc=90.51
epoch=141/300 lr=0.10000 train_acc=89.53 test_acc=89.80
epoch=142/300 lr=0.10000 train_acc=89.56 test_acc=89.36
epoch=143/300 lr=0.10000 train_acc=89.72 test_acc=90.19
epoch=144/300 lr=0.10000 train_acc=89.59 test_acc=91.13
epoch=145/300 lr=0.10000 train_acc=89.57 test_acc=87.44
epoch=146/300 lr=0.10000 train_acc=89.52 test_acc=89.39
epoch=147/300 lr=0.10000 train_acc=89.50 test_acc=90.01
epoch=148/300 lr=0.10000 train_acc=89.85 test_acc=88.44
epoch=149/300 lr=0.10000 train_acc=89.46 test_acc=91.64
epoch=150/300 lr=0.10000 train_acc=89.63 test_acc=92.27
epoch=151/300 lr=0.01000 train_acc=92.20 test_acc=93.83
epoch=152/300 lr=0.01000 train_acc=92.77 test_acc=93.91
epoch=153/300 lr=0.01000 train_acc=92.95 test_acc=93.98
epoch=154/300 lr=0.01000 train_acc=93.12 test_acc=94.25
epoch=155/300 lr=0.01000 train_acc=93.22 test_acc=94.27
epoch=156/300 lr=0.01000 train_acc=93.35 test_acc=94.28
epoch=157/300 lr=0.01000 train_acc=93.31 test_acc=94.30
epoch=158/300 lr=0.01000 train_acc=93.46 test_acc=94.47
epoch=159/300 lr=0.01000 train_acc=93.57 test_acc=94.09
epoch=160/300 lr=0.01000 train_acc=93.65 test_acc=94.34
epoch=161/300 lr=0.01000 train_acc=93.68 test_acc=94.15
epoch=162/300 lr=0.01000 train_acc=93.64 test_acc=94.06
epoch=163/300 lr=0.01000 train_acc=93.79 test_acc=94.59
epoch=164/300 lr=0.01000 train_acc=93.56 test_acc=94.55
epoch=165/300 lr=0.01000 train_acc=93.75 test_acc=94.20
epoch=166/300 lr=0.01000 train_acc=93.67 test_acc=94.26
epoch=167/300 lr=0.01000 train_acc=93.70 test_acc=94.32
epoch=168/300 lr=0.01000 train_acc=93.74 test_acc=94.09
epoch=169/300 lr=0.01000 train_acc=93.71 test_acc=94.44
epoch=170/300 lr=0.01000 train_acc=93.70 test_acc=94.09
epoch=171/300 lr=0.01000 train_acc=93.83 test_acc=94.25
epoch=172/300 lr=0.01000 train_acc=93.80 test_acc=94.18
epoch=173/300 lr=0.01000 train_acc=93.83 test_acc=94.30
epoch=174/300 lr=0.01000 train_acc=93.71 test_acc=93.92
epoch=175/300 lr=0.01000 train_acc=93.73 test_acc=94.45
epoch=176/300 lr=0.01000 train_acc=93.84 test_acc=94.41
epoch=177/300 lr=0.01000 train_acc=93.68 test_acc=93.84
epoch=178/300 lr=0.01000 train_acc=93.83 test_acc=94.12
epoch=179/300 lr=0.01000 train_acc=93.71 test_acc=94.18
epoch=180/300 lr=0.01000 train_acc=93.72 test_acc=94.11
epoch=181/300 lr=0.01000 train_acc=93.81 test_acc=94.35
epoch=182/300 lr=0.01000 train_acc=93.69 test_acc=94.15
epoch=183/300 lr=0.01000 train_acc=93.79 test_acc=94.26
epoch=184/300 lr=0.01000 train_acc=93.71 test_acc=93.53
epoch=185/300 lr=0.01000 train_acc=93.73 test_acc=94.02
epoch=186/300 lr=0.01000 train_acc=93.74 test_acc=94.26
epoch=187/300 lr=0.01000 train_acc=93.83 test_acc=94.44
epoch=188/300 lr=0.01000 train_acc=93.85 test_acc=94.16
epoch=189/300 lr=0.01000 train_acc=93.84 test_acc=94.48
epoch=190/300 lr=0.01000 train_acc=93.81 test_acc=94.22
epoch=191/300 lr=0.01000 train_acc=93.89 test_acc=94.52
epoch=192/300 lr=0.01000 train_acc=93.77 test_acc=94.51
epoch=193/300 lr=0.01000 train_acc=93.82 test_acc=94.31
epoch=194/300 lr=0.01000 train_acc=93.89 test_acc=94.25
epoch=195/300 lr=0.01000 train_acc=93.80 test_acc=93.28
epoch=196/300 lr=0.01000 train_acc=93.72 test_acc=94.15
epoch=197/300 lr=0.01000 train_acc=93.68 test_acc=94.07
epoch=198/300 lr=0.01000 train_acc=93.76 test_acc=94.45
epoch=199/300 lr=0.01000 train_acc=93.83 test_acc=94.20
epoch=200/300 lr=0.01000 train_acc=93.86 test_acc=94.12
epoch=201/300 lr=0.01000 train_acc=93.80 test_acc=93.85
epoch=202/300 lr=0.01000 train_acc=93.77 test_acc=93.98
epoch=203/300 lr=0.01000 train_acc=93.79 test_acc=93.77
epoch=204/300 lr=0.01000 train_acc=93.90 test_acc=93.71
epoch=205/300 lr=0.01000 train_acc=93.73 test_acc=93.96
epoch=206/300 lr=0.01000 train_acc=93.72 test_acc=94.30
epoch=207/300 lr=0.01000 train_acc=93.84 test_acc=93.97
epoch=208/300 lr=0.01000 train_acc=93.91 test_acc=94.19
epoch=209/300 lr=0.01000 train_acc=93.92 test_acc=94.32
epoch=210/300 lr=0.01000 train_acc=93.80 test_acc=93.84
epoch=211/300 lr=0.01000 train_acc=94.06 test_acc=94.23
epoch=212/300 lr=0.01000 train_acc=93.83 test_acc=94.18
epoch=213/300 lr=0.01000 train_acc=93.92 test_acc=94.26
epoch=214/300 lr=0.01000 train_acc=93.79 test_acc=94.25
epoch=215/300 lr=0.01000 train_acc=94.06 test_acc=94.37
epoch=216/300 lr=0.01000 train_acc=93.93 test_acc=94.51
epoch=217/300 lr=0.01000 train_acc=93.86 test_acc=94.57
epoch=218/300 lr=0.01000 train_acc=93.95 test_acc=93.34
epoch=219/300 lr=0.01000 train_acc=93.91 test_acc=94.14
epoch=220/300 lr=0.01000 train_acc=93.98 test_acc=94.29
epoch=221/300 lr=0.01000 train_acc=94.09 test_acc=94.44
epoch=222/300 lr=0.01000 train_acc=93.82 test_acc=93.93
epoch=223/300 lr=0.01000 train_acc=94.02 test_acc=94.43
epoch=224/300 lr=0.01000 train_acc=94.03 test_acc=94.27
epoch=225/300 lr=0.01000 train_acc=94.01 test_acc=94.36
epoch=226/300 lr=0.00100 train_acc=94.86 test_acc=94.98
epoch=227/300 lr=0.00100 train_acc=95.33 test_acc=95.10
epoch=228/300 lr=0.00100 train_acc=95.56 test_acc=95.09
epoch=229/300 lr=0.00100 train_acc=95.51 test_acc=95.21
epoch=230/300 lr=0.00100 train_acc=95.65 test_acc=95.20
epoch=231/300 lr=0.00100 train_acc=95.68 test_acc=95.26
epoch=232/300 lr=0.00100 train_acc=95.69 test_acc=95.19
epoch=233/300 lr=0.00100 train_acc=95.68 test_acc=95.27
epoch=234/300 lr=0.00100 train_acc=95.92 test_acc=95.21
epoch=235/300 lr=0.00100 train_acc=95.88 test_acc=95.25
epoch=236/300 lr=0.00100 train_acc=95.89 test_acc=95.34
epoch=237/300 lr=0.00100 train_acc=95.97 test_acc=95.22
epoch=238/300 lr=0.00100 train_acc=96.00 test_acc=95.30
epoch=239/300 lr=0.00100 train_acc=95.86 test_acc=95.22
epoch=240/300 lr=0.00100 train_acc=96.07 test_acc=95.39
epoch=241/300 lr=0.00100 train_acc=96.06 test_acc=95.22
epoch=242/300 lr=0.00100 train_acc=95.92 test_acc=95.39
epoch=243/300 lr=0.00100 train_acc=95.94 test_acc=95.28
epoch=244/300 lr=0.00100 train_acc=96.08 test_acc=95.19
epoch=245/300 lr=0.00100 train_acc=96.04 test_acc=95.31
epoch=246/300 lr=0.00100 train_acc=96.09 test_acc=95.36
epoch=247/300 lr=0.00100 train_acc=96.16 test_acc=95.27
epoch=248/300 lr=0.00100 train_acc=96.10 test_acc=95.28
epoch=249/300 lr=0.00100 train_acc=96.16 test_acc=95.11
epoch=250/300 lr=0.00100 train_acc=96.16 test_acc=95.31
epoch=251/300 lr=0.00100 train_acc=96.13 test_acc=95.35
epoch=252/300 lr=0.00100 train_acc=96.28 test_acc=95.17
epoch=253/300 lr=0.00100 train_acc=96.30 test_acc=95.29
epoch=254/300 lr=0.00100 train_acc=96.28 test_acc=95.29
epoch=255/300 lr=0.00100 train_acc=96.24 test_acc=95.32
epoch=256/300 lr=0.00100 train_acc=96.43 test_acc=95.19
epoch=257/300 lr=0.00100 train_acc=96.22 test_acc=95.00
epoch=258/300 lr=0.00100 train_acc=96.30 test_acc=95.31
epoch=259/300 lr=0.00100 train_acc=96.28 test_acc=95.26
epoch=260/300 lr=0.00100 train_acc=96.35 test_acc=95.31
epoch=261/300 lr=0.00100 train_acc=96.33 test_acc=95.26
epoch=262/300 lr=0.00100 train_acc=96.36 test_acc=95.36
epoch=263/300 lr=0.00100 train_acc=96.34 test_acc=95.33
epoch=264/300 lr=0.00100 train_acc=96.39 test_acc=95.34
epoch=265/300 lr=0.00100 train_acc=96.47 test_acc=95.30
epoch=266/300 lr=0.00100 train_acc=96.27 test_acc=95.25
epoch=267/300 lr=0.00100 train_acc=96.50 test_acc=95.40
epoch=268/300 lr=0.00100 train_acc=96.44 test_acc=95.27
epoch=269/300 lr=0.00100 train_acc=96.38 test_acc=95.27
epoch=270/300 lr=0.00100 train_acc=96.39 test_acc=95.34
epoch=271/300 lr=0.00100 train_acc=96.35 test_acc=95.06
epoch=272/300 lr=0.00100 train_acc=96.41 test_acc=95.23
epoch=273/300 lr=0.00100 train_acc=96.46 test_acc=95.20
epoch=274/300 lr=0.00100 train_acc=96.50 test_acc=95.14
epoch=275/300 lr=0.00100 train_acc=96.51 test_acc=95.27
epoch=276/300 lr=0.00100 train_acc=96.42 test_acc=95.23
epoch=277/300 lr=0.00100 train_acc=96.55 test_acc=95.26
epoch=278/300 lr=0.00100 train_acc=96.55 test_acc=95.28
epoch=279/300 lr=0.00100 train_acc=96.53 test_acc=95.22
epoch=280/300 lr=0.00100 train_acc=96.55 test_acc=95.32
epoch=281/300 lr=0.00100 train_acc=96.56 test_acc=95.34
epoch=282/300 lr=0.00100 train_acc=96.59 test_acc=95.25
epoch=283/300 lr=0.00100 train_acc=96.61 test_acc=95.39
epoch=284/300 lr=0.00100 train_acc=96.64 test_acc=95.21
epoch=285/300 lr=0.00100 train_acc=96.55 test_acc=95.15
epoch=286/300 lr=0.00100 train_acc=96.57 test_acc=95.30
epoch=287/300 lr=0.00100 train_acc=96.54 test_acc=95.16
epoch=288/300 lr=0.00100 train_acc=96.60 test_acc=95.18
epoch=289/300 lr=0.00100 train_acc=96.67 test_acc=95.33
epoch=290/300 lr=0.00100 train_acc=96.63 test_acc=95.14
epoch=291/300 lr=0.00100 train_acc=96.63 test_acc=95.15
epoch=292/300 lr=0.00100 train_acc=96.56 test_acc=95.31
epoch=293/300 lr=0.00100 train_acc=96.57 test_acc=95.22
epoch=294/300 lr=0.00100 train_acc=96.55 test_acc=95.15
epoch=295/300 lr=0.00100 train_acc=96.56 test_acc=95.13
epoch=296/300 lr=0.00100 train_acc=96.58 test_acc=95.26
epoch=297/300 lr=0.00100 train_acc=96.71 test_acc=95.15
epoch=298/300 lr=0.00100 train_acc=96.77 test_acc=95.20
epoch=299/300 lr=0.00100 train_acc=96.83 test_acc=95.12
epoch=300/300 lr=0.00100 train_acc=96.75 test_acc=95.09
{
  "best_accuracy": 95.4,
  "best_error_rate": 4.599999999999994,
  "final_accuracy": 95.09,
  "final_error_rate": 4.909999999999997,
  "elapsed_seconds": 2185.0120344161987,
  "is_paper_result": false,
  "note": "New reproduction result; compare against paper target separately."
}
start experiment=fashionmnist_resnet20_re_paper seed=1002
epoch=1/300 lr=0.10000 train_acc=69.74 test_acc=75.81
epoch=2/300 lr=0.10000 train_acc=81.66 test_acc=84.67
epoch=3/300 lr=0.10000 train_acc=84.54 test_acc=86.84
epoch=4/300 lr=0.10000 train_acc=85.78 test_acc=86.11
epoch=5/300 lr=0.10000 train_acc=86.08 test_acc=87.86
epoch=6/300 lr=0.10000 train_acc=86.58 test_acc=86.09
epoch=7/300 lr=0.10000 train_acc=86.82 test_acc=87.87
epoch=8/300 lr=0.10000 train_acc=87.05 test_acc=85.24
epoch=9/300 lr=0.10000 train_acc=87.25 test_acc=86.71
epoch=10/300 lr=0.10000 train_acc=87.58 test_acc=90.64
epoch=11/300 lr=0.10000 train_acc=87.74 test_acc=89.05
epoch=12/300 lr=0.10000 train_acc=87.86 test_acc=88.29
epoch=13/300 lr=0.10000 train_acc=87.70 test_acc=88.54
epoch=14/300 lr=0.10000 train_acc=87.77 test_acc=84.39
epoch=15/300 lr=0.10000 train_acc=87.97 test_acc=88.34
epoch=16/300 lr=0.10000 train_acc=87.92 test_acc=87.55
epoch=17/300 lr=0.10000 train_acc=88.09 test_acc=89.32
epoch=18/300 lr=0.10000 train_acc=88.11 test_acc=90.96
epoch=19/300 lr=0.10000 train_acc=88.20 test_acc=89.49
epoch=20/300 lr=0.10000 train_acc=88.10 test_acc=88.58
epoch=21/300 lr=0.10000 train_acc=88.47 test_acc=86.00
epoch=22/300 lr=0.10000 train_acc=88.16 test_acc=85.04
epoch=23/300 lr=0.10000 train_acc=88.39 test_acc=90.83
epoch=24/300 lr=0.10000 train_acc=88.32 test_acc=88.92
epoch=25/300 lr=0.10000 train_acc=88.65 test_acc=90.00
epoch=26/300 lr=0.10000 train_acc=88.52 test_acc=89.91
epoch=27/300 lr=0.10000 train_acc=88.54 test_acc=82.74
epoch=28/300 lr=0.10000 train_acc=88.75 test_acc=90.48
epoch=29/300 lr=0.10000 train_acc=88.88 test_acc=90.76
epoch=30/300 lr=0.10000 train_acc=88.71 test_acc=78.39
epoch=31/300 lr=0.10000 train_acc=88.95 test_acc=87.47
epoch=32/300 lr=0.10000 train_acc=88.88 test_acc=86.63
epoch=33/300 lr=0.10000 train_acc=88.75 test_acc=86.88
epoch=34/300 lr=0.10000 train_acc=88.85 test_acc=87.81
epoch=35/300 lr=0.10000 train_acc=88.76 test_acc=88.01
epoch=36/300 lr=0.10000 train_acc=88.94 test_acc=90.87
epoch=37/300 lr=0.10000 train_acc=88.97 test_acc=89.35
epoch=38/300 lr=0.10000 train_acc=89.04 test_acc=86.28
epoch=39/300 lr=0.10000 train_acc=88.89 test_acc=90.25
epoch=40/300 lr=0.10000 train_acc=88.96 test_acc=91.22
epoch=41/300 lr=0.10000 train_acc=89.13 test_acc=89.44
epoch=42/300 lr=0.10000 train_acc=89.28 test_acc=89.46
epoch=43/300 lr=0.10000 train_acc=89.19 test_acc=87.20
epoch=44/300 lr=0.10000 train_acc=89.16 test_acc=90.17
epoch=45/300 lr=0.10000 train_acc=88.90 test_acc=89.44
epoch=46/300 lr=0.10000 train_acc=89.12 test_acc=90.68
epoch=47/300 lr=0.10000 train_acc=89.15 test_acc=89.21
epoch=48/300 lr=0.10000 train_acc=89.09 test_acc=89.39
epoch=49/300 lr=0.10000 train_acc=88.97 test_acc=91.45
epoch=50/300 lr=0.10000 train_acc=89.05 test_acc=89.46
epoch=51/300 lr=0.10000 train_acc=89.03 test_acc=88.80
epoch=52/300 lr=0.10000 train_acc=89.04 test_acc=91.04
epoch=53/300 lr=0.10000 train_acc=88.94 test_acc=90.39
epoch=54/300 lr=0.10000 train_acc=89.17 test_acc=89.34
epoch=55/300 lr=0.10000 train_acc=89.09 test_acc=90.07
epoch=56/300 lr=0.10000 train_acc=89.17 test_acc=87.11
epoch=57/300 lr=0.10000 train_acc=89.16 test_acc=88.24
epoch=58/300 lr=0.10000 train_acc=88.96 test_acc=90.74
epoch=59/300 lr=0.10000 train_acc=89.27 test_acc=90.13
epoch=60/300 lr=0.10000 train_acc=89.17 test_acc=88.05
epoch=61/300 lr=0.10000 train_acc=89.14 test_acc=90.68
epoch=62/300 lr=0.10000 train_acc=89.04 test_acc=90.74
epoch=63/300 lr=0.10000 train_acc=89.30 test_acc=85.73
epoch=64/300 lr=0.10000 train_acc=89.19 test_acc=89.85
epoch=65/300 lr=0.10000 train_acc=89.27 test_acc=89.49
epoch=66/300 lr=0.10000 train_acc=89.25 test_acc=91.62
epoch=67/300 lr=0.10000 train_acc=89.25 test_acc=88.91
epoch=68/300 lr=0.10000 train_acc=89.22 test_acc=90.12
epoch=69/300 lr=0.10000 train_acc=89.37 test_acc=90.41
epoch=70/300 lr=0.10000 train_acc=89.33 test_acc=90.38
epoch=71/300 lr=0.10000 train_acc=89.16 test_acc=89.52
epoch=72/300 lr=0.10000 train_acc=89.19 test_acc=89.49
epoch=73/300 lr=0.10000 train_acc=89.33 test_acc=90.31
epoch=74/300 lr=0.10000 train_acc=89.39 test_acc=90.25
epoch=75/300 lr=0.10000 train_acc=89.21 test_acc=85.68
epoch=76/300 lr=0.10000 train_acc=89.18 test_acc=90.34
epoch=77/300 lr=0.10000 train_acc=89.20 test_acc=89.16
epoch=78/300 lr=0.10000 train_acc=89.34 test_acc=90.98
epoch=79/300 lr=0.10000 train_acc=89.31 test_acc=90.23
epoch=80/300 lr=0.10000 train_acc=89.38 test_acc=88.74
epoch=81/300 lr=0.10000 train_acc=89.29 test_acc=90.52
epoch=82/300 lr=0.10000 train_acc=89.32 test_acc=87.71
epoch=83/300 lr=0.10000 train_acc=89.11 test_acc=88.47
epoch=84/300 lr=0.10000 train_acc=89.48 test_acc=89.50
epoch=85/300 lr=0.10000 train_acc=89.26 test_acc=90.20
epoch=86/300 lr=0.10000 train_acc=89.33 test_acc=83.14
epoch=87/300 lr=0.10000 train_acc=89.41 test_acc=90.59
epoch=88/300 lr=0.10000 train_acc=89.25 test_acc=89.55
epoch=89/300 lr=0.10000 train_acc=89.28 test_acc=91.31
epoch=90/300 lr=0.10000 train_acc=89.23 test_acc=89.11
epoch=91/300 lr=0.10000 train_acc=89.24 test_acc=90.04
epoch=92/300 lr=0.10000 train_acc=89.54 test_acc=82.85
epoch=93/300 lr=0.10000 train_acc=89.26 test_acc=90.08
epoch=94/300 lr=0.10000 train_acc=89.41 test_acc=87.94
epoch=95/300 lr=0.10000 train_acc=89.54 test_acc=89.28
epoch=96/300 lr=0.10000 train_acc=89.27 test_acc=89.85
epoch=97/300 lr=0.10000 train_acc=89.41 test_acc=90.63
epoch=98/300 lr=0.10000 train_acc=89.39 test_acc=90.96
epoch=99/300 lr=0.10000 train_acc=89.28 test_acc=91.42
epoch=100/300 lr=0.10000 train_acc=89.61 test_acc=90.70
epoch=101/300 lr=0.10000 train_acc=89.44 test_acc=88.02
epoch=102/300 lr=0.10000 train_acc=89.47 test_acc=90.06
epoch=103/300 lr=0.10000 train_acc=89.27 test_acc=89.37
epoch=104/300 lr=0.10000 train_acc=89.51 test_acc=89.96
epoch=105/300 lr=0.10000 train_acc=89.44 test_acc=85.97
epoch=106/300 lr=0.10000 train_acc=89.32 test_acc=89.25
epoch=107/300 lr=0.10000 train_acc=89.25 test_acc=91.54
epoch=108/300 lr=0.10000 train_acc=89.55 test_acc=86.51
epoch=109/300 lr=0.10000 train_acc=89.34 test_acc=89.78
epoch=110/300 lr=0.10000 train_acc=89.59 test_acc=91.32
epoch=111/300 lr=0.10000 train_acc=89.28 test_acc=90.39
epoch=112/300 lr=0.10000 train_acc=89.31 test_acc=91.34
epoch=113/300 lr=0.10000 train_acc=89.50 test_acc=87.06
epoch=114/300 lr=0.10000 train_acc=89.55 test_acc=87.20
epoch=115/300 lr=0.10000 train_acc=89.53 test_acc=89.16
epoch=116/300 lr=0.10000 train_acc=89.48 test_acc=89.53
epoch=117/300 lr=0.10000 train_acc=89.31 test_acc=89.53
epoch=118/300 lr=0.10000 train_acc=89.50 test_acc=90.80
epoch=119/300 lr=0.10000 train_acc=89.42 test_acc=87.02
epoch=120/300 lr=0.10000 train_acc=89.51 test_acc=85.67
epoch=121/300 lr=0.10000 train_acc=89.46 test_acc=85.41
epoch=122/300 lr=0.10000 train_acc=89.44 test_acc=90.43
epoch=123/300 lr=0.10000 train_acc=89.54 test_acc=90.47
epoch=124/300 lr=0.10000 train_acc=89.64 test_acc=90.92
epoch=125/300 lr=0.10000 train_acc=89.40 test_acc=86.71
epoch=126/300 lr=0.10000 train_acc=89.33 test_acc=91.44
epoch=127/300 lr=0.10000 train_acc=89.59 test_acc=91.61
epoch=128/300 lr=0.10000 train_acc=89.49 test_acc=88.96
epoch=129/300 lr=0.10000 train_acc=89.36 test_acc=90.61
epoch=130/300 lr=0.10000 train_acc=89.56 test_acc=89.34
epoch=131/300 lr=0.10000 train_acc=89.54 test_acc=91.16
epoch=132/300 lr=0.10000 train_acc=89.64 test_acc=91.33
epoch=133/300 lr=0.10000 train_acc=89.49 test_acc=91.72
epoch=134/300 lr=0.10000 train_acc=89.38 test_acc=91.01
epoch=135/300 lr=0.10000 train_acc=89.70 test_acc=90.42
epoch=136/300 lr=0.10000 train_acc=89.47 test_acc=89.91
epoch=137/300 lr=0.10000 train_acc=89.79 test_acc=89.42
epoch=138/300 lr=0.10000 train_acc=89.42 test_acc=88.56
epoch=139/300 lr=0.10000 train_acc=89.63 test_acc=91.29
epoch=140/300 lr=0.10000 train_acc=89.52 test_acc=90.28
epoch=141/300 lr=0.10000 train_acc=89.47 test_acc=90.80
epoch=142/300 lr=0.10000 train_acc=89.53 test_acc=89.00
epoch=143/300 lr=0.10000 train_acc=89.57 test_acc=88.11
epoch=144/300 lr=0.10000 train_acc=89.36 test_acc=89.57
epoch=145/300 lr=0.10000 train_acc=89.46 test_acc=91.06
epoch=146/300 lr=0.10000 train_acc=89.48 test_acc=89.77
epoch=147/300 lr=0.10000 train_acc=89.45 test_acc=88.50
epoch=148/300 lr=0.10000 train_acc=89.41 test_acc=88.28
epoch=149/300 lr=0.10000 train_acc=89.42 test_acc=90.94
epoch=150/300 lr=0.10000 train_acc=89.57 test_acc=90.93
epoch=151/300 lr=0.01000 train_acc=92.00 test_acc=93.93
epoch=152/300 lr=0.01000 train_acc=92.69 test_acc=93.95
epoch=153/300 lr=0.01000 train_acc=93.03 test_acc=93.97
epoch=154/300 lr=0.01000 train_acc=93.00 test_acc=93.93
epoch=155/300 lr=0.01000 train_acc=93.27 test_acc=94.35
epoch=156/300 lr=0.01000 train_acc=93.38 test_acc=94.27
epoch=157/300 lr=0.01000 train_acc=93.41 test_acc=94.35
epoch=158/300 lr=0.01000 train_acc=93.44 test_acc=94.50
epoch=159/300 lr=0.01000 train_acc=93.49 test_acc=94.32
epoch=160/300 lr=0.01000 train_acc=93.44 test_acc=94.56
epoch=161/300 lr=0.01000 train_acc=93.57 test_acc=94.04
epoch=162/300 lr=0.01000 train_acc=93.55 test_acc=94.37
epoch=163/300 lr=0.01000 train_acc=93.70 test_acc=94.11
epoch=164/300 lr=0.01000 train_acc=93.70 test_acc=94.23
epoch=165/300 lr=0.01000 train_acc=93.64 test_acc=94.28
epoch=166/300 lr=0.01000 train_acc=93.71 test_acc=94.27
epoch=167/300 lr=0.01000 train_acc=93.76 test_acc=94.12
epoch=168/300 lr=0.01000 train_acc=93.67 test_acc=94.52
epoch=169/300 lr=0.01000 train_acc=93.72 test_acc=94.08
epoch=170/300 lr=0.01000 train_acc=93.74 test_acc=94.23
epoch=171/300 lr=0.01000 train_acc=93.76 test_acc=94.13
epoch=172/300 lr=0.01000 train_acc=93.69 test_acc=94.35
epoch=173/300 lr=0.01000 train_acc=93.65 test_acc=94.07
epoch=174/300 lr=0.01000 train_acc=93.75 test_acc=94.25
epoch=175/300 lr=0.01000 train_acc=93.69 test_acc=94.11
epoch=176/300 lr=0.01000 train_acc=93.70 test_acc=94.12
epoch=177/300 lr=0.01000 train_acc=93.77 test_acc=94.34
epoch=178/300 lr=0.01000 train_acc=93.69 test_acc=94.08
epoch=179/300 lr=0.01000 train_acc=93.73 test_acc=94.58
epoch=180/300 lr=0.01000 train_acc=93.81 test_acc=93.74
epoch=181/300 lr=0.01000 train_acc=93.56 test_acc=94.24
epoch=182/300 lr=0.01000 train_acc=93.70 test_acc=94.30
epoch=183/300 lr=0.01000 train_acc=93.81 test_acc=94.30
epoch=184/300 lr=0.01000 train_acc=93.62 test_acc=94.27
epoch=185/300 lr=0.01000 train_acc=93.74 test_acc=93.84
epoch=186/300 lr=0.01000 train_acc=93.78 test_acc=94.05
epoch=187/300 lr=0.01000 train_acc=93.72 test_acc=94.15
epoch=188/300 lr=0.01000 train_acc=93.84 test_acc=94.38
epoch=189/300 lr=0.01000 train_acc=93.75 test_acc=93.53
epoch=190/300 lr=0.01000 train_acc=93.64 test_acc=94.31
epoch=191/300 lr=0.01000 train_acc=93.74 test_acc=94.42
epoch=192/300 lr=0.01000 train_acc=93.81 test_acc=94.34
epoch=193/300 lr=0.01000 train_acc=93.67 test_acc=94.50
epoch=194/300 lr=0.01000 train_acc=93.78 test_acc=94.47
epoch=195/300 lr=0.01000 train_acc=93.88 test_acc=94.20
epoch=196/300 lr=0.01000 train_acc=93.81 test_acc=93.63
epoch=197/300 lr=0.01000 train_acc=93.77 test_acc=94.23
epoch=198/300 lr=0.01000 train_acc=93.67 test_acc=94.29
epoch=199/300 lr=0.01000 train_acc=93.80 test_acc=93.98
epoch=200/300 lr=0.01000 train_acc=93.82 test_acc=94.27
epoch=201/300 lr=0.01000 train_acc=93.84 test_acc=94.31
epoch=202/300 lr=0.01000 train_acc=93.83 test_acc=94.40
epoch=203/300 lr=0.01000 train_acc=93.66 test_acc=94.02
epoch=204/300 lr=0.01000 train_acc=93.74 test_acc=94.03
epoch=205/300 lr=0.01000 train_acc=93.86 test_acc=94.54
epoch=206/300 lr=0.01000 train_acc=93.75 test_acc=94.16
epoch=207/300 lr=0.01000 train_acc=93.83 test_acc=94.40
epoch=208/300 lr=0.01000 train_acc=93.80 test_acc=93.92
epoch=209/300 lr=0.01000 train_acc=93.83 test_acc=94.09
epoch=210/300 lr=0.01000 train_acc=93.94 test_acc=94.14
epoch=211/300 lr=0.01000 train_acc=93.83 test_acc=94.24
epoch=212/300 lr=0.01000 train_acc=93.88 test_acc=94.49
epoch=213/300 lr=0.01000 train_acc=93.86 test_acc=93.39
epoch=214/300 lr=0.01000 train_acc=93.86 test_acc=94.43
epoch=215/300 lr=0.01000 train_acc=93.80 test_acc=94.38
epoch=216/300 lr=0.01000 train_acc=93.86 test_acc=94.22
epoch=217/300 lr=0.01000 train_acc=93.84 test_acc=94.12
epoch=218/300 lr=0.01000 train_acc=94.05 test_acc=94.16
epoch=219/300 lr=0.01000 train_acc=94.02 test_acc=94.22
epoch=220/300 lr=0.01000 train_acc=94.03 test_acc=93.88
epoch=221/300 lr=0.01000 train_acc=93.93 test_acc=94.41
epoch=222/300 lr=0.01000 train_acc=93.86 test_acc=94.21
epoch=223/300 lr=0.01000 train_acc=94.03 test_acc=94.54
epoch=224/300 lr=0.01000 train_acc=93.83 test_acc=94.13
epoch=225/300 lr=0.01000 train_acc=94.06 test_acc=93.81
epoch=226/300 lr=0.00100 train_acc=95.00 test_acc=95.02
epoch=227/300 lr=0.00100 train_acc=95.34 test_acc=95.09
epoch=228/300 lr=0.00100 train_acc=95.49 test_acc=95.07
epoch=229/300 lr=0.00100 train_acc=95.42 test_acc=95.02
epoch=230/300 lr=0.00100 train_acc=95.59 test_acc=95.11
epoch=231/300 lr=0.00100 train_acc=95.60 test_acc=95.14
epoch=232/300 lr=0.00100 train_acc=95.68 test_acc=95.20
epoch=233/300 lr=0.00100 train_acc=95.69 test_acc=95.14
epoch=234/300 lr=0.00100 train_acc=95.73 test_acc=95.01
epoch=235/300 lr=0.00100 train_acc=95.81 test_acc=95.13
epoch=236/300 lr=0.00100 train_acc=95.78 test_acc=95.08
epoch=237/300 lr=0.00100 train_acc=95.78 test_acc=95.25
epoch=238/300 lr=0.00100 train_acc=95.95 test_acc=95.15
epoch=239/300 lr=0.00100 train_acc=95.91 test_acc=95.10
epoch=240/300 lr=0.00100 train_acc=95.92 test_acc=95.10
epoch=241/300 lr=0.00100 train_acc=95.96 test_acc=95.22
epoch=242/300 lr=0.00100 train_acc=95.98 test_acc=95.19
epoch=243/300 lr=0.00100 train_acc=95.95 test_acc=95.19
epoch=244/300 lr=0.00100 train_acc=95.88 test_acc=95.05
epoch=245/300 lr=0.00100 train_acc=95.95 test_acc=95.14
epoch=246/300 lr=0.00100 train_acc=96.06 test_acc=95.07
epoch=247/300 lr=0.00100 train_acc=96.11 test_acc=95.11
epoch=248/300 lr=0.00100 train_acc=96.07 test_acc=95.21
epoch=249/300 lr=0.00100 train_acc=96.15 test_acc=95.28
epoch=250/300 lr=0.00100 train_acc=96.13 test_acc=95.12
epoch=251/300 lr=0.00100 train_acc=96.16 test_acc=95.16
epoch=252/300 lr=0.00100 train_acc=96.08 test_acc=95.23
epoch=253/300 lr=0.00100 train_acc=96.19 test_acc=95.19
epoch=254/300 lr=0.00100 train_acc=96.17 test_acc=95.23
epoch=255/300 lr=0.00100 train_acc=96.28 test_acc=94.99
epoch=256/300 lr=0.00100 train_acc=96.25 test_acc=95.29
epoch=257/300 lr=0.00100 train_acc=96.27 test_acc=95.20
epoch=258/300 lr=0.00100 train_acc=96.28 test_acc=95.14
epoch=259/300 lr=0.00100 train_acc=96.34 test_acc=95.06
epoch=260/300 lr=0.00100 train_acc=96.34 test_acc=95.24
epoch=261/300 lr=0.00100 train_acc=96.39 test_acc=95.19
epoch=262/300 lr=0.00100 train_acc=96.32 test_acc=95.17
epoch=263/300 lr=0.00100 train_acc=96.34 test_acc=95.11
epoch=264/300 lr=0.00100 train_acc=96.31 test_acc=95.08
epoch=265/300 lr=0.00100 train_acc=96.42 test_acc=95.15
epoch=266/300 lr=0.00100 train_acc=96.31 test_acc=95.32
epoch=267/300 lr=0.00100 train_acc=96.33 test_acc=95.13
epoch=268/300 lr=0.00100 train_acc=96.38 test_acc=95.08
epoch=269/300 lr=0.00100 train_acc=96.33 test_acc=95.25
epoch=270/300 lr=0.00100 train_acc=96.37 test_acc=95.23
epoch=271/300 lr=0.00100 train_acc=96.37 test_acc=94.97
epoch=272/300 lr=0.00100 train_acc=96.38 test_acc=95.04
epoch=273/300 lr=0.00100 train_acc=96.37 test_acc=95.12
epoch=274/300 lr=0.00100 train_acc=96.41 test_acc=95.13
epoch=275/300 lr=0.00100 train_acc=96.48 test_acc=95.15
epoch=276/300 lr=0.00100 train_acc=96.44 test_acc=95.09
epoch=277/300 lr=0.00100 train_acc=96.36 test_acc=95.23
epoch=278/300 lr=0.00100 train_acc=96.34 test_acc=95.12
epoch=279/300 lr=0.00100 train_acc=96.59 test_acc=95.10
epoch=280/300 lr=0.00100 train_acc=96.38 test_acc=95.21
epoch=281/300 lr=0.00100 train_acc=96.51 test_acc=95.13
epoch=282/300 lr=0.00100 train_acc=96.49 test_acc=94.93
epoch=283/300 lr=0.00100 train_acc=96.47 test_acc=95.13
epoch=284/300 lr=0.00100 train_acc=96.63 test_acc=95.23
epoch=285/300 lr=0.00100 train_acc=96.50 test_acc=95.15
epoch=286/300 lr=0.00100 train_acc=96.51 test_acc=95.27
epoch=287/300 lr=0.00100 train_acc=96.60 test_acc=95.29
epoch=288/300 lr=0.00100 train_acc=96.57 test_acc=95.14
epoch=289/300 lr=0.00100 train_acc=96.68 test_acc=95.27
epoch=290/300 lr=0.00100 train_acc=96.70 test_acc=95.27
epoch=291/300 lr=0.00100 train_acc=96.67 test_acc=95.09
epoch=292/300 lr=0.00100 train_acc=96.61 test_acc=95.18
epoch=293/300 lr=0.00100 train_acc=96.53 test_acc=95.21
epoch=294/300 lr=0.00100 train_acc=96.62 test_acc=95.14
epoch=295/300 lr=0.00100 train_acc=96.60 test_acc=95.20
epoch=296/300 lr=0.00100 train_acc=96.60 test_acc=95.15
epoch=297/300 lr=0.00100 train_acc=96.61 test_acc=95.16
epoch=298/300 lr=0.00100 train_acc=96.57 test_acc=95.06
epoch=299/300 lr=0.00100 train_acc=96.71 test_acc=95.11
epoch=300/300 lr=0.00100 train_acc=96.55 test_acc=95.14
{
  "best_accuracy": 95.32,
  "best_error_rate": 4.680000000000007,
  "final_accuracy": 95.14,
  "final_error_rate": 4.859999999999999,
  "elapsed_seconds": 2193.1811394691467,
  "is_paper_result": false,
  "note": "New reproduction result; compare against paper target separately."
}
start experiment=fashionmnist_resnet20_re_paper seed=1003
epoch=1/300 lr=0.10000 train_acc=69.76 test_acc=69.17
epoch=2/300 lr=0.10000 train_acc=81.66 test_acc=87.42
epoch=3/300 lr=0.10000 train_acc=83.83 test_acc=81.30
epoch=4/300 lr=0.10000 train_acc=85.31 test_acc=86.04
epoch=5/300 lr=0.10000 train_acc=85.98 test_acc=85.72
epoch=6/300 lr=0.10000 train_acc=86.11 test_acc=85.75
epoch=7/300 lr=0.10000 train_acc=86.49 test_acc=86.05
epoch=8/300 lr=0.10000 train_acc=86.82 test_acc=88.39
epoch=9/300 lr=0.10000 train_acc=86.98 test_acc=88.01
epoch=10/300 lr=0.10000 train_acc=87.32 test_acc=88.55
epoch=11/300 lr=0.10000 train_acc=87.61 test_acc=83.28
epoch=12/300 lr=0.10000 train_acc=87.58 test_acc=89.30
epoch=13/300 lr=0.10000 train_acc=87.47 test_acc=86.31
epoch=14/300 lr=0.10000 train_acc=87.69 test_acc=84.98
epoch=15/300 lr=0.10000 train_acc=87.74 test_acc=88.96
epoch=16/300 lr=0.10000 train_acc=88.16 test_acc=70.95
epoch=17/300 lr=0.10000 train_acc=87.56 test_acc=85.39
epoch=18/300 lr=0.10000 train_acc=87.80 test_acc=89.59
epoch=19/300 lr=0.10000 train_acc=87.89 test_acc=86.66
epoch=20/300 lr=0.10000 train_acc=88.01 test_acc=82.88
epoch=21/300 lr=0.10000 train_acc=88.25 test_acc=90.26
epoch=22/300 lr=0.10000 train_acc=88.08 test_acc=86.75
epoch=23/300 lr=0.10000 train_acc=88.40 test_acc=87.48
epoch=24/300 lr=0.10000 train_acc=87.98 test_acc=88.90
epoch=25/300 lr=0.10000 train_acc=88.71 test_acc=88.92
epoch=26/300 lr=0.10000 train_acc=88.23 test_acc=89.23
epoch=27/300 lr=0.10000 train_acc=88.22 test_acc=88.97
epoch=28/300 lr=0.10000 train_acc=88.45 test_acc=90.50
epoch=29/300 lr=0.10000 train_acc=88.55 test_acc=91.31
epoch=30/300 lr=0.10000 train_acc=88.58 test_acc=90.96
epoch=31/300 lr=0.10000 train_acc=88.64 test_acc=89.35
epoch=32/300 lr=0.10000 train_acc=88.61 test_acc=76.24
epoch=33/300 lr=0.10000 train_acc=88.57 test_acc=90.46
epoch=34/300 lr=0.10000 train_acc=88.69 test_acc=90.75
epoch=35/300 lr=0.10000 train_acc=88.78 test_acc=89.38
epoch=36/300 lr=0.10000 train_acc=88.76 test_acc=90.53
epoch=37/300 lr=0.10000 train_acc=88.91 test_acc=91.17
epoch=38/300 lr=0.10000 train_acc=88.88 test_acc=89.98
epoch=39/300 lr=0.10000 train_acc=88.79 test_acc=89.84
epoch=40/300 lr=0.10000 train_acc=88.95 test_acc=89.34
epoch=41/300 lr=0.10000 train_acc=88.89 test_acc=91.68
epoch=42/300 lr=0.10000 train_acc=89.03 test_acc=82.49
epoch=43/300 lr=0.10000 train_acc=88.85 test_acc=87.32
epoch=44/300 lr=0.10000 train_acc=88.78 test_acc=88.14
epoch=45/300 lr=0.10000 train_acc=89.06 test_acc=88.35
epoch=46/300 lr=0.10000 train_acc=89.23 test_acc=88.59
epoch=47/300 lr=0.10000 train_acc=89.08 test_acc=82.77
epoch=48/300 lr=0.10000 train_acc=89.12 test_acc=89.61
epoch=49/300 lr=0.10000 train_acc=88.91 test_acc=88.04
epoch=50/300 lr=0.10000 train_acc=89.25 test_acc=87.28
epoch=51/300 lr=0.10000 train_acc=89.02 test_acc=89.29
epoch=52/300 lr=0.10000 train_acc=89.15 test_acc=89.27
epoch=53/300 lr=0.10000 train_acc=89.20 test_acc=88.90
epoch=54/300 lr=0.10000 train_acc=89.09 test_acc=91.89
epoch=55/300 lr=0.10000 train_acc=89.14 test_acc=90.56
epoch=56/300 lr=0.10000 train_acc=89.11 test_acc=89.17
epoch=57/300 lr=0.10000 train_acc=89.21 test_acc=87.67
epoch=58/300 lr=0.10000 train_acc=89.18 test_acc=88.29
epoch=59/300 lr=0.10000 train_acc=89.26 test_acc=91.37
epoch=60/300 lr=0.10000 train_acc=89.37 test_acc=88.06
epoch=61/300 lr=0.10000 train_acc=89.30 test_acc=89.91
epoch=62/300 lr=0.10000 train_acc=89.32 test_acc=89.51
epoch=63/300 lr=0.10000 train_acc=89.23 test_acc=90.85
epoch=64/300 lr=0.10000 train_acc=89.31 test_acc=89.15
epoch=65/300 lr=0.10000 train_acc=89.47 test_acc=91.86
epoch=66/300 lr=0.10000 train_acc=89.09 test_acc=87.56
epoch=67/300 lr=0.10000 train_acc=89.33 test_acc=87.22
epoch=68/300 lr=0.10000 train_acc=89.31 test_acc=90.56
epoch=69/300 lr=0.10000 train_acc=89.47 test_acc=90.68
epoch=70/300 lr=0.10000 train_acc=89.30 test_acc=89.13
epoch=71/300 lr=0.10000 train_acc=89.27 test_acc=90.75
epoch=72/300 lr=0.10000 train_acc=89.30 test_acc=91.53
epoch=73/300 lr=0.10000 train_acc=89.31 test_acc=90.74
epoch=74/300 lr=0.10000 train_acc=89.18 test_acc=89.66
epoch=75/300 lr=0.10000 train_acc=89.14 test_acc=90.48
epoch=76/300 lr=0.10000 train_acc=89.52 test_acc=67.60
epoch=77/300 lr=0.10000 train_acc=89.48 test_acc=90.12
epoch=78/300 lr=0.10000 train_acc=89.57 test_acc=89.20
epoch=79/300 lr=0.10000 train_acc=89.25 test_acc=89.36
epoch=80/300 lr=0.10000 train_acc=89.42 test_acc=90.23
epoch=81/300 lr=0.10000 train_acc=89.32 test_acc=86.79
epoch=82/300 lr=0.10000 train_acc=89.37 test_acc=90.82
epoch=83/300 lr=0.10000 train_acc=89.54 test_acc=91.26
epoch=84/300 lr=0.10000 train_acc=89.44 test_acc=89.65
epoch=85/300 lr=0.10000 train_acc=89.33 test_acc=88.75
epoch=86/300 lr=0.10000 train_acc=89.27 test_acc=91.73
epoch=87/300 lr=0.10000 train_acc=89.56 test_acc=88.00
epoch=88/300 lr=0.10000 train_acc=89.46 test_acc=90.87
epoch=89/300 lr=0.10000 train_acc=89.24 test_acc=91.20
epoch=90/300 lr=0.10000 train_acc=89.39 test_acc=90.52
epoch=91/300 lr=0.10000 train_acc=89.55 test_acc=90.91
epoch=92/300 lr=0.10000 train_acc=89.51 test_acc=86.57
epoch=93/300 lr=0.10000 train_acc=89.65 test_acc=91.71
epoch=94/300 lr=0.10000 train_acc=89.43 test_acc=89.54
epoch=95/300 lr=0.10000 train_acc=89.38 test_acc=90.79
epoch=96/300 lr=0.10000 train_acc=89.59 test_acc=90.95
epoch=97/300 lr=0.10000 train_acc=89.69 test_acc=88.39
epoch=98/300 lr=0.10000 train_acc=89.44 test_acc=90.88
epoch=99/300 lr=0.10000 train_acc=89.58 test_acc=88.56
epoch=100/300 lr=0.10000 train_acc=89.38 test_acc=90.65
epoch=101/300 lr=0.10000 train_acc=89.52 test_acc=90.60
epoch=102/300 lr=0.10000 train_acc=89.10 test_acc=89.32
epoch=103/300 lr=0.10000 train_acc=89.56 test_acc=87.23
epoch=104/300 lr=0.10000 train_acc=89.43 test_acc=90.40
epoch=105/300 lr=0.10000 train_acc=89.52 test_acc=91.54
epoch=106/300 lr=0.10000 train_acc=89.53 test_acc=91.56
epoch=107/300 lr=0.10000 train_acc=89.33 test_acc=91.51
epoch=108/300 lr=0.10000 train_acc=89.54 test_acc=91.24
epoch=109/300 lr=0.10000 train_acc=89.36 test_acc=91.33
epoch=110/300 lr=0.10000 train_acc=89.69 test_acc=91.89
epoch=111/300 lr=0.10000 train_acc=89.44 test_acc=92.52
epoch=112/300 lr=0.10000 train_acc=89.39 test_acc=88.98
epoch=113/300 lr=0.10000 train_acc=89.58 test_acc=91.23
epoch=114/300 lr=0.10000 train_acc=89.61 test_acc=88.95
epoch=115/300 lr=0.10000 train_acc=89.53 test_acc=89.41
epoch=116/300 lr=0.10000 train_acc=89.56 test_acc=84.69
epoch=117/300 lr=0.10000 train_acc=89.32 test_acc=89.87
epoch=118/300 lr=0.10000 train_acc=89.64 test_acc=90.23
epoch=119/300 lr=0.10000 train_acc=89.43 test_acc=85.21
epoch=120/300 lr=0.10000 train_acc=89.71 test_acc=88.83
epoch=121/300 lr=0.10000 train_acc=89.47 test_acc=90.00
epoch=122/300 lr=0.10000 train_acc=89.55 test_acc=91.08
epoch=123/300 lr=0.10000 train_acc=89.52 test_acc=85.07
epoch=124/300 lr=0.10000 train_acc=89.35 test_acc=89.99
epoch=125/300 lr=0.10000 train_acc=89.53 test_acc=90.51
epoch=126/300 lr=0.10000 train_acc=89.40 test_acc=90.15
epoch=127/300 lr=0.10000 train_acc=89.71 test_acc=89.25
epoch=128/300 lr=0.10000 train_acc=89.68 test_acc=87.01
epoch=129/300 lr=0.10000 train_acc=89.48 test_acc=86.93
epoch=130/300 lr=0.10000 train_acc=89.64 test_acc=90.04
epoch=131/300 lr=0.10000 train_acc=89.56 test_acc=91.42
epoch=132/300 lr=0.10000 train_acc=89.68 test_acc=89.97
epoch=133/300 lr=0.10000 train_acc=89.50 test_acc=90.66
epoch=134/300 lr=0.10000 train_acc=89.45 test_acc=89.38
epoch=135/300 lr=0.10000 train_acc=89.63 test_acc=88.82
epoch=136/300 lr=0.10000 train_acc=89.66 test_acc=88.02
epoch=137/300 lr=0.10000 train_acc=89.58 test_acc=90.84
epoch=138/300 lr=0.10000 train_acc=89.41 test_acc=90.87
epoch=139/300 lr=0.10000 train_acc=89.64 test_acc=90.06
epoch=140/300 lr=0.10000 train_acc=89.56 test_acc=90.09
epoch=141/300 lr=0.10000 train_acc=89.50 test_acc=90.46
epoch=142/300 lr=0.10000 train_acc=89.54 test_acc=89.52
epoch=143/300 lr=0.10000 train_acc=89.47 test_acc=90.64
epoch=144/300 lr=0.10000 train_acc=89.42 test_acc=91.86
epoch=145/300 lr=0.10000 train_acc=89.69 test_acc=87.07
epoch=146/300 lr=0.10000 train_acc=89.71 test_acc=90.30
epoch=147/300 lr=0.10000 train_acc=89.69 test_acc=91.00
epoch=148/300 lr=0.10000 train_acc=89.75 test_acc=89.71
epoch=149/300 lr=0.10000 train_acc=89.66 test_acc=89.60
epoch=150/300 lr=0.10000 train_acc=89.70 test_acc=88.89
epoch=151/300 lr=0.01000 train_acc=92.19 test_acc=94.00
epoch=152/300 lr=0.01000 train_acc=92.81 test_acc=93.97
epoch=153/300 lr=0.01000 train_acc=92.99 test_acc=94.03
epoch=154/300 lr=0.01000 train_acc=93.11 test_acc=94.10
epoch=155/300 lr=0.01000 train_acc=93.31 test_acc=94.24
epoch=156/300 lr=0.01000 train_acc=93.42 test_acc=93.96
epoch=157/300 lr=0.01000 train_acc=93.41 test_acc=94.32
epoch=158/300 lr=0.01000 train_acc=93.39 test_acc=94.31
epoch=159/300 lr=0.01000 train_acc=93.50 test_acc=94.38
epoch=160/300 lr=0.01000 train_acc=93.50 test_acc=94.29
epoch=161/300 lr=0.01000 train_acc=93.66 test_acc=94.64
epoch=162/300 lr=0.01000 train_acc=93.72 test_acc=94.56
epoch=163/300 lr=0.01000 train_acc=93.66 test_acc=94.58
epoch=164/300 lr=0.01000 train_acc=93.73 test_acc=94.61
epoch=165/300 lr=0.01000 train_acc=93.58 test_acc=94.26
epoch=166/300 lr=0.01000 train_acc=93.69 test_acc=94.46
epoch=167/300 lr=0.01000 train_acc=93.77 test_acc=93.97
epoch=168/300 lr=0.01000 train_acc=93.70 test_acc=94.23
epoch=169/300 lr=0.01000 train_acc=93.72 test_acc=94.29
epoch=170/300 lr=0.01000 train_acc=93.87 test_acc=94.50
epoch=171/300 lr=0.01000 train_acc=93.73 test_acc=94.29
epoch=172/300 lr=0.01000 train_acc=93.64 test_acc=94.42
epoch=173/300 lr=0.01000 train_acc=93.73 test_acc=94.16
epoch=174/300 lr=0.01000 train_acc=93.87 test_acc=93.97
epoch=175/300 lr=0.01000 train_acc=93.76 test_acc=94.67
epoch=176/300 lr=0.01000 train_acc=93.76 test_acc=94.29
epoch=177/300 lr=0.01000 train_acc=93.82 test_acc=94.25
epoch=178/300 lr=0.01000 train_acc=93.72 test_acc=94.33
epoch=179/300 lr=0.01000 train_acc=93.73 test_acc=93.20
epoch=180/300 lr=0.01000 train_acc=93.78 test_acc=94.37
epoch=181/300 lr=0.01000 train_acc=93.84 test_acc=94.24
epoch=182/300 lr=0.01000 train_acc=93.87 test_acc=94.11
epoch=183/300 lr=0.01000 train_acc=93.89 test_acc=94.31
epoch=184/300 lr=0.01000 train_acc=93.79 test_acc=94.38
epoch=185/300 lr=0.01000 train_acc=93.73 test_acc=94.20
epoch=186/300 lr=0.01000 train_acc=93.68 test_acc=93.44
epoch=187/300 lr=0.01000 train_acc=93.78 test_acc=94.23
epoch=188/300 lr=0.01000 train_acc=93.77 test_acc=94.36
epoch=189/300 lr=0.01000 train_acc=93.94 test_acc=94.36
epoch=190/300 lr=0.01000 train_acc=93.90 test_acc=93.98
epoch=191/300 lr=0.01000 train_acc=93.73 test_acc=93.93
epoch=192/300 lr=0.01000 train_acc=93.73 test_acc=94.37
epoch=193/300 lr=0.01000 train_acc=93.73 test_acc=94.44
epoch=194/300 lr=0.01000 train_acc=93.67 test_acc=93.23
epoch=195/300 lr=0.01000 train_acc=93.69 test_acc=93.95
epoch=196/300 lr=0.01000 train_acc=93.82 test_acc=93.84
epoch=197/300 lr=0.01000 train_acc=93.80 test_acc=94.07
epoch=198/300 lr=0.01000 train_acc=93.82 test_acc=94.08
epoch=199/300 lr=0.01000 train_acc=93.73 test_acc=94.34
epoch=200/300 lr=0.01000 train_acc=93.72 test_acc=94.35
epoch=201/300 lr=0.01000 train_acc=93.89 test_acc=94.09
epoch=202/300 lr=0.01000 train_acc=93.82 test_acc=94.21
epoch=203/300 lr=0.01000 train_acc=93.83 test_acc=94.44
epoch=204/300 lr=0.01000 train_acc=93.83 test_acc=93.51
epoch=205/300 lr=0.01000 train_acc=93.91 test_acc=93.87
epoch=206/300 lr=0.01000 train_acc=93.76 test_acc=94.03
epoch=207/300 lr=0.01000 train_acc=93.99 test_acc=94.32
epoch=208/300 lr=0.01000 train_acc=93.96 test_acc=94.13
epoch=209/300 lr=0.01000 train_acc=94.02 test_acc=94.16
epoch=210/300 lr=0.01000 train_acc=93.77 test_acc=94.17
epoch=211/300 lr=0.01000 train_acc=93.99 test_acc=94.31
epoch=212/300 lr=0.01000 train_acc=93.91 test_acc=94.01
epoch=213/300 lr=0.01000 train_acc=93.94 test_acc=94.36
epoch=214/300 lr=0.01000 train_acc=93.85 test_acc=94.01
epoch=215/300 lr=0.01000 train_acc=93.94 test_acc=94.23
epoch=216/300 lr=0.01000 train_acc=93.97 test_acc=93.91
epoch=217/300 lr=0.01000 train_acc=93.81 test_acc=94.35
epoch=218/300 lr=0.01000 train_acc=94.07 test_acc=93.83
epoch=219/300 lr=0.01000 train_acc=93.91 test_acc=94.32
epoch=220/300 lr=0.01000 train_acc=93.79 test_acc=94.68
epoch=221/300 lr=0.01000 train_acc=93.96 test_acc=94.15
epoch=222/300 lr=0.01000 train_acc=94.06 test_acc=94.44
epoch=223/300 lr=0.01000 train_acc=93.90 test_acc=94.36
epoch=224/300 lr=0.01000 train_acc=94.01 test_acc=94.39
epoch=225/300 lr=0.01000 train_acc=94.04 test_acc=94.51
epoch=226/300 lr=0.00100 train_acc=94.99 test_acc=95.05
epoch=227/300 lr=0.00100 train_acc=95.30 test_acc=94.94
epoch=228/300 lr=0.00100 train_acc=95.48 test_acc=95.18
epoch=229/300 lr=0.00100 train_acc=95.54 test_acc=95.23
epoch=230/300 lr=0.00100 train_acc=95.63 test_acc=95.19
epoch=231/300 lr=0.00100 train_acc=95.71 test_acc=95.25
epoch=232/300 lr=0.00100 train_acc=95.66 test_acc=95.33
epoch=233/300 lr=0.00100 train_acc=95.69 test_acc=95.26
epoch=234/300 lr=0.00100 train_acc=95.65 test_acc=95.28
epoch=235/300 lr=0.00100 train_acc=95.80 test_acc=95.24
epoch=236/300 lr=0.00100 train_acc=95.88 test_acc=95.21
epoch=237/300 lr=0.00100 train_acc=95.82 test_acc=95.31
epoch=238/300 lr=0.00100 train_acc=95.93 test_acc=95.22
epoch=239/300 lr=0.00100 train_acc=96.09 test_acc=95.32
epoch=240/300 lr=0.00100 train_acc=95.94 test_acc=95.26
epoch=241/300 lr=0.00100 train_acc=95.84 test_acc=95.27
epoch=242/300 lr=0.00100 train_acc=96.11 test_acc=95.41
epoch=243/300 lr=0.00100 train_acc=96.11 test_acc=95.21
epoch=244/300 lr=0.00100 train_acc=96.06 test_acc=95.35
epoch=245/300 lr=0.00100 train_acc=96.04 test_acc=95.28
epoch=246/300 lr=0.00100 train_acc=96.03 test_acc=95.27
epoch=247/300 lr=0.00100 train_acc=96.11 test_acc=95.44
epoch=248/300 lr=0.00100 train_acc=96.12 test_acc=95.44
epoch=249/300 lr=0.00100 train_acc=96.12 test_acc=95.33
epoch=250/300 lr=0.00100 train_acc=96.23 test_acc=95.26
epoch=251/300 lr=0.00100 train_acc=96.16 test_acc=95.30
epoch=252/300 lr=0.00100 train_acc=96.24 test_acc=95.33
epoch=253/300 lr=0.00100 train_acc=96.22 test_acc=95.35
epoch=254/300 lr=0.00100 train_acc=96.22 test_acc=95.35
epoch=255/300 lr=0.00100 train_acc=96.25 test_acc=95.28
epoch=256/300 lr=0.00100 train_acc=96.28 test_acc=95.18
epoch=257/300 lr=0.00100 train_acc=96.47 test_acc=95.42
epoch=258/300 lr=0.00100 train_acc=96.25 test_acc=95.31
epoch=259/300 lr=0.00100 train_acc=96.41 test_acc=95.19
epoch=260/300 lr=0.00100 train_acc=96.37 test_acc=95.38
epoch=261/300 lr=0.00100 train_acc=96.45 test_acc=95.23
epoch=262/300 lr=0.00100 train_acc=96.35 test_acc=95.32
epoch=263/300 lr=0.00100 train_acc=96.41 test_acc=95.22
epoch=264/300 lr=0.00100 train_acc=96.30 test_acc=95.48
epoch=265/300 lr=0.00100 train_acc=96.46 test_acc=95.41
epoch=266/300 lr=0.00100 train_acc=96.48 test_acc=95.38
epoch=267/300 lr=0.00100 train_acc=96.42 test_acc=95.12
epoch=268/300 lr=0.00100 train_acc=96.48 test_acc=95.15
epoch=269/300 lr=0.00100 train_acc=96.43 test_acc=95.20
epoch=270/300 lr=0.00100 train_acc=96.41 test_acc=95.23
epoch=271/300 lr=0.00100 train_acc=96.44 test_acc=95.26
epoch=272/300 lr=0.00100 train_acc=96.36 test_acc=95.14
epoch=273/300 lr=0.00100 train_acc=96.52 test_acc=95.34
epoch=274/300 lr=0.00100 train_acc=96.49 test_acc=95.15
epoch=275/300 lr=0.00100 train_acc=96.53 test_acc=95.09
epoch=276/300 lr=0.00100 train_acc=96.55 test_acc=95.26
epoch=277/300 lr=0.00100 train_acc=96.39 test_acc=95.24
epoch=278/300 lr=0.00100 train_acc=96.52 test_acc=95.04
epoch=279/300 lr=0.00100 train_acc=96.50 test_acc=95.17
epoch=280/300 lr=0.00100 train_acc=96.41 test_acc=95.38
epoch=281/300 lr=0.00100 train_acc=96.61 test_acc=95.28
epoch=282/300 lr=0.00100 train_acc=96.62 test_acc=95.29
epoch=283/300 lr=0.00100 train_acc=96.59 test_acc=95.37
epoch=284/300 lr=0.00100 train_acc=96.50 test_acc=95.50
epoch=285/300 lr=0.00100 train_acc=96.49 test_acc=95.37
epoch=286/300 lr=0.00100 train_acc=96.66 test_acc=95.12
epoch=287/300 lr=0.00100 train_acc=96.65 test_acc=95.20
epoch=288/300 lr=0.00100 train_acc=96.60 test_acc=95.40
epoch=289/300 lr=0.00100 train_acc=96.54 test_acc=95.10
epoch=290/300 lr=0.00100 train_acc=96.75 test_acc=95.18
epoch=291/300 lr=0.00100 train_acc=96.62 test_acc=95.31
epoch=292/300 lr=0.00100 train_acc=96.64 test_acc=95.18
epoch=293/300 lr=0.00100 train_acc=96.70 test_acc=95.34
epoch=294/300 lr=0.00100 train_acc=96.66 test_acc=95.30
epoch=295/300 lr=0.00100 train_acc=96.66 test_acc=95.41
epoch=296/300 lr=0.00100 train_acc=96.57 test_acc=95.34
epoch=297/300 lr=0.00100 train_acc=96.62 test_acc=95.16
epoch=298/300 lr=0.00100 train_acc=96.66 test_acc=95.07
epoch=299/300 lr=0.00100 train_acc=96.59 test_acc=95.27
epoch=300/300 lr=0.00100 train_acc=96.68 test_acc=95.35
{
  "best_accuracy": 95.5,
  "best_error_rate": 4.5,
  "final_accuracy": 95.35,
  "final_error_rate": 4.650000000000006,
  "elapsed_seconds": 2185.8968942165375,
  "is_paper_result": false,
  "note": "New reproduction result; compare against paper target separately."
}
start experiment=fashionmnist_resnet20_re_paper seed=1004
epoch=1/300 lr=0.10000 train_acc=69.71 test_acc=77.37
epoch=2/300 lr=0.10000 train_acc=82.20 test_acc=78.11
epoch=3/300 lr=0.10000 train_acc=84.69 test_acc=88.40
epoch=4/300 lr=0.10000 train_acc=85.83 test_acc=84.24
epoch=5/300 lr=0.10000 train_acc=86.11 test_acc=87.29
epoch=6/300 lr=0.10000 train_acc=86.68 test_acc=86.61
epoch=7/300 lr=0.10000 train_acc=86.81 test_acc=86.80
epoch=8/300 lr=0.10000 train_acc=87.02 test_acc=86.44
epoch=9/300 lr=0.10000 train_acc=87.26 test_acc=89.24
epoch=10/300 lr=0.10000 train_acc=87.23 test_acc=89.25
epoch=11/300 lr=0.10000 train_acc=87.52 test_acc=86.97
epoch=12/300 lr=0.10000 train_acc=87.47 test_acc=88.51
epoch=13/300 lr=0.10000 train_acc=87.74 test_acc=86.22
epoch=14/300 lr=0.10000 train_acc=87.86 test_acc=86.35
epoch=15/300 lr=0.10000 train_acc=87.83 test_acc=88.43
epoch=16/300 lr=0.10000 train_acc=87.85 test_acc=89.26
epoch=17/300 lr=0.10000 train_acc=88.09 test_acc=87.18
epoch=18/300 lr=0.10000 train_acc=88.19 test_acc=88.52
epoch=19/300 lr=0.10000 train_acc=88.16 test_acc=90.96
epoch=20/300 lr=0.10000 train_acc=88.24 test_acc=87.89
epoch=21/300 lr=0.10000 train_acc=88.53 test_acc=88.07
epoch=22/300 lr=0.10000 train_acc=88.27 test_acc=88.35
epoch=23/300 lr=0.10000 train_acc=88.25 test_acc=91.15
epoch=24/300 lr=0.10000 train_acc=88.58 test_acc=90.05
epoch=25/300 lr=0.10000 train_acc=88.42 test_acc=90.50
epoch=26/300 lr=0.10000 train_acc=88.33 test_acc=86.71
epoch=27/300 lr=0.10000 train_acc=88.65 test_acc=90.29
epoch=28/300 lr=0.10000 train_acc=88.58 test_acc=90.49
epoch=29/300 lr=0.10000 train_acc=88.79 test_acc=72.57
epoch=30/300 lr=0.10000 train_acc=88.72 test_acc=86.45
epoch=31/300 lr=0.10000 train_acc=88.66 test_acc=86.58
epoch=32/300 lr=0.10000 train_acc=88.86 test_acc=89.38
epoch=33/300 lr=0.10000 train_acc=88.80 test_acc=90.13
epoch=34/300 lr=0.10000 train_acc=88.75 test_acc=89.82
epoch=35/300 lr=0.10000 train_acc=88.71 test_acc=86.33
epoch=36/300 lr=0.10000 train_acc=89.02 test_acc=89.63
epoch=37/300 lr=0.10000 train_acc=89.04 test_acc=89.79
epoch=38/300 lr=0.10000 train_acc=88.81 test_acc=86.32
epoch=39/300 lr=0.10000 train_acc=88.97 test_acc=90.92
epoch=40/300 lr=0.10000 train_acc=88.98 test_acc=87.78
epoch=41/300 lr=0.10000 train_acc=89.00 test_acc=87.99
epoch=42/300 lr=0.10000 train_acc=89.14 test_acc=89.56
epoch=43/300 lr=0.10000 train_acc=88.94 test_acc=89.19
epoch=44/300 lr=0.10000 train_acc=89.11 test_acc=91.62
epoch=45/300 lr=0.10000 train_acc=89.02 test_acc=88.45
epoch=46/300 lr=0.10000 train_acc=89.19 test_acc=90.83
epoch=47/300 lr=0.10000 train_acc=89.05 test_acc=82.74
epoch=48/300 lr=0.10000 train_acc=89.26 test_acc=88.87
epoch=49/300 lr=0.10000 train_acc=89.02 test_acc=89.22
epoch=50/300 lr=0.10000 train_acc=89.04 test_acc=86.44
epoch=51/300 lr=0.10000 train_acc=89.07 test_acc=91.00
epoch=52/300 lr=0.10000 train_acc=89.26 test_acc=90.65
epoch=53/300 lr=0.10000 train_acc=89.08 test_acc=87.55
epoch=54/300 lr=0.10000 train_acc=89.18 test_acc=88.31
epoch=55/300 lr=0.10000 train_acc=89.14 test_acc=89.47
epoch=56/300 lr=0.10000 train_acc=89.16 test_acc=90.62
epoch=57/300 lr=0.10000 train_acc=89.12 test_acc=88.82
epoch=58/300 lr=0.10000 train_acc=89.19 test_acc=90.22
epoch=59/300 lr=0.10000 train_acc=89.19 test_acc=88.34
epoch=60/300 lr=0.10000 train_acc=89.08 test_acc=90.63
epoch=61/300 lr=0.10000 train_acc=89.12 test_acc=89.13
epoch=62/300 lr=0.10000 train_acc=89.26 test_acc=89.75
epoch=63/300 lr=0.10000 train_acc=89.34 test_acc=89.55
epoch=64/300 lr=0.10000 train_acc=89.21 test_acc=89.60
epoch=65/300 lr=0.10000 train_acc=89.04 test_acc=90.14
epoch=66/300 lr=0.10000 train_acc=89.15 test_acc=89.05
epoch=67/300 lr=0.10000 train_acc=89.13 test_acc=86.91
epoch=68/300 lr=0.10000 train_acc=89.31 test_acc=88.75
epoch=69/300 lr=0.10000 train_acc=89.05 test_acc=90.12
epoch=70/300 lr=0.10000 train_acc=89.29 test_acc=91.52
epoch=71/300 lr=0.10000 train_acc=89.23 test_acc=86.74
epoch=72/300 lr=0.10000 train_acc=89.14 test_acc=87.10
epoch=73/300 lr=0.10000 train_acc=89.36 test_acc=90.77
epoch=74/300 lr=0.10000 train_acc=89.12 test_acc=89.40
epoch=75/300 lr=0.10000 train_acc=89.36 test_acc=90.29
epoch=76/300 lr=0.10000 train_acc=89.33 test_acc=91.45
epoch=77/300 lr=0.10000 train_acc=89.31 test_acc=88.60
epoch=78/300 lr=0.10000 train_acc=89.45 test_acc=89.18
epoch=79/300 lr=0.10000 train_acc=89.05 test_acc=90.99
epoch=80/300 lr=0.10000 train_acc=89.25 test_acc=90.44
epoch=81/300 lr=0.10000 train_acc=89.47 test_acc=90.45
epoch=82/300 lr=0.10000 train_acc=89.23 test_acc=86.02
epoch=83/300 lr=0.10000 train_acc=89.28 test_acc=89.56
epoch=84/300 lr=0.10000 train_acc=89.47 test_acc=87.82
epoch=85/300 lr=0.10000 train_acc=89.25 test_acc=88.27
epoch=86/300 lr=0.10000 train_acc=89.32 test_acc=90.91
epoch=87/300 lr=0.10000 train_acc=89.06 test_acc=90.51
epoch=88/300 lr=0.10000 train_acc=89.37 test_acc=89.99
epoch=89/300 lr=0.10000 train_acc=89.30 test_acc=91.60
epoch=90/300 lr=0.10000 train_acc=89.44 test_acc=91.21
epoch=91/300 lr=0.10000 train_acc=89.30 test_acc=90.47
epoch=92/300 lr=0.10000 train_acc=89.44 test_acc=87.92
epoch=93/300 lr=0.10000 train_acc=89.31 test_acc=89.06
epoch=94/300 lr=0.10000 train_acc=89.43 test_acc=89.49
epoch=95/300 lr=0.10000 train_acc=89.42 test_acc=86.48
epoch=96/300 lr=0.10000 train_acc=89.44 test_acc=88.40
epoch=97/300 lr=0.10000 train_acc=89.55 test_acc=89.93
epoch=98/300 lr=0.10000 train_acc=89.19 test_acc=91.08
epoch=99/300 lr=0.10000 train_acc=89.30 test_acc=91.79
epoch=100/300 lr=0.10000 train_acc=89.44 test_acc=87.25
epoch=101/300 lr=0.10000 train_acc=89.30 test_acc=89.77
epoch=102/300 lr=0.10000 train_acc=89.45 test_acc=87.68
epoch=103/300 lr=0.10000 train_acc=89.17 test_acc=89.48
epoch=104/300 lr=0.10000 train_acc=89.53 test_acc=89.81
epoch=105/300 lr=0.10000 train_acc=89.45 test_acc=90.32
epoch=106/300 lr=0.10000 train_acc=89.31 test_acc=90.99
epoch=107/300 lr=0.10000 train_acc=89.32 test_acc=90.02
epoch=108/300 lr=0.10000 train_acc=89.44 test_acc=89.49
epoch=109/300 lr=0.10000 train_acc=89.42 test_acc=91.19
epoch=110/300 lr=0.10000 train_acc=89.66 test_acc=89.42
epoch=111/300 lr=0.10000 train_acc=89.50 test_acc=88.07
epoch=112/300 lr=0.10000 train_acc=89.39 test_acc=90.05
epoch=113/300 lr=0.10000 train_acc=89.34 test_acc=89.35
epoch=114/300 lr=0.10000 train_acc=89.45 test_acc=71.97
epoch=115/300 lr=0.10000 train_acc=89.55 test_acc=92.00
epoch=116/300 lr=0.10000 train_acc=89.43 test_acc=90.62
epoch=117/300 lr=0.10000 train_acc=89.40 test_acc=91.79
epoch=118/300 lr=0.10000 train_acc=89.51 test_acc=88.36
epoch=119/300 lr=0.10000 train_acc=89.44 test_acc=90.21
epoch=120/300 lr=0.10000 train_acc=89.44 test_acc=90.93
epoch=121/300 lr=0.10000 train_acc=89.44 test_acc=89.38
epoch=122/300 lr=0.10000 train_acc=89.29 test_acc=89.04
epoch=123/300 lr=0.10000 train_acc=89.47 test_acc=91.61
epoch=124/300 lr=0.10000 train_acc=89.26 test_acc=89.21
epoch=125/300 lr=0.10000 train_acc=89.51 test_acc=89.10
epoch=126/300 lr=0.10000 train_acc=89.44 test_acc=89.98
epoch=127/300 lr=0.10000 train_acc=89.57 test_acc=88.71
epoch=128/300 lr=0.10000 train_acc=89.37 test_acc=91.34
epoch=129/300 lr=0.10000 train_acc=89.49 test_acc=89.70
epoch=130/300 lr=0.10000 train_acc=89.49 test_acc=90.35
epoch=131/300 lr=0.10000 train_acc=89.37 test_acc=89.38
epoch=132/300 lr=0.10000 train_acc=89.53 test_acc=91.23
epoch=133/300 lr=0.10000 train_acc=89.32 test_acc=91.64
epoch=134/300 lr=0.10000 train_acc=89.46 test_acc=90.48
epoch=135/300 lr=0.10000 train_acc=89.30 test_acc=65.12
epoch=136/300 lr=0.10000 train_acc=89.43 test_acc=91.02
epoch=137/300 lr=0.10000 train_acc=89.44 test_acc=89.16
epoch=138/300 lr=0.10000 train_acc=89.51 test_acc=89.29
epoch=139/300 lr=0.10000 train_acc=89.43 test_acc=84.05
epoch=140/300 lr=0.10000 train_acc=89.40 test_acc=90.02
epoch=141/300 lr=0.10000 train_acc=89.47 test_acc=88.20
epoch=142/300 lr=0.10000 train_acc=89.51 test_acc=92.00
epoch=143/300 lr=0.10000 train_acc=89.41 test_acc=61.05
epoch=144/300 lr=0.10000 train_acc=89.55 test_acc=90.76
epoch=145/300 lr=0.10000 train_acc=89.47 test_acc=92.03
epoch=146/300 lr=0.10000 train_acc=89.49 test_acc=86.86
epoch=147/300 lr=0.10000 train_acc=89.28 test_acc=84.04
epoch=148/300 lr=0.10000 train_acc=89.60 test_acc=90.40
epoch=149/300 lr=0.10000 train_acc=89.47 test_acc=91.18
epoch=150/300 lr=0.10000 train_acc=89.52 test_acc=90.48
epoch=151/300 lr=0.01000 train_acc=91.92 test_acc=93.71
epoch=152/300 lr=0.01000 train_acc=92.67 test_acc=93.53
epoch=153/300 lr=0.01000 train_acc=92.79 test_acc=93.99
epoch=154/300 lr=0.01000 train_acc=93.03 test_acc=94.04
epoch=155/300 lr=0.01000 train_acc=93.17 test_acc=94.29
epoch=156/300 lr=0.01000 train_acc=93.39 test_acc=94.31
epoch=157/300 lr=0.01000 train_acc=93.39 test_acc=93.75
epoch=158/300 lr=0.01000 train_acc=93.41 test_acc=94.23
epoch=159/300 lr=0.01000 train_acc=93.53 test_acc=94.23
epoch=160/300 lr=0.01000 train_acc=93.61 test_acc=94.23
epoch=161/300 lr=0.01000 train_acc=93.53 test_acc=94.25
epoch=162/300 lr=0.01000 train_acc=93.63 test_acc=94.29
epoch=163/300 lr=0.01000 train_acc=93.53 test_acc=94.23
epoch=164/300 lr=0.01000 train_acc=93.60 test_acc=93.81
epoch=165/300 lr=0.01000 train_acc=93.67 test_acc=94.35
epoch=166/300 lr=0.01000 train_acc=93.75 test_acc=94.20
epoch=167/300 lr=0.01000 train_acc=93.64 test_acc=94.62
epoch=168/300 lr=0.01000 train_acc=93.62 test_acc=94.29
epoch=169/300 lr=0.01000 train_acc=93.60 test_acc=93.99
epoch=170/300 lr=0.01000 train_acc=93.58 test_acc=93.79
epoch=171/300 lr=0.01000 train_acc=93.68 test_acc=94.07
epoch=172/300 lr=0.01000 train_acc=93.67 test_acc=94.64
epoch=173/300 lr=0.01000 train_acc=93.71 test_acc=94.20
epoch=174/300 lr=0.01000 train_acc=93.67 test_acc=93.93
epoch=175/300 lr=0.01000 train_acc=93.81 test_acc=94.19
epoch=176/300 lr=0.01000 train_acc=93.80 test_acc=94.49
epoch=177/300 lr=0.01000 train_acc=93.61 test_acc=94.34
epoch=178/300 lr=0.01000 train_acc=93.73 test_acc=94.35
epoch=179/300 lr=0.01000 train_acc=93.61 test_acc=94.13
epoch=180/300 lr=0.01000 train_acc=93.69 test_acc=93.78
epoch=181/300 lr=0.01000 train_acc=93.68 test_acc=93.94
epoch=182/300 lr=0.01000 train_acc=93.70 test_acc=93.60
epoch=183/300 lr=0.01000 train_acc=93.60 test_acc=94.09
epoch=184/300 lr=0.01000 train_acc=93.88 test_acc=94.29
epoch=185/300 lr=0.01000 train_acc=93.65 test_acc=93.17
epoch=186/300 lr=0.01000 train_acc=93.63 test_acc=94.26
epoch=187/300 lr=0.01000 train_acc=93.82 test_acc=93.69
epoch=188/300 lr=0.01000 train_acc=93.64 test_acc=93.67
epoch=189/300 lr=0.01000 train_acc=93.85 test_acc=93.99
epoch=190/300 lr=0.01000 train_acc=93.53 test_acc=94.11
epoch=191/300 lr=0.01000 train_acc=93.72 test_acc=94.09
epoch=192/300 lr=0.01000 train_acc=93.70 test_acc=94.21
epoch=193/300 lr=0.01000 train_acc=93.79 test_acc=94.14
epoch=194/300 lr=0.01000 train_acc=93.83 test_acc=94.10
epoch=195/300 lr=0.01000 train_acc=93.84 test_acc=94.12
epoch=196/300 lr=0.01000 train_acc=93.78 test_acc=94.04
epoch=197/300 lr=0.01000 train_acc=93.72 test_acc=93.84
epoch=198/300 lr=0.01000 train_acc=93.75 test_acc=94.29
epoch=199/300 lr=0.01000 train_acc=93.74 test_acc=94.46
epoch=200/300 lr=0.01000 train_acc=93.82 test_acc=93.76
epoch=201/300 lr=0.01000 train_acc=93.72 test_acc=94.35
epoch=202/300 lr=0.01000 train_acc=93.87 test_acc=94.02
epoch=203/300 lr=0.01000 train_acc=93.82 test_acc=93.77
epoch=204/300 lr=0.01000 train_acc=93.77 test_acc=94.49
epoch=205/300 lr=0.01000 train_acc=93.81 test_acc=94.15
epoch=206/300 lr=0.01000 train_acc=93.67 test_acc=94.29
epoch=207/300 lr=0.01000 train_acc=93.75 test_acc=94.59
epoch=208/300 lr=0.01000 train_acc=93.81 test_acc=93.54
epoch=209/300 lr=0.01000 train_acc=93.90 test_acc=93.51
epoch=210/300 lr=0.01000 train_acc=93.86 test_acc=94.17
epoch=211/300 lr=0.01000 train_acc=93.81 test_acc=93.55
epoch=212/300 lr=0.01000 train_acc=93.91 test_acc=93.82
epoch=213/300 lr=0.01000 train_acc=93.84 test_acc=94.19
epoch=214/300 lr=0.01000 train_acc=93.71 test_acc=94.35
epoch=215/300 lr=0.01000 train_acc=93.83 test_acc=94.36
epoch=216/300 lr=0.01000 train_acc=93.75 test_acc=94.01
epoch=217/300 lr=0.01000 train_acc=93.90 test_acc=94.38
epoch=218/300 lr=0.01000 train_acc=94.00 test_acc=94.22
epoch=219/300 lr=0.01000 train_acc=93.94 test_acc=93.99
epoch=220/300 lr=0.01000 train_acc=93.85 test_acc=94.03
epoch=221/300 lr=0.01000 train_acc=93.91 test_acc=94.26
epoch=222/300 lr=0.01000 train_acc=94.03 test_acc=94.24
epoch=223/300 lr=0.01000 train_acc=93.88 test_acc=94.12
epoch=224/300 lr=0.01000 train_acc=93.89 test_acc=94.21
epoch=225/300 lr=0.01000 train_acc=94.00 test_acc=94.22
epoch=226/300 lr=0.00100 train_acc=94.91 test_acc=95.10
epoch=227/300 lr=0.00100 train_acc=95.32 test_acc=95.24
epoch=228/300 lr=0.00100 train_acc=95.44 test_acc=95.30
epoch=229/300 lr=0.00100 train_acc=95.50 test_acc=95.31
epoch=230/300 lr=0.00100 train_acc=95.55 test_acc=95.28
epoch=231/300 lr=0.00100 train_acc=95.58 test_acc=95.28
epoch=232/300 lr=0.00100 train_acc=95.70 test_acc=95.39
epoch=233/300 lr=0.00100 train_acc=95.75 test_acc=95.38
epoch=234/300 lr=0.00100 train_acc=95.83 test_acc=95.28
epoch=235/300 lr=0.00100 train_acc=95.79 test_acc=95.20
epoch=236/300 lr=0.00100 train_acc=95.86 test_acc=95.29
epoch=237/300 lr=0.00100 train_acc=95.81 test_acc=95.12
epoch=238/300 lr=0.00100 train_acc=95.97 test_acc=95.24
epoch=239/300 lr=0.00100 train_acc=95.84 test_acc=95.33
epoch=240/300 lr=0.00100 train_acc=95.93 test_acc=95.17
epoch=241/300 lr=0.00100 train_acc=95.99 test_acc=95.23
epoch=242/300 lr=0.00100 train_acc=96.02 test_acc=95.31
epoch=243/300 lr=0.00100 train_acc=96.02 test_acc=95.40
epoch=244/300 lr=0.00100 train_acc=96.03 test_acc=95.10
epoch=245/300 lr=0.00100 train_acc=96.05 test_acc=95.07
epoch=246/300 lr=0.00100 train_acc=96.08 test_acc=95.23
epoch=247/300 lr=0.00100 train_acc=96.09 test_acc=95.15
epoch=248/300 lr=0.00100 train_acc=96.15 test_acc=95.18
epoch=249/300 lr=0.00100 train_acc=96.09 test_acc=95.19
epoch=250/300 lr=0.00100 train_acc=96.13 test_acc=95.23
epoch=251/300 lr=0.00100 train_acc=96.16 test_acc=95.23
epoch=252/300 lr=0.00100 train_acc=96.23 test_acc=95.27
epoch=253/300 lr=0.00100 train_acc=96.22 test_acc=95.22
epoch=254/300 lr=0.00100 train_acc=96.12 test_acc=95.14
epoch=255/300 lr=0.00100 train_acc=96.36 test_acc=95.19
epoch=256/300 lr=0.00100 train_acc=96.24 test_acc=95.10
epoch=257/300 lr=0.00100 train_acc=96.27 test_acc=95.14
epoch=258/300 lr=0.00100 train_acc=96.30 test_acc=95.31
epoch=259/300 lr=0.00100 train_acc=96.38 test_acc=95.16
epoch=260/300 lr=0.00100 train_acc=96.33 test_acc=95.25
epoch=261/300 lr=0.00100 train_acc=96.27 test_acc=95.22
epoch=262/300 lr=0.00100 train_acc=96.28 test_acc=95.16
epoch=263/300 lr=0.00100 train_acc=96.36 test_acc=95.23
epoch=264/300 lr=0.00100 train_acc=96.27 test_acc=95.12
epoch=265/300 lr=0.00100 train_acc=96.42 test_acc=95.14
epoch=266/300 lr=0.00100 train_acc=96.39 test_acc=95.20
epoch=267/300 lr=0.00100 train_acc=96.41 test_acc=95.13
epoch=268/300 lr=0.00100 train_acc=96.40 test_acc=95.00
epoch=269/300 lr=0.00100 train_acc=96.38 test_acc=95.25
epoch=270/300 lr=0.00100 train_acc=96.48 test_acc=95.32
epoch=271/300 lr=0.00100 train_acc=96.60 test_acc=95.22
epoch=272/300 lr=0.00100 train_acc=96.42 test_acc=95.26
epoch=273/300 lr=0.00100 train_acc=96.33 test_acc=95.17
epoch=274/300 lr=0.00100 train_acc=96.40 test_acc=95.31
epoch=275/300 lr=0.00100 train_acc=96.36 test_acc=95.27
epoch=276/300 lr=0.00100 train_acc=96.41 test_acc=95.27
epoch=277/300 lr=0.00100 train_acc=96.44 test_acc=95.42
epoch=278/300 lr=0.00100 train_acc=96.49 test_acc=95.28
epoch=279/300 lr=0.00100 train_acc=96.44 test_acc=95.24
epoch=280/300 lr=0.00100 train_acc=96.54 test_acc=95.28
epoch=281/300 lr=0.00100 train_acc=96.56 test_acc=95.32
epoch=282/300 lr=0.00100 train_acc=96.48 test_acc=95.18
epoch=283/300 lr=0.00100 train_acc=96.44 test_acc=95.27
epoch=284/300 lr=0.00100 train_acc=96.44 test_acc=95.06
epoch=285/300 lr=0.00100 train_acc=96.49 test_acc=95.11
epoch=286/300 lr=0.00100 train_acc=96.48 test_acc=95.15
epoch=287/300 lr=0.00100 train_acc=96.56 test_acc=95.08
epoch=288/300 lr=0.00100 train_acc=96.55 test_acc=95.02
epoch=289/300 lr=0.00100 train_acc=96.53 test_acc=95.06
epoch=290/300 lr=0.00100 train_acc=96.61 test_acc=94.87
epoch=291/300 lr=0.00100 train_acc=96.49 test_acc=95.05
epoch=292/300 lr=0.00100 train_acc=96.45 test_acc=95.31
epoch=293/300 lr=0.00100 train_acc=96.65 test_acc=95.16
epoch=294/300 lr=0.00100 train_acc=96.73 test_acc=95.11
epoch=295/300 lr=0.00100 train_acc=96.60 test_acc=95.28
epoch=296/300 lr=0.00100 train_acc=96.58 test_acc=94.78
epoch=297/300 lr=0.00100 train_acc=96.66 test_acc=95.02
epoch=298/300 lr=0.00100 train_acc=96.71 test_acc=94.99
epoch=299/300 lr=0.00100 train_acc=96.68 test_acc=95.07
epoch=300/300 lr=0.00100 train_acc=96.61 test_acc=95.17
{
  "best_accuracy": 95.42,
  "best_error_rate": 4.579999999999998,
  "final_accuracy": 95.17,
  "final_error_rate": 4.829999999999998,
  "elapsed_seconds": 2177.9837272167206,
  "is_paper_result": false,
  "note": "New reproduction result; compare against paper target separately."
}
start experiment=fashionmnist_resnet20_re_paper seed=1005
epoch=1/300 lr=0.10000 train_acc=68.40 test_acc=79.18
epoch=2/300 lr=0.10000 train_acc=81.33 test_acc=83.73
epoch=3/300 lr=0.10000 train_acc=84.11 test_acc=69.95
epoch=4/300 lr=0.10000 train_acc=85.18 test_acc=84.59
epoch=5/300 lr=0.10000 train_acc=86.06 test_acc=83.33
epoch=6/300 lr=0.10000 train_acc=86.58 test_acc=59.75
epoch=7/300 lr=0.10000 train_acc=86.62 test_acc=87.07
epoch=8/300 lr=0.10000 train_acc=86.97 test_acc=87.75
epoch=9/300 lr=0.10000 train_acc=86.77 test_acc=88.25
epoch=10/300 lr=0.10000 train_acc=87.14 test_acc=89.48
epoch=11/300 lr=0.10000 train_acc=87.37 test_acc=89.07
epoch=12/300 lr=0.10000 train_acc=87.65 test_acc=86.40
epoch=13/300 lr=0.10000 train_acc=87.72 test_acc=82.77
epoch=14/300 lr=0.10000 train_acc=87.72 test_acc=87.29
epoch=15/300 lr=0.10000 train_acc=87.89 test_acc=90.22
epoch=16/300 lr=0.10000 train_acc=88.09 test_acc=85.54
epoch=17/300 lr=0.10000 train_acc=87.89 test_acc=80.72
epoch=18/300 lr=0.10000 train_acc=88.12 test_acc=83.88
epoch=19/300 lr=0.10000 train_acc=88.02 test_acc=87.46
epoch=20/300 lr=0.10000 train_acc=88.40 test_acc=86.67
epoch=21/300 lr=0.10000 train_acc=88.07 test_acc=86.72
epoch=22/300 lr=0.10000 train_acc=88.30 test_acc=88.08
epoch=23/300 lr=0.10000 train_acc=88.32 test_acc=90.36
epoch=24/300 lr=0.10000 train_acc=88.39 test_acc=81.44
epoch=25/300 lr=0.10000 train_acc=88.43 test_acc=87.82
epoch=26/300 lr=0.10000 train_acc=88.27 test_acc=89.75
epoch=27/300 lr=0.10000 train_acc=88.31 test_acc=86.50
epoch=28/300 lr=0.10000 train_acc=88.63 test_acc=89.74
epoch=29/300 lr=0.10000 train_acc=88.61 test_acc=78.93
epoch=30/300 lr=0.10000 train_acc=88.61 test_acc=88.98
epoch=31/300 lr=0.10000 train_acc=88.60 test_acc=89.10
epoch=32/300 lr=0.10000 train_acc=88.72 test_acc=90.64
epoch=33/300 lr=0.10000 train_acc=88.67 test_acc=87.57
epoch=34/300 lr=0.10000 train_acc=88.64 test_acc=90.60
epoch=35/300 lr=0.10000 train_acc=88.89 test_acc=90.63
epoch=36/300 lr=0.10000 train_acc=88.78 test_acc=88.64
epoch=37/300 lr=0.10000 train_acc=88.62 test_acc=85.70
epoch=38/300 lr=0.10000 train_acc=88.98 test_acc=89.80
epoch=39/300 lr=0.10000 train_acc=88.90 test_acc=88.30
epoch=40/300 lr=0.10000 train_acc=88.80 test_acc=91.81
epoch=41/300 lr=0.10000 train_acc=88.84 test_acc=88.95
epoch=42/300 lr=0.10000 train_acc=88.75 test_acc=88.46
epoch=43/300 lr=0.10000 train_acc=88.91 test_acc=90.01
epoch=44/300 lr=0.10000 train_acc=89.02 test_acc=85.24
epoch=45/300 lr=0.10000 train_acc=88.80 test_acc=90.43
epoch=46/300 lr=0.10000 train_acc=89.02 test_acc=90.05
epoch=47/300 lr=0.10000 train_acc=89.23 test_acc=90.33
epoch=48/300 lr=0.10000 train_acc=89.14 test_acc=89.44
epoch=49/300 lr=0.10000 train_acc=89.09 test_acc=89.45
epoch=50/300 lr=0.10000 train_acc=88.94 test_acc=90.03
epoch=51/300 lr=0.10000 train_acc=89.12 test_acc=90.34
epoch=52/300 lr=0.10000 train_acc=88.83 test_acc=88.05
epoch=53/300 lr=0.10000 train_acc=89.23 test_acc=89.71
epoch=54/300 lr=0.10000 train_acc=88.94 test_acc=90.38
epoch=55/300 lr=0.10000 train_acc=89.33 test_acc=87.98
epoch=56/300 lr=0.10000 train_acc=89.11 test_acc=88.51
epoch=57/300 lr=0.10000 train_acc=89.08 test_acc=90.51
epoch=58/300 lr=0.10000 train_acc=89.09 test_acc=90.44
epoch=59/300 lr=0.10000 train_acc=89.19 test_acc=89.47
epoch=60/300 lr=0.10000 train_acc=89.26 test_acc=90.61
epoch=61/300 lr=0.10000 train_acc=89.31 test_acc=88.98
epoch=62/300 lr=0.10000 train_acc=89.18 test_acc=90.73
epoch=63/300 lr=0.10000 train_acc=89.38 test_acc=90.00
epoch=64/300 lr=0.10000 train_acc=89.33 test_acc=90.74
epoch=65/300 lr=0.10000 train_acc=89.25 test_acc=90.89
epoch=66/300 lr=0.10000 train_acc=89.13 test_acc=89.21
epoch=67/300 lr=0.10000 train_acc=89.25 test_acc=89.84
epoch=68/300 lr=0.10000 train_acc=89.22 test_acc=88.24
epoch=69/300 lr=0.10000 train_acc=89.36 test_acc=90.49
epoch=70/300 lr=0.10000 train_acc=89.23 test_acc=89.68
epoch=71/300 lr=0.10000 train_acc=89.42 test_acc=89.65
epoch=72/300 lr=0.10000 train_acc=89.49 test_acc=89.05
epoch=73/300 lr=0.10000 train_acc=89.24 test_acc=90.89
epoch=74/300 lr=0.10000 train_acc=89.24 test_acc=86.71
epoch=75/300 lr=0.10000 train_acc=89.23 test_acc=88.41
epoch=76/300 lr=0.10000 train_acc=89.42 test_acc=90.64
epoch=77/300 lr=0.10000 train_acc=89.22 test_acc=91.07
epoch=78/300 lr=0.10000 train_acc=89.59 test_acc=90.06
epoch=79/300 lr=0.10000 train_acc=89.30 test_acc=82.66
epoch=80/300 lr=0.10000 train_acc=89.23 test_acc=91.27
epoch=81/300 lr=0.10000 train_acc=89.35 test_acc=91.60
epoch=82/300 lr=0.10000 train_acc=89.23 test_acc=90.07
epoch=83/300 lr=0.10000 train_acc=89.23 test_acc=89.87
epoch=84/300 lr=0.10000 train_acc=89.40 test_acc=91.05
epoch=85/300 lr=0.10000 train_acc=89.32 test_acc=89.94
epoch=86/300 lr=0.10000 train_acc=89.56 test_acc=89.49
epoch=87/300 lr=0.10000 train_acc=89.52 test_acc=90.61
epoch=88/300 lr=0.10000 train_acc=89.33 test_acc=85.98
epoch=89/300 lr=0.10000 train_acc=89.65 test_acc=89.62
epoch=90/300 lr=0.10000 train_acc=89.50 test_acc=91.42
epoch=91/300 lr=0.10000 train_acc=89.39 test_acc=91.77
epoch=92/300 lr=0.10000 train_acc=89.35 test_acc=72.67
epoch=93/300 lr=0.10000 train_acc=89.48 test_acc=90.18
epoch=94/300 lr=0.10000 train_acc=89.46 test_acc=88.26
epoch=95/300 lr=0.10000 train_acc=89.44 test_acc=90.36
epoch=96/300 lr=0.10000 train_acc=89.25 test_acc=88.77
epoch=97/300 lr=0.10000 train_acc=89.43 test_acc=90.79
epoch=98/300 lr=0.10000 train_acc=89.55 test_acc=86.54
epoch=99/300 lr=0.10000 train_acc=89.37 test_acc=91.02
epoch=100/300 lr=0.10000 train_acc=89.61 test_acc=91.60
epoch=101/300 lr=0.10000 train_acc=89.32 test_acc=90.07
epoch=102/300 lr=0.10000 train_acc=89.48 test_acc=91.00
epoch=103/300 lr=0.10000 train_acc=89.45 test_acc=89.01
epoch=104/300 lr=0.10000 train_acc=89.53 test_acc=82.91
epoch=105/300 lr=0.10000 train_acc=89.50 test_acc=79.21
epoch=106/300 lr=0.10000 train_acc=89.33 test_acc=88.56
epoch=107/300 lr=0.10000 train_acc=89.40 test_acc=89.85
epoch=108/300 lr=0.10000 train_acc=89.31 test_acc=89.60
epoch=109/300 lr=0.10000 train_acc=89.63 test_acc=91.62
epoch=110/300 lr=0.10000 train_acc=89.37 test_acc=77.88
epoch=111/300 lr=0.10000 train_acc=89.45 test_acc=67.63
epoch=112/300 lr=0.10000 train_acc=89.49 test_acc=91.79
epoch=113/300 lr=0.10000 train_acc=89.64 test_acc=87.36
epoch=114/300 lr=0.10000 train_acc=89.60 test_acc=89.34
epoch=115/300 lr=0.10000 train_acc=89.39 test_acc=90.90
epoch=116/300 lr=0.10000 train_acc=89.53 test_acc=90.97
epoch=117/300 lr=0.10000 train_acc=89.58 test_acc=88.74
epoch=118/300 lr=0.10000 train_acc=89.49 test_acc=90.90
epoch=119/300 lr=0.10000 train_acc=89.52 test_acc=90.80
epoch=120/300 lr=0.10000 train_acc=89.36 test_acc=91.77
epoch=121/300 lr=0.10000 train_acc=89.50 test_acc=88.89
epoch=122/300 lr=0.10000 train_acc=89.42 test_acc=92.04
epoch=123/300 lr=0.10000 train_acc=89.53 test_acc=91.14
epoch=124/300 lr=0.10000 train_acc=89.42 test_acc=91.38
epoch=125/300 lr=0.10000 train_acc=89.74 test_acc=89.28
epoch=126/300 lr=0.10000 train_acc=89.65 test_acc=82.23
epoch=127/300 lr=0.10000 train_acc=89.44 test_acc=90.20
epoch=128/300 lr=0.10000 train_acc=89.52 test_acc=90.11
epoch=129/300 lr=0.10000 train_acc=89.61 test_acc=87.55
epoch=130/300 lr=0.10000 train_acc=89.51 test_acc=88.71
epoch=131/300 lr=0.10000 train_acc=89.51 test_acc=91.19
epoch=132/300 lr=0.10000 train_acc=89.56 test_acc=90.85
epoch=133/300 lr=0.10000 train_acc=89.46 test_acc=77.63
epoch=134/300 lr=0.10000 train_acc=89.74 test_acc=91.19
epoch=135/300 lr=0.10000 train_acc=89.63 test_acc=84.58
epoch=136/300 lr=0.10000 train_acc=89.46 test_acc=88.40
epoch=137/300 lr=0.10000 train_acc=89.53 test_acc=82.67
epoch=138/300 lr=0.10000 train_acc=89.64 test_acc=90.94
epoch=139/300 lr=0.10000 train_acc=89.55 test_acc=90.43
epoch=140/300 lr=0.10000 train_acc=89.45 test_acc=87.26
epoch=141/300 lr=0.10000 train_acc=89.41 test_acc=91.19
epoch=142/300 lr=0.10000 train_acc=89.53 test_acc=90.62
epoch=143/300 lr=0.10000 train_acc=89.42 test_acc=90.06
epoch=144/300 lr=0.10000 train_acc=89.58 test_acc=91.31
epoch=145/300 lr=0.10000 train_acc=89.47 test_acc=88.84
epoch=146/300 lr=0.10000 train_acc=89.52 test_acc=83.69
epoch=147/300 lr=0.10000 train_acc=89.50 test_acc=90.88
epoch=148/300 lr=0.10000 train_acc=89.43 test_acc=88.75
epoch=149/300 lr=0.10000 train_acc=89.80 test_acc=92.08
epoch=150/300 lr=0.10000 train_acc=89.55 test_acc=90.53
epoch=151/300 lr=0.01000 train_acc=92.08 test_acc=93.74
epoch=152/300 lr=0.01000 train_acc=92.81 test_acc=93.86
epoch=153/300 lr=0.01000 train_acc=92.82 test_acc=93.85
epoch=154/300 lr=0.01000 train_acc=93.07 test_acc=94.09
epoch=155/300 lr=0.01000 train_acc=93.13 test_acc=94.16
epoch=156/300 lr=0.01000 train_acc=93.31 test_acc=94.09
epoch=157/300 lr=0.01000 train_acc=93.36 test_acc=94.23
epoch=158/300 lr=0.01000 train_acc=93.44 test_acc=94.05
epoch=159/300 lr=0.01000 train_acc=93.42 test_acc=94.31
epoch=160/300 lr=0.01000 train_acc=93.34 test_acc=94.07
epoch=161/300 lr=0.01000 train_acc=93.52 test_acc=94.23
epoch=162/300 lr=0.01000 train_acc=93.67 test_acc=93.82
epoch=163/300 lr=0.01000 train_acc=93.63 test_acc=94.42
epoch=164/300 lr=0.01000 train_acc=93.73 test_acc=94.33
epoch=165/300 lr=0.01000 train_acc=93.78 test_acc=94.32
epoch=166/300 lr=0.01000 train_acc=93.73 test_acc=93.99
epoch=167/300 lr=0.01000 train_acc=93.67 test_acc=93.92
epoch=168/300 lr=0.01000 train_acc=93.75 test_acc=94.10
epoch=169/300 lr=0.01000 train_acc=93.73 test_acc=93.58
epoch=170/300 lr=0.01000 train_acc=93.57 test_acc=94.05
epoch=171/300 lr=0.01000 train_acc=93.60 test_acc=94.46
epoch=172/300 lr=0.01000 train_acc=93.86 test_acc=93.96
epoch=173/300 lr=0.01000 train_acc=93.81 test_acc=93.95
epoch=174/300 lr=0.01000 train_acc=93.79 test_acc=94.11
epoch=175/300 lr=0.01000 train_acc=93.70 test_acc=94.18
epoch=176/300 lr=0.01000 train_acc=93.85 test_acc=94.35
epoch=177/300 lr=0.01000 train_acc=93.71 test_acc=94.26
epoch=178/300 lr=0.01000 train_acc=93.72 test_acc=94.17
epoch=179/300 lr=0.01000 train_acc=93.72 test_acc=94.09
epoch=180/300 lr=0.01000 train_acc=93.77 test_acc=94.40
epoch=181/300 lr=0.01000 train_acc=93.73 test_acc=94.05
epoch=182/300 lr=0.01000 train_acc=93.78 test_acc=94.36
epoch=183/300 lr=0.01000 train_acc=93.73 test_acc=94.49
epoch=184/300 lr=0.01000 train_acc=93.66 test_acc=94.37
epoch=185/300 lr=0.01000 train_acc=93.68 test_acc=93.47
epoch=186/300 lr=0.01000 train_acc=93.79 test_acc=94.45
epoch=187/300 lr=0.01000 train_acc=93.77 test_acc=94.37
epoch=188/300 lr=0.01000 train_acc=93.54 test_acc=93.76
epoch=189/300 lr=0.01000 train_acc=93.78 test_acc=93.96
epoch=190/300 lr=0.01000 train_acc=93.83 test_acc=92.94
epoch=191/300 lr=0.01000 train_acc=93.81 test_acc=94.25
epoch=192/300 lr=0.01000 train_acc=93.73 test_acc=94.32
epoch=193/300 lr=0.01000 train_acc=93.71 test_acc=94.04
epoch=194/300 lr=0.01000 train_acc=93.88 test_acc=93.48
epoch=195/300 lr=0.01000 train_acc=93.84 test_acc=94.11
epoch=196/300 lr=0.01000 train_acc=93.67 test_acc=93.76
epoch=197/300 lr=0.01000 train_acc=93.83 test_acc=93.89
epoch=198/300 lr=0.01000 train_acc=93.86 test_acc=94.31
epoch=199/300 lr=0.01000 train_acc=93.80 test_acc=94.23
epoch=200/300 lr=0.01000 train_acc=93.83 test_acc=93.94
epoch=201/300 lr=0.01000 train_acc=93.77 test_acc=94.11
epoch=202/300 lr=0.01000 train_acc=93.89 test_acc=94.21
epoch=203/300 lr=0.01000 train_acc=93.84 test_acc=94.37
epoch=204/300 lr=0.01000 train_acc=93.80 test_acc=93.96
epoch=205/300 lr=0.01000 train_acc=93.86 test_acc=93.56
epoch=206/300 lr=0.01000 train_acc=93.80 test_acc=93.41
epoch=207/300 lr=0.01000 train_acc=93.89 test_acc=93.91
epoch=208/300 lr=0.01000 train_acc=93.83 test_acc=93.87
epoch=209/300 lr=0.01000 train_acc=93.72 test_acc=94.16
epoch=210/300 lr=0.01000 train_acc=93.85 test_acc=94.14
epoch=211/300 lr=0.01000 train_acc=93.97 test_acc=94.17
epoch=212/300 lr=0.01000 train_acc=94.04 test_acc=94.18
epoch=213/300 lr=0.01000 train_acc=93.81 test_acc=94.01
epoch=214/300 lr=0.01000 train_acc=93.96 test_acc=94.11
epoch=215/300 lr=0.01000 train_acc=94.00 test_acc=94.11
epoch=216/300 lr=0.01000 train_acc=93.91 test_acc=94.82
epoch=217/300 lr=0.01000 train_acc=93.78 test_acc=94.36
epoch=218/300 lr=0.01000 train_acc=94.02 test_acc=94.23
epoch=219/300 lr=0.01000 train_acc=93.98 test_acc=94.42
epoch=220/300 lr=0.01000 train_acc=93.76 test_acc=93.90
epoch=221/300 lr=0.01000 train_acc=94.11 test_acc=94.34
epoch=222/300 lr=0.01000 train_acc=93.84 test_acc=94.20
epoch=223/300 lr=0.01000 train_acc=93.89 test_acc=94.40
epoch=224/300 lr=0.01000 train_acc=94.05 test_acc=94.18
epoch=225/300 lr=0.01000 train_acc=93.86 test_acc=94.61
epoch=226/300 lr=0.00100 train_acc=94.98 test_acc=95.14
epoch=227/300 lr=0.00100 train_acc=95.23 test_acc=95.01
epoch=228/300 lr=0.00100 train_acc=95.39 test_acc=95.07
epoch=229/300 lr=0.00100 train_acc=95.59 test_acc=95.09
epoch=230/300 lr=0.00100 train_acc=95.64 test_acc=95.23
epoch=231/300 lr=0.00100 train_acc=95.65 test_acc=95.06
epoch=232/300 lr=0.00100 train_acc=95.70 test_acc=95.11
epoch=233/300 lr=0.00100 train_acc=95.78 test_acc=95.19
epoch=234/300 lr=0.00100 train_acc=95.80 test_acc=95.01
epoch=235/300 lr=0.00100 train_acc=95.79 test_acc=95.31
epoch=236/300 lr=0.00100 train_acc=95.82 test_acc=95.26
epoch=237/300 lr=0.00100 train_acc=95.92 test_acc=95.32
epoch=238/300 lr=0.00100 train_acc=95.80 test_acc=95.22
epoch=239/300 lr=0.00100 train_acc=95.98 test_acc=95.21
epoch=240/300 lr=0.00100 train_acc=95.97 test_acc=95.20
epoch=241/300 lr=0.00100 train_acc=95.92 test_acc=95.25
epoch=242/300 lr=0.00100 train_acc=96.00 test_acc=95.18
epoch=243/300 lr=0.00100 train_acc=96.12 test_acc=95.38
epoch=244/300 lr=0.00100 train_acc=95.99 test_acc=95.28
epoch=245/300 lr=0.00100 train_acc=96.05 test_acc=95.40
epoch=246/300 lr=0.00100 train_acc=96.09 test_acc=95.17
epoch=247/300 lr=0.00100 train_acc=96.27 test_acc=95.35
epoch=248/300 lr=0.00100 train_acc=96.04 test_acc=95.16
epoch=249/300 lr=0.00100 train_acc=96.18 test_acc=95.38
epoch=250/300 lr=0.00100 train_acc=96.15 test_acc=95.24
epoch=251/300 lr=0.00100 train_acc=96.24 test_acc=95.26
epoch=252/300 lr=0.00100 train_acc=96.17 test_acc=95.24
epoch=253/300 lr=0.00100 train_acc=96.20 test_acc=95.35
epoch=254/300 lr=0.00100 train_acc=96.14 test_acc=95.28
epoch=255/300 lr=0.00100 train_acc=96.16 test_acc=95.43
epoch=256/300 lr=0.00100 train_acc=96.25 test_acc=95.21
epoch=257/300 lr=0.00100 train_acc=96.21 test_acc=95.16
epoch=258/300 lr=0.00100 train_acc=96.31 test_acc=95.31
epoch=259/300 lr=0.00100 train_acc=96.39 test_acc=95.38
epoch=260/300 lr=0.00100 train_acc=96.35 test_acc=95.36
epoch=261/300 lr=0.00100 train_acc=96.34 test_acc=95.11
epoch=262/300 lr=0.00100 train_acc=96.37 test_acc=95.42
epoch=263/300 lr=0.00100 train_acc=96.28 test_acc=95.23
epoch=264/300 lr=0.00100 train_acc=96.44 test_acc=95.13
epoch=265/300 lr=0.00100 train_acc=96.22 test_acc=95.26
epoch=266/300 lr=0.00100 train_acc=96.29 test_acc=95.35
epoch=267/300 lr=0.00100 train_acc=96.32 test_acc=95.22
epoch=268/300 lr=0.00100 train_acc=96.32 test_acc=95.17
epoch=269/300 lr=0.00100 train_acc=96.43 test_acc=95.29
epoch=270/300 lr=0.00100 train_acc=96.44 test_acc=95.30
epoch=271/300 lr=0.00100 train_acc=96.49 test_acc=95.23
epoch=272/300 lr=0.00100 train_acc=96.50 test_acc=95.15
epoch=273/300 lr=0.00100 train_acc=96.58 test_acc=95.12
epoch=274/300 lr=0.00100 train_acc=96.38 test_acc=95.37
epoch=275/300 lr=0.00100 train_acc=96.46 test_acc=95.12
epoch=276/300 lr=0.00100 train_acc=96.30 test_acc=95.34
epoch=277/300 lr=0.00100 train_acc=96.50 test_acc=95.31
epoch=278/300 lr=0.00100 train_acc=96.41 test_acc=95.28
epoch=279/300 lr=0.00100 train_acc=96.50 test_acc=95.28
epoch=280/300 lr=0.00100 train_acc=96.52 test_acc=95.30
epoch=281/300 lr=0.00100 train_acc=96.55 test_acc=95.39
epoch=282/300 lr=0.00100 train_acc=96.45 test_acc=95.29
epoch=283/300 lr=0.00100 train_acc=96.46 test_acc=95.21
epoch=284/300 lr=0.00100 train_acc=96.50 test_acc=95.22
epoch=285/300 lr=0.00100 train_acc=96.56 test_acc=95.20
epoch=286/300 lr=0.00100 train_acc=96.53 test_acc=95.34
epoch=287/300 lr=0.00100 train_acc=96.55 test_acc=95.14
epoch=288/300 lr=0.00100 train_acc=96.69 test_acc=95.19
epoch=289/300 lr=0.00100 train_acc=96.62 test_acc=95.26
epoch=290/300 lr=0.00100 train_acc=96.54 test_acc=95.18
epoch=291/300 lr=0.00100 train_acc=96.42 test_acc=95.06
epoch=292/300 lr=0.00100 train_acc=96.58 test_acc=95.38
epoch=293/300 lr=0.00100 train_acc=96.53 test_acc=95.22
epoch=294/300 lr=0.00100 train_acc=96.61 test_acc=95.16
epoch=295/300 lr=0.00100 train_acc=96.70 test_acc=95.10
epoch=296/300 lr=0.00100 train_acc=96.64 test_acc=95.16
epoch=297/300 lr=0.00100 train_acc=96.55 test_acc=95.11
epoch=298/300 lr=0.00100 train_acc=96.63 test_acc=95.32
epoch=299/300 lr=0.00100 train_acc=96.60 test_acc=95.07
epoch=300/300 lr=0.00100 train_acc=96.61 test_acc=95.19
{
  "best_accuracy": 95.43,
  "best_error_rate": 4.569999999999993,
  "final_accuracy": 95.19,
  "final_error_rate": 4.810000000000002,
  "elapsed_seconds": 2183.1566812992096,
  "is_paper_result": false,
  "note": "New reproduction result; compare against paper target separately."
}
{
  "experiment": "fashionmnist_resnet20_re_paper",
  "seeds": [
    1001,
    1002,
    1003,
    1004,
    1005
  ],
  "smoke": false,
  "is_paper_result": false,
  "best_error_rate": {
    "values": [
      4.599999999999994,
      4.680000000000007,
      4.5,
      4.579999999999998,
      4.569999999999993
    ],
    "mean": 4.5859999999999985,
    "population_std": 0.057827329179206195,
    "sample_std": 0.0646529195009811
  },
  "final_error_rate": {
    "values": [
      4.909999999999997,
      4.859999999999999,
      4.650000000000006,
      4.829999999999998,
      4.810000000000002
    ],
    "mean": 4.812,
    "population_std": 0.08772684879784223,
    "sample_std": 0.09808159868191046
  },
  "note": "New reproduction aggregate; paper does not state best-vs-final or std convention."
}
start experiment=cifar10_resnet32_baseline seed=1001
epoch=1/300 lr=0.10000 train_acc=37.46 test_acc=42.20
epoch=2/300 lr=0.10000 train_acc=57.01 test_acc=57.57
epoch=3/300 lr=0.10000 train_acc=67.02 test_acc=66.27
epoch=4/300 lr=0.10000 train_acc=72.90 test_acc=72.81
epoch=5/300 lr=0.10000 train_acc=75.64 test_acc=69.16
epoch=6/300 lr=0.10000 train_acc=77.00 test_acc=71.33
epoch=7/300 lr=0.10000 train_acc=78.42 test_acc=71.71
epoch=8/300 lr=0.10000 train_acc=79.46 test_acc=74.07
epoch=9/300 lr=0.10000 train_acc=80.02 test_acc=71.87
epoch=10/300 lr=0.10000 train_acc=80.43 test_acc=79.20
epoch=11/300 lr=0.10000 train_acc=80.97 test_acc=78.35
epoch=12/300 lr=0.10000 train_acc=81.35 test_acc=80.56
epoch=13/300 lr=0.10000 train_acc=81.70 test_acc=67.45
epoch=14/300 lr=0.10000 train_acc=82.29 test_acc=79.69
epoch=15/300 lr=0.10000 train_acc=82.35 test_acc=79.14
epoch=16/300 lr=0.10000 train_acc=82.77 test_acc=77.43
epoch=17/300 lr=0.10000 train_acc=82.87 test_acc=79.07
epoch=18/300 lr=0.10000 train_acc=83.04 test_acc=77.65
epoch=19/300 lr=0.10000 train_acc=83.00 test_acc=77.51
epoch=20/300 lr=0.10000 train_acc=83.29 test_acc=70.71
epoch=21/300 lr=0.10000 train_acc=83.70 test_acc=79.01
epoch=22/300 lr=0.10000 train_acc=83.70 test_acc=79.85
epoch=23/300 lr=0.10000 train_acc=83.73 test_acc=76.23
epoch=24/300 lr=0.10000 train_acc=84.11 test_acc=79.19
epoch=25/300 lr=0.10000 train_acc=84.07 test_acc=78.48
epoch=26/300 lr=0.10000 train_acc=84.23 test_acc=77.99
epoch=27/300 lr=0.10000 train_acc=83.95 test_acc=76.83
epoch=28/300 lr=0.10000 train_acc=84.13 test_acc=69.55
epoch=29/300 lr=0.10000 train_acc=84.37 test_acc=78.21
epoch=30/300 lr=0.10000 train_acc=84.31 test_acc=81.26
epoch=31/300 lr=0.10000 train_acc=84.44 test_acc=78.65
epoch=32/300 lr=0.10000 train_acc=84.48 test_acc=80.42
epoch=33/300 lr=0.10000 train_acc=84.60 test_acc=78.68
epoch=34/300 lr=0.10000 train_acc=84.79 test_acc=77.41
epoch=35/300 lr=0.10000 train_acc=84.79 test_acc=80.89
epoch=36/300 lr=0.10000 train_acc=85.05 test_acc=78.83
epoch=37/300 lr=0.10000 train_acc=84.61 test_acc=78.20
epoch=38/300 lr=0.10000 train_acc=85.03 test_acc=82.45
epoch=39/300 lr=0.10000 train_acc=84.90 test_acc=79.18
epoch=40/300 lr=0.10000 train_acc=85.00 test_acc=77.88
epoch=41/300 lr=0.10000 train_acc=85.13 test_acc=74.41
epoch=42/300 lr=0.10000 train_acc=85.09 test_acc=68.85
epoch=43/300 lr=0.10000 train_acc=85.02 test_acc=78.30
epoch=44/300 lr=0.10000 train_acc=85.30 test_acc=78.95
epoch=45/300 lr=0.10000 train_acc=85.13 test_acc=74.51
epoch=46/300 lr=0.10000 train_acc=85.07 test_acc=75.83
epoch=47/300 lr=0.10000 train_acc=85.12 test_acc=76.67
epoch=48/300 lr=0.10000 train_acc=85.25 test_acc=80.38
epoch=49/300 lr=0.10000 train_acc=85.23 test_acc=80.50
epoch=50/300 lr=0.10000 train_acc=85.24 test_acc=78.45
epoch=51/300 lr=0.10000 train_acc=85.43 test_acc=77.42
epoch=52/300 lr=0.10000 train_acc=85.50 test_acc=80.07
epoch=53/300 lr=0.10000 train_acc=85.47 test_acc=80.90
epoch=54/300 lr=0.10000 train_acc=85.55 test_acc=79.38
epoch=55/300 lr=0.10000 train_acc=85.42 test_acc=82.97
epoch=56/300 lr=0.10000 train_acc=85.29 test_acc=81.85
epoch=57/300 lr=0.10000 train_acc=85.30 test_acc=74.75
epoch=58/300 lr=0.10000 train_acc=85.51 test_acc=78.96
epoch=59/300 lr=0.10000 train_acc=85.87 test_acc=73.44
epoch=60/300 lr=0.10000 train_acc=85.49 test_acc=78.91
epoch=61/300 lr=0.10000 train_acc=85.64 test_acc=79.25
epoch=62/300 lr=0.10000 train_acc=85.47 test_acc=81.53
epoch=63/300 lr=0.10000 train_acc=85.62 test_acc=81.43
epoch=64/300 lr=0.10000 train_acc=85.77 test_acc=80.71
epoch=65/300 lr=0.10000 train_acc=85.60 test_acc=83.40
epoch=66/300 lr=0.10000 train_acc=85.77 test_acc=82.09
epoch=67/300 lr=0.10000 train_acc=85.72 test_acc=80.76
epoch=68/300 lr=0.10000 train_acc=85.65 test_acc=76.01
epoch=69/300 lr=0.10000 train_acc=85.87 test_acc=80.67
epoch=70/300 lr=0.10000 train_acc=85.59 test_acc=75.11
epoch=71/300 lr=0.10000 train_acc=85.64 test_acc=71.22
epoch=72/300 lr=0.10000 train_acc=86.11 test_acc=84.22
epoch=73/300 lr=0.10000 train_acc=85.84 test_acc=81.09
epoch=74/300 lr=0.10000 train_acc=85.75 test_acc=72.19
epoch=75/300 lr=0.10000 train_acc=85.81 test_acc=82.04
epoch=76/300 lr=0.10000 train_acc=85.70 test_acc=71.25
epoch=77/300 lr=0.10000 train_acc=85.70 test_acc=78.91
epoch=78/300 lr=0.10000 train_acc=86.10 test_acc=83.49
epoch=79/300 lr=0.10000 train_acc=86.09 test_acc=82.06
epoch=80/300 lr=0.10000 train_acc=85.88 test_acc=82.83
epoch=81/300 lr=0.10000 train_acc=85.91 test_acc=76.59
epoch=82/300 lr=0.10000 train_acc=85.80 test_acc=74.01
epoch=83/300 lr=0.10000 train_acc=86.06 test_acc=78.37
epoch=84/300 lr=0.10000 train_acc=86.04 test_acc=76.39
epoch=85/300 lr=0.10000 train_acc=85.91 test_acc=78.98
epoch=86/300 lr=0.10000 train_acc=85.97 test_acc=80.88
epoch=87/300 lr=0.10000 train_acc=86.11 test_acc=79.56
epoch=88/300 lr=0.10000 train_acc=85.82 test_acc=81.42
epoch=89/300 lr=0.10000 train_acc=86.05 test_acc=78.37
epoch=90/300 lr=0.10000 train_acc=85.80 test_acc=75.46
epoch=91/300 lr=0.10000 train_acc=85.96 test_acc=80.90
epoch=92/300 lr=0.10000 train_acc=86.01 test_acc=78.21
epoch=93/300 lr=0.10000 train_acc=86.40 test_acc=80.78
epoch=94/300 lr=0.10000 train_acc=86.09 test_acc=77.88
epoch=95/300 lr=0.10000 train_acc=86.07 test_acc=72.87
epoch=96/300 lr=0.10000 train_acc=85.86 test_acc=80.58
epoch=97/300 lr=0.10000 train_acc=86.26 test_acc=78.86
epoch=98/300 lr=0.10000 train_acc=86.21 test_acc=83.31
epoch=99/300 lr=0.10000 train_acc=85.90 test_acc=77.62
epoch=100/300 lr=0.10000 train_acc=86.14 test_acc=77.70
epoch=101/300 lr=0.10000 train_acc=86.06 test_acc=81.60
epoch=102/300 lr=0.10000 train_acc=86.22 test_acc=80.17
epoch=103/300 lr=0.10000 train_acc=86.16 test_acc=78.35
epoch=104/300 lr=0.10000 train_acc=85.86 test_acc=80.49
epoch=105/300 lr=0.10000 train_acc=86.41 test_acc=77.49
epoch=106/300 lr=0.10000 train_acc=86.22 test_acc=79.35
epoch=107/300 lr=0.10000 train_acc=86.30 test_acc=82.31
epoch=108/300 lr=0.10000 train_acc=86.17 test_acc=82.89
epoch=109/300 lr=0.10000 train_acc=86.39 test_acc=81.46
epoch=110/300 lr=0.10000 train_acc=86.38 test_acc=78.42
epoch=111/300 lr=0.10000 train_acc=86.29 test_acc=82.29
epoch=112/300 lr=0.10000 train_acc=86.22 test_acc=79.27
epoch=113/300 lr=0.10000 train_acc=86.09 test_acc=81.29
epoch=114/300 lr=0.10000 train_acc=86.19 test_acc=77.69
epoch=115/300 lr=0.10000 train_acc=86.41 test_acc=82.11
epoch=116/300 lr=0.10000 train_acc=86.36 test_acc=76.17
epoch=117/300 lr=0.10000 train_acc=86.03 test_acc=82.70
epoch=118/300 lr=0.10000 train_acc=86.38 test_acc=80.63
epoch=119/300 lr=0.10000 train_acc=86.26 test_acc=82.87
epoch=120/300 lr=0.10000 train_acc=86.44 test_acc=82.05
epoch=121/300 lr=0.10000 train_acc=86.50 test_acc=79.98
epoch=122/300 lr=0.10000 train_acc=86.22 test_acc=81.48
epoch=123/300 lr=0.10000 train_acc=86.31 test_acc=76.54
epoch=124/300 lr=0.10000 train_acc=86.29 test_acc=84.66
epoch=125/300 lr=0.10000 train_acc=86.14 test_acc=77.98
epoch=126/300 lr=0.10000 train_acc=86.17 test_acc=80.33
epoch=127/300 lr=0.10000 train_acc=86.28 test_acc=79.14
epoch=128/300 lr=0.10000 train_acc=86.22 test_acc=75.68
epoch=129/300 lr=0.10000 train_acc=86.60 test_acc=80.23
epoch=130/300 lr=0.10000 train_acc=86.73 test_acc=77.86
epoch=131/300 lr=0.10000 train_acc=85.96 test_acc=80.60
epoch=132/300 lr=0.10000 train_acc=86.21 test_acc=73.72
epoch=133/300 lr=0.10000 train_acc=86.16 test_acc=80.29
epoch=134/300 lr=0.10000 train_acc=86.17 test_acc=82.68
epoch=135/300 lr=0.10000 train_acc=86.17 test_acc=82.26
epoch=136/300 lr=0.10000 train_acc=86.51 test_acc=82.70
epoch=137/300 lr=0.10000 train_acc=86.09 test_acc=81.19
epoch=138/300 lr=0.10000 train_acc=86.32 test_acc=75.36
epoch=139/300 lr=0.10000 train_acc=86.44 test_acc=76.07
epoch=140/300 lr=0.10000 train_acc=86.12 test_acc=80.70
epoch=141/300 lr=0.10000 train_acc=86.31 test_acc=80.66
epoch=142/300 lr=0.10000 train_acc=86.66 test_acc=76.21
epoch=143/300 lr=0.10000 train_acc=86.47 test_acc=78.82
epoch=144/300 lr=0.10000 train_acc=86.51 test_acc=77.18
epoch=145/300 lr=0.10000 train_acc=86.13 test_acc=82.36
epoch=146/300 lr=0.10000 train_acc=86.45 test_acc=79.49
epoch=147/300 lr=0.10000 train_acc=86.15 test_acc=80.06
epoch=148/300 lr=0.10000 train_acc=86.29 test_acc=79.23
epoch=149/300 lr=0.10000 train_acc=86.24 test_acc=80.87
epoch=150/300 lr=0.10000 train_acc=86.56 test_acc=77.88
epoch=151/300 lr=0.01000 train_acc=91.83 test_acc=90.70
epoch=152/300 lr=0.01000 train_acc=93.35 test_acc=91.48
epoch=153/300 lr=0.01000 train_acc=93.96 test_acc=91.66
epoch=154/300 lr=0.01000 train_acc=94.32 test_acc=91.79
epoch=155/300 lr=0.01000 train_acc=94.77 test_acc=92.04
epoch=156/300 lr=0.01000 train_acc=95.04 test_acc=91.65
epoch=157/300 lr=0.01000 train_acc=95.31 test_acc=91.68
epoch=158/300 lr=0.01000 train_acc=95.40 test_acc=91.80
epoch=159/300 lr=0.01000 train_acc=95.53 test_acc=91.85
epoch=160/300 lr=0.01000 train_acc=95.68 test_acc=92.18
epoch=161/300 lr=0.01000 train_acc=95.94 test_acc=91.85
epoch=162/300 lr=0.01000 train_acc=96.04 test_acc=91.87
epoch=163/300 lr=0.01000 train_acc=96.06 test_acc=91.90
epoch=164/300 lr=0.01000 train_acc=96.31 test_acc=91.92
epoch=165/300 lr=0.01000 train_acc=96.34 test_acc=91.44
epoch=166/300 lr=0.01000 train_acc=96.27 test_acc=90.82
epoch=167/300 lr=0.01000 train_acc=96.39 test_acc=91.70
epoch=168/300 lr=0.01000 train_acc=96.55 test_acc=90.98
epoch=169/300 lr=0.01000 train_acc=96.25 test_acc=91.67
epoch=170/300 lr=0.01000 train_acc=96.47 test_acc=91.19
epoch=171/300 lr=0.01000 train_acc=96.55 test_acc=91.66
epoch=172/300 lr=0.01000 train_acc=96.47 test_acc=91.41
epoch=173/300 lr=0.01000 train_acc=96.40 test_acc=91.13
epoch=174/300 lr=0.01000 train_acc=96.37 test_acc=91.53
epoch=175/300 lr=0.01000 train_acc=96.54 test_acc=91.48
epoch=176/300 lr=0.01000 train_acc=96.27 test_acc=90.18
epoch=177/300 lr=0.01000 train_acc=96.42 test_acc=91.18
epoch=178/300 lr=0.01000 train_acc=96.53 test_acc=90.16
epoch=179/300 lr=0.01000 train_acc=96.41 test_acc=91.54
epoch=180/300 lr=0.01000 train_acc=96.32 test_acc=91.28
epoch=181/300 lr=0.01000 train_acc=96.45 test_acc=90.61
epoch=182/300 lr=0.01000 train_acc=96.39 test_acc=90.90
epoch=183/300 lr=0.01000 train_acc=96.21 test_acc=90.86
epoch=184/300 lr=0.01000 train_acc=96.38 test_acc=91.30
epoch=185/300 lr=0.01000 train_acc=96.46 test_acc=90.55
epoch=186/300 lr=0.01000 train_acc=96.38 test_acc=90.60
epoch=187/300 lr=0.01000 train_acc=96.29 test_acc=91.08
epoch=188/300 lr=0.01000 train_acc=96.23 test_acc=91.44
epoch=189/300 lr=0.01000 train_acc=96.45 test_acc=90.35
epoch=190/300 lr=0.01000 train_acc=96.39 test_acc=90.63
epoch=191/300 lr=0.01000 train_acc=96.34 test_acc=90.69
epoch=192/300 lr=0.01000 train_acc=96.43 test_acc=90.55
epoch=193/300 lr=0.01000 train_acc=96.21 test_acc=90.17
epoch=194/300 lr=0.01000 train_acc=96.15 test_acc=90.28
epoch=195/300 lr=0.01000 train_acc=96.18 test_acc=89.82
epoch=196/300 lr=0.01000 train_acc=96.41 test_acc=90.69
epoch=197/300 lr=0.01000 train_acc=96.47 test_acc=91.29
epoch=198/300 lr=0.01000 train_acc=96.20 test_acc=90.59
epoch=199/300 lr=0.01000 train_acc=96.44 test_acc=91.36
epoch=200/300 lr=0.01000 train_acc=96.32 test_acc=90.27
epoch=201/300 lr=0.01000 train_acc=96.25 test_acc=90.06
epoch=202/300 lr=0.01000 train_acc=96.34 test_acc=91.12
epoch=203/300 lr=0.01000 train_acc=96.38 test_acc=90.81
epoch=204/300 lr=0.01000 train_acc=96.39 test_acc=89.44
epoch=205/300 lr=0.01000 train_acc=96.53 test_acc=90.46
epoch=206/300 lr=0.01000 train_acc=96.40 test_acc=90.83
epoch=207/300 lr=0.01000 train_acc=96.63 test_acc=90.91
epoch=208/300 lr=0.01000 train_acc=96.34 test_acc=90.57
epoch=209/300 lr=0.01000 train_acc=96.21 test_acc=90.06
epoch=210/300 lr=0.01000 train_acc=96.37 test_acc=90.16
epoch=211/300 lr=0.01000 train_acc=96.32 test_acc=90.48
epoch=212/300 lr=0.01000 train_acc=96.42 test_acc=90.19
epoch=213/300 lr=0.01000 train_acc=96.57 test_acc=90.64
epoch=214/300 lr=0.01000 train_acc=96.36 test_acc=89.48
epoch=215/300 lr=0.01000 train_acc=96.55 test_acc=90.25
epoch=216/300 lr=0.01000 train_acc=96.40 test_acc=90.52
epoch=217/300 lr=0.01000 train_acc=96.53 test_acc=90.34
epoch=218/300 lr=0.01000 train_acc=96.33 test_acc=89.41
epoch=219/300 lr=0.01000 train_acc=96.40 test_acc=90.51
epoch=220/300 lr=0.01000 train_acc=96.24 test_acc=90.07
epoch=221/300 lr=0.01000 train_acc=96.39 test_acc=90.13
epoch=222/300 lr=0.01000 train_acc=96.44 test_acc=89.56
epoch=223/300 lr=0.01000 train_acc=96.66 test_acc=90.22
epoch=224/300 lr=0.01000 train_acc=96.53 test_acc=90.67
epoch=225/300 lr=0.01000 train_acc=96.43 test_acc=90.41
epoch=226/300 lr=0.00100 train_acc=98.12 test_acc=92.85
epoch=227/300 lr=0.00100 train_acc=98.85 test_acc=93.24
epoch=228/300 lr=0.00100 train_acc=99.00 test_acc=93.30
epoch=229/300 lr=0.00100 train_acc=99.13 test_acc=93.35
epoch=230/300 lr=0.00100 train_acc=99.16 test_acc=93.37
epoch=231/300 lr=0.00100 train_acc=99.33 test_acc=93.28
epoch=232/300 lr=0.00100 train_acc=99.33 test_acc=93.25
epoch=233/300 lr=0.00100 train_acc=99.37 test_acc=93.42
epoch=234/300 lr=0.00100 train_acc=99.43 test_acc=93.36
epoch=235/300 lr=0.00100 train_acc=99.43 test_acc=93.33
epoch=236/300 lr=0.00100 train_acc=99.48 test_acc=93.50
epoch=237/300 lr=0.00100 train_acc=99.44 test_acc=93.47
epoch=238/300 lr=0.00100 train_acc=99.53 test_acc=93.51
epoch=239/300 lr=0.00100 train_acc=99.53 test_acc=93.30
epoch=240/300 lr=0.00100 train_acc=99.59 test_acc=93.57
epoch=241/300 lr=0.00100 train_acc=99.48 test_acc=93.44
epoch=242/300 lr=0.00100 train_acc=99.59 test_acc=93.48
epoch=243/300 lr=0.00100 train_acc=99.68 test_acc=93.35
epoch=244/300 lr=0.00100 train_acc=99.61 test_acc=93.31
epoch=245/300 lr=0.00100 train_acc=99.69 test_acc=93.44
epoch=246/300 lr=0.00100 train_acc=99.70 test_acc=93.43
epoch=247/300 lr=0.00100 train_acc=99.66 test_acc=93.45
epoch=248/300 lr=0.00100 train_acc=99.62 test_acc=93.39
epoch=249/300 lr=0.00100 train_acc=99.70 test_acc=93.53
epoch=250/300 lr=0.00100 train_acc=99.67 test_acc=93.42
epoch=251/300 lr=0.00100 train_acc=99.68 test_acc=93.51
epoch=252/300 lr=0.00100 train_acc=99.67 test_acc=93.53
epoch=253/300 lr=0.00100 train_acc=99.69 test_acc=93.56
epoch=254/300 lr=0.00100 train_acc=99.71 test_acc=93.33
epoch=255/300 lr=0.00100 train_acc=99.71 test_acc=93.43
epoch=256/300 lr=0.00100 train_acc=99.70 test_acc=93.39
epoch=257/300 lr=0.00100 train_acc=99.74 test_acc=93.22
epoch=258/300 lr=0.00100 train_acc=99.72 test_acc=93.59
epoch=259/300 lr=0.00100 train_acc=99.74 test_acc=93.39
epoch=260/300 lr=0.00100 train_acc=99.72 test_acc=93.31
epoch=261/300 lr=0.00100 train_acc=99.78 test_acc=93.34
epoch=262/300 lr=0.00100 train_acc=99.74 test_acc=93.39
epoch=263/300 lr=0.00100 train_acc=99.79 test_acc=93.44
epoch=264/300 lr=0.00100 train_acc=99.78 test_acc=93.48
epoch=265/300 lr=0.00100 train_acc=99.80 test_acc=93.51
epoch=266/300 lr=0.00100 train_acc=99.79 test_acc=93.54
epoch=267/300 lr=0.00100 train_acc=99.79 test_acc=93.58
epoch=268/300 lr=0.00100 train_acc=99.76 test_acc=93.59
epoch=269/300 lr=0.00100 train_acc=99.78 test_acc=93.49
epoch=270/300 lr=0.00100 train_acc=99.80 test_acc=93.32
epoch=271/300 lr=0.00100 train_acc=99.82 test_acc=93.53
epoch=272/300 lr=0.00100 train_acc=99.82 test_acc=93.52
epoch=273/300 lr=0.00100 train_acc=99.82 test_acc=93.51
epoch=274/300 lr=0.00100 train_acc=99.79 test_acc=93.47
epoch=275/300 lr=0.00100 train_acc=99.85 test_acc=93.34
epoch=276/300 lr=0.00100 train_acc=99.82 test_acc=93.50
epoch=277/300 lr=0.00100 train_acc=99.82 test_acc=93.49
epoch=278/300 lr=0.00100 train_acc=99.81 test_acc=93.46
epoch=279/300 lr=0.00100 train_acc=99.87 test_acc=93.55
epoch=280/300 lr=0.00100 train_acc=99.87 test_acc=93.43
epoch=281/300 lr=0.00100 train_acc=99.84 test_acc=93.46
epoch=282/300 lr=0.00100 train_acc=99.85 test_acc=93.28
epoch=283/300 lr=0.00100 train_acc=99.83 test_acc=93.51
epoch=284/300 lr=0.00100 train_acc=99.86 test_acc=93.47
epoch=285/300 lr=0.00100 train_acc=99.87 test_acc=93.36
epoch=286/300 lr=0.00100 train_acc=99.86 test_acc=93.50
epoch=287/300 lr=0.00100 train_acc=99.85 test_acc=93.55
epoch=288/300 lr=0.00100 train_acc=99.85 test_acc=93.57
epoch=289/300 lr=0.00100 train_acc=99.84 test_acc=93.53
epoch=290/300 lr=0.00100 train_acc=99.87 test_acc=93.32
epoch=291/300 lr=0.00100 train_acc=99.86 test_acc=93.65
epoch=292/300 lr=0.00100 train_acc=99.84 test_acc=93.46
epoch=293/300 lr=0.00100 train_acc=99.90 test_acc=93.43
epoch=294/300 lr=0.00100 train_acc=99.84 test_acc=93.56
epoch=295/300 lr=0.00100 train_acc=99.87 test_acc=93.51
epoch=296/300 lr=0.00100 train_acc=99.86 test_acc=93.46
epoch=297/300 lr=0.00100 train_acc=99.88 test_acc=93.36
epoch=298/300 lr=0.00100 train_acc=99.84 test_acc=93.30
epoch=299/300 lr=0.00100 train_acc=99.88 test_acc=93.52
epoch=300/300 lr=0.00100 train_acc=99.87 test_acc=93.54
{
  "best_accuracy": 93.65,
  "best_error_rate": 6.349999999999994,
  "final_accuracy": 93.54,
  "final_error_rate": 6.459999999999994,
  "elapsed_seconds": 2879.490702867508,
  "is_paper_result": false,
  "note": "New reproduction result; compare against paper target separately."
}
start experiment=cifar10_resnet32_baseline seed=1002
epoch=1/300 lr=0.10000 train_acc=36.53 test_acc=47.16
epoch=2/300 lr=0.10000 train_acc=58.55 test_acc=54.18
epoch=3/300 lr=0.10000 train_acc=68.03 test_acc=65.00
epoch=4/300 lr=0.10000 train_acc=72.94 test_acc=68.69
epoch=5/300 lr=0.10000 train_acc=75.67 test_acc=68.21
epoch=6/300 lr=0.10000 train_acc=77.18 test_acc=68.18
epoch=7/300 lr=0.10000 train_acc=78.57 test_acc=63.44
epoch=8/300 lr=0.10000 train_acc=79.39 test_acc=76.19
epoch=9/300 lr=0.10000 train_acc=80.18 test_acc=74.99
epoch=10/300 lr=0.10000 train_acc=80.62 test_acc=70.63
epoch=11/300 lr=0.10000 train_acc=81.20 test_acc=76.07
epoch=12/300 lr=0.10000 train_acc=81.36 test_acc=67.98
epoch=13/300 lr=0.10000 train_acc=81.57 test_acc=78.23
epoch=14/300 lr=0.10000 train_acc=82.29 test_acc=63.74
epoch=15/300 lr=0.10000 train_acc=82.50 test_acc=70.95
epoch=16/300 lr=0.10000 train_acc=82.71 test_acc=76.37
epoch=17/300 lr=0.10000 train_acc=82.74 test_acc=71.83
epoch=18/300 lr=0.10000 train_acc=83.15 test_acc=80.23
epoch=19/300 lr=0.10000 train_acc=83.41 test_acc=68.76
epoch=20/300 lr=0.10000 train_acc=83.49 test_acc=76.97
epoch=21/300 lr=0.10000 train_acc=83.59 test_acc=79.96
epoch=22/300 lr=0.10000 train_acc=83.89 test_acc=76.47
epoch=23/300 lr=0.10000 train_acc=83.78 test_acc=79.82
epoch=24/300 lr=0.10000 train_acc=84.07 test_acc=75.36
epoch=25/300 lr=0.10000 train_acc=84.12 test_acc=78.36
epoch=26/300 lr=0.10000 train_acc=84.15 test_acc=75.75
epoch=27/300 lr=0.10000 train_acc=84.19 test_acc=79.76
epoch=28/300 lr=0.10000 train_acc=84.36 test_acc=79.55
epoch=29/300 lr=0.10000 train_acc=84.53 test_acc=79.82
epoch=30/300 lr=0.10000 train_acc=84.62 test_acc=78.53
epoch=31/300 lr=0.10000 train_acc=84.60 test_acc=83.48
epoch=32/300 lr=0.10000 train_acc=84.77 test_acc=78.88
epoch=33/300 lr=0.10000 train_acc=84.93 test_acc=80.50
epoch=34/300 lr=0.10000 train_acc=84.81 test_acc=77.17
epoch=35/300 lr=0.10000 train_acc=84.89 test_acc=80.28
epoch=36/300 lr=0.10000 train_acc=85.14 test_acc=77.02
epoch=37/300 lr=0.10000 train_acc=84.90 test_acc=77.57
epoch=38/300 lr=0.10000 train_acc=85.05 test_acc=80.83
epoch=39/300 lr=0.10000 train_acc=85.24 test_acc=83.03
epoch=40/300 lr=0.10000 train_acc=85.49 test_acc=81.87
epoch=41/300 lr=0.10000 train_acc=85.15 test_acc=80.24
epoch=42/300 lr=0.10000 train_acc=85.45 test_acc=80.25
epoch=43/300 lr=0.10000 train_acc=85.34 test_acc=80.06
epoch=44/300 lr=0.10000 train_acc=85.23 test_acc=78.79
epoch=45/300 lr=0.10000 train_acc=85.32 test_acc=82.65
epoch=46/300 lr=0.10000 train_acc=85.67 test_acc=82.05
epoch=47/300 lr=0.10000 train_acc=85.46 test_acc=77.46
epoch=48/300 lr=0.10000 train_acc=85.76 test_acc=78.14
epoch=49/300 lr=0.10000 train_acc=85.38 test_acc=81.39
epoch=50/300 lr=0.10000 train_acc=85.71 test_acc=75.10
epoch=51/300 lr=0.10000 train_acc=85.69 test_acc=81.35
epoch=52/300 lr=0.10000 train_acc=85.55 test_acc=79.44
epoch=53/300 lr=0.10000 train_acc=85.57 test_acc=72.26
epoch=54/300 lr=0.10000 train_acc=85.66 test_acc=69.23
epoch=55/300 lr=0.10000 train_acc=85.86 test_acc=80.16
epoch=56/300 lr=0.10000 train_acc=85.79 test_acc=76.08
epoch=57/300 lr=0.10000 train_acc=85.80 test_acc=76.32
epoch=58/300 lr=0.10000 train_acc=86.15 test_acc=75.80
epoch=59/300 lr=0.10000 train_acc=85.80 test_acc=78.49
epoch=60/300 lr=0.10000 train_acc=85.77 test_acc=74.94
epoch=61/300 lr=0.10000 train_acc=85.80 test_acc=77.51
epoch=62/300 lr=0.10000 train_acc=85.84 test_acc=80.57
epoch=63/300 lr=0.10000 train_acc=86.01 test_acc=80.61
epoch=64/300 lr=0.10000 train_acc=85.74 test_acc=74.11
epoch=65/300 lr=0.10000 train_acc=85.99 test_acc=68.09
epoch=66/300 lr=0.10000 train_acc=85.82 test_acc=80.15
epoch=67/300 lr=0.10000 train_acc=86.13 test_acc=78.13
epoch=68/300 lr=0.10000 train_acc=85.78 test_acc=82.06
epoch=69/300 lr=0.10000 train_acc=85.96 test_acc=79.48
epoch=70/300 lr=0.10000 train_acc=86.30 test_acc=81.23
epoch=71/300 lr=0.10000 train_acc=86.27 test_acc=75.60
epoch=72/300 lr=0.10000 train_acc=86.17 test_acc=79.43
epoch=73/300 lr=0.10000 train_acc=86.09 test_acc=79.02
epoch=74/300 lr=0.10000 train_acc=85.82 test_acc=82.47
epoch=75/300 lr=0.10000 train_acc=86.36 test_acc=83.28
epoch=76/300 lr=0.10000 train_acc=86.31 test_acc=82.65
epoch=77/300 lr=0.10000 train_acc=86.11 test_acc=82.15
epoch=78/300 lr=0.10000 train_acc=86.40 test_acc=74.15
epoch=79/300 lr=0.10000 train_acc=86.32 test_acc=82.84
epoch=80/300 lr=0.10000 train_acc=86.31 test_acc=79.30
epoch=81/300 lr=0.10000 train_acc=86.30 test_acc=80.31
epoch=82/300 lr=0.10000 train_acc=86.17 test_acc=80.51
epoch=83/300 lr=0.10000 train_acc=86.19 test_acc=80.08
epoch=84/300 lr=0.10000 train_acc=86.19 test_acc=82.88
epoch=85/300 lr=0.10000 train_acc=85.92 test_acc=76.55
epoch=86/300 lr=0.10000 train_acc=86.50 test_acc=82.29
epoch=87/300 lr=0.10000 train_acc=86.07 test_acc=77.26
epoch=88/300 lr=0.10000 train_acc=86.34 test_acc=82.34
epoch=89/300 lr=0.10000 train_acc=86.33 test_acc=77.43
epoch=90/300 lr=0.10000 train_acc=86.29 test_acc=80.42
epoch=91/300 lr=0.10000 train_acc=86.32 test_acc=79.89
epoch=92/300 lr=0.10000 train_acc=86.28 test_acc=79.21
epoch=93/300 lr=0.10000 train_acc=86.39 test_acc=80.69
epoch=94/300 lr=0.10000 train_acc=86.34 test_acc=82.15
epoch=95/300 lr=0.10000 train_acc=86.24 test_acc=74.27
epoch=96/300 lr=0.10000 train_acc=86.43 test_acc=79.40
epoch=97/300 lr=0.10000 train_acc=86.43 test_acc=82.22
epoch=98/300 lr=0.10000 train_acc=86.32 test_acc=81.04
epoch=99/300 lr=0.10000 train_acc=86.53 test_acc=82.52
epoch=100/300 lr=0.10000 train_acc=86.42 test_acc=82.01
epoch=101/300 lr=0.10000 train_acc=86.73 test_acc=76.99
epoch=102/300 lr=0.10000 train_acc=86.26 test_acc=73.95
epoch=103/300 lr=0.10000 train_acc=86.38 test_acc=79.76
epoch=104/300 lr=0.10000 train_acc=86.48 test_acc=81.85
epoch=105/300 lr=0.10000 train_acc=86.31 test_acc=76.51
epoch=106/300 lr=0.10000 train_acc=86.36 test_acc=80.37
epoch=107/300 lr=0.10000 train_acc=86.63 test_acc=76.53
epoch=108/300 lr=0.10000 train_acc=86.38 test_acc=78.70
epoch=109/300 lr=0.10000 train_acc=86.53 test_acc=77.86
epoch=110/300 lr=0.10000 train_acc=86.62 test_acc=81.99
epoch=111/300 lr=0.10000 train_acc=86.66 test_acc=82.21
epoch=112/300 lr=0.10000 train_acc=86.64 test_acc=73.30
epoch=113/300 lr=0.10000 train_acc=86.58 test_acc=82.13
epoch=114/300 lr=0.10000 train_acc=86.30 test_acc=78.99
epoch=115/300 lr=0.10000 train_acc=86.48 test_acc=68.71
epoch=116/300 lr=0.10000 train_acc=86.62 test_acc=78.81
epoch=117/300 lr=0.10000 train_acc=86.41 test_acc=81.61
epoch=118/300 lr=0.10000 train_acc=86.48 test_acc=78.34
epoch=119/300 lr=0.10000 train_acc=86.67 test_acc=79.52
epoch=120/300 lr=0.10000 train_acc=86.54 test_acc=80.71
epoch=121/300 lr=0.10000 train_acc=86.83 test_acc=81.68
epoch=122/300 lr=0.10000 train_acc=86.78 test_acc=79.00
epoch=123/300 lr=0.10000 train_acc=86.47 test_acc=78.99
epoch=124/300 lr=0.10000 train_acc=86.62 test_acc=76.47
epoch=125/300 lr=0.10000 train_acc=86.53 test_acc=82.89
epoch=126/300 lr=0.10000 train_acc=86.68 test_acc=77.60
epoch=127/300 lr=0.10000 train_acc=86.65 test_acc=81.65
epoch=128/300 lr=0.10000 train_acc=86.55 test_acc=82.33
epoch=129/300 lr=0.10000 train_acc=86.53 test_acc=79.39
epoch=130/300 lr=0.10000 train_acc=86.78 test_acc=75.30
epoch=131/300 lr=0.10000 train_acc=86.62 test_acc=81.51
epoch=132/300 lr=0.10000 train_acc=86.78 test_acc=80.98
epoch=133/300 lr=0.10000 train_acc=86.65 test_acc=79.94
epoch=134/300 lr=0.10000 train_acc=86.63 test_acc=79.98
epoch=135/300 lr=0.10000 train_acc=86.67 test_acc=83.63
epoch=136/300 lr=0.10000 train_acc=86.35 test_acc=82.98
epoch=137/300 lr=0.10000 train_acc=86.66 test_acc=82.33
epoch=138/300 lr=0.10000 train_acc=86.55 test_acc=82.38
epoch=139/300 lr=0.10000 train_acc=86.52 test_acc=79.01
epoch=140/300 lr=0.10000 train_acc=86.89 test_acc=81.19
epoch=141/300 lr=0.10000 train_acc=86.89 test_acc=77.33
epoch=142/300 lr=0.10000 train_acc=86.52 test_acc=79.96
epoch=143/300 lr=0.10000 train_acc=86.66 test_acc=79.51
epoch=144/300 lr=0.10000 train_acc=86.75 test_acc=82.37
epoch=145/300 lr=0.10000 train_acc=86.84 test_acc=76.76
epoch=146/300 lr=0.10000 train_acc=86.65 test_acc=84.05
epoch=147/300 lr=0.10000 train_acc=86.71 test_acc=79.33
epoch=148/300 lr=0.10000 train_acc=86.78 test_acc=82.07
epoch=149/300 lr=0.10000 train_acc=86.58 test_acc=76.02
epoch=150/300 lr=0.10000 train_acc=86.72 test_acc=81.38
epoch=151/300 lr=0.01000 train_acc=91.85 test_acc=90.87
epoch=152/300 lr=0.01000 train_acc=93.57 test_acc=91.48
epoch=153/300 lr=0.01000 train_acc=94.08 test_acc=91.64
epoch=154/300 lr=0.01000 train_acc=94.56 test_acc=91.69
epoch=155/300 lr=0.01000 train_acc=94.92 test_acc=91.65
epoch=156/300 lr=0.01000 train_acc=95.20 test_acc=91.68
epoch=157/300 lr=0.01000 train_acc=95.37 test_acc=91.77
epoch=158/300 lr=0.01000 train_acc=95.61 test_acc=91.78
epoch=159/300 lr=0.01000 train_acc=95.78 test_acc=92.23
epoch=160/300 lr=0.01000 train_acc=96.01 test_acc=91.77
epoch=161/300 lr=0.01000 train_acc=96.05 test_acc=91.94
epoch=162/300 lr=0.01000 train_acc=96.22 test_acc=91.89
epoch=163/300 lr=0.01000 train_acc=96.31 test_acc=91.64
epoch=164/300 lr=0.01000 train_acc=96.50 test_acc=91.63
epoch=165/300 lr=0.01000 train_acc=96.48 test_acc=91.74
epoch=166/300 lr=0.01000 train_acc=96.67 test_acc=91.57
epoch=167/300 lr=0.01000 train_acc=96.61 test_acc=91.05
epoch=168/300 lr=0.01000 train_acc=96.50 test_acc=91.91
epoch=169/300 lr=0.01000 train_acc=96.62 test_acc=91.60
epoch=170/300 lr=0.01000 train_acc=96.57 test_acc=91.19
epoch=171/300 lr=0.01000 train_acc=96.71 test_acc=91.06
epoch=172/300 lr=0.01000 train_acc=96.83 test_acc=91.81
epoch=173/300 lr=0.01000 train_acc=96.84 test_acc=91.74
epoch=174/300 lr=0.01000 train_acc=96.73 test_acc=91.09
epoch=175/300 lr=0.01000 train_acc=96.75 test_acc=91.39
epoch=176/300 lr=0.01000 train_acc=96.88 test_acc=91.38
epoch=177/300 lr=0.01000 train_acc=96.69 test_acc=91.59
epoch=178/300 lr=0.01000 train_acc=96.67 test_acc=91.14
epoch=179/300 lr=0.01000 train_acc=96.66 test_acc=90.87
epoch=180/300 lr=0.01000 train_acc=96.70 test_acc=91.45
epoch=181/300 lr=0.01000 train_acc=96.67 test_acc=90.65
epoch=182/300 lr=0.01000 train_acc=96.66 test_acc=90.71
epoch=183/300 lr=0.01000 train_acc=96.50 test_acc=91.04
epoch=184/300 lr=0.01000 train_acc=96.75 test_acc=90.70
epoch=185/300 lr=0.01000 train_acc=96.49 test_acc=90.31
epoch=186/300 lr=0.01000 train_acc=96.54 test_acc=91.15
epoch=187/300 lr=0.01000 train_acc=96.63 test_acc=91.55
epoch=188/300 lr=0.01000 train_acc=96.73 test_acc=91.48
epoch=189/300 lr=0.01000 train_acc=96.51 test_acc=91.85
epoch=190/300 lr=0.01000 train_acc=96.67 test_acc=90.70
epoch=191/300 lr=0.01000 train_acc=96.68 test_acc=91.49
epoch=192/300 lr=0.01000 train_acc=96.71 test_acc=89.03
epoch=193/300 lr=0.01000 train_acc=96.60 test_acc=91.34
epoch=194/300 lr=0.01000 train_acc=96.63 test_acc=91.00
epoch=195/300 lr=0.01000 train_acc=96.55 test_acc=90.78
epoch=196/300 lr=0.01000 train_acc=96.73 test_acc=91.24
epoch=197/300 lr=0.01000 train_acc=96.69 test_acc=90.47
epoch=198/300 lr=0.01000 train_acc=96.67 test_acc=88.63
epoch=199/300 lr=0.01000 train_acc=96.62 test_acc=91.24
epoch=200/300 lr=0.01000 train_acc=96.58 test_acc=90.84
epoch=201/300 lr=0.01000 train_acc=96.74 test_acc=90.30
epoch=202/300 lr=0.01000 train_acc=96.81 test_acc=90.40
epoch=203/300 lr=0.01000 train_acc=96.54 test_acc=89.84
epoch=204/300 lr=0.01000 train_acc=96.55 test_acc=89.79
epoch=205/300 lr=0.01000 train_acc=96.71 test_acc=90.68
epoch=206/300 lr=0.01000 train_acc=96.58 test_acc=88.99
epoch=207/300 lr=0.01000 train_acc=96.64 test_acc=89.98
epoch=208/300 lr=0.01000 train_acc=96.69 test_acc=90.88
epoch=209/300 lr=0.01000 train_acc=96.64 test_acc=89.71
epoch=210/300 lr=0.01000 train_acc=96.71 test_acc=91.16
epoch=211/300 lr=0.01000 train_acc=96.85 test_acc=91.15
epoch=212/300 lr=0.01000 train_acc=96.66 test_acc=91.18
epoch=213/300 lr=0.01000 train_acc=96.65 test_acc=90.17
epoch=214/300 lr=0.01000 train_acc=96.71 test_acc=90.48
epoch=215/300 lr=0.01000 train_acc=96.77 test_acc=89.94
epoch=216/300 lr=0.01000 train_acc=96.88 test_acc=90.54
epoch=217/300 lr=0.01000 train_acc=96.61 test_acc=91.09
epoch=218/300 lr=0.01000 train_acc=96.52 test_acc=88.65
epoch=219/300 lr=0.01000 train_acc=96.56 test_acc=90.39
epoch=220/300 lr=0.01000 train_acc=96.79 test_acc=90.93
epoch=221/300 lr=0.01000 train_acc=96.92 test_acc=91.20
epoch=222/300 lr=0.01000 train_acc=96.74 test_acc=90.68
epoch=223/300 lr=0.01000 train_acc=96.78 test_acc=90.45
epoch=224/300 lr=0.01000 train_acc=96.59 test_acc=89.57
epoch=225/300 lr=0.01000 train_acc=96.74 test_acc=90.15
epoch=226/300 lr=0.00100 train_acc=98.31 test_acc=92.87
epoch=227/300 lr=0.00100 train_acc=98.92 test_acc=93.11
epoch=228/300 lr=0.00100 train_acc=99.14 test_acc=93.23
epoch=229/300 lr=0.00100 train_acc=99.25 test_acc=93.19
epoch=230/300 lr=0.00100 train_acc=99.36 test_acc=93.19
epoch=231/300 lr=0.00100 train_acc=99.44 test_acc=93.02
epoch=232/300 lr=0.00100 train_acc=99.45 test_acc=93.22
epoch=233/300 lr=0.00100 train_acc=99.54 test_acc=93.20
epoch=234/300 lr=0.00100 train_acc=99.46 test_acc=93.26
epoch=235/300 lr=0.00100 train_acc=99.55 test_acc=93.18
epoch=236/300 lr=0.00100 train_acc=99.56 test_acc=93.24
epoch=237/300 lr=0.00100 train_acc=99.57 test_acc=93.34
epoch=238/300 lr=0.00100 train_acc=99.65 test_acc=93.34
epoch=239/300 lr=0.00100 train_acc=99.67 test_acc=93.34
epoch=240/300 lr=0.00100 train_acc=99.70 test_acc=93.37
epoch=241/300 lr=0.00100 train_acc=99.68 test_acc=93.26
epoch=242/300 lr=0.00100 train_acc=99.70 test_acc=93.32
epoch=243/300 lr=0.00100 train_acc=99.71 test_acc=93.43
epoch=244/300 lr=0.00100 train_acc=99.72 test_acc=93.30
epoch=245/300 lr=0.00100 train_acc=99.74 test_acc=93.18
epoch=246/300 lr=0.00100 train_acc=99.73 test_acc=93.41
epoch=247/300 lr=0.00100 train_acc=99.75 test_acc=93.33
epoch=248/300 lr=0.00100 train_acc=99.76 test_acc=93.31
epoch=249/300 lr=0.00100 train_acc=99.76 test_acc=93.35
epoch=250/300 lr=0.00100 train_acc=99.76 test_acc=93.44
epoch=251/300 lr=0.00100 train_acc=99.78 test_acc=93.40
epoch=252/300 lr=0.00100 train_acc=99.77 test_acc=93.18
epoch=253/300 lr=0.00100 train_acc=99.81 test_acc=93.49
epoch=254/300 lr=0.00100 train_acc=99.80 test_acc=93.44
epoch=255/300 lr=0.00100 train_acc=99.80 test_acc=93.54
epoch=256/300 lr=0.00100 train_acc=99.80 test_acc=93.32
epoch=257/300 lr=0.00100 train_acc=99.82 test_acc=93.44
epoch=258/300 lr=0.00100 train_acc=99.83 test_acc=93.52
epoch=259/300 lr=0.00100 train_acc=99.80 test_acc=93.45
epoch=260/300 lr=0.00100 train_acc=99.83 test_acc=93.60
epoch=261/300 lr=0.00100 train_acc=99.80 test_acc=93.48
epoch=262/300 lr=0.00100 train_acc=99.84 test_acc=93.43
epoch=263/300 lr=0.00100 train_acc=99.82 test_acc=93.45
epoch=264/300 lr=0.00100 train_acc=99.83 test_acc=93.68
epoch=265/300 lr=0.00100 train_acc=99.84 test_acc=93.39
epoch=266/300 lr=0.00100 train_acc=99.87 test_acc=93.55
epoch=267/300 lr=0.00100 train_acc=99.87 test_acc=93.53
epoch=268/300 lr=0.00100 train_acc=99.85 test_acc=93.52
epoch=269/300 lr=0.00100 train_acc=99.85 test_acc=93.48
epoch=270/300 lr=0.00100 train_acc=99.87 test_acc=93.21
epoch=271/300 lr=0.00100 train_acc=99.84 test_acc=93.50
epoch=272/300 lr=0.00100 train_acc=99.90 test_acc=93.35
epoch=273/300 lr=0.00100 train_acc=99.85 test_acc=93.32
epoch=274/300 lr=0.00100 train_acc=99.84 test_acc=93.46
epoch=275/300 lr=0.00100 train_acc=99.88 test_acc=93.45
epoch=276/300 lr=0.00100 train_acc=99.85 test_acc=93.54
epoch=277/300 lr=0.00100 train_acc=99.85 test_acc=93.36
epoch=278/300 lr=0.00100 train_acc=99.86 test_acc=93.61
epoch=279/300 lr=0.00100 train_acc=99.87 test_acc=93.42
epoch=280/300 lr=0.00100 train_acc=99.89 test_acc=93.47
epoch=281/300 lr=0.00100 train_acc=99.88 test_acc=93.35
epoch=282/300 lr=0.00100 train_acc=99.84 test_acc=93.49
epoch=283/300 lr=0.00100 train_acc=99.90 test_acc=93.54
epoch=284/300 lr=0.00100 train_acc=99.90 test_acc=93.49
epoch=285/300 lr=0.00100 train_acc=99.90 test_acc=93.40
epoch=286/300 lr=0.00100 train_acc=99.89 test_acc=93.59
epoch=287/300 lr=0.00100 train_acc=99.88 test_acc=93.55
epoch=288/300 lr=0.00100 train_acc=99.89 test_acc=93.43
epoch=289/300 lr=0.00100 train_acc=99.92 test_acc=93.58
epoch=290/300 lr=0.00100 train_acc=99.91 test_acc=93.48
epoch=291/300 lr=0.00100 train_acc=99.89 test_acc=93.47
epoch=292/300 lr=0.00100 train_acc=99.87 test_acc=93.47
epoch=293/300 lr=0.00100 train_acc=99.90 test_acc=93.34
epoch=294/300 lr=0.00100 train_acc=99.91 test_acc=93.57
epoch=295/300 lr=0.00100 train_acc=99.88 test_acc=93.45
epoch=296/300 lr=0.00100 train_acc=99.91 test_acc=93.54
epoch=297/300 lr=0.00100 train_acc=99.91 test_acc=93.53
epoch=298/300 lr=0.00100 train_acc=99.89 test_acc=93.50
epoch=299/300 lr=0.00100 train_acc=99.90 test_acc=93.61
epoch=300/300 lr=0.00100 train_acc=99.91 test_acc=93.56
{
  "best_accuracy": 93.68,
  "best_error_rate": 6.319999999999993,
  "final_accuracy": 93.56,
  "final_error_rate": 6.439999999999998,
  "elapsed_seconds": 2894.956121444702,
  "is_paper_result": false,
  "note": "New reproduction result; compare against paper target separately."
}
start experiment=cifar10_resnet32_baseline seed=1003
epoch=1/300 lr=0.10000 train_acc=36.49 test_acc=45.20
epoch=2/300 lr=0.10000 train_acc=57.26 test_acc=59.24
epoch=3/300 lr=0.10000 train_acc=66.08 test_acc=68.11
epoch=4/300 lr=0.10000 train_acc=71.77 test_acc=64.41
epoch=5/300 lr=0.10000 train_acc=74.63 test_acc=72.19
epoch=6/300 lr=0.10000 train_acc=76.88 test_acc=70.52
epoch=7/300 lr=0.10000 train_acc=77.87 test_acc=75.43
epoch=8/300 lr=0.10000 train_acc=79.05 test_acc=67.60
epoch=9/300 lr=0.10000 train_acc=80.03 test_acc=70.11
epoch=10/300 lr=0.10000 train_acc=80.42 test_acc=73.14
epoch=11/300 lr=0.10000 train_acc=80.84 test_acc=73.52
epoch=12/300 lr=0.10000 train_acc=81.50 test_acc=72.21
epoch=13/300 lr=0.10000 train_acc=82.10 test_acc=75.36
epoch=14/300 lr=0.10000 train_acc=82.39 test_acc=74.08
epoch=15/300 lr=0.10000 train_acc=82.17 test_acc=71.49
epoch=16/300 lr=0.10000 train_acc=82.67 test_acc=69.51
epoch=17/300 lr=0.10000 train_acc=82.48 test_acc=81.72
epoch=18/300 lr=0.10000 train_acc=83.47 test_acc=76.99
epoch=19/300 lr=0.10000 train_acc=83.57 test_acc=74.05
epoch=20/300 lr=0.10000 train_acc=83.62 test_acc=74.18
epoch=21/300 lr=0.10000 train_acc=83.81 test_acc=79.80
epoch=22/300 lr=0.10000 train_acc=83.89 test_acc=74.31
epoch=23/300 lr=0.10000 train_acc=83.99 test_acc=72.57
epoch=24/300 lr=0.10000 train_acc=84.06 test_acc=67.14
epoch=25/300 lr=0.10000 train_acc=83.96 test_acc=77.60
epoch=26/300 lr=0.10000 train_acc=84.33 test_acc=71.93
epoch=27/300 lr=0.10000 train_acc=84.49 test_acc=70.78
epoch=28/300 lr=0.10000 train_acc=84.61 test_acc=80.88
epoch=29/300 lr=0.10000 train_acc=84.70 test_acc=78.32
epoch=30/300 lr=0.10000 train_acc=84.75 test_acc=67.62
epoch=31/300 lr=0.10000 train_acc=84.65 test_acc=80.75
epoch=32/300 lr=0.10000 train_acc=84.94 test_acc=81.07
epoch=33/300 lr=0.10000 train_acc=84.82 test_acc=77.04
epoch=34/300 lr=0.10000 train_acc=84.74 test_acc=70.43
epoch=35/300 lr=0.10000 train_acc=85.26 test_acc=80.52
epoch=36/300 lr=0.10000 train_acc=85.23 test_acc=79.62
epoch=37/300 lr=0.10000 train_acc=85.24 test_acc=76.32
epoch=38/300 lr=0.10000 train_acc=85.15 test_acc=80.83
epoch=39/300 lr=0.10000 train_acc=85.11 test_acc=82.05
epoch=40/300 lr=0.10000 train_acc=85.06 test_acc=79.39
epoch=41/300 lr=0.10000 train_acc=85.63 test_acc=84.67
epoch=42/300 lr=0.10000 train_acc=85.53 test_acc=81.51
epoch=43/300 lr=0.10000 train_acc=85.27 test_acc=69.63
epoch=44/300 lr=0.10000 train_acc=85.18 test_acc=76.10
epoch=45/300 lr=0.10000 train_acc=85.66 test_acc=80.86
epoch=46/300 lr=0.10000 train_acc=85.57 test_acc=81.01
epoch=47/300 lr=0.10000 train_acc=85.51 test_acc=76.71
epoch=48/300 lr=0.10000 train_acc=85.56 test_acc=77.73
epoch=49/300 lr=0.10000 train_acc=85.56 test_acc=78.65
epoch=50/300 lr=0.10000 train_acc=85.67 test_acc=80.14
epoch=51/300 lr=0.10000 train_acc=85.70 test_acc=83.49
epoch=52/300 lr=0.10000 train_acc=85.73 test_acc=78.80
epoch=53/300 lr=0.10000 train_acc=85.90 test_acc=81.07
epoch=54/300 lr=0.10000 train_acc=85.44 test_acc=76.50
epoch=55/300 lr=0.10000 train_acc=85.82 test_acc=77.13
epoch=56/300 lr=0.10000 train_acc=85.86 test_acc=82.30
epoch=57/300 lr=0.10000 train_acc=86.12 test_acc=80.26
epoch=58/300 lr=0.10000 train_acc=85.97 test_acc=81.62
epoch=59/300 lr=0.10000 train_acc=85.89 test_acc=81.98
epoch=60/300 lr=0.10000 train_acc=86.05 test_acc=80.55
epoch=61/300 lr=0.10000 train_acc=86.14 test_acc=79.15
epoch=62/300 lr=0.10000 train_acc=86.18 test_acc=80.40
epoch=63/300 lr=0.10000 train_acc=86.06 test_acc=81.55
epoch=64/300 lr=0.10000 train_acc=85.81 test_acc=74.35
epoch=65/300 lr=0.10000 train_acc=85.96 test_acc=80.93
epoch=66/300 lr=0.10000 train_acc=85.89 test_acc=74.66
epoch=67/300 lr=0.10000 train_acc=85.93 test_acc=70.28
epoch=68/300 lr=0.10000 train_acc=86.12 test_acc=77.18
epoch=69/300 lr=0.10000 train_acc=86.01 test_acc=77.80
epoch=70/300 lr=0.10000 train_acc=86.19 test_acc=81.34
epoch=71/300 lr=0.10000 train_acc=86.34 test_acc=74.95
epoch=72/300 lr=0.10000 train_acc=86.24 test_acc=83.31
epoch=73/300 lr=0.10000 train_acc=86.19 test_acc=76.02
epoch=74/300 lr=0.10000 train_acc=86.27 test_acc=79.76
epoch=75/300 lr=0.10000 train_acc=86.18 test_acc=77.92
epoch=76/300 lr=0.10000 train_acc=86.28 test_acc=79.95
epoch=77/300 lr=0.10000 train_acc=86.41 test_acc=80.80
epoch=78/300 lr=0.10000 train_acc=85.88 test_acc=77.42
epoch=79/300 lr=0.10000 train_acc=86.22 test_acc=82.23
epoch=80/300 lr=0.10000 train_acc=86.13 test_acc=80.97
epoch=81/300 lr=0.10000 train_acc=86.10 test_acc=79.88
epoch=82/300 lr=0.10000 train_acc=86.31 test_acc=84.61
epoch=83/300 lr=0.10000 train_acc=86.33 test_acc=81.02
epoch=84/300 lr=0.10000 train_acc=86.41 test_acc=76.09
epoch=85/300 lr=0.10000 train_acc=86.03 test_acc=80.23
epoch=86/300 lr=0.10000 train_acc=86.51 test_acc=75.45
epoch=87/300 lr=0.10000 train_acc=86.45 test_acc=80.27
epoch=88/300 lr=0.10000 train_acc=86.58 test_acc=79.24
epoch=89/300 lr=0.10000 train_acc=86.41 test_acc=75.21
epoch=90/300 lr=0.10000 train_acc=86.39 test_acc=78.46
epoch=91/300 lr=0.10000 train_acc=86.43 test_acc=78.67
epoch=92/300 lr=0.10000 train_acc=86.40 test_acc=79.63
epoch=93/300 lr=0.10000 train_acc=86.24 test_acc=77.24
epoch=94/300 lr=0.10000 train_acc=86.63 test_acc=80.98
epoch=95/300 lr=0.10000 train_acc=86.47 test_acc=77.28
epoch=96/300 lr=0.10000 train_acc=86.62 test_acc=82.79
epoch=97/300 lr=0.10000 train_acc=86.47 test_acc=80.18
epoch=98/300 lr=0.10000 train_acc=86.52 test_acc=73.14
epoch=99/300 lr=0.10000 train_acc=86.46 test_acc=76.55
epoch=100/300 lr=0.10000 train_acc=86.50 test_acc=80.79
epoch=101/300 lr=0.10000 train_acc=86.62 test_acc=79.55
epoch=102/300 lr=0.10000 train_acc=86.56 test_acc=79.78
epoch=103/300 lr=0.10000 train_acc=86.68 test_acc=81.58
epoch=104/300 lr=0.10000 train_acc=86.20 test_acc=81.92
epoch=105/300 lr=0.10000 train_acc=86.60 test_acc=76.41
epoch=106/300 lr=0.10000 train_acc=86.44 test_acc=82.13
epoch=107/300 lr=0.10000 train_acc=86.64 test_acc=82.21
epoch=108/300 lr=0.10000 train_acc=86.73 test_acc=81.38
epoch=109/300 lr=0.10000 train_acc=86.37 test_acc=79.80
epoch=110/300 lr=0.10000 train_acc=86.82 test_acc=76.68
epoch=111/300 lr=0.10000 train_acc=86.61 test_acc=79.03
epoch=112/300 lr=0.10000 train_acc=86.82 test_acc=81.20
epoch=113/300 lr=0.10000 train_acc=86.63 test_acc=79.13
epoch=114/300 lr=0.10000 train_acc=86.82 test_acc=72.30
epoch=115/300 lr=0.10000 train_acc=86.63 test_acc=81.81
epoch=116/300 lr=0.10000 train_acc=86.75 test_acc=84.06
epoch=117/300 lr=0.10000 train_acc=86.30 test_acc=82.01
epoch=118/300 lr=0.10000 train_acc=86.84 test_acc=82.04
epoch=119/300 lr=0.10000 train_acc=86.93 test_acc=82.31
epoch=120/300 lr=0.10000 train_acc=86.39 test_acc=79.13
epoch=121/300 lr=0.10000 train_acc=86.75 test_acc=80.07
epoch=122/300 lr=0.10000 train_acc=86.67 test_acc=71.72
epoch=123/300 lr=0.10000 train_acc=86.62 test_acc=81.19
epoch=124/300 lr=0.10000 train_acc=86.77 test_acc=79.10
epoch=125/300 lr=0.10000 train_acc=86.58 test_acc=80.30
epoch=126/300 lr=0.10000 train_acc=86.54 test_acc=81.84
epoch=127/300 lr=0.10000 train_acc=86.63 test_acc=68.07
epoch=128/300 lr=0.10000 train_acc=86.69 test_acc=75.78
epoch=129/300 lr=0.10000 train_acc=86.66 test_acc=81.24
epoch=130/300 lr=0.10000 train_acc=86.57 test_acc=83.14
epoch=131/300 lr=0.10000 train_acc=86.93 test_acc=81.48
epoch=132/300 lr=0.10000 train_acc=86.55 test_acc=75.17
epoch=133/300 lr=0.10000 train_acc=86.54 test_acc=82.62
epoch=134/300 lr=0.10000 train_acc=86.88 test_acc=78.66
epoch=135/300 lr=0.10000 train_acc=86.71 test_acc=84.06
epoch=136/300 lr=0.10000 train_acc=86.73 test_acc=82.83
epoch=137/300 lr=0.10000 train_acc=86.44 test_acc=77.49
epoch=138/300 lr=0.10000 train_acc=86.99 test_acc=77.24
epoch=139/300 lr=0.10000 train_acc=86.64 test_acc=83.29
epoch=140/300 lr=0.10000 train_acc=86.78 test_acc=82.25
epoch=141/300 lr=0.10000 train_acc=86.48 test_acc=79.73
epoch=142/300 lr=0.10000 train_acc=86.59 test_acc=76.59
epoch=143/300 lr=0.10000 train_acc=86.87 test_acc=83.70
epoch=144/300 lr=0.10000 train_acc=86.61 test_acc=78.75
epoch=145/300 lr=0.10000 train_acc=86.52 test_acc=80.49
epoch=146/300 lr=0.10000 train_acc=86.86 test_acc=71.23
epoch=147/300 lr=0.10000 train_acc=86.68 test_acc=81.46
epoch=148/300 lr=0.10000 train_acc=86.87 test_acc=81.51
epoch=149/300 lr=0.10000 train_acc=86.91 test_acc=81.71
epoch=150/300 lr=0.10000 train_acc=86.60 test_acc=83.64
epoch=151/300 lr=0.01000 train_acc=92.15 test_acc=91.62
epoch=152/300 lr=0.01000 train_acc=93.68 test_acc=91.84
epoch=153/300 lr=0.01000 train_acc=94.22 test_acc=91.81
epoch=154/300 lr=0.01000 train_acc=94.58 test_acc=92.21
epoch=155/300 lr=0.01000 train_acc=94.80 test_acc=92.10
epoch=156/300 lr=0.01000 train_acc=95.36 test_acc=91.93
epoch=157/300 lr=0.01000 train_acc=95.47 test_acc=92.18
epoch=158/300 lr=0.01000 train_acc=95.73 test_acc=92.04
epoch=159/300 lr=0.01000 train_acc=95.80 test_acc=92.55
epoch=160/300 lr=0.01000 train_acc=96.19 test_acc=91.84
epoch=161/300 lr=0.01000 train_acc=96.21 test_acc=92.40
epoch=162/300 lr=0.01000 train_acc=96.42 test_acc=91.98
epoch=163/300 lr=0.01000 train_acc=96.44 test_acc=92.12
epoch=164/300 lr=0.01000 train_acc=96.51 test_acc=92.02
epoch=165/300 lr=0.01000 train_acc=96.60 test_acc=92.07
epoch=166/300 lr=0.01000 train_acc=96.72 test_acc=91.56
epoch=167/300 lr=0.01000 train_acc=96.77 test_acc=91.33
epoch=168/300 lr=0.01000 train_acc=96.74 test_acc=91.56
epoch=169/300 lr=0.01000 train_acc=96.78 test_acc=91.69
epoch=170/300 lr=0.01000 train_acc=96.81 test_acc=92.19
epoch=171/300 lr=0.01000 train_acc=96.82 test_acc=91.31
epoch=172/300 lr=0.01000 train_acc=96.89 test_acc=91.82
epoch=173/300 lr=0.01000 train_acc=96.82 test_acc=91.57
epoch=174/300 lr=0.01000 train_acc=97.05 test_acc=91.46
epoch=175/300 lr=0.01000 train_acc=96.85 test_acc=91.27
epoch=176/300 lr=0.01000 train_acc=96.83 test_acc=91.49
epoch=177/300 lr=0.01000 train_acc=96.79 test_acc=90.68
epoch=178/300 lr=0.01000 train_acc=96.85 test_acc=90.54
epoch=179/300 lr=0.01000 train_acc=96.88 test_acc=89.88
epoch=180/300 lr=0.01000 train_acc=96.72 test_acc=90.79
epoch=181/300 lr=0.01000 train_acc=96.70 test_acc=91.15
epoch=182/300 lr=0.01000 train_acc=96.75 test_acc=91.08
epoch=183/300 lr=0.01000 train_acc=96.65 test_acc=91.29
epoch=184/300 lr=0.01000 train_acc=97.00 test_acc=90.79
epoch=185/300 lr=0.01000 train_acc=96.67 test_acc=91.26
epoch=186/300 lr=0.01000 train_acc=96.94 test_acc=90.15
epoch=187/300 lr=0.01000 train_acc=96.68 test_acc=91.25
epoch=188/300 lr=0.01000 train_acc=96.70 test_acc=90.80
epoch=189/300 lr=0.01000 train_acc=96.78 test_acc=90.60
epoch=190/300 lr=0.01000 train_acc=96.71 test_acc=90.95
epoch=191/300 lr=0.01000 train_acc=96.75 test_acc=90.43
epoch=192/300 lr=0.01000 train_acc=96.61 test_acc=90.85
epoch=193/300 lr=0.01000 train_acc=96.64 test_acc=90.24
epoch=194/300 lr=0.01000 train_acc=96.70 test_acc=90.34
epoch=195/300 lr=0.01000 train_acc=96.74 test_acc=90.22
epoch=196/300 lr=0.01000 train_acc=96.64 test_acc=91.05
epoch=197/300 lr=0.01000 train_acc=96.72 test_acc=91.27
epoch=198/300 lr=0.01000 train_acc=96.62 test_acc=89.63
epoch=199/300 lr=0.01000 train_acc=96.63 test_acc=90.12
epoch=200/300 lr=0.01000 train_acc=96.68 test_acc=90.60
epoch=201/300 lr=0.01000 train_acc=96.66 test_acc=90.62
epoch=202/300 lr=0.01000 train_acc=96.61 test_acc=91.38
epoch=203/300 lr=0.01000 train_acc=96.86 test_acc=90.59
epoch=204/300 lr=0.01000 train_acc=96.50 test_acc=91.04
epoch=205/300 lr=0.01000 train_acc=96.65 test_acc=90.72
epoch=206/300 lr=0.01000 train_acc=96.89 test_acc=90.91
epoch=207/300 lr=0.01000 train_acc=96.72 test_acc=90.11
epoch=208/300 lr=0.01000 train_acc=96.70 test_acc=89.27
epoch=209/300 lr=0.01000 train_acc=96.73 test_acc=90.82
epoch=210/300 lr=0.01000 train_acc=96.80 test_acc=91.36
epoch=211/300 lr=0.01000 train_acc=96.81 test_acc=89.74
epoch=212/300 lr=0.01000 train_acc=96.72 test_acc=90.11
epoch=213/300 lr=0.01000 train_acc=96.59 test_acc=90.92
epoch=214/300 lr=0.01000 train_acc=96.80 test_acc=90.26
epoch=215/300 lr=0.01000 train_acc=96.80 test_acc=90.44
epoch=216/300 lr=0.01000 train_acc=96.62 test_acc=91.03
epoch=217/300 lr=0.01000 train_acc=96.76 test_acc=91.20
epoch=218/300 lr=0.01000 train_acc=96.91 test_acc=91.12
epoch=219/300 lr=0.01000 train_acc=96.74 test_acc=91.36
epoch=220/300 lr=0.01000 train_acc=96.76 test_acc=91.09
epoch=221/300 lr=0.01000 train_acc=96.78 test_acc=90.65
epoch=222/300 lr=0.01000 train_acc=96.95 test_acc=89.87
epoch=223/300 lr=0.01000 train_acc=96.80 test_acc=91.31
epoch=224/300 lr=0.01000 train_acc=96.56 test_acc=90.48
epoch=225/300 lr=0.01000 train_acc=96.91 test_acc=90.39
epoch=226/300 lr=0.00100 train_acc=98.41 test_acc=93.24
epoch=227/300 lr=0.00100 train_acc=99.03 test_acc=93.40
epoch=228/300 lr=0.00100 train_acc=99.18 test_acc=93.55
epoch=229/300 lr=0.00100 train_acc=99.27 test_acc=93.50
epoch=230/300 lr=0.00100 train_acc=99.38 test_acc=93.53
epoch=231/300 lr=0.00100 train_acc=99.49 test_acc=93.64
epoch=232/300 lr=0.00100 train_acc=99.52 test_acc=93.60
epoch=233/300 lr=0.00100 train_acc=99.53 test_acc=93.60
epoch=234/300 lr=0.00100 train_acc=99.57 test_acc=93.60
epoch=235/300 lr=0.00100 train_acc=99.59 test_acc=93.66
epoch=236/300 lr=0.00100 train_acc=99.61 test_acc=93.48
epoch=237/300 lr=0.00100 train_acc=99.64 test_acc=93.55
epoch=238/300 lr=0.00100 train_acc=99.68 test_acc=93.61
epoch=239/300 lr=0.00100 train_acc=99.68 test_acc=93.74
epoch=240/300 lr=0.00100 train_acc=99.71 test_acc=93.77
epoch=241/300 lr=0.00100 train_acc=99.76 test_acc=93.63
epoch=242/300 lr=0.00100 train_acc=99.70 test_acc=93.49
epoch=243/300 lr=0.00100 train_acc=99.73 test_acc=93.67
epoch=244/300 lr=0.00100 train_acc=99.76 test_acc=93.64
epoch=245/300 lr=0.00100 train_acc=99.71 test_acc=93.69
epoch=246/300 lr=0.00100 train_acc=99.77 test_acc=93.65
epoch=247/300 lr=0.00100 train_acc=99.74 test_acc=93.57
epoch=248/300 lr=0.00100 train_acc=99.80 test_acc=93.62
epoch=249/300 lr=0.00100 train_acc=99.78 test_acc=93.58
epoch=250/300 lr=0.00100 train_acc=99.76 test_acc=93.56
epoch=251/300 lr=0.00100 train_acc=99.77 test_acc=93.48
epoch=252/300 lr=0.00100 train_acc=99.84 test_acc=93.70
epoch=253/300 lr=0.00100 train_acc=99.84 test_acc=93.56
epoch=254/300 lr=0.00100 train_acc=99.73 test_acc=93.61
epoch=255/300 lr=0.00100 train_acc=99.81 test_acc=93.62
epoch=256/300 lr=0.00100 train_acc=99.85 test_acc=93.63
epoch=257/300 lr=0.00100 train_acc=99.82 test_acc=93.59
epoch=258/300 lr=0.00100 train_acc=99.83 test_acc=93.74
epoch=259/300 lr=0.00100 train_acc=99.84 test_acc=93.58
epoch=260/300 lr=0.00100 train_acc=99.86 test_acc=93.69
epoch=261/300 lr=0.00100 train_acc=99.83 test_acc=93.60
epoch=262/300 lr=0.00100 train_acc=99.84 test_acc=93.73
epoch=263/300 lr=0.00100 train_acc=99.84 test_acc=93.68
epoch=264/300 lr=0.00100 train_acc=99.83 test_acc=93.62
epoch=265/300 lr=0.00100 train_acc=99.85 test_acc=93.63
epoch=266/300 lr=0.00100 train_acc=99.85 test_acc=93.78
epoch=267/300 lr=0.00100 train_acc=99.89 test_acc=93.84
epoch=268/300 lr=0.00100 train_acc=99.83 test_acc=93.68
epoch=269/300 lr=0.00100 train_acc=99.86 test_acc=93.74
epoch=270/300 lr=0.00100 train_acc=99.89 test_acc=93.72
epoch=271/300 lr=0.00100 train_acc=99.87 test_acc=93.63
epoch=272/300 lr=0.00100 train_acc=99.85 test_acc=93.69
epoch=273/300 lr=0.00100 train_acc=99.88 test_acc=93.78
epoch=274/300 lr=0.00100 train_acc=99.84 test_acc=93.62
epoch=275/300 lr=0.00100 train_acc=99.89 test_acc=93.69
epoch=276/300 lr=0.00100 train_acc=99.88 test_acc=93.61
epoch=277/300 lr=0.00100 train_acc=99.87 test_acc=93.64
epoch=278/300 lr=0.00100 train_acc=99.88 test_acc=93.72
epoch=279/300 lr=0.00100 train_acc=99.90 test_acc=93.68
epoch=280/300 lr=0.00100 train_acc=99.89 test_acc=93.80
epoch=281/300 lr=0.00100 train_acc=99.89 test_acc=93.70
epoch=282/300 lr=0.00100 train_acc=99.88 test_acc=93.61
epoch=283/300 lr=0.00100 train_acc=99.89 test_acc=93.67
epoch=284/300 lr=0.00100 train_acc=99.89 test_acc=93.70
epoch=285/300 lr=0.00100 train_acc=99.91 test_acc=93.77
epoch=286/300 lr=0.00100 train_acc=99.92 test_acc=93.83
epoch=287/300 lr=0.00100 train_acc=99.90 test_acc=93.68
epoch=288/300 lr=0.00100 train_acc=99.90 test_acc=93.83
epoch=289/300 lr=0.00100 train_acc=99.89 test_acc=93.66
epoch=290/300 lr=0.00100 train_acc=99.88 test_acc=93.55
epoch=291/300 lr=0.00100 train_acc=99.88 test_acc=93.74
epoch=292/300 lr=0.00100 train_acc=99.93 test_acc=93.78
epoch=293/300 lr=0.00100 train_acc=99.90 test_acc=93.52
epoch=294/300 lr=0.00100 train_acc=99.92 test_acc=93.75
epoch=295/300 lr=0.00100 train_acc=99.90 test_acc=93.71
epoch=296/300 lr=0.00100 train_acc=99.91 test_acc=93.59
epoch=297/300 lr=0.00100 train_acc=99.92 test_acc=93.74
epoch=298/300 lr=0.00100 train_acc=99.91 test_acc=93.69
epoch=299/300 lr=0.00100 train_acc=99.93 test_acc=93.71
epoch=300/300 lr=0.00100 train_acc=99.90 test_acc=93.69
{
  "best_accuracy": 93.84,
  "best_error_rate": 6.159999999999997,
  "final_accuracy": 93.69,
  "final_error_rate": 6.310000000000002,
  "elapsed_seconds": 2872.9130177497864,
  "is_paper_result": false,
  "note": "New reproduction result; compare against paper target separately."
}
start experiment=cifar10_resnet32_baseline seed=1004
epoch=1/300 lr=0.10000 train_acc=34.37 test_acc=37.96
epoch=2/300 lr=0.10000 train_acc=55.84 test_acc=55.19
epoch=3/300 lr=0.10000 train_acc=66.38 test_acc=65.01
epoch=4/300 lr=0.10000 train_acc=71.38 test_acc=58.90
epoch=5/300 lr=0.10000 train_acc=74.40 test_acc=75.05
epoch=6/300 lr=0.10000 train_acc=76.63 test_acc=70.56
epoch=7/300 lr=0.10000 train_acc=77.90 test_acc=54.69
epoch=8/300 lr=0.10000 train_acc=78.42 test_acc=72.08
epoch=9/300 lr=0.10000 train_acc=79.70 test_acc=67.92
epoch=10/300 lr=0.10000 train_acc=80.35 test_acc=77.12
epoch=11/300 lr=0.10000 train_acc=80.58 test_acc=77.47
epoch=12/300 lr=0.10000 train_acc=80.98 test_acc=71.78
epoch=13/300 lr=0.10000 train_acc=81.60 test_acc=76.32
epoch=14/300 lr=0.10000 train_acc=82.17 test_acc=74.48
epoch=15/300 lr=0.10000 train_acc=82.17 test_acc=70.50
epoch=16/300 lr=0.10000 train_acc=82.57 test_acc=71.93
epoch=17/300 lr=0.10000 train_acc=82.57 test_acc=77.19
epoch=18/300 lr=0.10000 train_acc=82.93 test_acc=76.97
epoch=19/300 lr=0.10000 train_acc=82.97 test_acc=76.48
epoch=20/300 lr=0.10000 train_acc=82.88 test_acc=78.88
epoch=21/300 lr=0.10000 train_acc=83.29 test_acc=79.68
epoch=22/300 lr=0.10000 train_acc=83.68 test_acc=77.72
epoch=23/300 lr=0.10000 train_acc=83.93 test_acc=76.42
epoch=24/300 lr=0.10000 train_acc=83.77 test_acc=78.53
epoch=25/300 lr=0.10000 train_acc=84.05 test_acc=73.81
epoch=26/300 lr=0.10000 train_acc=84.29 test_acc=81.32
epoch=27/300 lr=0.10000 train_acc=84.06 test_acc=79.92
epoch=28/300 lr=0.10000 train_acc=84.44 test_acc=79.16
epoch=29/300 lr=0.10000 train_acc=84.85 test_acc=77.50
epoch=30/300 lr=0.10000 train_acc=84.51 test_acc=79.00
epoch=31/300 lr=0.10000 train_acc=84.35 test_acc=77.43
epoch=32/300 lr=0.10000 train_acc=84.60 test_acc=74.19
epoch=33/300 lr=0.10000 train_acc=84.91 test_acc=71.76
epoch=34/300 lr=0.10000 train_acc=84.77 test_acc=68.18
epoch=35/300 lr=0.10000 train_acc=84.71 test_acc=78.77
epoch=36/300 lr=0.10000 train_acc=84.93 test_acc=76.71
epoch=37/300 lr=0.10000 train_acc=85.16 test_acc=77.96
epoch=38/300 lr=0.10000 train_acc=85.26 test_acc=75.07
epoch=39/300 lr=0.10000 train_acc=84.91 test_acc=80.21
epoch=40/300 lr=0.10000 train_acc=84.98 test_acc=73.05
epoch=41/300 lr=0.10000 train_acc=85.13 test_acc=82.51
epoch=42/300 lr=0.10000 train_acc=85.37 test_acc=79.73
epoch=43/300 lr=0.10000 train_acc=85.29 test_acc=81.23
epoch=44/300 lr=0.10000 train_acc=85.27 test_acc=82.62
epoch=45/300 lr=0.10000 train_acc=85.54 test_acc=74.85
epoch=46/300 lr=0.10000 train_acc=85.28 test_acc=80.61
epoch=47/300 lr=0.10000 train_acc=85.57 test_acc=80.24
epoch=48/300 lr=0.10000 train_acc=85.48 test_acc=79.94
epoch=49/300 lr=0.10000 train_acc=85.56 test_acc=82.04
epoch=50/300 lr=0.10000 train_acc=85.65 test_acc=60.64
epoch=51/300 lr=0.10000 train_acc=85.56 test_acc=80.12
epoch=52/300 lr=0.10000 train_acc=85.45 test_acc=80.31
epoch=53/300 lr=0.10000 train_acc=85.67 test_acc=79.40
epoch=54/300 lr=0.10000 train_acc=85.44 test_acc=64.01
epoch=55/300 lr=0.10000 train_acc=85.71 test_acc=77.81
epoch=56/300 lr=0.10000 train_acc=85.56 test_acc=81.04
epoch=57/300 lr=0.10000 train_acc=85.56 test_acc=74.34
epoch=58/300 lr=0.10000 train_acc=85.56 test_acc=81.17
epoch=59/300 lr=0.10000 train_acc=85.91 test_acc=78.76
epoch=60/300 lr=0.10000 train_acc=85.52 test_acc=73.38
epoch=61/300 lr=0.10000 train_acc=85.90 test_acc=80.77
epoch=62/300 lr=0.10000 train_acc=85.81 test_acc=82.10
epoch=63/300 lr=0.10000 train_acc=85.48 test_acc=78.23
epoch=64/300 lr=0.10000 train_acc=85.94 test_acc=78.68
epoch=65/300 lr=0.10000 train_acc=86.12 test_acc=81.05
epoch=66/300 lr=0.10000 train_acc=86.08 test_acc=81.06
epoch=67/300 lr=0.10000 train_acc=86.09 test_acc=69.54
epoch=68/300 lr=0.10000 train_acc=85.93 test_acc=78.38
epoch=69/300 lr=0.10000 train_acc=85.88 test_acc=79.23
epoch=70/300 lr=0.10000 train_acc=85.72 test_acc=82.28
epoch=71/300 lr=0.10000 train_acc=85.93 test_acc=77.74
epoch=72/300 lr=0.10000 train_acc=85.87 test_acc=79.13
epoch=73/300 lr=0.10000 train_acc=85.78 test_acc=81.62
epoch=74/300 lr=0.10000 train_acc=85.71 test_acc=77.48
epoch=75/300 lr=0.10000 train_acc=85.94 test_acc=81.76
epoch=76/300 lr=0.10000 train_acc=86.00 test_acc=71.65
epoch=77/300 lr=0.10000 train_acc=85.94 test_acc=81.75
epoch=78/300 lr=0.10000 train_acc=86.22 test_acc=82.00
epoch=79/300 lr=0.10000 train_acc=85.93 test_acc=81.99
epoch=80/300 lr=0.10000 train_acc=85.96 test_acc=75.51
epoch=81/300 lr=0.10000 train_acc=85.92 test_acc=80.87
epoch=82/300 lr=0.10000 train_acc=86.10 test_acc=82.36
epoch=83/300 lr=0.10000 train_acc=85.75 test_acc=78.98
epoch=84/300 lr=0.10000 train_acc=86.25 test_acc=80.29
epoch=85/300 lr=0.10000 train_acc=85.93 test_acc=81.86
epoch=86/300 lr=0.10000 train_acc=86.13 test_acc=81.59
epoch=87/300 lr=0.10000 train_acc=86.35 test_acc=82.38
epoch=88/300 lr=0.10000 train_acc=85.83 test_acc=78.61
epoch=89/300 lr=0.10000 train_acc=86.22 test_acc=76.43
epoch=90/300 lr=0.10000 train_acc=86.17 test_acc=76.20
epoch=91/300 lr=0.10000 train_acc=86.06 test_acc=77.47
epoch=92/300 lr=0.10000 train_acc=86.23 test_acc=81.27
epoch=93/300 lr=0.10000 train_acc=86.25 test_acc=83.69
epoch=94/300 lr=0.10000 train_acc=86.16 test_acc=81.54
epoch=95/300 lr=0.10000 train_acc=86.02 test_acc=79.53
epoch=96/300 lr=0.10000 train_acc=86.29 test_acc=78.74
epoch=97/300 lr=0.10000 train_acc=86.43 test_acc=80.10
epoch=98/300 lr=0.10000 train_acc=86.24 test_acc=79.89
epoch=99/300 lr=0.10000 train_acc=86.20 test_acc=82.21
epoch=100/300 lr=0.10000 train_acc=86.47 test_acc=80.52
epoch=101/300 lr=0.10000 train_acc=86.30 test_acc=77.46
epoch=102/300 lr=0.10000 train_acc=86.35 test_acc=77.02
epoch=103/300 lr=0.10000 train_acc=86.28 test_acc=80.03
epoch=104/300 lr=0.10000 train_acc=86.26 test_acc=75.93
epoch=105/300 lr=0.10000 train_acc=86.43 test_acc=76.97
epoch=106/300 lr=0.10000 train_acc=86.31 test_acc=78.70
epoch=107/300 lr=0.10000 train_acc=86.46 test_acc=78.30
epoch=108/300 lr=0.10000 train_acc=86.39 test_acc=74.06
epoch=109/300 lr=0.10000 train_acc=86.34 test_acc=79.59
epoch=110/300 lr=0.10000 train_acc=86.50 test_acc=76.51
epoch=111/300 lr=0.10000 train_acc=86.45 test_acc=79.81
epoch=112/300 lr=0.10000 train_acc=86.34 test_acc=84.48
epoch=113/300 lr=0.10000 train_acc=86.66 test_acc=82.76
epoch=114/300 lr=0.10000 train_acc=86.48 test_acc=77.45
epoch=115/300 lr=0.10000 train_acc=86.62 test_acc=82.51
epoch=116/300 lr=0.10000 train_acc=86.19 test_acc=84.32
epoch=117/300 lr=0.10000 train_acc=86.27 test_acc=74.30
epoch=118/300 lr=0.10000 train_acc=86.50 test_acc=73.50
epoch=119/300 lr=0.10000 train_acc=86.36 test_acc=80.22
epoch=120/300 lr=0.10000 train_acc=86.35 test_acc=82.45
epoch=121/300 lr=0.10000 train_acc=86.20 test_acc=82.63
epoch=122/300 lr=0.10000 train_acc=86.67 test_acc=77.94
epoch=123/300 lr=0.10000 train_acc=86.20 test_acc=84.37
epoch=124/300 lr=0.10000 train_acc=86.50 test_acc=77.48
epoch=125/300 lr=0.10000 train_acc=86.31 test_acc=79.31
epoch=126/300 lr=0.10000 train_acc=86.16 test_acc=81.55
epoch=127/300 lr=0.10000 train_acc=86.28 test_acc=80.55
epoch=128/300 lr=0.10000 train_acc=86.48 test_acc=80.53
epoch=129/300 lr=0.10000 train_acc=86.43 test_acc=82.21
epoch=130/300 lr=0.10000 train_acc=86.46 test_acc=79.66
epoch=131/300 lr=0.10000 train_acc=86.50 test_acc=78.18
epoch=132/300 lr=0.10000 train_acc=86.48 test_acc=78.19
epoch=133/300 lr=0.10000 train_acc=86.48 test_acc=77.09
epoch=134/300 lr=0.10000 train_acc=86.61 test_acc=79.01
epoch=135/300 lr=0.10000 train_acc=86.60 test_acc=79.13
epoch=136/300 lr=0.10000 train_acc=86.57 test_acc=84.03
epoch=137/300 lr=0.10000 train_acc=86.10 test_acc=67.30
epoch=138/300 lr=0.10000 train_acc=86.66 test_acc=81.95
epoch=139/300 lr=0.10000 train_acc=86.32 test_acc=81.10
epoch=140/300 lr=0.10000 train_acc=86.79 test_acc=83.05
epoch=141/300 lr=0.10000 train_acc=86.43 test_acc=85.05
epoch=142/300 lr=0.10000 train_acc=86.32 test_acc=77.70
epoch=143/300 lr=0.10000 train_acc=86.48 test_acc=82.84
epoch=144/300 lr=0.10000 train_acc=86.56 test_acc=82.07
epoch=145/300 lr=0.10000 train_acc=86.62 test_acc=82.92
epoch=146/300 lr=0.10000 train_acc=86.63 test_acc=82.93
epoch=147/300 lr=0.10000 train_acc=86.68 test_acc=82.77
epoch=148/300 lr=0.10000 train_acc=86.63 test_acc=76.47
epoch=149/300 lr=0.10000 train_acc=86.52 test_acc=81.33
epoch=150/300 lr=0.10000 train_acc=86.54 test_acc=82.06
epoch=151/300 lr=0.01000 train_acc=91.88 test_acc=91.22
epoch=152/300 lr=0.01000 train_acc=93.45 test_acc=91.76
epoch=153/300 lr=0.01000 train_acc=94.12 test_acc=91.79
epoch=154/300 lr=0.01000 train_acc=94.60 test_acc=92.26
epoch=155/300 lr=0.01000 train_acc=94.84 test_acc=91.99
epoch=156/300 lr=0.01000 train_acc=95.03 test_acc=92.16
epoch=157/300 lr=0.01000 train_acc=95.26 test_acc=92.53
epoch=158/300 lr=0.01000 train_acc=95.48 test_acc=92.09
epoch=159/300 lr=0.01000 train_acc=95.67 test_acc=92.38
epoch=160/300 lr=0.01000 train_acc=96.08 test_acc=92.08
epoch=161/300 lr=0.01000 train_acc=96.15 test_acc=92.20
epoch=162/300 lr=0.01000 train_acc=96.15 test_acc=92.25
epoch=163/300 lr=0.01000 train_acc=96.30 test_acc=91.64
epoch=164/300 lr=0.01000 train_acc=96.37 test_acc=92.17
epoch=165/300 lr=0.01000 train_acc=96.21 test_acc=92.18
epoch=166/300 lr=0.01000 train_acc=96.47 test_acc=91.74
epoch=167/300 lr=0.01000 train_acc=96.52 test_acc=91.73
epoch=168/300 lr=0.01000 train_acc=96.56 test_acc=91.57
epoch=169/300 lr=0.01000 train_acc=96.45 test_acc=91.19
epoch=170/300 lr=0.01000 train_acc=96.42 test_acc=91.43
epoch=171/300 lr=0.01000 train_acc=96.52 test_acc=91.74
epoch=172/300 lr=0.01000 train_acc=96.65 test_acc=91.60
epoch=173/300 lr=0.01000 train_acc=96.78 test_acc=91.91
epoch=174/300 lr=0.01000 train_acc=96.51 test_acc=90.91
epoch=175/300 lr=0.01000 train_acc=96.71 test_acc=92.07
epoch=176/300 lr=0.01000 train_acc=96.55 test_acc=91.26
epoch=177/300 lr=0.01000 train_acc=96.55 test_acc=91.70
epoch=178/300 lr=0.01000 train_acc=96.63 test_acc=90.91
epoch=179/300 lr=0.01000 train_acc=96.60 test_acc=91.06
epoch=180/300 lr=0.01000 train_acc=96.43 test_acc=90.94
epoch=181/300 lr=0.01000 train_acc=96.51 test_acc=91.08
epoch=182/300 lr=0.01000 train_acc=96.55 test_acc=89.70
epoch=183/300 lr=0.01000 train_acc=96.64 test_acc=90.91
epoch=184/300 lr=0.01000 train_acc=96.57 test_acc=91.50
epoch=185/300 lr=0.01000 train_acc=96.68 test_acc=91.39
epoch=186/300 lr=0.01000 train_acc=96.57 test_acc=89.93
epoch=187/300 lr=0.01000 train_acc=96.46 test_acc=90.16
epoch=188/300 lr=0.01000 train_acc=96.51 test_acc=90.59
epoch=189/300 lr=0.01000 train_acc=96.60 test_acc=91.46
epoch=190/300 lr=0.01000 train_acc=96.67 test_acc=90.84
epoch=191/300 lr=0.01000 train_acc=96.40 test_acc=90.59
epoch=192/300 lr=0.01000 train_acc=96.47 test_acc=90.67
epoch=193/300 lr=0.01000 train_acc=96.42 test_acc=91.01
epoch=194/300 lr=0.01000 train_acc=96.37 test_acc=89.86
epoch=195/300 lr=0.01000 train_acc=96.49 test_acc=90.20
epoch=196/300 lr=0.01000 train_acc=96.48 test_acc=91.20
epoch=197/300 lr=0.01000 train_acc=96.45 test_acc=91.02
epoch=198/300 lr=0.01000 train_acc=96.62 test_acc=91.20
epoch=199/300 lr=0.01000 train_acc=96.45 test_acc=90.38
epoch=200/300 lr=0.01000 train_acc=96.53 test_acc=90.34
epoch=201/300 lr=0.01000 train_acc=96.39 test_acc=90.88
epoch=202/300 lr=0.01000 train_acc=96.61 test_acc=90.71
epoch=203/300 lr=0.01000 train_acc=96.40 test_acc=90.06
epoch=204/300 lr=0.01000 train_acc=96.67 test_acc=89.91
epoch=205/300 lr=0.01000 train_acc=96.46 test_acc=89.39
epoch=206/300 lr=0.01000 train_acc=96.54 test_acc=90.30
epoch=207/300 lr=0.01000 train_acc=96.34 test_acc=89.94
epoch=208/300 lr=0.01000 train_acc=96.47 test_acc=90.77
epoch=209/300 lr=0.01000 train_acc=96.43 test_acc=90.20
epoch=210/300 lr=0.01000 train_acc=96.60 test_acc=90.93
epoch=211/300 lr=0.01000 train_acc=96.46 test_acc=90.88
epoch=212/300 lr=0.01000 train_acc=96.71 test_acc=90.90
epoch=213/300 lr=0.01000 train_acc=96.56 test_acc=90.57
epoch=214/300 lr=0.01000 train_acc=96.70 test_acc=90.52
epoch=215/300 lr=0.01000 train_acc=96.38 test_acc=91.05
epoch=216/300 lr=0.01000 train_acc=96.46 test_acc=90.53
epoch=217/300 lr=0.01000 train_acc=96.66 test_acc=91.19
epoch=218/300 lr=0.01000 train_acc=96.59 test_acc=91.31
epoch=219/300 lr=0.01000 train_acc=96.68 test_acc=89.72
epoch=220/300 lr=0.01000 train_acc=96.62 test_acc=90.42
epoch=221/300 lr=0.01000 train_acc=96.68 test_acc=91.08
epoch=222/300 lr=0.01000 train_acc=96.66 test_acc=90.43
epoch=223/300 lr=0.01000 train_acc=96.49 test_acc=90.65
epoch=224/300 lr=0.01000 train_acc=96.76 test_acc=90.95
epoch=225/300 lr=0.01000 train_acc=96.81 test_acc=91.21
epoch=226/300 lr=0.00100 train_acc=98.40 test_acc=93.02
epoch=227/300 lr=0.00100 train_acc=99.00 test_acc=93.32
epoch=228/300 lr=0.00100 train_acc=99.07 test_acc=93.23
epoch=229/300 lr=0.00100 train_acc=99.24 test_acc=93.45
epoch=230/300 lr=0.00100 train_acc=99.35 test_acc=93.36
epoch=231/300 lr=0.00100 train_acc=99.42 test_acc=93.34
epoch=232/300 lr=0.00100 train_acc=99.42 test_acc=93.50
epoch=233/300 lr=0.00100 train_acc=99.53 test_acc=93.45
epoch=234/300 lr=0.00100 train_acc=99.48 test_acc=93.47
epoch=235/300 lr=0.00100 train_acc=99.55 test_acc=93.64
epoch=236/300 lr=0.00100 train_acc=99.54 test_acc=93.44
epoch=237/300 lr=0.00100 train_acc=99.61 test_acc=93.48
epoch=238/300 lr=0.00100 train_acc=99.63 test_acc=93.54
epoch=239/300 lr=0.00100 train_acc=99.61 test_acc=93.65
epoch=240/300 lr=0.00100 train_acc=99.69 test_acc=93.50
epoch=241/300 lr=0.00100 train_acc=99.63 test_acc=93.43
epoch=242/300 lr=0.00100 train_acc=99.65 test_acc=93.57
epoch=243/300 lr=0.00100 train_acc=99.67 test_acc=93.57
epoch=244/300 lr=0.00100 train_acc=99.74 test_acc=93.45
epoch=245/300 lr=0.00100 train_acc=99.68 test_acc=93.55
epoch=246/300 lr=0.00100 train_acc=99.74 test_acc=93.46
epoch=247/300 lr=0.00100 train_acc=99.73 test_acc=93.43
epoch=248/300 lr=0.00100 train_acc=99.69 test_acc=93.46
epoch=249/300 lr=0.00100 train_acc=99.79 test_acc=93.50
epoch=250/300 lr=0.00100 train_acc=99.74 test_acc=93.75
epoch=251/300 lr=0.00100 train_acc=99.74 test_acc=93.64
epoch=252/300 lr=0.00100 train_acc=99.77 test_acc=93.63
epoch=253/300 lr=0.00100 train_acc=99.76 test_acc=93.75
epoch=254/300 lr=0.00100 train_acc=99.74 test_acc=93.47
epoch=255/300 lr=0.00100 train_acc=99.78 test_acc=93.62
epoch=256/300 lr=0.00100 train_acc=99.75 test_acc=93.54
epoch=257/300 lr=0.00100 train_acc=99.78 test_acc=93.49
epoch=258/300 lr=0.00100 train_acc=99.78 test_acc=93.73
epoch=259/300 lr=0.00100 train_acc=99.80 test_acc=93.62
epoch=260/300 lr=0.00100 train_acc=99.81 test_acc=93.77
epoch=261/300 lr=0.00100 train_acc=99.81 test_acc=93.67
epoch=262/300 lr=0.00100 train_acc=99.80 test_acc=93.41
epoch=263/300 lr=0.00100 train_acc=99.82 test_acc=93.66
epoch=264/300 lr=0.00100 train_acc=99.83 test_acc=93.68
epoch=265/300 lr=0.00100 train_acc=99.81 test_acc=93.51
epoch=266/300 lr=0.00100 train_acc=99.86 test_acc=93.70
epoch=267/300 lr=0.00100 train_acc=99.82 test_acc=93.49
epoch=268/300 lr=0.00100 train_acc=99.84 test_acc=93.55
epoch=269/300 lr=0.00100 train_acc=99.83 test_acc=93.59
epoch=270/300 lr=0.00100 train_acc=99.86 test_acc=93.55
epoch=271/300 lr=0.00100 train_acc=99.88 test_acc=93.48
epoch=272/300 lr=0.00100 train_acc=99.83 test_acc=93.65
epoch=273/300 lr=0.00100 train_acc=99.89 test_acc=93.74
epoch=274/300 lr=0.00100 train_acc=99.84 test_acc=93.79
epoch=275/300 lr=0.00100 train_acc=99.87 test_acc=93.65
epoch=276/300 lr=0.00100 train_acc=99.84 test_acc=93.64
epoch=277/300 lr=0.00100 train_acc=99.87 test_acc=93.48
epoch=278/300 lr=0.00100 train_acc=99.87 test_acc=93.81
epoch=279/300 lr=0.00100 train_acc=99.86 test_acc=93.62
epoch=280/300 lr=0.00100 train_acc=99.86 test_acc=93.66
epoch=281/300 lr=0.00100 train_acc=99.84 test_acc=93.77
epoch=282/300 lr=0.00100 train_acc=99.88 test_acc=93.60
epoch=283/300 lr=0.00100 train_acc=99.89 test_acc=93.64
epoch=284/300 lr=0.00100 train_acc=99.85 test_acc=93.62
epoch=285/300 lr=0.00100 train_acc=99.86 test_acc=93.72
epoch=286/300 lr=0.00100 train_acc=99.87 test_acc=93.72
epoch=287/300 lr=0.00100 train_acc=99.87 test_acc=93.89
epoch=288/300 lr=0.00100 train_acc=99.85 test_acc=93.72
epoch=289/300 lr=0.00100 train_acc=99.86 test_acc=93.55
epoch=290/300 lr=0.00100 train_acc=99.89 test_acc=93.78
epoch=291/300 lr=0.00100 train_acc=99.88 test_acc=93.75
epoch=292/300 lr=0.00100 train_acc=99.88 test_acc=93.66
epoch=293/300 lr=0.00100 train_acc=99.90 test_acc=93.67
epoch=294/300 lr=0.00100 train_acc=99.91 test_acc=93.62
epoch=295/300 lr=0.00100 train_acc=99.88 test_acc=93.63
epoch=296/300 lr=0.00100 train_acc=99.91 test_acc=93.48
epoch=297/300 lr=0.00100 train_acc=99.88 test_acc=93.58
epoch=298/300 lr=0.00100 train_acc=99.89 test_acc=93.60
epoch=299/300 lr=0.00100 train_acc=99.90 test_acc=93.73
epoch=300/300 lr=0.00100 train_acc=99.90 test_acc=93.68
{
  "best_accuracy": 93.89,
  "best_error_rate": 6.109999999999999,
  "final_accuracy": 93.68,
  "final_error_rate": 6.319999999999993,
  "elapsed_seconds": 2860.428555727005,
  "is_paper_result": false,
  "note": "New reproduction result; compare against paper target separately."
}
start experiment=cifar10_resnet32_baseline seed=1005
epoch=1/300 lr=0.10000 train_acc=35.50 test_acc=44.61
epoch=2/300 lr=0.10000 train_acc=57.60 test_acc=58.91
epoch=3/300 lr=0.10000 train_acc=67.76 test_acc=68.23
epoch=4/300 lr=0.10000 train_acc=73.04 test_acc=66.91
epoch=5/300 lr=0.10000 train_acc=75.83 test_acc=68.07
epoch=6/300 lr=0.10000 train_acc=77.71 test_acc=71.08
epoch=7/300 lr=0.10000 train_acc=78.62 test_acc=68.21
epoch=8/300 lr=0.10000 train_acc=79.57 test_acc=67.66
epoch=9/300 lr=0.10000 train_acc=80.27 test_acc=73.13
epoch=10/300 lr=0.10000 train_acc=80.88 test_acc=77.54
epoch=11/300 lr=0.10000 train_acc=81.56 test_acc=75.66
epoch=12/300 lr=0.10000 train_acc=81.84 test_acc=74.99
epoch=13/300 lr=0.10000 train_acc=82.22 test_acc=77.40
epoch=14/300 lr=0.10000 train_acc=82.48 test_acc=75.91
epoch=15/300 lr=0.10000 train_acc=82.47 test_acc=75.29
epoch=16/300 lr=0.10000 train_acc=82.89 test_acc=77.64
epoch=17/300 lr=0.10000 train_acc=83.08 test_acc=78.04
epoch=18/300 lr=0.10000 train_acc=83.31 test_acc=79.01
epoch=19/300 lr=0.10000 train_acc=83.64 test_acc=78.75
epoch=20/300 lr=0.10000 train_acc=83.89 test_acc=73.08
epoch=21/300 lr=0.10000 train_acc=84.00 test_acc=75.55
epoch=22/300 lr=0.10000 train_acc=83.90 test_acc=80.09
epoch=23/300 lr=0.10000 train_acc=83.71 test_acc=74.53
epoch=24/300 lr=0.10000 train_acc=84.28 test_acc=80.95
epoch=25/300 lr=0.10000 train_acc=84.36 test_acc=80.54
epoch=26/300 lr=0.10000 train_acc=84.38 test_acc=80.00
epoch=27/300 lr=0.10000 train_acc=84.88 test_acc=79.72
epoch=28/300 lr=0.10000 train_acc=84.67 test_acc=77.28
epoch=29/300 lr=0.10000 train_acc=84.81 test_acc=73.86
epoch=30/300 lr=0.10000 train_acc=84.94 test_acc=76.52
epoch=31/300 lr=0.10000 train_acc=84.76 test_acc=78.57
epoch=32/300 lr=0.10000 train_acc=84.94 test_acc=83.25
epoch=33/300 lr=0.10000 train_acc=84.96 test_acc=77.95
epoch=34/300 lr=0.10000 train_acc=84.84 test_acc=76.16
epoch=35/300 lr=0.10000 train_acc=85.21 test_acc=83.72
epoch=36/300 lr=0.10000 train_acc=85.07 test_acc=83.96
epoch=37/300 lr=0.10000 train_acc=85.52 test_acc=80.93
epoch=38/300 lr=0.10000 train_acc=85.25 test_acc=82.62
epoch=39/300 lr=0.10000 train_acc=85.36 test_acc=78.58
epoch=40/300 lr=0.10000 train_acc=85.50 test_acc=82.74
epoch=41/300 lr=0.10000 train_acc=85.48 test_acc=81.08
epoch=42/300 lr=0.10000 train_acc=85.24 test_acc=79.46
epoch=43/300 lr=0.10000 train_acc=85.46 test_acc=79.00
epoch=44/300 lr=0.10000 train_acc=85.56 test_acc=81.13
epoch=45/300 lr=0.10000 train_acc=85.55 test_acc=83.17
epoch=46/300 lr=0.10000 train_acc=85.41 test_acc=77.13
epoch=47/300 lr=0.10000 train_acc=85.47 test_acc=76.76
epoch=48/300 lr=0.10000 train_acc=85.67 test_acc=81.03
epoch=49/300 lr=0.10000 train_acc=85.73 test_acc=81.90
epoch=50/300 lr=0.10000 train_acc=85.68 test_acc=78.54
epoch=51/300 lr=0.10000 train_acc=85.63 test_acc=83.55
epoch=52/300 lr=0.10000 train_acc=85.74 test_acc=78.14
epoch=53/300 lr=0.10000 train_acc=85.91 test_acc=78.75
epoch=54/300 lr=0.10000 train_acc=85.85 test_acc=81.51
epoch=55/300 lr=0.10000 train_acc=86.22 test_acc=74.25
epoch=56/300 lr=0.10000 train_acc=85.76 test_acc=82.47
epoch=57/300 lr=0.10000 train_acc=86.10 test_acc=82.12
epoch=58/300 lr=0.10000 train_acc=85.83 test_acc=78.67
epoch=59/300 lr=0.10000 train_acc=85.85 test_acc=79.65
epoch=60/300 lr=0.10000 train_acc=86.18 test_acc=79.13
epoch=61/300 lr=0.10000 train_acc=85.98 test_acc=79.50
epoch=62/300 lr=0.10000 train_acc=85.72 test_acc=76.78
epoch=63/300 lr=0.10000 train_acc=86.05 test_acc=83.00
epoch=64/300 lr=0.10000 train_acc=86.32 test_acc=81.84
epoch=65/300 lr=0.10000 train_acc=85.97 test_acc=78.71
epoch=66/300 lr=0.10000 train_acc=85.97 test_acc=80.77
epoch=67/300 lr=0.10000 train_acc=86.26 test_acc=75.47
epoch=68/300 lr=0.10000 train_acc=86.17 test_acc=80.32
epoch=69/300 lr=0.10000 train_acc=86.12 test_acc=78.15
epoch=70/300 lr=0.10000 train_acc=86.06 test_acc=78.99
epoch=71/300 lr=0.10000 train_acc=85.83 test_acc=77.17
epoch=72/300 lr=0.10000 train_acc=85.96 test_acc=82.71
epoch=73/300 lr=0.10000 train_acc=86.06 test_acc=82.61
epoch=74/300 lr=0.10000 train_acc=86.26 test_acc=83.12
epoch=75/300 lr=0.10000 train_acc=86.15 test_acc=83.20
epoch=76/300 lr=0.10000 train_acc=86.38 test_acc=79.87
epoch=77/300 lr=0.10000 train_acc=86.17 test_acc=78.95
epoch=78/300 lr=0.10000 train_acc=86.37 test_acc=78.25
epoch=79/300 lr=0.10000 train_acc=86.14 test_acc=79.99
epoch=80/300 lr=0.10000 train_acc=86.46 test_acc=83.40
epoch=81/300 lr=0.10000 train_acc=86.09 test_acc=77.96
epoch=82/300 lr=0.10000 train_acc=86.23 test_acc=77.35
epoch=83/300 lr=0.10000 train_acc=86.27 test_acc=80.86
epoch=84/300 lr=0.10000 train_acc=86.35 test_acc=76.70
epoch=85/300 lr=0.10000 train_acc=86.28 test_acc=77.69
epoch=86/300 lr=0.10000 train_acc=86.38 test_acc=81.83
epoch=87/300 lr=0.10000 train_acc=86.36 test_acc=82.09
epoch=88/300 lr=0.10000 train_acc=86.22 test_acc=80.60
epoch=89/300 lr=0.10000 train_acc=86.64 test_acc=78.88
epoch=90/300 lr=0.10000 train_acc=86.48 test_acc=75.12
epoch=91/300 lr=0.10000 train_acc=86.11 test_acc=77.51
epoch=92/300 lr=0.10000 train_acc=86.37 test_acc=82.35
epoch=93/300 lr=0.10000 train_acc=86.13 test_acc=82.77
epoch=94/300 lr=0.10000 train_acc=86.37 test_acc=77.84
epoch=95/300 lr=0.10000 train_acc=86.47 test_acc=81.67
epoch=96/300 lr=0.10000 train_acc=86.63 test_acc=83.89
epoch=97/300 lr=0.10000 train_acc=86.45 test_acc=82.77
epoch=98/300 lr=0.10000 train_acc=86.30 test_acc=79.04
epoch=99/300 lr=0.10000 train_acc=86.37 test_acc=82.52
epoch=100/300 lr=0.10000 train_acc=86.29 test_acc=76.87
epoch=101/300 lr=0.10000 train_acc=86.57 test_acc=72.53
epoch=102/300 lr=0.10000 train_acc=86.22 test_acc=74.44
epoch=103/300 lr=0.10000 train_acc=86.37 test_acc=80.21
epoch=104/300 lr=0.10000 train_acc=86.47 test_acc=81.29
epoch=105/300 lr=0.10000 train_acc=86.33 test_acc=84.27
epoch=106/300 lr=0.10000 train_acc=86.46 test_acc=79.73
epoch=107/300 lr=0.10000 train_acc=86.46 test_acc=81.65
epoch=108/300 lr=0.10000 train_acc=86.54 test_acc=74.64
epoch=109/300 lr=0.10000 train_acc=86.31 test_acc=83.53
epoch=110/300 lr=0.10000 train_acc=86.67 test_acc=78.97
epoch=111/300 lr=0.10000 train_acc=86.51 test_acc=82.55
epoch=112/300 lr=0.10000 train_acc=86.49 test_acc=81.09
epoch=113/300 lr=0.10000 train_acc=86.26 test_acc=83.10
epoch=114/300 lr=0.10000 train_acc=86.73 test_acc=81.72
epoch=115/300 lr=0.10000 train_acc=86.38 test_acc=83.03
epoch=116/300 lr=0.10000 train_acc=86.73 test_acc=79.41
epoch=117/300 lr=0.10000 train_acc=86.54 test_acc=82.09
epoch=118/300 lr=0.10000 train_acc=86.54 test_acc=79.65
epoch=119/300 lr=0.10000 train_acc=86.55 test_acc=78.93
epoch=120/300 lr=0.10000 train_acc=86.61 test_acc=81.39
epoch=121/300 lr=0.10000 train_acc=86.90 test_acc=83.08
epoch=122/300 lr=0.10000 train_acc=86.52 test_acc=82.73
epoch=123/300 lr=0.10000 train_acc=86.63 test_acc=82.62
epoch=124/300 lr=0.10000 train_acc=86.53 test_acc=82.97
epoch=125/300 lr=0.10000 train_acc=86.36 test_acc=80.79
epoch=126/300 lr=0.10000 train_acc=86.54 test_acc=80.79
epoch=127/300 lr=0.10000 train_acc=86.50 test_acc=82.05
epoch=128/300 lr=0.10000 train_acc=86.72 test_acc=81.83
epoch=129/300 lr=0.10000 train_acc=86.84 test_acc=82.87
epoch=130/300 lr=0.10000 train_acc=86.30 test_acc=76.66
epoch=131/300 lr=0.10000 train_acc=86.77 test_acc=83.52
epoch=132/300 lr=0.10000 train_acc=86.37 test_acc=81.42
epoch=133/300 lr=0.10000 train_acc=86.43 test_acc=80.54
epoch=134/300 lr=0.10000 train_acc=86.68 test_acc=79.48
epoch=135/300 lr=0.10000 train_acc=86.62 test_acc=80.79
epoch=136/300 lr=0.10000 train_acc=86.97 test_acc=78.61
epoch=137/300 lr=0.10000 train_acc=86.57 test_acc=84.29
epoch=138/300 lr=0.10000 train_acc=86.46 test_acc=78.36
epoch=139/300 lr=0.10000 train_acc=86.90 test_acc=79.29
epoch=140/300 lr=0.10000 train_acc=86.58 test_acc=79.06
epoch=141/300 lr=0.10000 train_acc=86.63 test_acc=79.01
epoch=142/300 lr=0.10000 train_acc=86.70 test_acc=79.47
epoch=143/300 lr=0.10000 train_acc=86.58 test_acc=83.75
epoch=144/300 lr=0.10000 train_acc=86.82 test_acc=79.82
epoch=145/300 lr=0.10000 train_acc=86.67 test_acc=81.54
epoch=146/300 lr=0.10000 train_acc=86.79 test_acc=77.52
epoch=147/300 lr=0.10000 train_acc=86.85 test_acc=79.02
epoch=148/300 lr=0.10000 train_acc=86.79 test_acc=82.08
epoch=149/300 lr=0.10000 train_acc=87.04 test_acc=79.00
epoch=150/300 lr=0.10000 train_acc=86.45 test_acc=78.87
epoch=151/300 lr=0.01000 train_acc=91.77 test_acc=90.94
epoch=152/300 lr=0.01000 train_acc=93.55 test_acc=91.30
epoch=153/300 lr=0.01000 train_acc=94.12 test_acc=91.25
epoch=154/300 lr=0.01000 train_acc=94.55 test_acc=91.83
epoch=155/300 lr=0.01000 train_acc=94.94 test_acc=91.91
epoch=156/300 lr=0.01000 train_acc=95.30 test_acc=92.19
epoch=157/300 lr=0.01000 train_acc=95.43 test_acc=92.08
epoch=158/300 lr=0.01000 train_acc=95.76 test_acc=92.26
epoch=159/300 lr=0.01000 train_acc=95.99 test_acc=92.37
epoch=160/300 lr=0.01000 train_acc=96.03 test_acc=91.68
epoch=161/300 lr=0.01000 train_acc=96.17 test_acc=91.94
epoch=162/300 lr=0.01000 train_acc=96.36 test_acc=91.87
epoch=163/300 lr=0.01000 train_acc=96.38 test_acc=91.46
epoch=164/300 lr=0.01000 train_acc=96.51 test_acc=92.15
epoch=165/300 lr=0.01000 train_acc=96.54 test_acc=91.97
epoch=166/300 lr=0.01000 train_acc=96.57 test_acc=91.55
epoch=167/300 lr=0.01000 train_acc=96.80 test_acc=91.75
epoch=168/300 lr=0.01000 train_acc=96.73 test_acc=91.65
epoch=169/300 lr=0.01000 train_acc=96.88 test_acc=91.94
epoch=170/300 lr=0.01000 train_acc=96.62 test_acc=91.35
epoch=171/300 lr=0.01000 train_acc=96.82 test_acc=91.80
epoch=172/300 lr=0.01000 train_acc=96.78 test_acc=91.40
epoch=173/300 lr=0.01000 train_acc=96.57 test_acc=91.04
epoch=174/300 lr=0.01000 train_acc=96.93 test_acc=90.95
epoch=175/300 lr=0.01000 train_acc=96.75 test_acc=91.15
epoch=176/300 lr=0.01000 train_acc=96.84 test_acc=91.67
epoch=177/300 lr=0.01000 train_acc=96.90 test_acc=90.41
epoch=178/300 lr=0.01000 train_acc=96.74 test_acc=91.06
epoch=179/300 lr=0.01000 train_acc=96.57 test_acc=91.31
epoch=180/300 lr=0.01000 train_acc=96.76 test_acc=90.59
epoch=181/300 lr=0.01000 train_acc=96.76 test_acc=91.03
epoch=182/300 lr=0.01000 train_acc=96.67 test_acc=91.33
epoch=183/300 lr=0.01000 train_acc=96.76 test_acc=90.86
epoch=184/300 lr=0.01000 train_acc=96.65 test_acc=91.40
epoch=185/300 lr=0.01000 train_acc=96.58 test_acc=90.47
epoch=186/300 lr=0.01000 train_acc=96.67 test_acc=91.02
epoch=187/300 lr=0.01000 train_acc=96.69 test_acc=90.60
epoch=188/300 lr=0.01000 train_acc=96.73 test_acc=91.03
epoch=189/300 lr=0.01000 train_acc=96.69 test_acc=90.21
epoch=190/300 lr=0.01000 train_acc=96.41 test_acc=90.90
epoch=191/300 lr=0.01000 train_acc=96.72 test_acc=90.28
epoch=192/300 lr=0.01000 train_acc=96.55 test_acc=90.24
epoch=193/300 lr=0.01000 train_acc=96.62 test_acc=91.10
epoch=194/300 lr=0.01000 train_acc=96.62 test_acc=91.27
epoch=195/300 lr=0.01000 train_acc=96.68 test_acc=91.06
epoch=196/300 lr=0.01000 train_acc=96.54 test_acc=90.48
epoch=197/300 lr=0.01000 train_acc=96.74 test_acc=90.44
epoch=198/300 lr=0.01000 train_acc=96.59 test_acc=90.74
epoch=199/300 lr=0.01000 train_acc=96.82 test_acc=91.26
epoch=200/300 lr=0.01000 train_acc=96.59 test_acc=91.30
epoch=201/300 lr=0.01000 train_acc=96.63 test_acc=90.83
epoch=202/300 lr=0.01000 train_acc=96.69 test_acc=90.43
epoch=203/300 lr=0.01000 train_acc=96.48 test_acc=90.37
epoch=204/300 lr=0.01000 train_acc=96.70 test_acc=90.51
epoch=205/300 lr=0.01000 train_acc=96.69 test_acc=90.64
epoch=206/300 lr=0.01000 train_acc=96.69 test_acc=90.56
epoch=207/300 lr=0.01000 train_acc=96.64 test_acc=90.75
epoch=208/300 lr=0.01000 train_acc=96.76 test_acc=90.56
epoch=209/300 lr=0.01000 train_acc=96.58 test_acc=90.99
epoch=210/300 lr=0.01000 train_acc=96.85 test_acc=90.87
epoch=211/300 lr=0.01000 train_acc=96.80 test_acc=90.65
epoch=212/300 lr=0.01000 train_acc=96.51 test_acc=90.56
epoch=213/300 lr=0.01000 train_acc=96.59 test_acc=90.46
epoch=214/300 lr=0.01000 train_acc=96.73 test_acc=90.88
epoch=215/300 lr=0.01000 train_acc=96.50 test_acc=89.88
epoch=216/300 lr=0.01000 train_acc=96.90 test_acc=90.11
epoch=217/300 lr=0.01000 train_acc=96.78 test_acc=89.78
epoch=218/300 lr=0.01000 train_acc=96.65 test_acc=90.83
epoch=219/300 lr=0.01000 train_acc=96.65 test_acc=90.94
epoch=220/300 lr=0.01000 train_acc=96.86 test_acc=90.73
epoch=221/300 lr=0.01000 train_acc=96.77 test_acc=90.74
epoch=222/300 lr=0.01000 train_acc=96.79 test_acc=91.10
epoch=223/300 lr=0.01000 train_acc=96.79 test_acc=90.92
epoch=224/300 lr=0.01000 train_acc=96.67 test_acc=90.35
epoch=225/300 lr=0.01000 train_acc=96.78 test_acc=90.49
epoch=226/300 lr=0.00100 train_acc=98.38 test_acc=92.87
epoch=227/300 lr=0.00100 train_acc=99.01 test_acc=92.89
epoch=228/300 lr=0.00100 train_acc=99.23 test_acc=93.04
epoch=229/300 lr=0.00100 train_acc=99.26 test_acc=93.03
epoch=230/300 lr=0.00100 train_acc=99.40 test_acc=93.10
epoch=231/300 lr=0.00100 train_acc=99.36 test_acc=93.28
epoch=232/300 lr=0.00100 train_acc=99.42 test_acc=93.11
epoch=233/300 lr=0.00100 train_acc=99.55 test_acc=93.13
epoch=234/300 lr=0.00100 train_acc=99.50 test_acc=93.22
epoch=235/300 lr=0.00100 train_acc=99.50 test_acc=93.24
epoch=236/300 lr=0.00100 train_acc=99.58 test_acc=93.15
epoch=237/300 lr=0.00100 train_acc=99.58 test_acc=93.50
epoch=238/300 lr=0.00100 train_acc=99.66 test_acc=93.41
epoch=239/300 lr=0.00100 train_acc=99.65 test_acc=93.28
epoch=240/300 lr=0.00100 train_acc=99.67 test_acc=93.55
epoch=241/300 lr=0.00100 train_acc=99.69 test_acc=93.37
epoch=242/300 lr=0.00100 train_acc=99.72 test_acc=93.22
epoch=243/300 lr=0.00100 train_acc=99.67 test_acc=93.33
epoch=244/300 lr=0.00100 train_acc=99.62 test_acc=93.23
epoch=245/300 lr=0.00100 train_acc=99.74 test_acc=93.23
epoch=246/300 lr=0.00100 train_acc=99.73 test_acc=93.24
epoch=247/300 lr=0.00100 train_acc=99.75 test_acc=93.32
epoch=248/300 lr=0.00100 train_acc=99.75 test_acc=93.33
epoch=249/300 lr=0.00100 train_acc=99.72 test_acc=93.40
epoch=250/300 lr=0.00100 train_acc=99.79 test_acc=93.33
epoch=251/300 lr=0.00100 train_acc=99.78 test_acc=93.42
epoch=252/300 lr=0.00100 train_acc=99.79 test_acc=93.47
epoch=253/300 lr=0.00100 train_acc=99.77 test_acc=93.43
epoch=254/300 lr=0.00100 train_acc=99.77 test_acc=93.45
epoch=255/300 lr=0.00100 train_acc=99.79 test_acc=93.35
epoch=256/300 lr=0.00100 train_acc=99.80 test_acc=93.40
epoch=257/300 lr=0.00100 train_acc=99.83 test_acc=93.41
epoch=258/300 lr=0.00100 train_acc=99.81 test_acc=93.46
epoch=259/300 lr=0.00100 train_acc=99.84 test_acc=93.41
epoch=260/300 lr=0.00100 train_acc=99.81 test_acc=93.40
epoch=261/300 lr=0.00100 train_acc=99.84 test_acc=93.40
epoch=262/300 lr=0.00100 train_acc=99.84 test_acc=93.42
epoch=263/300 lr=0.00100 train_acc=99.84 test_acc=93.44
epoch=264/300 lr=0.00100 train_acc=99.81 test_acc=93.43
epoch=265/300 lr=0.00100 train_acc=99.85 test_acc=93.39
epoch=266/300 lr=0.00100 train_acc=99.85 test_acc=93.33
epoch=267/300 lr=0.00100 train_acc=99.83 test_acc=93.28
epoch=268/300 lr=0.00100 train_acc=99.85 test_acc=93.53
epoch=269/300 lr=0.00100 train_acc=99.86 test_acc=93.58
epoch=270/300 lr=0.00100 train_acc=99.81 test_acc=93.44
epoch=271/300 lr=0.00100 train_acc=99.87 test_acc=93.41
epoch=272/300 lr=0.00100 train_acc=99.82 test_acc=93.49
epoch=273/300 lr=0.00100 train_acc=99.86 test_acc=93.32
epoch=274/300 lr=0.00100 train_acc=99.84 test_acc=93.40
epoch=275/300 lr=0.00100 train_acc=99.84 test_acc=93.59
epoch=276/300 lr=0.00100 train_acc=99.85 test_acc=93.33
epoch=277/300 lr=0.00100 train_acc=99.86 test_acc=93.41
epoch=278/300 lr=0.00100 train_acc=99.86 test_acc=93.35
epoch=279/300 lr=0.00100 train_acc=99.86 test_acc=93.42
epoch=280/300 lr=0.00100 train_acc=99.87 test_acc=93.37
epoch=281/300 lr=0.00100 train_acc=99.91 test_acc=93.29
epoch=282/300 lr=0.00100 train_acc=99.88 test_acc=93.40
epoch=283/300 lr=0.00100 train_acc=99.88 test_acc=93.32
epoch=284/300 lr=0.00100 train_acc=99.88 test_acc=93.40
epoch=285/300 lr=0.00100 train_acc=99.91 test_acc=93.33
epoch=286/300 lr=0.00100 train_acc=99.89 test_acc=93.57
epoch=287/300 lr=0.00100 train_acc=99.88 test_acc=93.51
epoch=288/300 lr=0.00100 train_acc=99.88 test_acc=93.57
epoch=289/300 lr=0.00100 train_acc=99.88 test_acc=93.55
epoch=290/300 lr=0.00100 train_acc=99.89 test_acc=93.56
epoch=291/300 lr=0.00100 train_acc=99.90 test_acc=93.46
epoch=292/300 lr=0.00100 train_acc=99.89 test_acc=93.53
epoch=293/300 lr=0.00100 train_acc=99.89 test_acc=93.58
epoch=294/300 lr=0.00100 train_acc=99.90 test_acc=93.42
epoch=295/300 lr=0.00100 train_acc=99.91 test_acc=93.49
epoch=296/300 lr=0.00100 train_acc=99.90 test_acc=93.53
epoch=297/300 lr=0.00100 train_acc=99.90 test_acc=93.53
epoch=298/300 lr=0.00100 train_acc=99.89 test_acc=93.47
epoch=299/300 lr=0.00100 train_acc=99.92 test_acc=93.58
epoch=300/300 lr=0.00100 train_acc=99.92 test_acc=93.60
{
  "best_accuracy": 93.6,
  "best_error_rate": 6.400000000000006,
  "final_accuracy": 93.6,
  "final_error_rate": 6.400000000000006,
  "elapsed_seconds": 2851.816142320633,
  "is_paper_result": false,
  "note": "New reproduction result; compare against paper target separately."
}
{
  "experiment": "cifar10_resnet32_baseline",
  "seeds": [
    1001,
    1002,
    1003,
    1004,
    1005
  ],
  "smoke": false,
  "is_paper_result": false,
  "best_error_rate": {
    "values": [
      6.349999999999994,
      6.319999999999993,
      6.159999999999997,
      6.109999999999999,
      6.400000000000006
    ],
    "mean": 6.267999999999998,
    "population_std": 0.11267652816802688,
    "sample_std": 0.12597618822618897
  },
  "final_error_rate": {
    "values": [
      6.459999999999994,
      6.439999999999998,
      6.310000000000002,
      6.319999999999993,
      6.400000000000006
    ],
    "mean": 6.385999999999998,
    "population_std": 0.06118823416311267,
    "sample_std": 0.06841052550594745
  },
  "note": "New reproduction aggregate; paper does not state best-vs-final or std convention."
}
start experiment=cifar10_resnet32_re_paper seed=1001
epoch=1/300 lr=0.10000 train_acc=35.36 test_acc=39.19
epoch=2/300 lr=0.10000 train_acc=52.23 test_acc=48.27
epoch=3/300 lr=0.10000 train_acc=60.07 test_acc=57.53
epoch=4/300 lr=0.10000 train_acc=65.16 test_acc=65.64
epoch=5/300 lr=0.10000 train_acc=68.31 test_acc=62.80
epoch=6/300 lr=0.10000 train_acc=70.48 test_acc=65.80
epoch=7/300 lr=0.10000 train_acc=71.72 test_acc=72.64
epoch=8/300 lr=0.10000 train_acc=73.25 test_acc=69.05
epoch=9/300 lr=0.10000 train_acc=73.87 test_acc=66.92
epoch=10/300 lr=0.10000 train_acc=74.34 test_acc=75.35
epoch=11/300 lr=0.10000 train_acc=74.91 test_acc=67.79
epoch=12/300 lr=0.10000 train_acc=75.69 test_acc=75.86
epoch=13/300 lr=0.10000 train_acc=75.81 test_acc=67.70
epoch=14/300 lr=0.10000 train_acc=76.38 test_acc=77.79
epoch=15/300 lr=0.10000 train_acc=76.60 test_acc=68.12
epoch=16/300 lr=0.10000 train_acc=77.15 test_acc=68.69
epoch=17/300 lr=0.10000 train_acc=77.00 test_acc=79.69
epoch=18/300 lr=0.10000 train_acc=77.32 test_acc=71.87
epoch=19/300 lr=0.10000 train_acc=77.49 test_acc=71.90
epoch=20/300 lr=0.10000 train_acc=77.62 test_acc=73.24
epoch=21/300 lr=0.10000 train_acc=78.38 test_acc=77.92
epoch=22/300 lr=0.10000 train_acc=78.02 test_acc=78.53
epoch=23/300 lr=0.10000 train_acc=78.41 test_acc=71.75
epoch=24/300 lr=0.10000 train_acc=78.31 test_acc=77.76
epoch=25/300 lr=0.10000 train_acc=78.34 test_acc=77.22
epoch=26/300 lr=0.10000 train_acc=78.31 test_acc=76.51
epoch=27/300 lr=0.10000 train_acc=78.59 test_acc=68.62
epoch=28/300 lr=0.10000 train_acc=78.77 test_acc=72.74
epoch=29/300 lr=0.10000 train_acc=79.16 test_acc=81.16
epoch=30/300 lr=0.10000 train_acc=78.85 test_acc=79.70
epoch=31/300 lr=0.10000 train_acc=79.04 test_acc=75.24
epoch=32/300 lr=0.10000 train_acc=79.29 test_acc=73.80
epoch=33/300 lr=0.10000 train_acc=79.27 test_acc=73.52
epoch=34/300 lr=0.10000 train_acc=79.41 test_acc=75.61
epoch=35/300 lr=0.10000 train_acc=79.28 test_acc=78.12
epoch=36/300 lr=0.10000 train_acc=79.38 test_acc=80.28
epoch=37/300 lr=0.10000 train_acc=79.50 test_acc=75.64
epoch=38/300 lr=0.10000 train_acc=79.80 test_acc=78.63
epoch=39/300 lr=0.10000 train_acc=79.47 test_acc=70.66
epoch=40/300 lr=0.10000 train_acc=79.65 test_acc=78.61
epoch=41/300 lr=0.10000 train_acc=79.48 test_acc=60.71
epoch=42/300 lr=0.10000 train_acc=79.79 test_acc=75.95
epoch=43/300 lr=0.10000 train_acc=80.03 test_acc=78.42
epoch=44/300 lr=0.10000 train_acc=79.96 test_acc=66.33
epoch=45/300 lr=0.10000 train_acc=79.66 test_acc=77.50
epoch=46/300 lr=0.10000 train_acc=79.91 test_acc=77.73
epoch=47/300 lr=0.10000 train_acc=80.23 test_acc=71.55
epoch=48/300 lr=0.10000 train_acc=80.17 test_acc=79.16
epoch=49/300 lr=0.10000 train_acc=79.92 test_acc=80.90
epoch=50/300 lr=0.10000 train_acc=80.17 test_acc=78.98
epoch=51/300 lr=0.10000 train_acc=80.27 test_acc=82.22
epoch=52/300 lr=0.10000 train_acc=80.08 test_acc=76.36
epoch=53/300 lr=0.10000 train_acc=80.25 test_acc=80.13
epoch=54/300 lr=0.10000 train_acc=80.41 test_acc=80.80
epoch=55/300 lr=0.10000 train_acc=80.05 test_acc=74.55
epoch=56/300 lr=0.10000 train_acc=80.30 test_acc=77.38
epoch=57/300 lr=0.10000 train_acc=80.30 test_acc=78.26
epoch=58/300 lr=0.10000 train_acc=80.07 test_acc=79.14
epoch=59/300 lr=0.10000 train_acc=80.65 test_acc=78.56
epoch=60/300 lr=0.10000 train_acc=80.20 test_acc=79.83
epoch=61/300 lr=0.10000 train_acc=80.28 test_acc=81.44
epoch=62/300 lr=0.10000 train_acc=80.60 test_acc=75.25
epoch=63/300 lr=0.10000 train_acc=80.54 test_acc=81.47
epoch=64/300 lr=0.10000 train_acc=80.43 test_acc=73.65
epoch=65/300 lr=0.10000 train_acc=80.47 test_acc=75.57
epoch=66/300 lr=0.10000 train_acc=80.73 test_acc=82.23
epoch=67/300 lr=0.10000 train_acc=80.58 test_acc=81.08
epoch=68/300 lr=0.10000 train_acc=80.65 test_acc=78.31
epoch=69/300 lr=0.10000 train_acc=80.75 test_acc=78.36
epoch=70/300 lr=0.10000 train_acc=80.49 test_acc=79.33
epoch=71/300 lr=0.10000 train_acc=80.64 test_acc=73.19
epoch=72/300 lr=0.10000 train_acc=80.52 test_acc=66.98
epoch=73/300 lr=0.10000 train_acc=80.64 test_acc=75.99
epoch=74/300 lr=0.10000 train_acc=80.51 test_acc=79.58
epoch=75/300 lr=0.10000 train_acc=80.78 test_acc=78.50
epoch=76/300 lr=0.10000 train_acc=80.47 test_acc=82.48
epoch=77/300 lr=0.10000 train_acc=80.60 test_acc=78.98
epoch=78/300 lr=0.10000 train_acc=80.69 test_acc=80.84
epoch=79/300 lr=0.10000 train_acc=80.76 test_acc=73.24
epoch=80/300 lr=0.10000 train_acc=80.73 test_acc=72.86
epoch=81/300 lr=0.10000 train_acc=80.88 test_acc=76.98
epoch=82/300 lr=0.10000 train_acc=80.79 test_acc=81.22
epoch=83/300 lr=0.10000 train_acc=80.98 test_acc=76.11
epoch=84/300 lr=0.10000 train_acc=80.89 test_acc=80.63
epoch=85/300 lr=0.10000 train_acc=80.93 test_acc=80.60
epoch=86/300 lr=0.10000 train_acc=81.16 test_acc=75.11
epoch=87/300 lr=0.10000 train_acc=80.83 test_acc=81.45
epoch=88/300 lr=0.10000 train_acc=81.02 test_acc=72.02
epoch=89/300 lr=0.10000 train_acc=80.81 test_acc=81.74
epoch=90/300 lr=0.10000 train_acc=80.75 test_acc=79.47
epoch=91/300 lr=0.10000 train_acc=80.83 test_acc=78.26
epoch=92/300 lr=0.10000 train_acc=80.94 test_acc=77.58
epoch=93/300 lr=0.10000 train_acc=81.09 test_acc=77.17
epoch=94/300 lr=0.10000 train_acc=80.99 test_acc=83.69
epoch=95/300 lr=0.10000 train_acc=80.97 test_acc=81.96
epoch=96/300 lr=0.10000 train_acc=80.78 test_acc=77.89
epoch=97/300 lr=0.10000 train_acc=81.01 test_acc=77.36
epoch=98/300 lr=0.10000 train_acc=80.93 test_acc=82.08
epoch=99/300 lr=0.10000 train_acc=80.91 test_acc=75.83
epoch=100/300 lr=0.10000 train_acc=80.89 test_acc=81.86
epoch=101/300 lr=0.10000 train_acc=81.08 test_acc=79.32
epoch=102/300 lr=0.10000 train_acc=80.93 test_acc=79.11
epoch=103/300 lr=0.10000 train_acc=81.30 test_acc=79.75
epoch=104/300 lr=0.10000 train_acc=81.50 test_acc=83.80
epoch=105/300 lr=0.10000 train_acc=81.17 test_acc=74.65
epoch=106/300 lr=0.10000 train_acc=81.14 test_acc=81.58
epoch=107/300 lr=0.10000 train_acc=81.26 test_acc=79.07
epoch=108/300 lr=0.10000 train_acc=81.15 test_acc=80.79
epoch=109/300 lr=0.10000 train_acc=81.18 test_acc=82.70
epoch=110/300 lr=0.10000 train_acc=81.26 test_acc=78.59
epoch=111/300 lr=0.10000 train_acc=81.19 test_acc=82.78
epoch=112/300 lr=0.10000 train_acc=81.04 test_acc=81.77
epoch=113/300 lr=0.10000 train_acc=81.10 test_acc=83.59
epoch=114/300 lr=0.10000 train_acc=81.08 test_acc=79.71
epoch=115/300 lr=0.10000 train_acc=81.17 test_acc=82.79
epoch=116/300 lr=0.10000 train_acc=81.13 test_acc=80.55
epoch=117/300 lr=0.10000 train_acc=81.13 test_acc=73.18
epoch=118/300 lr=0.10000 train_acc=80.95 test_acc=79.05
epoch=119/300 lr=0.10000 train_acc=81.33 test_acc=80.16
epoch=120/300 lr=0.10000 train_acc=81.34 test_acc=76.14
epoch=121/300 lr=0.10000 train_acc=81.29 test_acc=79.10
epoch=122/300 lr=0.10000 train_acc=81.22 test_acc=77.04
epoch=123/300 lr=0.10000 train_acc=81.48 test_acc=80.56
epoch=124/300 lr=0.10000 train_acc=81.31 test_acc=80.17
epoch=125/300 lr=0.10000 train_acc=81.10 test_acc=72.68
epoch=126/300 lr=0.10000 train_acc=80.94 test_acc=82.35
epoch=127/300 lr=0.10000 train_acc=81.15 test_acc=67.34
epoch=128/300 lr=0.10000 train_acc=81.13 test_acc=81.54
epoch=129/300 lr=0.10000 train_acc=81.07 test_acc=80.77
epoch=130/300 lr=0.10000 train_acc=81.21 test_acc=81.19
epoch=131/300 lr=0.10000 train_acc=81.18 test_acc=72.56
epoch=132/300 lr=0.10000 train_acc=81.66 test_acc=76.96
epoch=133/300 lr=0.10000 train_acc=81.03 test_acc=80.77
epoch=134/300 lr=0.10000 train_acc=81.55 test_acc=78.97
epoch=135/300 lr=0.10000 train_acc=81.18 test_acc=81.61
epoch=136/300 lr=0.10000 train_acc=81.06 test_acc=74.04
epoch=137/300 lr=0.10000 train_acc=81.14 test_acc=75.49
epoch=138/300 lr=0.10000 train_acc=81.30 test_acc=76.11
epoch=139/300 lr=0.10000 train_acc=81.26 test_acc=81.61
epoch=140/300 lr=0.10000 train_acc=81.33 test_acc=77.85
epoch=141/300 lr=0.10000 train_acc=81.46 test_acc=73.77
epoch=142/300 lr=0.10000 train_acc=81.28 test_acc=75.89
epoch=143/300 lr=0.10000 train_acc=81.30 test_acc=77.63
epoch=144/300 lr=0.10000 train_acc=81.46 test_acc=78.29
epoch=145/300 lr=0.10000 train_acc=81.48 test_acc=78.28
epoch=146/300 lr=0.10000 train_acc=81.44 test_acc=80.81
epoch=147/300 lr=0.10000 train_acc=81.44 test_acc=78.78
epoch=148/300 lr=0.10000 train_acc=81.41 test_acc=81.62
epoch=149/300 lr=0.10000 train_acc=81.35 test_acc=77.56
epoch=150/300 lr=0.10000 train_acc=81.46 test_acc=81.99
epoch=151/300 lr=0.01000 train_acc=87.29 test_acc=90.46
epoch=152/300 lr=0.01000 train_acc=88.82 test_acc=90.87
epoch=153/300 lr=0.01000 train_acc=89.41 test_acc=90.90
epoch=154/300 lr=0.01000 train_acc=89.95 test_acc=91.26
epoch=155/300 lr=0.01000 train_acc=90.24 test_acc=91.53
epoch=156/300 lr=0.01000 train_acc=90.54 test_acc=91.85
epoch=157/300 lr=0.01000 train_acc=90.72 test_acc=91.37
epoch=158/300 lr=0.01000 train_acc=91.03 test_acc=91.75
epoch=159/300 lr=0.01000 train_acc=91.28 test_acc=91.73
epoch=160/300 lr=0.01000 train_acc=91.16 test_acc=91.49
epoch=161/300 lr=0.01000 train_acc=91.46 test_acc=91.81
epoch=162/300 lr=0.01000 train_acc=91.49 test_acc=91.68
epoch=163/300 lr=0.01000 train_acc=91.68 test_acc=91.93
epoch=164/300 lr=0.01000 train_acc=91.57 test_acc=91.87
epoch=165/300 lr=0.01000 train_acc=91.64 test_acc=90.91
epoch=166/300 lr=0.01000 train_acc=91.58 test_acc=91.97
epoch=167/300 lr=0.01000 train_acc=91.74 test_acc=91.72
epoch=168/300 lr=0.01000 train_acc=91.88 test_acc=91.06
epoch=169/300 lr=0.01000 train_acc=91.71 test_acc=91.63
epoch=170/300 lr=0.01000 train_acc=91.91 test_acc=92.28
epoch=171/300 lr=0.01000 train_acc=91.75 test_acc=92.10
epoch=172/300 lr=0.01000 train_acc=91.82 test_acc=91.83
epoch=173/300 lr=0.01000 train_acc=91.61 test_acc=91.40
epoch=174/300 lr=0.01000 train_acc=91.90 test_acc=91.35
epoch=175/300 lr=0.01000 train_acc=91.84 test_acc=91.61
epoch=176/300 lr=0.01000 train_acc=91.87 test_acc=91.13
epoch=177/300 lr=0.01000 train_acc=91.75 test_acc=91.41
epoch=178/300 lr=0.01000 train_acc=91.76 test_acc=91.34
epoch=179/300 lr=0.01000 train_acc=91.94 test_acc=91.62
epoch=180/300 lr=0.01000 train_acc=91.76 test_acc=90.95
epoch=181/300 lr=0.01000 train_acc=91.80 test_acc=91.15
epoch=182/300 lr=0.01000 train_acc=91.96 test_acc=90.26
epoch=183/300 lr=0.01000 train_acc=91.77 test_acc=91.52
epoch=184/300 lr=0.01000 train_acc=91.83 test_acc=90.86
epoch=185/300 lr=0.01000 train_acc=91.83 test_acc=90.46
epoch=186/300 lr=0.01000 train_acc=91.79 test_acc=90.49
epoch=187/300 lr=0.01000 train_acc=91.70 test_acc=90.95
epoch=188/300 lr=0.01000 train_acc=91.86 test_acc=90.97
epoch=189/300 lr=0.01000 train_acc=91.79 test_acc=91.36
epoch=190/300 lr=0.01000 train_acc=91.60 test_acc=90.77
epoch=191/300 lr=0.01000 train_acc=92.08 test_acc=92.19
epoch=192/300 lr=0.01000 train_acc=91.88 test_acc=89.46
epoch=193/300 lr=0.01000 train_acc=91.74 test_acc=90.60
epoch=194/300 lr=0.01000 train_acc=91.91 test_acc=90.63
epoch=195/300 lr=0.01000 train_acc=91.82 test_acc=91.18
epoch=196/300 lr=0.01000 train_acc=91.81 test_acc=90.99
epoch=197/300 lr=0.01000 train_acc=91.79 test_acc=89.53
epoch=198/300 lr=0.01000 train_acc=91.86 test_acc=91.14
epoch=199/300 lr=0.01000 train_acc=92.07 test_acc=89.46
epoch=200/300 lr=0.01000 train_acc=92.00 test_acc=90.75
epoch=201/300 lr=0.01000 train_acc=91.61 test_acc=91.72
epoch=202/300 lr=0.01000 train_acc=92.03 test_acc=89.46
epoch=203/300 lr=0.01000 train_acc=91.76 test_acc=89.97
epoch=204/300 lr=0.01000 train_acc=91.73 test_acc=89.99
epoch=205/300 lr=0.01000 train_acc=91.84 test_acc=90.54
epoch=206/300 lr=0.01000 train_acc=91.83 test_acc=90.65
epoch=207/300 lr=0.01000 train_acc=92.06 test_acc=90.45
epoch=208/300 lr=0.01000 train_acc=91.78 test_acc=91.02
epoch=209/300 lr=0.01000 train_acc=91.99 test_acc=91.16
epoch=210/300 lr=0.01000 train_acc=92.00 test_acc=89.44
epoch=211/300 lr=0.01000 train_acc=92.09 test_acc=90.87
epoch=212/300 lr=0.01000 train_acc=91.77 test_acc=90.15
epoch=213/300 lr=0.01000 train_acc=92.21 test_acc=90.60
epoch=214/300 lr=0.01000 train_acc=91.93 test_acc=89.29
epoch=215/300 lr=0.01000 train_acc=91.96 test_acc=91.22
epoch=216/300 lr=0.01000 train_acc=92.04 test_acc=91.03
epoch=217/300 lr=0.01000 train_acc=92.10 test_acc=91.53
epoch=218/300 lr=0.01000 train_acc=92.11 test_acc=90.44
epoch=219/300 lr=0.01000 train_acc=91.94 test_acc=90.81
epoch=220/300 lr=0.01000 train_acc=91.96 test_acc=90.27
epoch=221/300 lr=0.01000 train_acc=92.04 test_acc=91.20
epoch=222/300 lr=0.01000 train_acc=92.23 test_acc=91.03
epoch=223/300 lr=0.01000 train_acc=92.28 test_acc=90.78
epoch=224/300 lr=0.01000 train_acc=92.10 test_acc=91.24
epoch=225/300 lr=0.01000 train_acc=92.07 test_acc=91.78
epoch=226/300 lr=0.00100 train_acc=94.04 test_acc=93.21
epoch=227/300 lr=0.00100 train_acc=94.86 test_acc=93.46
epoch=228/300 lr=0.00100 train_acc=95.17 test_acc=93.40
epoch=229/300 lr=0.00100 train_acc=95.36 test_acc=93.46
epoch=230/300 lr=0.00100 train_acc=95.43 test_acc=93.52
epoch=231/300 lr=0.00100 train_acc=95.62 test_acc=93.54
epoch=232/300 lr=0.00100 train_acc=95.78 test_acc=93.63
epoch=233/300 lr=0.00100 train_acc=95.67 test_acc=93.57
epoch=234/300 lr=0.00100 train_acc=95.77 test_acc=93.68
epoch=235/300 lr=0.00100 train_acc=95.82 test_acc=93.68
epoch=236/300 lr=0.00100 train_acc=95.88 test_acc=93.75
epoch=237/300 lr=0.00100 train_acc=95.84 test_acc=93.75
epoch=238/300 lr=0.00100 train_acc=95.91 test_acc=93.74
epoch=239/300 lr=0.00100 train_acc=96.03 test_acc=93.70
epoch=240/300 lr=0.00100 train_acc=96.13 test_acc=93.58
epoch=241/300 lr=0.00100 train_acc=96.05 test_acc=93.86
epoch=242/300 lr=0.00100 train_acc=96.08 test_acc=93.50
epoch=243/300 lr=0.00100 train_acc=96.14 test_acc=93.78
epoch=244/300 lr=0.00100 train_acc=96.22 test_acc=93.84
epoch=245/300 lr=0.00100 train_acc=96.01 test_acc=93.73
epoch=246/300 lr=0.00100 train_acc=96.17 test_acc=93.79
epoch=247/300 lr=0.00100 train_acc=96.34 test_acc=93.57
epoch=248/300 lr=0.00100 train_acc=96.14 test_acc=93.82
epoch=249/300 lr=0.00100 train_acc=96.14 test_acc=93.80
epoch=250/300 lr=0.00100 train_acc=96.29 test_acc=93.89
epoch=251/300 lr=0.00100 train_acc=96.49 test_acc=93.97
epoch=252/300 lr=0.00100 train_acc=96.16 test_acc=93.79
epoch=253/300 lr=0.00100 train_acc=96.37 test_acc=94.07
epoch=254/300 lr=0.00100 train_acc=96.32 test_acc=93.87
epoch=255/300 lr=0.00100 train_acc=96.32 test_acc=93.84
epoch=256/300 lr=0.00100 train_acc=96.16 test_acc=93.81
epoch=257/300 lr=0.00100 train_acc=96.40 test_acc=94.03
epoch=258/300 lr=0.00100 train_acc=96.47 test_acc=93.79
epoch=259/300 lr=0.00100 train_acc=96.48 test_acc=93.84
epoch=260/300 lr=0.00100 train_acc=96.49 test_acc=93.85
epoch=261/300 lr=0.00100 train_acc=96.51 test_acc=93.84
epoch=262/300 lr=0.00100 train_acc=96.53 test_acc=93.94
epoch=263/300 lr=0.00100 train_acc=96.42 test_acc=93.93
epoch=264/300 lr=0.00100 train_acc=96.45 test_acc=94.00
epoch=265/300 lr=0.00100 train_acc=96.46 test_acc=93.90
epoch=266/300 lr=0.00100 train_acc=96.56 test_acc=93.81
epoch=267/300 lr=0.00100 train_acc=96.47 test_acc=93.93
epoch=268/300 lr=0.00100 train_acc=96.44 test_acc=93.95
epoch=269/300 lr=0.00100 train_acc=96.51 test_acc=93.94
epoch=270/300 lr=0.00100 train_acc=96.58 test_acc=94.07
epoch=271/300 lr=0.00100 train_acc=96.60 test_acc=93.97
epoch=272/300 lr=0.00100 train_acc=96.64 test_acc=93.98
epoch=273/300 lr=0.00100 train_acc=96.49 test_acc=94.07
epoch=274/300 lr=0.00100 train_acc=96.54 test_acc=94.32
epoch=275/300 lr=0.00100 train_acc=96.68 test_acc=94.15
epoch=276/300 lr=0.00100 train_acc=96.69 test_acc=94.06
epoch=277/300 lr=0.00100 train_acc=96.57 test_acc=93.96
epoch=278/300 lr=0.00100 train_acc=96.68 test_acc=93.86
epoch=279/300 lr=0.00100 train_acc=96.74 test_acc=94.18
epoch=280/300 lr=0.00100 train_acc=96.63 test_acc=94.08
epoch=281/300 lr=0.00100 train_acc=96.78 test_acc=94.07
epoch=282/300 lr=0.00100 train_acc=96.66 test_acc=94.14
epoch=283/300 lr=0.00100 train_acc=96.73 test_acc=93.81
epoch=284/300 lr=0.00100 train_acc=96.57 test_acc=94.15
epoch=285/300 lr=0.00100 train_acc=96.79 test_acc=94.13
epoch=286/300 lr=0.00100 train_acc=96.85 test_acc=94.18
epoch=287/300 lr=0.00100 train_acc=96.67 test_acc=94.26
epoch=288/300 lr=0.00100 train_acc=96.74 test_acc=94.10
epoch=289/300 lr=0.00100 train_acc=96.80 test_acc=93.91
epoch=290/300 lr=0.00100 train_acc=96.81 test_acc=94.07
epoch=291/300 lr=0.00100 train_acc=96.82 test_acc=93.91
epoch=292/300 lr=0.00100 train_acc=96.79 test_acc=93.94
epoch=293/300 lr=0.00100 train_acc=96.61 test_acc=93.86
epoch=294/300 lr=0.00100 train_acc=96.74 test_acc=93.92
epoch=295/300 lr=0.00100 train_acc=96.78 test_acc=93.95
epoch=296/300 lr=0.00100 train_acc=96.93 test_acc=93.95
epoch=297/300 lr=0.00100 train_acc=96.93 test_acc=93.97
epoch=298/300 lr=0.00100 train_acc=96.98 test_acc=93.99
epoch=299/300 lr=0.00100 train_acc=96.76 test_acc=93.92
epoch=300/300 lr=0.00100 train_acc=96.85 test_acc=94.12
{
  "best_accuracy": 94.32,
  "best_error_rate": 5.680000000000007,
  "final_accuracy": 94.12,
  "final_error_rate": 5.8799999999999955,
  "elapsed_seconds": 2857.2581408023834,
  "is_paper_result": false,
  "note": "New reproduction result; compare against paper target separately."
}
start experiment=cifar10_resnet32_re_paper seed=1002
epoch=1/300 lr=0.10000 train_acc=30.54 test_acc=41.06
epoch=2/300 lr=0.10000 train_acc=47.00 test_acc=56.10
epoch=3/300 lr=0.10000 train_acc=57.15 test_acc=58.55
epoch=4/300 lr=0.10000 train_acc=63.01 test_acc=64.91
epoch=5/300 lr=0.10000 train_acc=67.00 test_acc=67.22
epoch=6/300 lr=0.10000 train_acc=69.83 test_acc=67.14
epoch=7/300 lr=0.10000 train_acc=71.90 test_acc=73.97
epoch=8/300 lr=0.10000 train_acc=73.19 test_acc=71.46
epoch=9/300 lr=0.10000 train_acc=74.04 test_acc=75.55
epoch=10/300 lr=0.10000 train_acc=74.52 test_acc=69.57
epoch=11/300 lr=0.10000 train_acc=75.21 test_acc=69.63
epoch=12/300 lr=0.10000 train_acc=75.37 test_acc=74.02
epoch=13/300 lr=0.10000 train_acc=76.30 test_acc=77.04
epoch=14/300 lr=0.10000 train_acc=76.50 test_acc=78.41
epoch=15/300 lr=0.10000 train_acc=77.08 test_acc=71.52
epoch=16/300 lr=0.10000 train_acc=77.08 test_acc=78.86
epoch=17/300 lr=0.10000 train_acc=77.56 test_acc=68.79
epoch=18/300 lr=0.10000 train_acc=77.95 test_acc=78.06
epoch=19/300 lr=0.10000 train_acc=78.19 test_acc=80.16
epoch=20/300 lr=0.10000 train_acc=78.25 test_acc=78.63
epoch=21/300 lr=0.10000 train_acc=78.12 test_acc=76.90
epoch=22/300 lr=0.10000 train_acc=78.57 test_acc=73.90
epoch=23/300 lr=0.10000 train_acc=78.71 test_acc=82.83
epoch=24/300 lr=0.10000 train_acc=78.88 test_acc=68.05
epoch=25/300 lr=0.10000 train_acc=78.67 test_acc=78.14
epoch=26/300 lr=0.10000 train_acc=79.21 test_acc=76.63
epoch=27/300 lr=0.10000 train_acc=78.89 test_acc=77.28
epoch=28/300 lr=0.10000 train_acc=79.45 test_acc=80.04
epoch=29/300 lr=0.10000 train_acc=79.53 test_acc=70.39
epoch=30/300 lr=0.10000 train_acc=78.90 test_acc=78.91
epoch=31/300 lr=0.10000 train_acc=79.35 test_acc=76.31
epoch=32/300 lr=0.10000 train_acc=80.00 test_acc=78.65
epoch=33/300 lr=0.10000 train_acc=79.43 test_acc=74.12
epoch=34/300 lr=0.10000 train_acc=79.48 test_acc=74.48
epoch=35/300 lr=0.10000 train_acc=79.77 test_acc=74.26
epoch=36/300 lr=0.10000 train_acc=79.84 test_acc=78.03
epoch=37/300 lr=0.10000 train_acc=79.97 test_acc=71.86
epoch=38/300 lr=0.10000 train_acc=79.64 test_acc=80.72
epoch=39/300 lr=0.10000 train_acc=80.11 test_acc=76.50
epoch=40/300 lr=0.10000 train_acc=79.97 test_acc=78.02
epoch=41/300 lr=0.10000 train_acc=80.15 test_acc=74.07
epoch=42/300 lr=0.10000 train_acc=79.97 test_acc=76.41
epoch=43/300 lr=0.10000 train_acc=80.20 test_acc=77.90
epoch=44/300 lr=0.10000 train_acc=80.19 test_acc=77.03
epoch=45/300 lr=0.10000 train_acc=80.15 test_acc=70.75
epoch=46/300 lr=0.10000 train_acc=80.42 test_acc=80.87
epoch=47/300 lr=0.10000 train_acc=80.18 test_acc=74.57
epoch=48/300 lr=0.10000 train_acc=80.36 test_acc=81.05
epoch=49/300 lr=0.10000 train_acc=80.23 test_acc=81.00
epoch=50/300 lr=0.10000 train_acc=80.54 test_acc=79.91
epoch=51/300 lr=0.10000 train_acc=80.62 test_acc=74.59
epoch=52/300 lr=0.10000 train_acc=80.55 test_acc=74.11
epoch=53/300 lr=0.10000 train_acc=80.36 test_acc=79.68
epoch=54/300 lr=0.10000 train_acc=80.52 test_acc=78.68
epoch=55/300 lr=0.10000 train_acc=80.57 test_acc=77.92
epoch=56/300 lr=0.10000 train_acc=80.63 test_acc=79.05
epoch=57/300 lr=0.10000 train_acc=80.66 test_acc=80.20
epoch=58/300 lr=0.10000 train_acc=80.94 test_acc=82.31
epoch=59/300 lr=0.10000 train_acc=80.68 test_acc=80.95
epoch=60/300 lr=0.10000 train_acc=80.71 test_acc=75.06
epoch=61/300 lr=0.10000 train_acc=81.02 test_acc=76.97
epoch=62/300 lr=0.10000 train_acc=80.93 test_acc=72.06
epoch=63/300 lr=0.10000 train_acc=80.84 test_acc=78.81
epoch=64/300 lr=0.10000 train_acc=81.22 test_acc=72.27
epoch=65/300 lr=0.10000 train_acc=81.05 test_acc=78.56
epoch=66/300 lr=0.10000 train_acc=80.90 test_acc=82.77
epoch=67/300 lr=0.10000 train_acc=81.07 test_acc=79.87
epoch=68/300 lr=0.10000 train_acc=81.02 test_acc=79.82
epoch=69/300 lr=0.10000 train_acc=80.80 test_acc=78.95
epoch=70/300 lr=0.10000 train_acc=80.91 test_acc=79.21
epoch=71/300 lr=0.10000 train_acc=81.02 test_acc=79.83
epoch=72/300 lr=0.10000 train_acc=80.84 test_acc=76.96
epoch=73/300 lr=0.10000 train_acc=80.99 test_acc=60.60
epoch=74/300 lr=0.10000 train_acc=80.73 test_acc=79.85
epoch=75/300 lr=0.10000 train_acc=81.06 test_acc=80.32
epoch=76/300 lr=0.10000 train_acc=80.94 test_acc=75.83
epoch=77/300 lr=0.10000 train_acc=80.93 test_acc=81.06
epoch=78/300 lr=0.10000 train_acc=81.05 test_acc=79.24
epoch=79/300 lr=0.10000 train_acc=80.99 test_acc=79.92
epoch=80/300 lr=0.10000 train_acc=81.21 test_acc=77.84
epoch=81/300 lr=0.10000 train_acc=81.17 test_acc=81.03
epoch=82/300 lr=0.10000 train_acc=81.20 test_acc=76.62
epoch=83/300 lr=0.10000 train_acc=81.07 test_acc=76.98
epoch=84/300 lr=0.10000 train_acc=80.81 test_acc=79.90
epoch=85/300 lr=0.10000 train_acc=81.17 test_acc=82.52
epoch=86/300 lr=0.10000 train_acc=81.48 test_acc=80.45
epoch=87/300 lr=0.10000 train_acc=81.35 test_acc=77.24
epoch=88/300 lr=0.10000 train_acc=81.32 test_acc=71.24
epoch=89/300 lr=0.10000 train_acc=81.29 test_acc=75.41
epoch=90/300 lr=0.10000 train_acc=81.09 test_acc=81.55
epoch=91/300 lr=0.10000 train_acc=81.20 test_acc=80.87
epoch=92/300 lr=0.10000 train_acc=81.42 test_acc=74.78
epoch=93/300 lr=0.10000 train_acc=81.50 test_acc=83.30
epoch=94/300 lr=0.10000 train_acc=81.32 test_acc=77.63
epoch=95/300 lr=0.10000 train_acc=81.32 test_acc=81.58
epoch=96/300 lr=0.10000 train_acc=81.30 test_acc=80.36
epoch=97/300 lr=0.10000 train_acc=81.50 test_acc=71.83
epoch=98/300 lr=0.10000 train_acc=81.20 test_acc=81.77
epoch=99/300 lr=0.10000 train_acc=81.60 test_acc=78.41
epoch=100/300 lr=0.10000 train_acc=81.27 test_acc=80.09
epoch=101/300 lr=0.10000 train_acc=81.26 test_acc=75.69
epoch=102/300 lr=0.10000 train_acc=81.11 test_acc=78.49
epoch=103/300 lr=0.10000 train_acc=81.38 test_acc=80.33
epoch=104/300 lr=0.10000 train_acc=81.41 test_acc=70.67
epoch=105/300 lr=0.10000 train_acc=81.02 test_acc=78.59
epoch=106/300 lr=0.10000 train_acc=81.41 test_acc=80.12
epoch=107/300 lr=0.10000 train_acc=81.66 test_acc=81.06
epoch=108/300 lr=0.10000 train_acc=80.89 test_acc=75.46
epoch=109/300 lr=0.10000 train_acc=81.41 test_acc=71.29
epoch=110/300 lr=0.10000 train_acc=81.61 test_acc=75.49
epoch=111/300 lr=0.10000 train_acc=81.19 test_acc=80.18
epoch=112/300 lr=0.10000 train_acc=81.57 test_acc=76.29
epoch=113/300 lr=0.10000 train_acc=81.18 test_acc=79.58
epoch=114/300 lr=0.10000 train_acc=81.39 test_acc=81.23
epoch=115/300 lr=0.10000 train_acc=81.43 test_acc=81.01
epoch=116/300 lr=0.10000 train_acc=81.41 test_acc=70.02
epoch=117/300 lr=0.10000 train_acc=81.53 test_acc=76.48
epoch=118/300 lr=0.10000 train_acc=81.63 test_acc=73.93
epoch=119/300 lr=0.10000 train_acc=81.43 test_acc=83.74
epoch=120/300 lr=0.10000 train_acc=81.39 test_acc=81.14
epoch=121/300 lr=0.10000 train_acc=81.21 test_acc=79.74
epoch=122/300 lr=0.10000 train_acc=81.34 test_acc=74.08
epoch=123/300 lr=0.10000 train_acc=81.48 test_acc=70.03
epoch=124/300 lr=0.10000 train_acc=81.51 test_acc=82.01
epoch=125/300 lr=0.10000 train_acc=81.91 test_acc=83.13
epoch=126/300 lr=0.10000 train_acc=81.53 test_acc=82.86
epoch=127/300 lr=0.10000 train_acc=81.51 test_acc=79.00
epoch=128/300 lr=0.10000 train_acc=81.15 test_acc=81.89
epoch=129/300 lr=0.10000 train_acc=81.62 test_acc=79.19
epoch=130/300 lr=0.10000 train_acc=81.49 test_acc=72.75
epoch=131/300 lr=0.10000 train_acc=81.43 test_acc=83.11
epoch=132/300 lr=0.10000 train_acc=81.78 test_acc=67.46
epoch=133/300 lr=0.10000 train_acc=81.49 test_acc=80.81
epoch=134/300 lr=0.10000 train_acc=81.53 test_acc=80.98
epoch=135/300 lr=0.10000 train_acc=81.44 test_acc=78.03
epoch=136/300 lr=0.10000 train_acc=81.41 test_acc=81.52
epoch=137/300 lr=0.10000 train_acc=81.74 test_acc=77.60
epoch=138/300 lr=0.10000 train_acc=81.54 test_acc=75.98
epoch=139/300 lr=0.10000 train_acc=81.49 test_acc=82.48
epoch=140/300 lr=0.10000 train_acc=81.41 test_acc=82.29
epoch=141/300 lr=0.10000 train_acc=81.80 test_acc=81.71
epoch=142/300 lr=0.10000 train_acc=81.61 test_acc=80.85
epoch=143/300 lr=0.10000 train_acc=81.65 test_acc=79.86
epoch=144/300 lr=0.10000 train_acc=81.80 test_acc=75.89
epoch=145/300 lr=0.10000 train_acc=81.53 test_acc=75.32
epoch=146/300 lr=0.10000 train_acc=81.61 test_acc=74.07
epoch=147/300 lr=0.10000 train_acc=81.59 test_acc=80.22
epoch=148/300 lr=0.10000 train_acc=81.43 test_acc=78.52
epoch=149/300 lr=0.10000 train_acc=81.33 test_acc=77.49
epoch=150/300 lr=0.10000 train_acc=81.59 test_acc=82.50
epoch=151/300 lr=0.01000 train_acc=87.48 test_acc=89.96
epoch=152/300 lr=0.01000 train_acc=89.03 test_acc=90.78
epoch=153/300 lr=0.01000 train_acc=89.66 test_acc=90.63
epoch=154/300 lr=0.01000 train_acc=90.02 test_acc=91.58
epoch=155/300 lr=0.01000 train_acc=90.45 test_acc=91.81
epoch=156/300 lr=0.01000 train_acc=90.66 test_acc=91.53
epoch=157/300 lr=0.01000 train_acc=90.75 test_acc=91.93
epoch=158/300 lr=0.01000 train_acc=91.03 test_acc=91.75
epoch=159/300 lr=0.01000 train_acc=91.21 test_acc=91.78
epoch=160/300 lr=0.01000 train_acc=91.38 test_acc=91.95
epoch=161/300 lr=0.01000 train_acc=91.45 test_acc=91.63
epoch=162/300 lr=0.01000 train_acc=91.56 test_acc=91.90
epoch=163/300 lr=0.01000 train_acc=91.50 test_acc=92.03
epoch=164/300 lr=0.01000 train_acc=91.74 test_acc=91.58
epoch=165/300 lr=0.01000 train_acc=91.69 test_acc=92.06
epoch=166/300 lr=0.01000 train_acc=91.76 test_acc=91.63
epoch=167/300 lr=0.01000 train_acc=91.98 test_acc=91.95
epoch=168/300 lr=0.01000 train_acc=91.89 test_acc=91.77
epoch=169/300 lr=0.01000 train_acc=91.98 test_acc=91.72
epoch=170/300 lr=0.01000 train_acc=91.91 test_acc=91.73
epoch=171/300 lr=0.01000 train_acc=92.06 test_acc=92.04
epoch=172/300 lr=0.01000 train_acc=92.01 test_acc=91.36
epoch=173/300 lr=0.01000 train_acc=92.08 test_acc=92.11
epoch=174/300 lr=0.01000 train_acc=91.92 test_acc=91.36
epoch=175/300 lr=0.01000 train_acc=92.17 test_acc=91.33
epoch=176/300 lr=0.01000 train_acc=92.01 test_acc=91.12
epoch=177/300 lr=0.01000 train_acc=91.98 test_acc=91.19
epoch=178/300 lr=0.01000 train_acc=91.83 test_acc=91.39
epoch=179/300 lr=0.01000 train_acc=92.03 test_acc=91.09
epoch=180/300 lr=0.01000 train_acc=91.96 test_acc=92.05
epoch=181/300 lr=0.01000 train_acc=91.90 test_acc=90.58
epoch=182/300 lr=0.01000 train_acc=91.97 test_acc=91.94
epoch=183/300 lr=0.01000 train_acc=91.89 test_acc=90.78
epoch=184/300 lr=0.01000 train_acc=92.03 test_acc=91.03
epoch=185/300 lr=0.01000 train_acc=92.20 test_acc=91.42
epoch=186/300 lr=0.01000 train_acc=92.12 test_acc=89.74
epoch=187/300 lr=0.01000 train_acc=91.92 test_acc=90.90
epoch=188/300 lr=0.01000 train_acc=91.90 test_acc=90.42
epoch=189/300 lr=0.01000 train_acc=91.96 test_acc=91.02
epoch=190/300 lr=0.01000 train_acc=92.03 test_acc=91.06
epoch=191/300 lr=0.01000 train_acc=92.05 test_acc=91.67
epoch=192/300 lr=0.01000 train_acc=92.18 test_acc=91.56
epoch=193/300 lr=0.01000 train_acc=91.94 test_acc=89.84
epoch=194/300 lr=0.01000 train_acc=92.02 test_acc=91.46
epoch=195/300 lr=0.01000 train_acc=92.01 test_acc=90.97
epoch=196/300 lr=0.01000 train_acc=91.84 test_acc=91.26
epoch=197/300 lr=0.01000 train_acc=91.90 test_acc=90.45
epoch=198/300 lr=0.01000 train_acc=92.04 test_acc=90.96
epoch=199/300 lr=0.01000 train_acc=92.07 test_acc=90.83
epoch=200/300 lr=0.01000 train_acc=92.18 test_acc=91.17
epoch=201/300 lr=0.01000 train_acc=92.02 test_acc=90.03
epoch=202/300 lr=0.01000 train_acc=92.14 test_acc=90.89
epoch=203/300 lr=0.01000 train_acc=92.09 test_acc=91.32
epoch=204/300 lr=0.01000 train_acc=91.93 test_acc=90.03
epoch=205/300 lr=0.01000 train_acc=91.89 test_acc=91.28
epoch=206/300 lr=0.01000 train_acc=92.14 test_acc=90.33
epoch=207/300 lr=0.01000 train_acc=92.15 test_acc=90.81
epoch=208/300 lr=0.01000 train_acc=92.19 test_acc=91.14
epoch=209/300 lr=0.01000 train_acc=92.17 test_acc=90.68
epoch=210/300 lr=0.01000 train_acc=92.07 test_acc=91.28
epoch=211/300 lr=0.01000 train_acc=92.37 test_acc=87.80
epoch=212/300 lr=0.01000 train_acc=91.98 test_acc=90.85
epoch=213/300 lr=0.01000 train_acc=92.21 test_acc=89.56
epoch=214/300 lr=0.01000 train_acc=92.19 test_acc=91.56
epoch=215/300 lr=0.01000 train_acc=92.23 test_acc=91.58
epoch=216/300 lr=0.01000 train_acc=92.31 test_acc=90.39
epoch=217/300 lr=0.01000 train_acc=92.17 test_acc=91.71
epoch=218/300 lr=0.01000 train_acc=92.08 test_acc=91.28
epoch=219/300 lr=0.01000 train_acc=92.29 test_acc=90.79
epoch=220/300 lr=0.01000 train_acc=91.91 test_acc=90.26
epoch=221/300 lr=0.01000 train_acc=92.18 test_acc=91.04
epoch=222/300 lr=0.01000 train_acc=92.31 test_acc=90.77
epoch=223/300 lr=0.01000 train_acc=92.10 test_acc=90.41
epoch=224/300 lr=0.01000 train_acc=92.23 test_acc=90.80
epoch=225/300 lr=0.01000 train_acc=92.35 test_acc=91.02
epoch=226/300 lr=0.00100 train_acc=94.29 test_acc=93.26
epoch=227/300 lr=0.00100 train_acc=95.08 test_acc=93.50
epoch=228/300 lr=0.00100 train_acc=95.25 test_acc=93.66
epoch=229/300 lr=0.00100 train_acc=95.39 test_acc=93.55
epoch=230/300 lr=0.00100 train_acc=95.58 test_acc=93.82
epoch=231/300 lr=0.00100 train_acc=95.75 test_acc=93.78
epoch=232/300 lr=0.00100 train_acc=95.74 test_acc=93.74
epoch=233/300 lr=0.00100 train_acc=95.81 test_acc=93.76
epoch=234/300 lr=0.00100 train_acc=95.91 test_acc=93.74
epoch=235/300 lr=0.00100 train_acc=96.01 test_acc=93.66
epoch=236/300 lr=0.00100 train_acc=96.06 test_acc=93.81
epoch=237/300 lr=0.00100 train_acc=96.05 test_acc=93.70
epoch=238/300 lr=0.00100 train_acc=95.97 test_acc=93.81
epoch=239/300 lr=0.00100 train_acc=95.97 test_acc=93.88
epoch=240/300 lr=0.00100 train_acc=96.04 test_acc=93.86
epoch=241/300 lr=0.00100 train_acc=96.26 test_acc=94.07
epoch=242/300 lr=0.00100 train_acc=96.14 test_acc=94.15
epoch=243/300 lr=0.00100 train_acc=96.39 test_acc=93.94
epoch=244/300 lr=0.00100 train_acc=96.23 test_acc=94.00
epoch=245/300 lr=0.00100 train_acc=96.35 test_acc=93.93
epoch=246/300 lr=0.00100 train_acc=96.29 test_acc=94.00
epoch=247/300 lr=0.00100 train_acc=96.29 test_acc=93.85
epoch=248/300 lr=0.00100 train_acc=96.36 test_acc=94.07
epoch=249/300 lr=0.00100 train_acc=96.32 test_acc=93.94
epoch=250/300 lr=0.00100 train_acc=96.33 test_acc=94.05
epoch=251/300 lr=0.00100 train_acc=96.50 test_acc=94.00
epoch=252/300 lr=0.00100 train_acc=96.44 test_acc=94.02
epoch=253/300 lr=0.00100 train_acc=96.47 test_acc=93.88
epoch=254/300 lr=0.00100 train_acc=96.47 test_acc=93.99
epoch=255/300 lr=0.00100 train_acc=96.49 test_acc=94.01
epoch=256/300 lr=0.00100 train_acc=96.48 test_acc=93.83
epoch=257/300 lr=0.00100 train_acc=96.42 test_acc=93.94
epoch=258/300 lr=0.00100 train_acc=96.38 test_acc=94.01
epoch=259/300 lr=0.00100 train_acc=96.53 test_acc=94.00
epoch=260/300 lr=0.00100 train_acc=96.66 test_acc=94.21
epoch=261/300 lr=0.00100 train_acc=96.66 test_acc=94.11
epoch=262/300 lr=0.00100 train_acc=96.50 test_acc=94.20
epoch=263/300 lr=0.00100 train_acc=96.64 test_acc=93.98
epoch=264/300 lr=0.00100 train_acc=96.54 test_acc=94.05
epoch=265/300 lr=0.00100 train_acc=96.56 test_acc=94.15
epoch=266/300 lr=0.00100 train_acc=96.65 test_acc=94.07
epoch=267/300 lr=0.00100 train_acc=96.59 test_acc=94.13
epoch=268/300 lr=0.00100 train_acc=96.72 test_acc=94.10
epoch=269/300 lr=0.00100 train_acc=96.73 test_acc=94.10
epoch=270/300 lr=0.00100 train_acc=96.72 test_acc=93.90
epoch=271/300 lr=0.00100 train_acc=96.70 test_acc=94.07
epoch=272/300 lr=0.00100 train_acc=96.66 test_acc=94.16
epoch=273/300 lr=0.00100 train_acc=96.79 test_acc=94.17
epoch=274/300 lr=0.00100 train_acc=96.72 test_acc=93.94
epoch=275/300 lr=0.00100 train_acc=96.66 test_acc=94.23
epoch=276/300 lr=0.00100 train_acc=96.79 test_acc=93.94
epoch=277/300 lr=0.00100 train_acc=96.73 test_acc=94.13
epoch=278/300 lr=0.00100 train_acc=96.95 test_acc=94.13
epoch=279/300 lr=0.00100 train_acc=96.89 test_acc=93.91
epoch=280/300 lr=0.00100 train_acc=96.78 test_acc=94.18
epoch=281/300 lr=0.00100 train_acc=96.84 test_acc=94.25
epoch=282/300 lr=0.00100 train_acc=96.89 test_acc=94.07
epoch=283/300 lr=0.00100 train_acc=96.87 test_acc=94.06
epoch=284/300 lr=0.00100 train_acc=96.73 test_acc=94.08
epoch=285/300 lr=0.00100 train_acc=96.72 test_acc=93.95
epoch=286/300 lr=0.00100 train_acc=96.75 test_acc=93.92
epoch=287/300 lr=0.00100 train_acc=96.91 test_acc=94.06
epoch=288/300 lr=0.00100 train_acc=96.80 test_acc=93.98
epoch=289/300 lr=0.00100 train_acc=96.94 test_acc=94.03
epoch=290/300 lr=0.00100 train_acc=96.81 test_acc=94.10
epoch=291/300 lr=0.00100 train_acc=96.83 test_acc=93.91
epoch=292/300 lr=0.00100 train_acc=96.79 test_acc=94.01
epoch=293/300 lr=0.00100 train_acc=96.84 test_acc=94.12
epoch=294/300 lr=0.00100 train_acc=96.73 test_acc=94.11
epoch=295/300 lr=0.00100 train_acc=96.89 test_acc=94.00
epoch=296/300 lr=0.00100 train_acc=96.88 test_acc=94.17
epoch=297/300 lr=0.00100 train_acc=96.99 test_acc=93.91
epoch=298/300 lr=0.00100 train_acc=96.89 test_acc=94.09
epoch=299/300 lr=0.00100 train_acc=96.92 test_acc=94.10
epoch=300/300 lr=0.00100 train_acc=96.86 test_acc=94.07
{
  "best_accuracy": 94.25,
  "best_error_rate": 5.75,
  "final_accuracy": 94.07,
  "final_error_rate": 5.930000000000007,
  "elapsed_seconds": 2845.5179526805878,
  "is_paper_result": false,
  "note": "New reproduction result; compare against paper target separately."
}
start experiment=cifar10_resnet32_re_paper seed=1003
epoch=1/300 lr=0.10000 train_acc=33.34 test_acc=44.45
epoch=2/300 lr=0.10000 train_acc=50.22 test_acc=45.35
epoch=3/300 lr=0.10000 train_acc=59.56 test_acc=59.83
epoch=4/300 lr=0.10000 train_acc=65.38 test_acc=69.49
epoch=5/300 lr=0.10000 train_acc=68.95 test_acc=72.19
epoch=6/300 lr=0.10000 train_acc=71.28 test_acc=71.70
epoch=7/300 lr=0.10000 train_acc=72.21 test_acc=72.65
epoch=8/300 lr=0.10000 train_acc=73.55 test_acc=74.25
epoch=9/300 lr=0.10000 train_acc=74.54 test_acc=71.35
epoch=10/300 lr=0.10000 train_acc=74.75 test_acc=67.39
epoch=11/300 lr=0.10000 train_acc=75.73 test_acc=75.02
epoch=12/300 lr=0.10000 train_acc=75.89 test_acc=69.72
epoch=13/300 lr=0.10000 train_acc=76.68 test_acc=75.03
epoch=14/300 lr=0.10000 train_acc=76.50 test_acc=74.85
epoch=15/300 lr=0.10000 train_acc=76.78 test_acc=69.90
epoch=16/300 lr=0.10000 train_acc=77.14 test_acc=62.48
epoch=17/300 lr=0.10000 train_acc=77.74 test_acc=76.38
epoch=18/300 lr=0.10000 train_acc=77.82 test_acc=77.01
epoch=19/300 lr=0.10000 train_acc=77.92 test_acc=79.78
epoch=20/300 lr=0.10000 train_acc=78.13 test_acc=79.83
epoch=21/300 lr=0.10000 train_acc=78.39 test_acc=78.68
epoch=22/300 lr=0.10000 train_acc=78.39 test_acc=73.00
epoch=23/300 lr=0.10000 train_acc=78.54 test_acc=79.00
epoch=24/300 lr=0.10000 train_acc=78.62 test_acc=71.88
epoch=25/300 lr=0.10000 train_acc=78.88 test_acc=68.20
epoch=26/300 lr=0.10000 train_acc=79.02 test_acc=75.35
epoch=27/300 lr=0.10000 train_acc=79.16 test_acc=58.55
epoch=28/300 lr=0.10000 train_acc=79.32 test_acc=74.15
epoch=29/300 lr=0.10000 train_acc=79.43 test_acc=74.81
epoch=30/300 lr=0.10000 train_acc=79.28 test_acc=77.10
epoch=31/300 lr=0.10000 train_acc=79.41 test_acc=75.19
epoch=32/300 lr=0.10000 train_acc=79.95 test_acc=72.35
epoch=33/300 lr=0.10000 train_acc=79.50 test_acc=73.94
epoch=34/300 lr=0.10000 train_acc=79.89 test_acc=81.25
epoch=35/300 lr=0.10000 train_acc=80.15 test_acc=76.12
epoch=36/300 lr=0.10000 train_acc=79.77 test_acc=74.74
epoch=37/300 lr=0.10000 train_acc=80.11 test_acc=77.99
epoch=38/300 lr=0.10000 train_acc=79.93 test_acc=77.03
epoch=39/300 lr=0.10000 train_acc=80.00 test_acc=78.57
epoch=40/300 lr=0.10000 train_acc=80.26 test_acc=68.77
epoch=41/300 lr=0.10000 train_acc=79.95 test_acc=79.25
epoch=42/300 lr=0.10000 train_acc=79.94 test_acc=79.23
epoch=43/300 lr=0.10000 train_acc=80.25 test_acc=74.61
epoch=44/300 lr=0.10000 train_acc=80.23 test_acc=68.70
epoch=45/300 lr=0.10000 train_acc=80.30 test_acc=71.56
epoch=46/300 lr=0.10000 train_acc=80.06 test_acc=79.68
epoch=47/300 lr=0.10000 train_acc=80.28 test_acc=78.36
epoch=48/300 lr=0.10000 train_acc=80.16 test_acc=73.31
epoch=49/300 lr=0.10000 train_acc=80.58 test_acc=78.40
epoch=50/300 lr=0.10000 train_acc=80.41 test_acc=80.05
epoch=51/300 lr=0.10000 train_acc=80.59 test_acc=77.28
epoch=52/300 lr=0.10000 train_acc=80.62 test_acc=77.99
epoch=53/300 lr=0.10000 train_acc=80.77 test_acc=77.54
epoch=54/300 lr=0.10000 train_acc=80.67 test_acc=75.50
epoch=55/300 lr=0.10000 train_acc=80.56 test_acc=74.77
epoch=56/300 lr=0.10000 train_acc=80.71 test_acc=69.41
epoch=57/300 lr=0.10000 train_acc=80.60 test_acc=75.60
epoch=58/300 lr=0.10000 train_acc=80.68 test_acc=77.37
epoch=59/300 lr=0.10000 train_acc=80.73 test_acc=77.80
epoch=60/300 lr=0.10000 train_acc=80.78 test_acc=78.88
epoch=61/300 lr=0.10000 train_acc=81.10 test_acc=71.97
epoch=62/300 lr=0.10000 train_acc=80.91 test_acc=76.91
epoch=63/300 lr=0.10000 train_acc=80.91 test_acc=75.25
epoch=64/300 lr=0.10000 train_acc=80.70 test_acc=79.72
epoch=65/300 lr=0.10000 train_acc=81.09 test_acc=78.08
epoch=66/300 lr=0.10000 train_acc=81.04 test_acc=81.01
epoch=67/300 lr=0.10000 train_acc=81.10 test_acc=81.94
epoch=68/300 lr=0.10000 train_acc=81.11 test_acc=77.25
epoch=69/300 lr=0.10000 train_acc=80.98 test_acc=81.68
epoch=70/300 lr=0.10000 train_acc=81.24 test_acc=78.21
epoch=71/300 lr=0.10000 train_acc=81.16 test_acc=79.25
epoch=72/300 lr=0.10000 train_acc=81.16 test_acc=80.43
epoch=73/300 lr=0.10000 train_acc=80.97 test_acc=72.69
epoch=74/300 lr=0.10000 train_acc=81.27 test_acc=76.82
epoch=75/300 lr=0.10000 train_acc=80.97 test_acc=78.65
epoch=76/300 lr=0.10000 train_acc=81.14 test_acc=82.44
epoch=77/300 lr=0.10000 train_acc=81.29 test_acc=80.64
epoch=78/300 lr=0.10000 train_acc=81.17 test_acc=75.13
epoch=79/300 lr=0.10000 train_acc=81.08 test_acc=82.19
epoch=80/300 lr=0.10000 train_acc=81.13 test_acc=73.07
epoch=81/300 lr=0.10000 train_acc=81.16 test_acc=71.04
epoch=82/300 lr=0.10000 train_acc=81.31 test_acc=82.24
epoch=83/300 lr=0.10000 train_acc=81.08 test_acc=84.01
epoch=84/300 lr=0.10000 train_acc=81.39 test_acc=71.33
epoch=85/300 lr=0.10000 train_acc=81.02 test_acc=78.00
epoch=86/300 lr=0.10000 train_acc=81.28 test_acc=81.32
epoch=87/300 lr=0.10000 train_acc=81.50 test_acc=73.73
epoch=88/300 lr=0.10000 train_acc=81.52 test_acc=76.60
epoch=89/300 lr=0.10000 train_acc=81.15 test_acc=79.65
epoch=90/300 lr=0.10000 train_acc=81.15 test_acc=78.43
epoch=91/300 lr=0.10000 train_acc=81.44 test_acc=79.98
epoch=92/300 lr=0.10000 train_acc=81.45 test_acc=83.92
epoch=93/300 lr=0.10000 train_acc=81.54 test_acc=71.30
epoch=94/300 lr=0.10000 train_acc=81.35 test_acc=79.68
epoch=95/300 lr=0.10000 train_acc=81.15 test_acc=84.76
epoch=96/300 lr=0.10000 train_acc=81.51 test_acc=72.55
epoch=97/300 lr=0.10000 train_acc=81.33 test_acc=76.93
epoch=98/300 lr=0.10000 train_acc=81.27 test_acc=68.86
epoch=99/300 lr=0.10000 train_acc=81.33 test_acc=80.28
epoch=100/300 lr=0.10000 train_acc=81.51 test_acc=80.53
epoch=101/300 lr=0.10000 train_acc=81.36 test_acc=78.45
epoch=102/300 lr=0.10000 train_acc=81.59 test_acc=81.72
epoch=103/300 lr=0.10000 train_acc=81.54 test_acc=75.45
epoch=104/300 lr=0.10000 train_acc=81.37 test_acc=76.93
epoch=105/300 lr=0.10000 train_acc=81.59 test_acc=79.45
epoch=106/300 lr=0.10000 train_acc=81.66 test_acc=80.81
epoch=107/300 lr=0.10000 train_acc=81.39 test_acc=74.72
epoch=108/300 lr=0.10000 train_acc=81.55 test_acc=76.65
epoch=109/300 lr=0.10000 train_acc=81.33 test_acc=80.83
epoch=110/300 lr=0.10000 train_acc=81.58 test_acc=82.65
epoch=111/300 lr=0.10000 train_acc=81.45 test_acc=78.55
epoch=112/300 lr=0.10000 train_acc=81.66 test_acc=82.35
epoch=113/300 lr=0.10000 train_acc=81.75 test_acc=76.47
epoch=114/300 lr=0.10000 train_acc=81.87 test_acc=77.10
epoch=115/300 lr=0.10000 train_acc=81.38 test_acc=79.60
epoch=116/300 lr=0.10000 train_acc=81.72 test_acc=81.15
epoch=117/300 lr=0.10000 train_acc=81.62 test_acc=76.29
epoch=118/300 lr=0.10000 train_acc=81.73 test_acc=80.94
epoch=119/300 lr=0.10000 train_acc=81.67 test_acc=76.65
epoch=120/300 lr=0.10000 train_acc=81.30 test_acc=76.52
epoch=121/300 lr=0.10000 train_acc=81.80 test_acc=79.03
epoch=122/300 lr=0.10000 train_acc=81.63 test_acc=79.85
epoch=123/300 lr=0.10000 train_acc=81.45 test_acc=80.80
epoch=124/300 lr=0.10000 train_acc=81.65 test_acc=80.12
epoch=125/300 lr=0.10000 train_acc=81.72 test_acc=72.20
epoch=126/300 lr=0.10000 train_acc=81.89 test_acc=77.34
epoch=127/300 lr=0.10000 train_acc=81.79 test_acc=80.21
epoch=128/300 lr=0.10000 train_acc=81.60 test_acc=79.53
epoch=129/300 lr=0.10000 train_acc=81.64 test_acc=78.90
epoch=130/300 lr=0.10000 train_acc=81.60 test_acc=73.15
epoch=131/300 lr=0.10000 train_acc=81.72 test_acc=77.65
epoch=132/300 lr=0.10000 train_acc=81.62 test_acc=81.96
epoch=133/300 lr=0.10000 train_acc=81.69 test_acc=79.12
epoch=134/300 lr=0.10000 train_acc=81.87 test_acc=80.44
epoch=135/300 lr=0.10000 train_acc=81.65 test_acc=80.34
epoch=136/300 lr=0.10000 train_acc=81.62 test_acc=78.81
epoch=137/300 lr=0.10000 train_acc=81.62 test_acc=81.46
epoch=138/300 lr=0.10000 train_acc=81.77 test_acc=81.39
epoch=139/300 lr=0.10000 train_acc=81.61 test_acc=76.46
epoch=140/300 lr=0.10000 train_acc=82.06 test_acc=72.55
epoch=141/300 lr=0.10000 train_acc=81.66 test_acc=82.73
epoch=142/300 lr=0.10000 train_acc=81.51 test_acc=78.29
epoch=143/300 lr=0.10000 train_acc=81.49 test_acc=73.31
epoch=144/300 lr=0.10000 train_acc=81.73 test_acc=80.48
epoch=145/300 lr=0.10000 train_acc=81.49 test_acc=79.72
epoch=146/300 lr=0.10000 train_acc=81.56 test_acc=78.30
epoch=147/300 lr=0.10000 train_acc=81.66 test_acc=79.65
epoch=148/300 lr=0.10000 train_acc=81.66 test_acc=81.58
epoch=149/300 lr=0.10000 train_acc=81.62 test_acc=77.16
epoch=150/300 lr=0.10000 train_acc=82.09 test_acc=80.25
epoch=151/300 lr=0.01000 train_acc=87.50 test_acc=90.76
epoch=152/300 lr=0.01000 train_acc=89.13 test_acc=91.25
epoch=153/300 lr=0.01000 train_acc=89.98 test_acc=91.55
epoch=154/300 lr=0.01000 train_acc=90.17 test_acc=91.70
epoch=155/300 lr=0.01000 train_acc=90.66 test_acc=91.83
epoch=156/300 lr=0.01000 train_acc=90.92 test_acc=91.55
epoch=157/300 lr=0.01000 train_acc=90.78 test_acc=91.83
epoch=158/300 lr=0.01000 train_acc=91.05 test_acc=92.01
epoch=159/300 lr=0.01000 train_acc=91.27 test_acc=91.94
epoch=160/300 lr=0.01000 train_acc=91.51 test_acc=92.12
epoch=161/300 lr=0.01000 train_acc=91.54 test_acc=92.00
epoch=162/300 lr=0.01000 train_acc=91.78 test_acc=92.37
epoch=163/300 lr=0.01000 train_acc=91.83 test_acc=92.16
epoch=164/300 lr=0.01000 train_acc=91.89 test_acc=91.84
epoch=165/300 lr=0.01000 train_acc=91.89 test_acc=92.16
epoch=166/300 lr=0.01000 train_acc=92.10 test_acc=92.02
epoch=167/300 lr=0.01000 train_acc=91.97 test_acc=92.00
epoch=168/300 lr=0.01000 train_acc=92.10 test_acc=91.86
epoch=169/300 lr=0.01000 train_acc=92.17 test_acc=91.71
epoch=170/300 lr=0.01000 train_acc=92.28 test_acc=91.90
epoch=171/300 lr=0.01000 train_acc=92.09 test_acc=92.11
epoch=172/300 lr=0.01000 train_acc=92.16 test_acc=91.08
epoch=173/300 lr=0.01000 train_acc=92.30 test_acc=91.03
epoch=174/300 lr=0.01000 train_acc=91.96 test_acc=91.65
epoch=175/300 lr=0.01000 train_acc=92.00 test_acc=92.07
epoch=176/300 lr=0.01000 train_acc=92.22 test_acc=91.85
epoch=177/300 lr=0.01000 train_acc=92.26 test_acc=91.66
epoch=178/300 lr=0.01000 train_acc=92.34 test_acc=91.43
epoch=179/300 lr=0.01000 train_acc=92.34 test_acc=90.91
epoch=180/300 lr=0.01000 train_acc=92.06 test_acc=91.78
epoch=181/300 lr=0.01000 train_acc=92.33 test_acc=90.52
epoch=182/300 lr=0.01000 train_acc=92.40 test_acc=91.82
epoch=183/300 lr=0.01000 train_acc=92.12 test_acc=89.86
epoch=184/300 lr=0.01000 train_acc=92.08 test_acc=91.48
epoch=185/300 lr=0.01000 train_acc=92.03 test_acc=91.01
epoch=186/300 lr=0.01000 train_acc=92.37 test_acc=91.37
epoch=187/300 lr=0.01000 train_acc=92.34 test_acc=91.01
epoch=188/300 lr=0.01000 train_acc=92.19 test_acc=90.63
epoch=189/300 lr=0.01000 train_acc=92.01 test_acc=91.79
epoch=190/300 lr=0.01000 train_acc=92.16 test_acc=90.79
epoch=191/300 lr=0.01000 train_acc=92.12 test_acc=90.64
epoch=192/300 lr=0.01000 train_acc=91.98 test_acc=91.48
epoch=193/300 lr=0.01000 train_acc=91.94 test_acc=90.81
epoch=194/300 lr=0.01000 train_acc=92.13 test_acc=90.95
epoch=195/300 lr=0.01000 train_acc=92.27 test_acc=91.19
epoch=196/300 lr=0.01000 train_acc=92.35 test_acc=91.15
epoch=197/300 lr=0.01000 train_acc=92.42 test_acc=90.65
epoch=198/300 lr=0.01000 train_acc=92.30 test_acc=90.17
epoch=199/300 lr=0.01000 train_acc=92.07 test_acc=89.52
epoch=200/300 lr=0.01000 train_acc=92.08 test_acc=91.47
epoch=201/300 lr=0.01000 train_acc=92.14 test_acc=89.65
epoch=202/300 lr=0.01000 train_acc=92.31 test_acc=91.63
epoch=203/300 lr=0.01000 train_acc=92.46 test_acc=91.60
epoch=204/300 lr=0.01000 train_acc=92.11 test_acc=90.90
epoch=205/300 lr=0.01000 train_acc=92.09 test_acc=90.83
epoch=206/300 lr=0.01000 train_acc=92.10 test_acc=91.07
epoch=207/300 lr=0.01000 train_acc=92.38 test_acc=90.01
epoch=208/300 lr=0.01000 train_acc=92.16 test_acc=91.29
epoch=209/300 lr=0.01000 train_acc=92.41 test_acc=90.59
epoch=210/300 lr=0.01000 train_acc=92.35 test_acc=91.33
epoch=211/300 lr=0.01000 train_acc=92.32 test_acc=88.84
epoch=212/300 lr=0.01000 train_acc=92.38 test_acc=90.00
epoch=213/300 lr=0.01000 train_acc=92.31 test_acc=90.94
epoch=214/300 lr=0.01000 train_acc=92.11 test_acc=91.12
epoch=215/300 lr=0.01000 train_acc=92.46 test_acc=90.73
epoch=216/300 lr=0.01000 train_acc=92.49 test_acc=90.60
epoch=217/300 lr=0.01000 train_acc=92.48 test_acc=90.05
epoch=218/300 lr=0.01000 train_acc=92.24 test_acc=91.54
epoch=219/300 lr=0.01000 train_acc=92.36 test_acc=91.14
epoch=220/300 lr=0.01000 train_acc=92.25 test_acc=90.33
epoch=221/300 lr=0.01000 train_acc=92.25 test_acc=90.13
epoch=222/300 lr=0.01000 train_acc=92.29 test_acc=90.17
epoch=223/300 lr=0.01000 train_acc=92.45 test_acc=91.16
epoch=224/300 lr=0.01000 train_acc=92.40 test_acc=91.78
epoch=225/300 lr=0.01000 train_acc=92.52 test_acc=91.08
epoch=226/300 lr=0.00100 train_acc=94.45 test_acc=93.53
epoch=227/300 lr=0.00100 train_acc=95.17 test_acc=93.62
epoch=228/300 lr=0.00100 train_acc=95.14 test_acc=93.48
epoch=229/300 lr=0.00100 train_acc=95.60 test_acc=93.83
epoch=230/300 lr=0.00100 train_acc=95.72 test_acc=93.64
epoch=231/300 lr=0.00100 train_acc=95.72 test_acc=93.80
epoch=232/300 lr=0.00100 train_acc=95.83 test_acc=93.82
epoch=233/300 lr=0.00100 train_acc=95.91 test_acc=94.01
epoch=234/300 lr=0.00100 train_acc=95.92 test_acc=93.92
epoch=235/300 lr=0.00100 train_acc=96.03 test_acc=94.11
epoch=236/300 lr=0.00100 train_acc=96.17 test_acc=94.09
epoch=237/300 lr=0.00100 train_acc=96.11 test_acc=94.22
epoch=238/300 lr=0.00100 train_acc=95.99 test_acc=94.11
epoch=239/300 lr=0.00100 train_acc=96.19 test_acc=94.21
epoch=240/300 lr=0.00100 train_acc=96.29 test_acc=94.06
epoch=241/300 lr=0.00100 train_acc=96.24 test_acc=94.14
epoch=242/300 lr=0.00100 train_acc=96.30 test_acc=93.97
epoch=243/300 lr=0.00100 train_acc=96.38 test_acc=94.06
epoch=244/300 lr=0.00100 train_acc=96.35 test_acc=93.90
epoch=245/300 lr=0.00100 train_acc=96.23 test_acc=93.85
epoch=246/300 lr=0.00100 train_acc=96.36 test_acc=94.22
epoch=247/300 lr=0.00100 train_acc=96.44 test_acc=94.09
epoch=248/300 lr=0.00100 train_acc=96.58 test_acc=94.27
epoch=249/300 lr=0.00100 train_acc=96.49 test_acc=94.17
epoch=250/300 lr=0.00100 train_acc=96.52 test_acc=94.26
epoch=251/300 lr=0.00100 train_acc=96.50 test_acc=94.16
epoch=252/300 lr=0.00100 train_acc=96.60 test_acc=94.16
epoch=253/300 lr=0.00100 train_acc=96.46 test_acc=94.14
epoch=254/300 lr=0.00100 train_acc=96.37 test_acc=94.15
epoch=255/300 lr=0.00100 train_acc=96.59 test_acc=94.25
epoch=256/300 lr=0.00100 train_acc=96.59 test_acc=94.19
epoch=257/300 lr=0.00100 train_acc=96.76 test_acc=94.26
epoch=258/300 lr=0.00100 train_acc=96.56 test_acc=94.26
epoch=259/300 lr=0.00100 train_acc=96.55 test_acc=94.41
epoch=260/300 lr=0.00100 train_acc=96.68 test_acc=94.22
epoch=261/300 lr=0.00100 train_acc=96.65 test_acc=94.16
epoch=262/300 lr=0.00100 train_acc=96.60 test_acc=94.30
epoch=263/300 lr=0.00100 train_acc=96.66 test_acc=94.34
epoch=264/300 lr=0.00100 train_acc=96.63 test_acc=94.25
epoch=265/300 lr=0.00100 train_acc=96.72 test_acc=94.23
epoch=266/300 lr=0.00100 train_acc=96.67 test_acc=94.09
epoch=267/300 lr=0.00100 train_acc=96.73 test_acc=94.14
epoch=268/300 lr=0.00100 train_acc=96.69 test_acc=94.25
epoch=269/300 lr=0.00100 train_acc=96.87 test_acc=94.20
epoch=270/300 lr=0.00100 train_acc=96.75 test_acc=94.30
epoch=271/300 lr=0.00100 train_acc=96.70 test_acc=94.32
epoch=272/300 lr=0.00100 train_acc=96.77 test_acc=94.27
epoch=273/300 lr=0.00100 train_acc=96.87 test_acc=94.18
epoch=274/300 lr=0.00100 train_acc=96.68 test_acc=94.07
epoch=275/300 lr=0.00100 train_acc=96.84 test_acc=94.28
epoch=276/300 lr=0.00100 train_acc=96.79 test_acc=94.11
epoch=277/300 lr=0.00100 train_acc=96.90 test_acc=94.31
epoch=278/300 lr=0.00100 train_acc=96.87 test_acc=94.10
epoch=279/300 lr=0.00100 train_acc=96.79 test_acc=94.41
epoch=280/300 lr=0.00100 train_acc=96.80 test_acc=94.45
epoch=281/300 lr=0.00100 train_acc=96.99 test_acc=94.29
epoch=282/300 lr=0.00100 train_acc=96.84 test_acc=94.40
epoch=283/300 lr=0.00100 train_acc=96.94 test_acc=94.39
epoch=284/300 lr=0.00100 train_acc=96.87 test_acc=94.16
epoch=285/300 lr=0.00100 train_acc=96.96 test_acc=94.28
epoch=286/300 lr=0.00100 train_acc=96.69 test_acc=94.14
epoch=287/300 lr=0.00100 train_acc=97.06 test_acc=94.10
epoch=288/300 lr=0.00100 train_acc=97.04 test_acc=94.18
epoch=289/300 lr=0.00100 train_acc=96.95 test_acc=94.14
epoch=290/300 lr=0.00100 train_acc=97.05 test_acc=94.17
epoch=291/300 lr=0.00100 train_acc=97.00 test_acc=94.31
epoch=292/300 lr=0.00100 train_acc=96.98 test_acc=94.33
epoch=293/300 lr=0.00100 train_acc=96.79 test_acc=94.20
epoch=294/300 lr=0.00100 train_acc=97.00 test_acc=94.09
epoch=295/300 lr=0.00100 train_acc=96.90 test_acc=94.33
epoch=296/300 lr=0.00100 train_acc=96.98 test_acc=94.30
epoch=297/300 lr=0.00100 train_acc=96.92 test_acc=94.41
epoch=298/300 lr=0.00100 train_acc=97.05 test_acc=94.23
epoch=299/300 lr=0.00100 train_acc=96.99 test_acc=94.21
epoch=300/300 lr=0.00100 train_acc=96.93 test_acc=94.24
{
  "best_accuracy": 94.45,
  "best_error_rate": 5.549999999999997,
  "final_accuracy": 94.24,
  "final_error_rate": 5.760000000000005,
  "elapsed_seconds": 2853.5368897914886,
  "is_paper_result": false,
  "note": "New reproduction result; compare against paper target separately."
}
start experiment=cifar10_resnet32_re_paper seed=1004
epoch=1/300 lr=0.10000 train_acc=32.49 test_acc=48.33
epoch=2/300 lr=0.10000 train_acc=50.44 test_acc=42.47
epoch=3/300 lr=0.10000 train_acc=59.80 test_acc=59.72
epoch=4/300 lr=0.10000 train_acc=65.61 test_acc=62.94
epoch=5/300 lr=0.10000 train_acc=68.68 test_acc=71.94
epoch=6/300 lr=0.10000 train_acc=70.81 test_acc=68.75
epoch=7/300 lr=0.10000 train_acc=72.19 test_acc=66.31
epoch=8/300 lr=0.10000 train_acc=73.19 test_acc=73.14
epoch=9/300 lr=0.10000 train_acc=74.03 test_acc=73.53
epoch=10/300 lr=0.10000 train_acc=74.57 test_acc=73.48
epoch=11/300 lr=0.10000 train_acc=75.20 test_acc=68.17
epoch=12/300 lr=0.10000 train_acc=75.84 test_acc=74.06
epoch=13/300 lr=0.10000 train_acc=76.60 test_acc=74.05
epoch=14/300 lr=0.10000 train_acc=76.64 test_acc=76.51
epoch=15/300 lr=0.10000 train_acc=77.03 test_acc=71.42
epoch=16/300 lr=0.10000 train_acc=77.30 test_acc=80.44
epoch=17/300 lr=0.10000 train_acc=77.53 test_acc=77.98
epoch=18/300 lr=0.10000 train_acc=77.57 test_acc=77.79
epoch=19/300 lr=0.10000 train_acc=77.81 test_acc=78.85
epoch=20/300 lr=0.10000 train_acc=78.12 test_acc=73.30
epoch=21/300 lr=0.10000 train_acc=78.27 test_acc=75.25
epoch=22/300 lr=0.10000 train_acc=78.36 test_acc=75.02
epoch=23/300 lr=0.10000 train_acc=78.50 test_acc=73.56
epoch=24/300 lr=0.10000 train_acc=78.55 test_acc=78.00
epoch=25/300 lr=0.10000 train_acc=78.95 test_acc=69.89
epoch=26/300 lr=0.10000 train_acc=78.75 test_acc=80.09
epoch=27/300 lr=0.10000 train_acc=79.32 test_acc=72.10
epoch=28/300 lr=0.10000 train_acc=79.30 test_acc=71.41
epoch=29/300 lr=0.10000 train_acc=79.03 test_acc=79.29
epoch=30/300 lr=0.10000 train_acc=79.44 test_acc=76.42
epoch=31/300 lr=0.10000 train_acc=79.29 test_acc=71.38
epoch=32/300 lr=0.10000 train_acc=79.64 test_acc=75.20
epoch=33/300 lr=0.10000 train_acc=79.48 test_acc=74.02
epoch=34/300 lr=0.10000 train_acc=79.63 test_acc=74.98
epoch=35/300 lr=0.10000 train_acc=79.61 test_acc=77.02
epoch=36/300 lr=0.10000 train_acc=79.88 test_acc=82.58
epoch=37/300 lr=0.10000 train_acc=79.90 test_acc=71.90
epoch=38/300 lr=0.10000 train_acc=80.09 test_acc=67.81
epoch=39/300 lr=0.10000 train_acc=80.03 test_acc=80.93
epoch=40/300 lr=0.10000 train_acc=80.15 test_acc=78.29
epoch=41/300 lr=0.10000 train_acc=80.15 test_acc=78.90
epoch=42/300 lr=0.10000 train_acc=80.16 test_acc=76.87
epoch=43/300 lr=0.10000 train_acc=80.41 test_acc=71.38
epoch=44/300 lr=0.10000 train_acc=79.93 test_acc=77.87
epoch=45/300 lr=0.10000 train_acc=80.14 test_acc=79.27
epoch=46/300 lr=0.10000 train_acc=80.06 test_acc=76.38
epoch=47/300 lr=0.10000 train_acc=80.63 test_acc=80.10
epoch=48/300 lr=0.10000 train_acc=80.52 test_acc=75.64
epoch=49/300 lr=0.10000 train_acc=80.69 test_acc=59.19
epoch=50/300 lr=0.10000 train_acc=80.44 test_acc=68.25
epoch=51/300 lr=0.10000 train_acc=80.78 test_acc=79.98
epoch=52/300 lr=0.10000 train_acc=80.81 test_acc=80.24
epoch=53/300 lr=0.10000 train_acc=80.35 test_acc=63.62
epoch=54/300 lr=0.10000 train_acc=80.50 test_acc=75.36
epoch=55/300 lr=0.10000 train_acc=80.55 test_acc=76.45
epoch=56/300 lr=0.10000 train_acc=80.51 test_acc=79.33
epoch=57/300 lr=0.10000 train_acc=80.79 test_acc=75.72
epoch=58/300 lr=0.10000 train_acc=81.00 test_acc=78.19
epoch=59/300 lr=0.10000 train_acc=80.62 test_acc=79.18
epoch=60/300 lr=0.10000 train_acc=80.65 test_acc=78.40
epoch=61/300 lr=0.10000 train_acc=81.06 test_acc=75.16
epoch=62/300 lr=0.10000 train_acc=80.97 test_acc=81.32
epoch=63/300 lr=0.10000 train_acc=80.73 test_acc=79.20
epoch=64/300 lr=0.10000 train_acc=81.44 test_acc=81.81
epoch=65/300 lr=0.10000 train_acc=80.95 test_acc=74.86
epoch=66/300 lr=0.10000 train_acc=81.26 test_acc=78.47
epoch=67/300 lr=0.10000 train_acc=81.32 test_acc=73.09
epoch=68/300 lr=0.10000 train_acc=81.03 test_acc=74.38
epoch=69/300 lr=0.10000 train_acc=80.88 test_acc=80.99
epoch=70/300 lr=0.10000 train_acc=80.74 test_acc=80.15
epoch=71/300 lr=0.10000 train_acc=81.42 test_acc=81.80
epoch=72/300 lr=0.10000 train_acc=80.81 test_acc=77.60
epoch=73/300 lr=0.10000 train_acc=81.12 test_acc=77.69
epoch=74/300 lr=0.10000 train_acc=80.98 test_acc=80.48
epoch=75/300 lr=0.10000 train_acc=80.89 test_acc=78.03
epoch=76/300 lr=0.10000 train_acc=81.25 test_acc=77.12
epoch=77/300 lr=0.10000 train_acc=81.28 test_acc=77.02
epoch=78/300 lr=0.10000 train_acc=81.16 test_acc=71.40
epoch=79/300 lr=0.10000 train_acc=81.12 test_acc=69.75
epoch=80/300 lr=0.10000 train_acc=81.06 test_acc=76.39
epoch=81/300 lr=0.10000 train_acc=81.02 test_acc=81.62
epoch=82/300 lr=0.10000 train_acc=81.10 test_acc=83.35
epoch=83/300 lr=0.10000 train_acc=80.94 test_acc=80.13
epoch=84/300 lr=0.10000 train_acc=81.50 test_acc=78.36
epoch=85/300 lr=0.10000 train_acc=81.12 test_acc=79.48
epoch=86/300 lr=0.10000 train_acc=81.03 test_acc=79.01
epoch=87/300 lr=0.10000 train_acc=81.34 test_acc=79.10
epoch=88/300 lr=0.10000 train_acc=81.01 test_acc=82.58
epoch=89/300 lr=0.10000 train_acc=81.29 test_acc=81.90
epoch=90/300 lr=0.10000 train_acc=81.26 test_acc=79.14
epoch=91/300 lr=0.10000 train_acc=81.47 test_acc=74.77
epoch=92/300 lr=0.10000 train_acc=81.20 test_acc=81.11
epoch=93/300 lr=0.10000 train_acc=81.39 test_acc=80.12
epoch=94/300 lr=0.10000 train_acc=81.23 test_acc=65.94
epoch=95/300 lr=0.10000 train_acc=81.40 test_acc=83.46
epoch=96/300 lr=0.10000 train_acc=81.20 test_acc=81.93
epoch=97/300 lr=0.10000 train_acc=81.38 test_acc=73.49
epoch=98/300 lr=0.10000 train_acc=81.28 test_acc=82.37
epoch=99/300 lr=0.10000 train_acc=81.20 test_acc=80.08
epoch=100/300 lr=0.10000 train_acc=81.55 test_acc=73.57
epoch=101/300 lr=0.10000 train_acc=81.56 test_acc=79.30
epoch=102/300 lr=0.10000 train_acc=81.42 test_acc=81.62
epoch=103/300 lr=0.10000 train_acc=81.36 test_acc=79.61
epoch=104/300 lr=0.10000 train_acc=81.36 test_acc=76.47
epoch=105/300 lr=0.10000 train_acc=81.60 test_acc=80.28
epoch=106/300 lr=0.10000 train_acc=81.35 test_acc=80.82
epoch=107/300 lr=0.10000 train_acc=81.29 test_acc=81.93
epoch=108/300 lr=0.10000 train_acc=81.34 test_acc=77.47
epoch=109/300 lr=0.10000 train_acc=81.49 test_acc=82.45
epoch=110/300 lr=0.10000 train_acc=81.66 test_acc=81.40
epoch=111/300 lr=0.10000 train_acc=81.45 test_acc=79.88
epoch=112/300 lr=0.10000 train_acc=81.17 test_acc=81.98
epoch=113/300 lr=0.10000 train_acc=81.59 test_acc=80.39
epoch=114/300 lr=0.10000 train_acc=81.57 test_acc=82.43
epoch=115/300 lr=0.10000 train_acc=81.31 test_acc=75.37
epoch=116/300 lr=0.10000 train_acc=81.47 test_acc=78.14
epoch=117/300 lr=0.10000 train_acc=81.70 test_acc=82.97
epoch=118/300 lr=0.10000 train_acc=81.89 test_acc=79.08
epoch=119/300 lr=0.10000 train_acc=81.28 test_acc=80.98
epoch=120/300 lr=0.10000 train_acc=81.73 test_acc=81.52
epoch=121/300 lr=0.10000 train_acc=81.33 test_acc=75.03
epoch=122/300 lr=0.10000 train_acc=81.59 test_acc=78.70
epoch=123/300 lr=0.10000 train_acc=81.30 test_acc=74.17
epoch=124/300 lr=0.10000 train_acc=81.57 test_acc=83.54
epoch=125/300 lr=0.10000 train_acc=81.46 test_acc=80.43
epoch=126/300 lr=0.10000 train_acc=81.37 test_acc=78.92
epoch=127/300 lr=0.10000 train_acc=81.39 test_acc=81.79
epoch=128/300 lr=0.10000 train_acc=81.77 test_acc=80.70
epoch=129/300 lr=0.10000 train_acc=81.67 test_acc=79.29
epoch=130/300 lr=0.10000 train_acc=81.60 test_acc=82.18
epoch=131/300 lr=0.10000 train_acc=81.60 test_acc=78.99
epoch=132/300 lr=0.10000 train_acc=81.58 test_acc=79.73
epoch=133/300 lr=0.10000 train_acc=81.62 test_acc=67.94
epoch=134/300 lr=0.10000 train_acc=81.55 test_acc=80.23
epoch=135/300 lr=0.10000 train_acc=81.33 test_acc=83.00
epoch=136/300 lr=0.10000 train_acc=81.76 test_acc=76.71
epoch=137/300 lr=0.10000 train_acc=81.27 test_acc=76.02
epoch=138/300 lr=0.10000 train_acc=81.67 test_acc=78.36
epoch=139/300 lr=0.10000 train_acc=81.71 test_acc=78.65
epoch=140/300 lr=0.10000 train_acc=81.72 test_acc=77.80
epoch=141/300 lr=0.10000 train_acc=81.46 test_acc=77.36
epoch=142/300 lr=0.10000 train_acc=81.63 test_acc=83.60
epoch=143/300 lr=0.10000 train_acc=81.68 test_acc=77.61
epoch=144/300 lr=0.10000 train_acc=81.75 test_acc=81.32
epoch=145/300 lr=0.10000 train_acc=81.85 test_acc=76.35
epoch=146/300 lr=0.10000 train_acc=81.72 test_acc=77.78
epoch=147/300 lr=0.10000 train_acc=81.97 test_acc=74.67
epoch=148/300 lr=0.10000 train_acc=81.51 test_acc=80.42
epoch=149/300 lr=0.10000 train_acc=81.74 test_acc=81.74
epoch=150/300 lr=0.10000 train_acc=81.85 test_acc=79.49
epoch=151/300 lr=0.01000 train_acc=87.38 test_acc=90.62
epoch=152/300 lr=0.01000 train_acc=89.15 test_acc=91.11
epoch=153/300 lr=0.01000 train_acc=89.70 test_acc=91.09
epoch=154/300 lr=0.01000 train_acc=90.30 test_acc=91.55
epoch=155/300 lr=0.01000 train_acc=90.58 test_acc=91.56
epoch=156/300 lr=0.01000 train_acc=90.86 test_acc=91.88
epoch=157/300 lr=0.01000 train_acc=91.01 test_acc=91.73
epoch=158/300 lr=0.01000 train_acc=91.13 test_acc=92.01
epoch=159/300 lr=0.01000 train_acc=91.38 test_acc=91.70
epoch=160/300 lr=0.01000 train_acc=91.44 test_acc=91.64
epoch=161/300 lr=0.01000 train_acc=91.64 test_acc=91.94
epoch=162/300 lr=0.01000 train_acc=91.80 test_acc=91.98
epoch=163/300 lr=0.01000 train_acc=91.71 test_acc=92.03
epoch=164/300 lr=0.01000 train_acc=91.85 test_acc=91.69
epoch=165/300 lr=0.01000 train_acc=91.94 test_acc=91.90
epoch=166/300 lr=0.01000 train_acc=91.92 test_acc=91.18
epoch=167/300 lr=0.01000 train_acc=91.99 test_acc=91.71
epoch=168/300 lr=0.01000 train_acc=92.17 test_acc=91.67
epoch=169/300 lr=0.01000 train_acc=92.14 test_acc=91.50
epoch=170/300 lr=0.01000 train_acc=92.32 test_acc=91.68
epoch=171/300 lr=0.01000 train_acc=92.08 test_acc=91.15
epoch=172/300 lr=0.01000 train_acc=92.17 test_acc=91.53
epoch=173/300 lr=0.01000 train_acc=92.20 test_acc=92.03
epoch=174/300 lr=0.01000 train_acc=92.26 test_acc=91.59
epoch=175/300 lr=0.01000 train_acc=92.17 test_acc=92.11
epoch=176/300 lr=0.01000 train_acc=92.13 test_acc=91.19
epoch=177/300 lr=0.01000 train_acc=92.11 test_acc=91.83
epoch=178/300 lr=0.01000 train_acc=92.29 test_acc=91.95
epoch=179/300 lr=0.01000 train_acc=92.28 test_acc=91.30
epoch=180/300 lr=0.01000 train_acc=92.20 test_acc=91.02
epoch=181/300 lr=0.01000 train_acc=92.18 test_acc=92.13
epoch=182/300 lr=0.01000 train_acc=92.08 test_acc=91.31
epoch=183/300 lr=0.01000 train_acc=92.18 test_acc=91.45
epoch=184/300 lr=0.01000 train_acc=92.25 test_acc=91.27
epoch=185/300 lr=0.01000 train_acc=92.32 test_acc=91.50
epoch=186/300 lr=0.01000 train_acc=91.98 test_acc=91.62
epoch=187/300 lr=0.01000 train_acc=92.17 test_acc=91.39
epoch=188/300 lr=0.01000 train_acc=92.19 test_acc=91.40
epoch=189/300 lr=0.01000 train_acc=92.14 test_acc=90.92
epoch=190/300 lr=0.01000 train_acc=92.13 test_acc=90.63
epoch=191/300 lr=0.01000 train_acc=92.27 test_acc=90.94
epoch=192/300 lr=0.01000 train_acc=92.21 test_acc=91.44
epoch=193/300 lr=0.01000 train_acc=92.18 test_acc=90.32
epoch=194/300 lr=0.01000 train_acc=92.12 test_acc=90.91
epoch=195/300 lr=0.01000 train_acc=92.46 test_acc=90.82
epoch=196/300 lr=0.01000 train_acc=92.25 test_acc=91.12
epoch=197/300 lr=0.01000 train_acc=92.13 test_acc=90.75
epoch=198/300 lr=0.01000 train_acc=92.20 test_acc=91.40
epoch=199/300 lr=0.01000 train_acc=92.05 test_acc=91.78
epoch=200/300 lr=0.01000 train_acc=92.31 test_acc=90.39
epoch=201/300 lr=0.01000 train_acc=92.28 test_acc=89.51
epoch=202/300 lr=0.01000 train_acc=92.06 test_acc=91.31
epoch=203/300 lr=0.01000 train_acc=92.38 test_acc=91.70
epoch=204/300 lr=0.01000 train_acc=92.32 test_acc=90.47
epoch=205/300 lr=0.01000 train_acc=92.22 test_acc=90.13
epoch=206/300 lr=0.01000 train_acc=92.13 test_acc=91.49
epoch=207/300 lr=0.01000 train_acc=92.19 test_acc=90.09
epoch=208/300 lr=0.01000 train_acc=92.13 test_acc=91.09
epoch=209/300 lr=0.01000 train_acc=92.15 test_acc=89.95
epoch=210/300 lr=0.01000 train_acc=92.35 test_acc=90.48
epoch=211/300 lr=0.01000 train_acc=92.34 test_acc=89.45
epoch=212/300 lr=0.01000 train_acc=92.26 test_acc=90.87
epoch=213/300 lr=0.01000 train_acc=92.27 test_acc=90.46
epoch=214/300 lr=0.01000 train_acc=92.53 test_acc=89.78
epoch=215/300 lr=0.01000 train_acc=92.29 test_acc=91.63
epoch=216/300 lr=0.01000 train_acc=92.56 test_acc=91.56
epoch=217/300 lr=0.01000 train_acc=92.42 test_acc=90.58
epoch=218/300 lr=0.01000 train_acc=92.52 test_acc=90.75
epoch=219/300 lr=0.01000 train_acc=92.28 test_acc=90.55
epoch=220/300 lr=0.01000 train_acc=92.27 test_acc=91.49
epoch=221/300 lr=0.01000 train_acc=92.22 test_acc=90.91
epoch=222/300 lr=0.01000 train_acc=92.34 test_acc=91.17
epoch=223/300 lr=0.01000 train_acc=92.39 test_acc=90.88
epoch=224/300 lr=0.01000 train_acc=92.33 test_acc=91.21
epoch=225/300 lr=0.01000 train_acc=92.43 test_acc=90.71
epoch=226/300 lr=0.00100 train_acc=94.18 test_acc=93.32
epoch=227/300 lr=0.00100 train_acc=95.11 test_acc=93.27
epoch=228/300 lr=0.00100 train_acc=95.49 test_acc=93.48
epoch=229/300 lr=0.00100 train_acc=95.66 test_acc=93.58
epoch=230/300 lr=0.00100 train_acc=95.67 test_acc=93.68
epoch=231/300 lr=0.00100 train_acc=95.79 test_acc=93.55
epoch=232/300 lr=0.00100 train_acc=95.70 test_acc=93.64
epoch=233/300 lr=0.00100 train_acc=95.88 test_acc=93.86
epoch=234/300 lr=0.00100 train_acc=96.06 test_acc=93.91
epoch=235/300 lr=0.00100 train_acc=96.06 test_acc=93.98
epoch=236/300 lr=0.00100 train_acc=96.04 test_acc=93.75
epoch=237/300 lr=0.00100 train_acc=96.21 test_acc=93.86
epoch=238/300 lr=0.00100 train_acc=96.06 test_acc=93.90
epoch=239/300 lr=0.00100 train_acc=96.21 test_acc=93.86
epoch=240/300 lr=0.00100 train_acc=96.29 test_acc=94.07
epoch=241/300 lr=0.00100 train_acc=96.28 test_acc=93.95
epoch=242/300 lr=0.00100 train_acc=96.33 test_acc=93.84
epoch=243/300 lr=0.00100 train_acc=96.38 test_acc=93.95
epoch=244/300 lr=0.00100 train_acc=96.41 test_acc=93.83
epoch=245/300 lr=0.00100 train_acc=96.29 test_acc=94.03
epoch=246/300 lr=0.00100 train_acc=96.44 test_acc=93.94
epoch=247/300 lr=0.00100 train_acc=96.41 test_acc=93.93
epoch=248/300 lr=0.00100 train_acc=96.28 test_acc=94.01
epoch=249/300 lr=0.00100 train_acc=96.44 test_acc=94.11
epoch=250/300 lr=0.00100 train_acc=96.44 test_acc=93.98
epoch=251/300 lr=0.00100 train_acc=96.62 test_acc=94.12
epoch=252/300 lr=0.00100 train_acc=96.52 test_acc=94.03
epoch=253/300 lr=0.00100 train_acc=96.45 test_acc=94.17
epoch=254/300 lr=0.00100 train_acc=96.62 test_acc=94.04
epoch=255/300 lr=0.00100 train_acc=96.51 test_acc=94.10
epoch=256/300 lr=0.00100 train_acc=96.60 test_acc=93.96
epoch=257/300 lr=0.00100 train_acc=96.67 test_acc=94.20
epoch=258/300 lr=0.00100 train_acc=96.64 test_acc=94.08
epoch=259/300 lr=0.00100 train_acc=96.61 test_acc=94.23
epoch=260/300 lr=0.00100 train_acc=96.61 test_acc=93.96
epoch=261/300 lr=0.00100 train_acc=96.87 test_acc=94.06
epoch=262/300 lr=0.00100 train_acc=96.60 test_acc=93.99
epoch=263/300 lr=0.00100 train_acc=96.74 test_acc=94.19
epoch=264/300 lr=0.00100 train_acc=96.71 test_acc=94.09
epoch=265/300 lr=0.00100 train_acc=96.64 test_acc=94.06
epoch=266/300 lr=0.00100 train_acc=96.71 test_acc=94.17
epoch=267/300 lr=0.00100 train_acc=96.73 test_acc=94.19
epoch=268/300 lr=0.00100 train_acc=96.87 test_acc=94.13
epoch=269/300 lr=0.00100 train_acc=96.66 test_acc=94.14
epoch=270/300 lr=0.00100 train_acc=96.72 test_acc=94.22
epoch=271/300 lr=0.00100 train_acc=96.77 test_acc=94.11
epoch=272/300 lr=0.00100 train_acc=96.69 test_acc=94.28
epoch=273/300 lr=0.00100 train_acc=96.78 test_acc=94.24
epoch=274/300 lr=0.00100 train_acc=96.84 test_acc=94.10
epoch=275/300 lr=0.00100 train_acc=96.80 test_acc=94.12
epoch=276/300 lr=0.00100 train_acc=96.85 test_acc=94.25
epoch=277/300 lr=0.00100 train_acc=96.87 test_acc=94.16
epoch=278/300 lr=0.00100 train_acc=96.78 test_acc=94.09
epoch=279/300 lr=0.00100 train_acc=96.86 test_acc=94.25
epoch=280/300 lr=0.00100 train_acc=96.88 test_acc=94.10
epoch=281/300 lr=0.00100 train_acc=96.95 test_acc=94.11
epoch=282/300 lr=0.00100 train_acc=96.71 test_acc=94.03
epoch=283/300 lr=0.00100 train_acc=96.85 test_acc=94.06
epoch=284/300 lr=0.00100 train_acc=96.81 test_acc=94.15
epoch=285/300 lr=0.00100 train_acc=96.92 test_acc=94.16
epoch=286/300 lr=0.00100 train_acc=96.90 test_acc=94.22
epoch=287/300 lr=0.00100 train_acc=96.79 test_acc=94.18
epoch=288/300 lr=0.00100 train_acc=96.92 test_acc=94.26
epoch=289/300 lr=0.00100 train_acc=96.91 test_acc=94.16
epoch=290/300 lr=0.00100 train_acc=96.81 test_acc=94.14
epoch=291/300 lr=0.00100 train_acc=96.89 test_acc=94.37
epoch=292/300 lr=0.00100 train_acc=96.84 test_acc=94.23
epoch=293/300 lr=0.00100 train_acc=97.02 test_acc=94.34
epoch=294/300 lr=0.00100 train_acc=96.96 test_acc=94.30
epoch=295/300 lr=0.00100 train_acc=96.91 test_acc=93.99
epoch=296/300 lr=0.00100 train_acc=96.98 test_acc=94.22
epoch=297/300 lr=0.00100 train_acc=97.00 test_acc=94.30
epoch=298/300 lr=0.00100 train_acc=96.98 test_acc=94.18
epoch=299/300 lr=0.00100 train_acc=97.05 test_acc=94.02
epoch=300/300 lr=0.00100 train_acc=97.05 test_acc=94.13
{
  "best_accuracy": 94.37,
  "best_error_rate": 5.6299999999999955,
  "final_accuracy": 94.13,
  "final_error_rate": 5.8700000000000045,
  "elapsed_seconds": 2845.771518945694,
  "is_paper_result": false,
  "note": "New reproduction result; compare against paper target separately."
}
start experiment=cifar10_resnet32_re_paper seed=1005
epoch=1/300 lr=0.10000 train_acc=33.83 test_acc=38.30
epoch=2/300 lr=0.10000 train_acc=50.28 test_acc=45.15
epoch=3/300 lr=0.10000 train_acc=59.03 test_acc=63.48
epoch=4/300 lr=0.10000 train_acc=65.10 test_acc=69.10
epoch=5/300 lr=0.10000 train_acc=68.70 test_acc=68.46
epoch=6/300 lr=0.10000 train_acc=71.07 test_acc=72.36
epoch=7/300 lr=0.10000 train_acc=72.45 test_acc=66.28
epoch=8/300 lr=0.10000 train_acc=73.82 test_acc=71.14
epoch=9/300 lr=0.10000 train_acc=74.47 test_acc=68.03
epoch=10/300 lr=0.10000 train_acc=74.97 test_acc=75.85
epoch=11/300 lr=0.10000 train_acc=75.58 test_acc=73.65
epoch=12/300 lr=0.10000 train_acc=75.92 test_acc=71.54
epoch=13/300 lr=0.10000 train_acc=76.80 test_acc=75.71
epoch=14/300 lr=0.10000 train_acc=77.04 test_acc=77.02
epoch=15/300 lr=0.10000 train_acc=77.00 test_acc=78.09
epoch=16/300 lr=0.10000 train_acc=77.61 test_acc=74.34
epoch=17/300 lr=0.10000 train_acc=77.65 test_acc=76.63
epoch=18/300 lr=0.10000 train_acc=77.89 test_acc=75.39
epoch=19/300 lr=0.10000 train_acc=78.35 test_acc=76.64
epoch=20/300 lr=0.10000 train_acc=78.41 test_acc=74.64
epoch=21/300 lr=0.10000 train_acc=78.49 test_acc=69.44
epoch=22/300 lr=0.10000 train_acc=78.55 test_acc=73.42
epoch=23/300 lr=0.10000 train_acc=78.71 test_acc=78.55
epoch=24/300 lr=0.10000 train_acc=78.90 test_acc=75.72
epoch=25/300 lr=0.10000 train_acc=78.86 test_acc=70.64
epoch=26/300 lr=0.10000 train_acc=78.58 test_acc=73.44
epoch=27/300 lr=0.10000 train_acc=79.15 test_acc=75.90
epoch=28/300 lr=0.10000 train_acc=79.22 test_acc=75.63
epoch=29/300 lr=0.10000 train_acc=79.63 test_acc=69.82
epoch=30/300 lr=0.10000 train_acc=79.22 test_acc=75.32
epoch=31/300 lr=0.10000 train_acc=79.49 test_acc=79.20
epoch=32/300 lr=0.10000 train_acc=79.48 test_acc=77.57
epoch=33/300 lr=0.10000 train_acc=79.66 test_acc=78.41
epoch=34/300 lr=0.10000 train_acc=79.56 test_acc=75.08
epoch=35/300 lr=0.10000 train_acc=79.68 test_acc=79.87
epoch=36/300 lr=0.10000 train_acc=79.90 test_acc=70.91
epoch=37/300 lr=0.10000 train_acc=79.78 test_acc=78.15
epoch=38/300 lr=0.10000 train_acc=80.06 test_acc=77.72
epoch=39/300 lr=0.10000 train_acc=80.00 test_acc=65.01
epoch=40/300 lr=0.10000 train_acc=80.18 test_acc=74.25
epoch=41/300 lr=0.10000 train_acc=79.74 test_acc=79.33
epoch=42/300 lr=0.10000 train_acc=80.28 test_acc=75.27
epoch=43/300 lr=0.10000 train_acc=80.15 test_acc=76.72
epoch=44/300 lr=0.10000 train_acc=80.07 test_acc=78.95
epoch=45/300 lr=0.10000 train_acc=80.10 test_acc=75.17
epoch=46/300 lr=0.10000 train_acc=80.04 test_acc=76.40
epoch=47/300 lr=0.10000 train_acc=80.40 test_acc=74.57
epoch=48/300 lr=0.10000 train_acc=80.22 test_acc=79.62
epoch=49/300 lr=0.10000 train_acc=80.20 test_acc=76.52
epoch=50/300 lr=0.10000 train_acc=80.51 test_acc=73.90
epoch=51/300 lr=0.10000 train_acc=80.16 test_acc=79.70
epoch=52/300 lr=0.10000 train_acc=80.69 test_acc=72.89
epoch=53/300 lr=0.10000 train_acc=80.74 test_acc=76.39
epoch=54/300 lr=0.10000 train_acc=80.71 test_acc=76.05
epoch=55/300 lr=0.10000 train_acc=80.52 test_acc=77.24
epoch=56/300 lr=0.10000 train_acc=80.55 test_acc=77.28
epoch=57/300 lr=0.10000 train_acc=80.97 test_acc=82.65
epoch=58/300 lr=0.10000 train_acc=80.40 test_acc=80.75
epoch=59/300 lr=0.10000 train_acc=80.37 test_acc=80.88
epoch=60/300 lr=0.10000 train_acc=80.90 test_acc=80.19
epoch=61/300 lr=0.10000 train_acc=80.92 test_acc=74.28
epoch=62/300 lr=0.10000 train_acc=80.93 test_acc=75.25
epoch=63/300 lr=0.10000 train_acc=80.55 test_acc=77.91
epoch=64/300 lr=0.10000 train_acc=80.68 test_acc=80.24
epoch=65/300 lr=0.10000 train_acc=80.81 test_acc=78.25
epoch=66/300 lr=0.10000 train_acc=80.75 test_acc=77.23
epoch=67/300 lr=0.10000 train_acc=80.89 test_acc=75.48
epoch=68/300 lr=0.10000 train_acc=80.49 test_acc=79.58
epoch=69/300 lr=0.10000 train_acc=80.77 test_acc=76.19
epoch=70/300 lr=0.10000 train_acc=80.99 test_acc=81.34
epoch=71/300 lr=0.10000 train_acc=80.83 test_acc=76.63
epoch=72/300 lr=0.10000 train_acc=80.86 test_acc=78.91
epoch=73/300 lr=0.10000 train_acc=80.95 test_acc=80.00
epoch=74/300 lr=0.10000 train_acc=81.13 test_acc=80.74
epoch=75/300 lr=0.10000 train_acc=80.78 test_acc=82.00
epoch=76/300 lr=0.10000 train_acc=80.85 test_acc=74.66
epoch=77/300 lr=0.10000 train_acc=81.10 test_acc=77.61
epoch=78/300 lr=0.10000 train_acc=80.97 test_acc=68.13
epoch=79/300 lr=0.10000 train_acc=81.00 test_acc=78.32
epoch=80/300 lr=0.10000 train_acc=81.15 test_acc=76.75
epoch=81/300 lr=0.10000 train_acc=81.25 test_acc=76.28
epoch=82/300 lr=0.10000 train_acc=81.04 test_acc=78.47
epoch=83/300 lr=0.10000 train_acc=81.13 test_acc=76.56
epoch=84/300 lr=0.10000 train_acc=81.37 test_acc=79.54
epoch=85/300 lr=0.10000 train_acc=81.12 test_acc=81.78
epoch=86/300 lr=0.10000 train_acc=81.24 test_acc=81.20
epoch=87/300 lr=0.10000 train_acc=80.73 test_acc=74.50
epoch=88/300 lr=0.10000 train_acc=81.04 test_acc=80.54
epoch=89/300 lr=0.10000 train_acc=81.28 test_acc=82.14
epoch=90/300 lr=0.10000 train_acc=81.26 test_acc=82.10
epoch=91/300 lr=0.10000 train_acc=80.93 test_acc=80.97
epoch=92/300 lr=0.10000 train_acc=81.09 test_acc=83.05
epoch=93/300 lr=0.10000 train_acc=81.11 test_acc=79.43
epoch=94/300 lr=0.10000 train_acc=81.12 test_acc=77.66
epoch=95/300 lr=0.10000 train_acc=80.87 test_acc=78.67
epoch=96/300 lr=0.10000 train_acc=81.25 test_acc=73.32
epoch=97/300 lr=0.10000 train_acc=81.29 test_acc=80.55
epoch=98/300 lr=0.10000 train_acc=81.19 test_acc=78.67
epoch=99/300 lr=0.10000 train_acc=81.18 test_acc=76.73
epoch=100/300 lr=0.10000 train_acc=81.27 test_acc=80.83
epoch=101/300 lr=0.10000 train_acc=81.18 test_acc=77.24
epoch=102/300 lr=0.10000 train_acc=81.43 test_acc=80.27
epoch=103/300 lr=0.10000 train_acc=81.06 test_acc=80.77
epoch=104/300 lr=0.10000 train_acc=81.29 test_acc=79.77
epoch=105/300 lr=0.10000 train_acc=81.33 test_acc=77.56
epoch=106/300 lr=0.10000 train_acc=81.10 test_acc=74.22
epoch=107/300 lr=0.10000 train_acc=81.54 test_acc=79.41
epoch=108/300 lr=0.10000 train_acc=81.19 test_acc=75.13
epoch=109/300 lr=0.10000 train_acc=81.20 test_acc=81.59
epoch=110/300 lr=0.10000 train_acc=81.59 test_acc=81.26
epoch=111/300 lr=0.10000 train_acc=81.28 test_acc=82.13
epoch=112/300 lr=0.10000 train_acc=81.12 test_acc=74.71
epoch=113/300 lr=0.10000 train_acc=81.35 test_acc=80.58
epoch=114/300 lr=0.10000 train_acc=81.31 test_acc=80.03
epoch=115/300 lr=0.10000 train_acc=81.08 test_acc=77.31
epoch=116/300 lr=0.10000 train_acc=81.56 test_acc=83.62
epoch=117/300 lr=0.10000 train_acc=81.54 test_acc=80.51
epoch=118/300 lr=0.10000 train_acc=81.44 test_acc=78.53
epoch=119/300 lr=0.10000 train_acc=81.43 test_acc=76.12
epoch=120/300 lr=0.10000 train_acc=81.30 test_acc=79.53
epoch=121/300 lr=0.10000 train_acc=81.47 test_acc=77.22
epoch=122/300 lr=0.10000 train_acc=81.42 test_acc=65.87
epoch=123/300 lr=0.10000 train_acc=81.27 test_acc=75.64
epoch=124/300 lr=0.10000 train_acc=81.34 test_acc=78.82
epoch=125/300 lr=0.10000 train_acc=81.54 test_acc=80.03
epoch=126/300 lr=0.10000 train_acc=81.25 test_acc=77.83
epoch=127/300 lr=0.10000 train_acc=81.19 test_acc=71.96
epoch=128/300 lr=0.10000 train_acc=81.62 test_acc=83.63
epoch=129/300 lr=0.10000 train_acc=81.43 test_acc=77.49
epoch=130/300 lr=0.10000 train_acc=81.17 test_acc=80.54
epoch=131/300 lr=0.10000 train_acc=81.61 test_acc=82.53
epoch=132/300 lr=0.10000 train_acc=81.48 test_acc=80.13
epoch=133/300 lr=0.10000 train_acc=81.41 test_acc=78.53
epoch=134/300 lr=0.10000 train_acc=81.85 test_acc=75.01
epoch=135/300 lr=0.10000 train_acc=81.95 test_acc=77.58
epoch=136/300 lr=0.10000 train_acc=81.51 test_acc=79.99
epoch=137/300 lr=0.10000 train_acc=81.28 test_acc=81.92
epoch=138/300 lr=0.10000 train_acc=81.45 test_acc=80.33
epoch=139/300 lr=0.10000 train_acc=81.57 test_acc=78.22
epoch=140/300 lr=0.10000 train_acc=81.81 test_acc=79.52
epoch=141/300 lr=0.10000 train_acc=81.35 test_acc=74.28
epoch=142/300 lr=0.10000 train_acc=81.60 test_acc=76.55
epoch=143/300 lr=0.10000 train_acc=81.61 test_acc=77.34
epoch=144/300 lr=0.10000 train_acc=81.49 test_acc=80.17
epoch=145/300 lr=0.10000 train_acc=81.58 test_acc=76.06
epoch=146/300 lr=0.10000 train_acc=81.49 test_acc=82.21
epoch=147/300 lr=0.10000 train_acc=81.60 test_acc=76.24
epoch=148/300 lr=0.10000 train_acc=81.37 test_acc=80.68
epoch=149/300 lr=0.10000 train_acc=81.66 test_acc=64.66
epoch=150/300 lr=0.10000 train_acc=81.32 test_acc=84.53
epoch=151/300 lr=0.01000 train_acc=87.23 test_acc=90.30
epoch=152/300 lr=0.01000 train_acc=88.91 test_acc=91.09
epoch=153/300 lr=0.01000 train_acc=89.73 test_acc=91.01
epoch=154/300 lr=0.01000 train_acc=90.06 test_acc=91.46
epoch=155/300 lr=0.01000 train_acc=90.60 test_acc=91.64
epoch=156/300 lr=0.01000 train_acc=90.56 test_acc=91.85
epoch=157/300 lr=0.01000 train_acc=91.08 test_acc=91.72
epoch=158/300 lr=0.01000 train_acc=91.11 test_acc=92.21
epoch=159/300 lr=0.01000 train_acc=91.23 test_acc=92.02
epoch=160/300 lr=0.01000 train_acc=91.49 test_acc=91.93
epoch=161/300 lr=0.01000 train_acc=91.47 test_acc=92.11
epoch=162/300 lr=0.01000 train_acc=91.39 test_acc=91.84
epoch=163/300 lr=0.01000 train_acc=91.78 test_acc=91.60
epoch=164/300 lr=0.01000 train_acc=91.68 test_acc=91.59
epoch=165/300 lr=0.01000 train_acc=91.88 test_acc=91.68
epoch=166/300 lr=0.01000 train_acc=91.85 test_acc=91.56
epoch=167/300 lr=0.01000 train_acc=91.99 test_acc=91.49
epoch=168/300 lr=0.01000 train_acc=91.91 test_acc=92.03
epoch=169/300 lr=0.01000 train_acc=91.94 test_acc=91.88
epoch=170/300 lr=0.01000 train_acc=91.95 test_acc=92.00
epoch=171/300 lr=0.01000 train_acc=92.08 test_acc=91.49
epoch=172/300 lr=0.01000 train_acc=92.04 test_acc=91.25
epoch=173/300 lr=0.01000 train_acc=92.00 test_acc=91.35
epoch=174/300 lr=0.01000 train_acc=91.96 test_acc=91.93
epoch=175/300 lr=0.01000 train_acc=92.01 test_acc=91.50
epoch=176/300 lr=0.01000 train_acc=92.27 test_acc=91.47
epoch=177/300 lr=0.01000 train_acc=92.08 test_acc=91.76
epoch=178/300 lr=0.01000 train_acc=92.04 test_acc=90.94
epoch=179/300 lr=0.01000 train_acc=92.23 test_acc=91.39
epoch=180/300 lr=0.01000 train_acc=91.90 test_acc=90.23
epoch=181/300 lr=0.01000 train_acc=91.98 test_acc=91.10
epoch=182/300 lr=0.01000 train_acc=92.18 test_acc=91.31
epoch=183/300 lr=0.01000 train_acc=92.05 test_acc=90.28
epoch=184/300 lr=0.01000 train_acc=91.96 test_acc=91.12
epoch=185/300 lr=0.01000 train_acc=92.18 test_acc=91.21
epoch=186/300 lr=0.01000 train_acc=92.16 test_acc=90.72
epoch=187/300 lr=0.01000 train_acc=92.03 test_acc=90.49
epoch=188/300 lr=0.01000 train_acc=91.94 test_acc=90.91
epoch=189/300 lr=0.01000 train_acc=92.10 test_acc=91.18
epoch=190/300 lr=0.01000 train_acc=91.97 test_acc=90.07
epoch=191/300 lr=0.01000 train_acc=91.68 test_acc=90.65
epoch=192/300 lr=0.01000 train_acc=92.03 test_acc=90.08
epoch=193/300 lr=0.01000 train_acc=92.18 test_acc=91.23
epoch=194/300 lr=0.01000 train_acc=92.12 test_acc=90.67
epoch=195/300 lr=0.01000 train_acc=91.89 test_acc=90.10
epoch=196/300 lr=0.01000 train_acc=91.86 test_acc=90.78
epoch=197/300 lr=0.01000 train_acc=92.36 test_acc=90.69
epoch=198/300 lr=0.01000 train_acc=91.98 test_acc=90.76
epoch=199/300 lr=0.01000 train_acc=92.11 test_acc=88.58
epoch=200/300 lr=0.01000 train_acc=92.15 test_acc=91.22
epoch=201/300 lr=0.01000 train_acc=91.92 test_acc=91.18
epoch=202/300 lr=0.01000 train_acc=91.93 test_acc=91.16
epoch=203/300 lr=0.01000 train_acc=92.08 test_acc=89.96
epoch=204/300 lr=0.01000 train_acc=92.35 test_acc=90.59
epoch=205/300 lr=0.01000 train_acc=92.16 test_acc=90.74
epoch=206/300 lr=0.01000 train_acc=92.07 test_acc=91.40
epoch=207/300 lr=0.01000 train_acc=92.11 test_acc=91.20
epoch=208/300 lr=0.01000 train_acc=92.38 test_acc=91.32
epoch=209/300 lr=0.01000 train_acc=92.27 test_acc=91.03
epoch=210/300 lr=0.01000 train_acc=92.14 test_acc=90.85
epoch=211/300 lr=0.01000 train_acc=91.98 test_acc=90.65
epoch=212/300 lr=0.01000 train_acc=92.15 test_acc=91.21
epoch=213/300 lr=0.01000 train_acc=92.14 test_acc=90.04
epoch=214/300 lr=0.01000 train_acc=92.21 test_acc=89.47
epoch=215/300 lr=0.01000 train_acc=92.01 test_acc=91.16
epoch=216/300 lr=0.01000 train_acc=92.13 test_acc=90.67
epoch=217/300 lr=0.01000 train_acc=92.35 test_acc=90.08
epoch=218/300 lr=0.01000 train_acc=92.18 test_acc=90.67
epoch=219/300 lr=0.01000 train_acc=92.30 test_acc=90.79
epoch=220/300 lr=0.01000 train_acc=92.23 test_acc=90.72
epoch=221/300 lr=0.01000 train_acc=92.40 test_acc=89.65
epoch=222/300 lr=0.01000 train_acc=92.37 test_acc=90.79
epoch=223/300 lr=0.01000 train_acc=92.41 test_acc=91.13
epoch=224/300 lr=0.01000 train_acc=92.26 test_acc=91.32
epoch=225/300 lr=0.01000 train_acc=92.35 test_acc=90.48
epoch=226/300 lr=0.00100 train_acc=94.24 test_acc=93.43
epoch=227/300 lr=0.00100 train_acc=94.98 test_acc=93.49
epoch=228/300 lr=0.00100 train_acc=95.36 test_acc=93.78
epoch=229/300 lr=0.00100 train_acc=95.56 test_acc=93.73
epoch=230/300 lr=0.00100 train_acc=95.55 test_acc=93.96
epoch=231/300 lr=0.00100 train_acc=95.60 test_acc=93.93
epoch=232/300 lr=0.00100 train_acc=95.79 test_acc=93.78
epoch=233/300 lr=0.00100 train_acc=95.82 test_acc=93.78
epoch=234/300 lr=0.00100 train_acc=95.90 test_acc=93.80
epoch=235/300 lr=0.00100 train_acc=95.92 test_acc=93.86
epoch=236/300 lr=0.00100 train_acc=95.97 test_acc=93.75
epoch=237/300 lr=0.00100 train_acc=95.92 test_acc=93.58
epoch=238/300 lr=0.00100 train_acc=96.06 test_acc=93.79
epoch=239/300 lr=0.00100 train_acc=96.16 test_acc=93.93
epoch=240/300 lr=0.00100 train_acc=96.07 test_acc=93.71
epoch=241/300 lr=0.00100 train_acc=96.16 test_acc=93.79
epoch=242/300 lr=0.00100 train_acc=96.36 test_acc=94.00
epoch=243/300 lr=0.00100 train_acc=96.06 test_acc=93.73
epoch=244/300 lr=0.00100 train_acc=96.26 test_acc=93.94
epoch=245/300 lr=0.00100 train_acc=96.17 test_acc=93.96
epoch=246/300 lr=0.00100 train_acc=96.40 test_acc=93.79
epoch=247/300 lr=0.00100 train_acc=96.31 test_acc=93.91
epoch=248/300 lr=0.00100 train_acc=96.28 test_acc=93.72
epoch=249/300 lr=0.00100 train_acc=96.51 test_acc=94.10
epoch=250/300 lr=0.00100 train_acc=96.35 test_acc=93.75
epoch=251/300 lr=0.00100 train_acc=96.57 test_acc=93.90
epoch=252/300 lr=0.00100 train_acc=96.54 test_acc=93.84
epoch=253/300 lr=0.00100 train_acc=96.59 test_acc=93.77
epoch=254/300 lr=0.00100 train_acc=96.27 test_acc=93.80
epoch=255/300 lr=0.00100 train_acc=96.53 test_acc=93.85
epoch=256/300 lr=0.00100 train_acc=96.69 test_acc=93.63
epoch=257/300 lr=0.00100 train_acc=96.60 test_acc=93.82
epoch=258/300 lr=0.00100 train_acc=96.57 test_acc=93.69
epoch=259/300 lr=0.00100 train_acc=96.52 test_acc=93.74
epoch=260/300 lr=0.00100 train_acc=96.68 test_acc=93.65
epoch=261/300 lr=0.00100 train_acc=96.32 test_acc=93.76
epoch=262/300 lr=0.00100 train_acc=96.66 test_acc=93.84
epoch=263/300 lr=0.00100 train_acc=96.75 test_acc=93.78
epoch=264/300 lr=0.00100 train_acc=96.46 test_acc=93.92
epoch=265/300 lr=0.00100 train_acc=96.56 test_acc=94.09
epoch=266/300 lr=0.00100 train_acc=96.39 test_acc=93.93
epoch=267/300 lr=0.00100 train_acc=96.47 test_acc=94.03
epoch=268/300 lr=0.00100 train_acc=96.74 test_acc=93.89
epoch=269/300 lr=0.00100 train_acc=96.71 test_acc=94.01
epoch=270/300 lr=0.00100 train_acc=96.80 test_acc=93.77
epoch=271/300 lr=0.00100 train_acc=96.75 test_acc=94.00
epoch=272/300 lr=0.00100 train_acc=96.62 test_acc=93.84
epoch=273/300 lr=0.00100 train_acc=96.81 test_acc=93.84
epoch=274/300 lr=0.00100 train_acc=96.73 test_acc=93.92
epoch=275/300 lr=0.00100 train_acc=96.76 test_acc=93.88
epoch=276/300 lr=0.00100 train_acc=96.68 test_acc=93.84
epoch=277/300 lr=0.00100 train_acc=96.84 test_acc=93.91
epoch=278/300 lr=0.00100 train_acc=96.77 test_acc=93.71
epoch=279/300 lr=0.00100 train_acc=96.68 test_acc=93.67
epoch=280/300 lr=0.00100 train_acc=96.86 test_acc=94.03
epoch=281/300 lr=0.00100 train_acc=96.81 test_acc=93.88
epoch=282/300 lr=0.00100 train_acc=96.85 test_acc=93.74
epoch=283/300 lr=0.00100 train_acc=96.91 test_acc=94.03
epoch=284/300 lr=0.00100 train_acc=96.90 test_acc=93.80
epoch=285/300 lr=0.00100 train_acc=96.85 test_acc=94.07
epoch=286/300 lr=0.00100 train_acc=96.86 test_acc=93.91
epoch=287/300 lr=0.00100 train_acc=96.74 test_acc=93.98
epoch=288/300 lr=0.00100 train_acc=96.83 test_acc=93.91
epoch=289/300 lr=0.00100 train_acc=96.94 test_acc=94.05
epoch=290/300 lr=0.00100 train_acc=96.90 test_acc=93.95
epoch=291/300 lr=0.00100 train_acc=96.89 test_acc=93.92
epoch=292/300 lr=0.00100 train_acc=96.85 test_acc=93.96
epoch=293/300 lr=0.00100 train_acc=97.03 test_acc=93.88
epoch=294/300 lr=0.00100 train_acc=96.92 test_acc=94.06
epoch=295/300 lr=0.00100 train_acc=96.86 test_acc=93.92
epoch=296/300 lr=0.00100 train_acc=96.83 test_acc=93.98
epoch=297/300 lr=0.00100 train_acc=96.80 test_acc=93.66
epoch=298/300 lr=0.00100 train_acc=96.93 test_acc=93.89
epoch=299/300 lr=0.00100 train_acc=97.11 test_acc=93.89
epoch=300/300 lr=0.00100 train_acc=96.98 test_acc=93.90
{
  "best_accuracy": 94.1,
  "best_error_rate": 5.900000000000006,
  "final_accuracy": 93.9,
  "final_error_rate": 6.099999999999994,
  "elapsed_seconds": 2856.581579208374,
  "is_paper_result": false,
  "note": "New reproduction result; compare against paper target separately."
}
{
  "experiment": "cifar10_resnet32_re_paper",
  "seeds": [
    1001,
    1002,
    1003,
    1004,
    1005
  ],
  "smoke": false,
  "is_paper_result": false,
  "best_error_rate": {
    "values": [
      5.680000000000007,
      5.75,
      5.549999999999997,
      5.6299999999999955,
      5.900000000000006
    ],
    "mean": 5.702000000000001,
    "population_std": 0.11855800268223438,
    "sample_std": 0.13255187663703924
  },
  "final_error_rate": {
    "values": [
      5.8799999999999955,
      5.930000000000007,
      5.760000000000005,
      5.8700000000000045,
      6.099999999999994
    ],
    "mean": 5.908000000000001,
    "population_std": 0.11088733020502975,
    "sample_std": 0.1239758040909561
  },
  "note": "New reproduction aggregate; paper does not state best-vs-final or std convention."
}
start experiment=cifar100_resnet32_baseline seed=1001
epoch=1/300 lr=0.10000 train_acc=6.41 test_acc=9.84
epoch=2/300 lr=0.10000 train_acc=14.90 test_acc=14.59
epoch=3/300 lr=0.10000 train_acc=22.83 test_acc=20.93
epoch=4/300 lr=0.10000 train_acc=29.76 test_acc=31.14
epoch=5/300 lr=0.10000 train_acc=35.13 test_acc=31.56
epoch=6/300 lr=0.10000 train_acc=38.67 test_acc=36.70
epoch=7/300 lr=0.10000 train_acc=42.26 test_acc=38.64
epoch=8/300 lr=0.10000 train_acc=44.67 test_acc=35.25
epoch=9/300 lr=0.10000 train_acc=46.43 test_acc=40.38
epoch=10/300 lr=0.10000 train_acc=47.93 test_acc=42.62
epoch=11/300 lr=0.10000 train_acc=49.32 test_acc=42.08
epoch=12/300 lr=0.10000 train_acc=50.29 test_acc=41.97
epoch=13/300 lr=0.10000 train_acc=51.03 test_acc=44.86
epoch=14/300 lr=0.10000 train_acc=51.96 test_acc=43.45
epoch=15/300 lr=0.10000 train_acc=52.21 test_acc=46.29
epoch=16/300 lr=0.10000 train_acc=52.73 test_acc=43.43
epoch=17/300 lr=0.10000 train_acc=53.23 test_acc=41.43
epoch=18/300 lr=0.10000 train_acc=53.77 test_acc=44.15
epoch=19/300 lr=0.10000 train_acc=53.91 test_acc=48.20
epoch=20/300 lr=0.10000 train_acc=54.51 test_acc=46.80
epoch=21/300 lr=0.10000 train_acc=54.44 test_acc=48.90
epoch=22/300 lr=0.10000 train_acc=54.82 test_acc=46.65
epoch=23/300 lr=0.10000 train_acc=55.15 test_acc=47.91
epoch=24/300 lr=0.10000 train_acc=55.25 test_acc=44.73
epoch=25/300 lr=0.10000 train_acc=55.72 test_acc=47.50
epoch=26/300 lr=0.10000 train_acc=55.82 test_acc=44.98
epoch=27/300 lr=0.10000 train_acc=55.84 test_acc=45.97
epoch=28/300 lr=0.10000 train_acc=56.11 test_acc=47.03
epoch=29/300 lr=0.10000 train_acc=56.20 test_acc=47.05
epoch=30/300 lr=0.10000 train_acc=56.36 test_acc=46.07
epoch=31/300 lr=0.10000 train_acc=56.45 test_acc=43.13
epoch=32/300 lr=0.10000 train_acc=56.51 test_acc=47.41
epoch=33/300 lr=0.10000 train_acc=56.82 test_acc=45.94
epoch=34/300 lr=0.10000 train_acc=57.02 test_acc=47.24
epoch=35/300 lr=0.10000 train_acc=56.92 test_acc=50.13
epoch=36/300 lr=0.10000 train_acc=57.02 test_acc=47.90
epoch=37/300 lr=0.10000 train_acc=57.34 test_acc=43.55
epoch=38/300 lr=0.10000 train_acc=57.56 test_acc=50.50
epoch=39/300 lr=0.10000 train_acc=57.47 test_acc=46.29
epoch=40/300 lr=0.10000 train_acc=57.47 test_acc=50.46
epoch=41/300 lr=0.10000 train_acc=57.64 test_acc=50.48
epoch=42/300 lr=0.10000 train_acc=57.42 test_acc=46.82
epoch=43/300 lr=0.10000 train_acc=57.78 test_acc=47.50
epoch=44/300 lr=0.10000 train_acc=57.72 test_acc=47.37
epoch=45/300 lr=0.10000 train_acc=57.90 test_acc=44.07
epoch=46/300 lr=0.10000 train_acc=58.22 test_acc=46.84
epoch=47/300 lr=0.10000 train_acc=58.01 test_acc=46.54
epoch=48/300 lr=0.10000 train_acc=57.88 test_acc=49.32
epoch=49/300 lr=0.10000 train_acc=57.87 test_acc=50.84
epoch=50/300 lr=0.10000 train_acc=58.27 test_acc=43.91
epoch=51/300 lr=0.10000 train_acc=58.38 test_acc=46.40
epoch=52/300 lr=0.10000 train_acc=58.27 test_acc=48.44
epoch=53/300 lr=0.10000 train_acc=58.17 test_acc=43.47
epoch=54/300 lr=0.10000 train_acc=58.57 test_acc=44.10
epoch=55/300 lr=0.10000 train_acc=58.52 test_acc=49.61
epoch=56/300 lr=0.10000 train_acc=58.07 test_acc=48.44
epoch=57/300 lr=0.10000 train_acc=58.62 test_acc=49.08
epoch=58/300 lr=0.10000 train_acc=58.86 test_acc=49.77
epoch=59/300 lr=0.10000 train_acc=58.60 test_acc=50.85
epoch=60/300 lr=0.10000 train_acc=58.65 test_acc=51.64
epoch=61/300 lr=0.10000 train_acc=58.63 test_acc=44.59
epoch=62/300 lr=0.10000 train_acc=58.58 test_acc=48.95
epoch=63/300 lr=0.10000 train_acc=58.71 test_acc=47.67
epoch=64/300 lr=0.10000 train_acc=58.59 test_acc=51.25
epoch=65/300 lr=0.10000 train_acc=59.13 test_acc=46.90
epoch=66/300 lr=0.10000 train_acc=59.14 test_acc=50.42
epoch=67/300 lr=0.10000 train_acc=58.80 test_acc=49.97
epoch=68/300 lr=0.10000 train_acc=58.71 test_acc=50.16
epoch=69/300 lr=0.10000 train_acc=59.08 test_acc=48.56
epoch=70/300 lr=0.10000 train_acc=58.77 test_acc=44.04
epoch=71/300 lr=0.10000 train_acc=59.07 test_acc=45.17
epoch=72/300 lr=0.10000 train_acc=59.12 test_acc=50.51
epoch=73/300 lr=0.10000 train_acc=59.33 test_acc=49.07
epoch=74/300 lr=0.10000 train_acc=59.06 test_acc=51.18
epoch=75/300 lr=0.10000 train_acc=59.12 test_acc=51.15
epoch=76/300 lr=0.10000 train_acc=59.25 test_acc=50.57
epoch=77/300 lr=0.10000 train_acc=59.39 test_acc=51.61
epoch=78/300 lr=0.10000 train_acc=59.25 test_acc=47.05
epoch=79/300 lr=0.10000 train_acc=59.03 test_acc=41.61
epoch=80/300 lr=0.10000 train_acc=59.18 test_acc=48.54
epoch=81/300 lr=0.10000 train_acc=59.44 test_acc=48.43
epoch=82/300 lr=0.10000 train_acc=59.15 test_acc=51.20
epoch=83/300 lr=0.10000 train_acc=59.13 test_acc=47.27
epoch=84/300 lr=0.10000 train_acc=59.23 test_acc=51.06
epoch=85/300 lr=0.10000 train_acc=59.69 test_acc=49.99
epoch=86/300 lr=0.10000 train_acc=59.18 test_acc=46.25
epoch=87/300 lr=0.10000 train_acc=59.52 test_acc=48.67
epoch=88/300 lr=0.10000 train_acc=59.41 test_acc=49.85
epoch=89/300 lr=0.10000 train_acc=59.71 test_acc=52.02
epoch=90/300 lr=0.10000 train_acc=59.44 test_acc=53.47
epoch=91/300 lr=0.10000 train_acc=59.28 test_acc=50.51
epoch=92/300 lr=0.10000 train_acc=59.50 test_acc=50.13
epoch=93/300 lr=0.10000 train_acc=59.62 test_acc=51.95
epoch=94/300 lr=0.10000 train_acc=59.70 test_acc=48.69
epoch=95/300 lr=0.10000 train_acc=59.36 test_acc=44.44
epoch=96/300 lr=0.10000 train_acc=59.74 test_acc=52.06
epoch=97/300 lr=0.10000 train_acc=59.59 test_acc=49.36
epoch=98/300 lr=0.10000 train_acc=59.62 test_acc=47.93
epoch=99/300 lr=0.10000 train_acc=59.58 test_acc=47.35
epoch=100/300 lr=0.10000 train_acc=59.53 test_acc=47.15
epoch=101/300 lr=0.10000 train_acc=59.90 test_acc=51.13
epoch=102/300 lr=0.10000 train_acc=59.85 test_acc=47.75
epoch=103/300 lr=0.10000 train_acc=59.56 test_acc=46.09
epoch=104/300 lr=0.10000 train_acc=59.68 test_acc=41.56
epoch=105/300 lr=0.10000 train_acc=59.62 test_acc=47.17
epoch=106/300 lr=0.10000 train_acc=59.31 test_acc=47.93
epoch=107/300 lr=0.10000 train_acc=59.83 test_acc=50.09
epoch=108/300 lr=0.10000 train_acc=59.78 test_acc=42.79
epoch=109/300 lr=0.10000 train_acc=59.68 test_acc=50.67
epoch=110/300 lr=0.10000 train_acc=59.90 test_acc=50.22
epoch=111/300 lr=0.10000 train_acc=59.66 test_acc=47.17
epoch=112/300 lr=0.10000 train_acc=59.40 test_acc=49.52
epoch=113/300 lr=0.10000 train_acc=59.70 test_acc=48.90
epoch=114/300 lr=0.10000 train_acc=59.76 test_acc=53.50
epoch=115/300 lr=0.10000 train_acc=60.15 test_acc=52.66
epoch=116/300 lr=0.10000 train_acc=59.82 test_acc=47.74
epoch=117/300 lr=0.10000 train_acc=59.68 test_acc=49.89
epoch=118/300 lr=0.10000 train_acc=60.03 test_acc=47.28
epoch=119/300 lr=0.10000 train_acc=59.96 test_acc=49.04
epoch=120/300 lr=0.10000 train_acc=59.58 test_acc=53.44
epoch=121/300 lr=0.10000 train_acc=59.65 test_acc=51.37
epoch=122/300 lr=0.10000 train_acc=59.81 test_acc=48.51
epoch=123/300 lr=0.10000 train_acc=59.89 test_acc=47.72
epoch=124/300 lr=0.10000 train_acc=60.05 test_acc=49.28
epoch=125/300 lr=0.10000 train_acc=59.90 test_acc=51.35
epoch=126/300 lr=0.10000 train_acc=60.09 test_acc=47.98
epoch=127/300 lr=0.10000 train_acc=59.73 test_acc=51.31
epoch=128/300 lr=0.10000 train_acc=60.13 test_acc=50.53
epoch=129/300 lr=0.10000 train_acc=59.84 test_acc=50.72
epoch=130/300 lr=0.10000 train_acc=60.06 test_acc=51.44
epoch=131/300 lr=0.10000 train_acc=59.71 test_acc=45.45
epoch=132/300 lr=0.10000 train_acc=59.91 test_acc=50.47
epoch=133/300 lr=0.10000 train_acc=60.15 test_acc=45.81
epoch=134/300 lr=0.10000 train_acc=59.71 test_acc=53.34
epoch=135/300 lr=0.10000 train_acc=60.19 test_acc=51.04
epoch=136/300 lr=0.10000 train_acc=59.89 test_acc=46.30
epoch=137/300 lr=0.10000 train_acc=60.15 test_acc=51.35
epoch=138/300 lr=0.10000 train_acc=59.95 test_acc=47.40
epoch=139/300 lr=0.10000 train_acc=59.81 test_acc=49.28
epoch=140/300 lr=0.10000 train_acc=60.05 test_acc=52.70
epoch=141/300 lr=0.10000 train_acc=59.79 test_acc=49.91
epoch=142/300 lr=0.10000 train_acc=60.01 test_acc=50.04
epoch=143/300 lr=0.10000 train_acc=59.74 test_acc=46.41
epoch=144/300 lr=0.10000 train_acc=60.23 test_acc=49.77
epoch=145/300 lr=0.10000 train_acc=60.30 test_acc=46.26
epoch=146/300 lr=0.10000 train_acc=59.64 test_acc=46.48
epoch=147/300 lr=0.10000 train_acc=59.96 test_acc=42.40
epoch=148/300 lr=0.10000 train_acc=60.18 test_acc=49.02
epoch=149/300 lr=0.10000 train_acc=60.31 test_acc=51.01
epoch=150/300 lr=0.10000 train_acc=60.07 test_acc=48.42
epoch=151/300 lr=0.01000 train_acc=71.03 test_acc=67.41
epoch=152/300 lr=0.01000 train_acc=74.41 test_acc=68.32
epoch=153/300 lr=0.01000 train_acc=75.77 test_acc=68.84
epoch=154/300 lr=0.01000 train_acc=76.42 test_acc=69.13
epoch=155/300 lr=0.01000 train_acc=77.24 test_acc=68.92
epoch=156/300 lr=0.01000 train_acc=78.00 test_acc=68.94
epoch=157/300 lr=0.01000 train_acc=78.52 test_acc=68.91
epoch=158/300 lr=0.01000 train_acc=79.01 test_acc=69.33
epoch=159/300 lr=0.01000 train_acc=79.29 test_acc=68.49
epoch=160/300 lr=0.01000 train_acc=79.54 test_acc=69.09
epoch=161/300 lr=0.01000 train_acc=79.78 test_acc=68.37
epoch=162/300 lr=0.01000 train_acc=80.01 test_acc=69.00
epoch=163/300 lr=0.01000 train_acc=80.10 test_acc=68.84
epoch=164/300 lr=0.01000 train_acc=80.48 test_acc=68.51
epoch=165/300 lr=0.01000 train_acc=81.06 test_acc=68.04
epoch=166/300 lr=0.01000 train_acc=81.08 test_acc=68.61
epoch=167/300 lr=0.01000 train_acc=81.00 test_acc=68.52
epoch=168/300 lr=0.01000 train_acc=81.27 test_acc=68.05
epoch=169/300 lr=0.01000 train_acc=81.01 test_acc=68.06
epoch=170/300 lr=0.01000 train_acc=81.24 test_acc=67.83
epoch=171/300 lr=0.01000 train_acc=81.27 test_acc=68.50
epoch=172/300 lr=0.01000 train_acc=81.32 test_acc=67.58
epoch=173/300 lr=0.01000 train_acc=81.20 test_acc=66.77
epoch=174/300 lr=0.01000 train_acc=81.34 test_acc=67.41
epoch=175/300 lr=0.01000 train_acc=81.61 test_acc=66.17
epoch=176/300 lr=0.01000 train_acc=81.37 test_acc=66.58
epoch=177/300 lr=0.01000 train_acc=81.40 test_acc=65.89
epoch=178/300 lr=0.01000 train_acc=81.42 test_acc=66.87
epoch=179/300 lr=0.01000 train_acc=81.69 test_acc=67.08
epoch=180/300 lr=0.01000 train_acc=81.57 test_acc=66.88
epoch=181/300 lr=0.01000 train_acc=81.55 test_acc=66.67
epoch=182/300 lr=0.01000 train_acc=81.48 test_acc=66.70
epoch=183/300 lr=0.01000 train_acc=81.49 test_acc=66.93
epoch=184/300 lr=0.01000 train_acc=81.83 test_acc=66.16
epoch=185/300 lr=0.01000 train_acc=81.78 test_acc=64.77
epoch=186/300 lr=0.01000 train_acc=81.55 test_acc=66.92
epoch=187/300 lr=0.01000 train_acc=81.63 test_acc=65.19
epoch=188/300 lr=0.01000 train_acc=81.61 test_acc=65.66
epoch=189/300 lr=0.01000 train_acc=81.70 test_acc=66.62
epoch=190/300 lr=0.01000 train_acc=81.74 test_acc=66.21
epoch=191/300 lr=0.01000 train_acc=81.83 test_acc=66.23
epoch=192/300 lr=0.01000 train_acc=81.48 test_acc=64.89
epoch=193/300 lr=0.01000 train_acc=81.64 test_acc=65.65
epoch=194/300 lr=0.01000 train_acc=81.94 test_acc=66.27
epoch=195/300 lr=0.01000 train_acc=82.05 test_acc=66.07
epoch=196/300 lr=0.01000 train_acc=81.66 test_acc=65.36
epoch=197/300 lr=0.01000 train_acc=81.91 test_acc=66.34
epoch=198/300 lr=0.01000 train_acc=82.28 test_acc=65.44
epoch=199/300 lr=0.01000 train_acc=82.13 test_acc=65.97
epoch=200/300 lr=0.01000 train_acc=82.31 test_acc=63.92
epoch=201/300 lr=0.01000 train_acc=82.05 test_acc=64.75
epoch=202/300 lr=0.01000 train_acc=81.87 test_acc=65.87
epoch=203/300 lr=0.01000 train_acc=82.12 test_acc=65.49
epoch=204/300 lr=0.01000 train_acc=82.33 test_acc=66.31
epoch=205/300 lr=0.01000 train_acc=82.32 test_acc=64.51
epoch=206/300 lr=0.01000 train_acc=82.35 test_acc=65.29
epoch=207/300 lr=0.01000 train_acc=82.28 test_acc=64.38
epoch=208/300 lr=0.01000 train_acc=82.54 test_acc=65.28
epoch=209/300 lr=0.01000 train_acc=82.54 test_acc=66.25
epoch=210/300 lr=0.01000 train_acc=82.67 test_acc=65.55
epoch=211/300 lr=0.01000 train_acc=82.45 test_acc=64.56
epoch=212/300 lr=0.01000 train_acc=82.70 test_acc=65.60
epoch=213/300 lr=0.01000 train_acc=82.62 test_acc=65.68
epoch=214/300 lr=0.01000 train_acc=82.74 test_acc=65.20
epoch=215/300 lr=0.01000 train_acc=82.79 test_acc=65.05
epoch=216/300 lr=0.01000 train_acc=82.71 test_acc=64.07
epoch=217/300 lr=0.01000 train_acc=82.72 test_acc=65.78
epoch=218/300 lr=0.01000 train_acc=82.78 test_acc=65.80
epoch=219/300 lr=0.01000 train_acc=82.72 test_acc=66.84
epoch=220/300 lr=0.01000 train_acc=82.82 test_acc=66.14
epoch=221/300 lr=0.01000 train_acc=82.89 test_acc=65.68
epoch=222/300 lr=0.01000 train_acc=82.89 test_acc=66.61
epoch=223/300 lr=0.01000 train_acc=82.85 test_acc=65.49
epoch=224/300 lr=0.01000 train_acc=83.15 test_acc=65.69
epoch=225/300 lr=0.01000 train_acc=83.27 test_acc=65.18
epoch=226/300 lr=0.00100 train_acc=88.61 test_acc=70.81
epoch=227/300 lr=0.00100 train_acc=90.50 test_acc=70.86
epoch=228/300 lr=0.00100 train_acc=90.91 test_acc=70.96
epoch=229/300 lr=0.00100 train_acc=91.65 test_acc=70.75
epoch=230/300 lr=0.00100 train_acc=91.88 test_acc=70.97
epoch=231/300 lr=0.00100 train_acc=92.14 test_acc=70.76
epoch=232/300 lr=0.00100 train_acc=92.45 test_acc=70.96
epoch=233/300 lr=0.00100 train_acc=92.38 test_acc=70.89
epoch=234/300 lr=0.00100 train_acc=92.71 test_acc=70.79
epoch=235/300 lr=0.00100 train_acc=92.84 test_acc=70.86
epoch=236/300 lr=0.00100 train_acc=92.83 test_acc=70.93
epoch=237/300 lr=0.00100 train_acc=93.18 test_acc=70.80
epoch=238/300 lr=0.00100 train_acc=93.11 test_acc=71.10
epoch=239/300 lr=0.00100 train_acc=93.56 test_acc=70.41
epoch=240/300 lr=0.00100 train_acc=93.55 test_acc=70.78
epoch=241/300 lr=0.00100 train_acc=93.71 test_acc=70.56
epoch=242/300 lr=0.00100 train_acc=93.66 test_acc=70.84
epoch=243/300 lr=0.00100 train_acc=93.75 test_acc=70.67
epoch=244/300 lr=0.00100 train_acc=93.92 test_acc=70.69
epoch=245/300 lr=0.00100 train_acc=93.89 test_acc=70.81
epoch=246/300 lr=0.00100 train_acc=94.19 test_acc=70.69
epoch=247/300 lr=0.00100 train_acc=94.03 test_acc=70.75
epoch=248/300 lr=0.00100 train_acc=94.34 test_acc=70.59
epoch=249/300 lr=0.00100 train_acc=94.13 test_acc=70.92
epoch=250/300 lr=0.00100 train_acc=94.46 test_acc=70.58
epoch=251/300 lr=0.00100 train_acc=94.43 test_acc=70.73
epoch=252/300 lr=0.00100 train_acc=94.40 test_acc=70.58
epoch=253/300 lr=0.00100 train_acc=94.51 test_acc=70.49
epoch=254/300 lr=0.00100 train_acc=94.51 test_acc=70.39
epoch=255/300 lr=0.00100 train_acc=94.58 test_acc=70.50
epoch=256/300 lr=0.00100 train_acc=94.70 test_acc=70.52
epoch=257/300 lr=0.00100 train_acc=94.51 test_acc=70.22
epoch=258/300 lr=0.00100 train_acc=94.72 test_acc=70.34
epoch=259/300 lr=0.00100 train_acc=94.79 test_acc=70.28
epoch=260/300 lr=0.00100 train_acc=94.79 test_acc=70.30
epoch=261/300 lr=0.00100 train_acc=94.85 test_acc=70.39
epoch=262/300 lr=0.00100 train_acc=94.92 test_acc=70.47
epoch=263/300 lr=0.00100 train_acc=95.06 test_acc=70.40
epoch=264/300 lr=0.00100 train_acc=94.93 test_acc=70.29
epoch=265/300 lr=0.00100 train_acc=95.04 test_acc=69.91
epoch=266/300 lr=0.00100 train_acc=95.09 test_acc=70.24
epoch=267/300 lr=0.00100 train_acc=95.16 test_acc=70.05
epoch=268/300 lr=0.00100 train_acc=95.07 test_acc=70.14
epoch=269/300 lr=0.00100 train_acc=95.07 test_acc=69.93
epoch=270/300 lr=0.00100 train_acc=95.31 test_acc=70.01
epoch=271/300 lr=0.00100 train_acc=95.25 test_acc=70.04
epoch=272/300 lr=0.00100 train_acc=95.31 test_acc=70.13
epoch=273/300 lr=0.00100 train_acc=95.38 test_acc=70.32
epoch=274/300 lr=0.00100 train_acc=95.32 test_acc=69.89
epoch=275/300 lr=0.00100 train_acc=95.35 test_acc=70.09
epoch=276/300 lr=0.00100 train_acc=95.41 test_acc=70.11
epoch=277/300 lr=0.00100 train_acc=95.48 test_acc=70.15
epoch=278/300 lr=0.00100 train_acc=95.41 test_acc=69.97
epoch=279/300 lr=0.00100 train_acc=95.43 test_acc=69.84
epoch=280/300 lr=0.00100 train_acc=95.70 test_acc=69.88
epoch=281/300 lr=0.00100 train_acc=95.63 test_acc=70.18
epoch=282/300 lr=0.00100 train_acc=95.63 test_acc=70.07
epoch=283/300 lr=0.00100 train_acc=95.64 test_acc=70.01
epoch=284/300 lr=0.00100 train_acc=95.69 test_acc=70.11
epoch=285/300 lr=0.00100 train_acc=95.72 test_acc=69.85
epoch=286/300 lr=0.00100 train_acc=95.77 test_acc=69.49
epoch=287/300 lr=0.00100 train_acc=95.75 test_acc=69.70
epoch=288/300 lr=0.00100 train_acc=95.84 test_acc=69.92
epoch=289/300 lr=0.00100 train_acc=95.81 test_acc=69.92
epoch=290/300 lr=0.00100 train_acc=95.96 test_acc=69.75
epoch=291/300 lr=0.00100 train_acc=95.97 test_acc=69.92
epoch=292/300 lr=0.00100 train_acc=95.88 test_acc=69.88
epoch=293/300 lr=0.00100 train_acc=95.86 test_acc=69.71
epoch=294/300 lr=0.00100 train_acc=96.13 test_acc=70.12
epoch=295/300 lr=0.00100 train_acc=95.96 test_acc=69.63
epoch=296/300 lr=0.00100 train_acc=95.99 test_acc=69.94
epoch=297/300 lr=0.00100 train_acc=96.04 test_acc=69.82
epoch=298/300 lr=0.00100 train_acc=96.05 test_acc=69.88
epoch=299/300 lr=0.00100 train_acc=95.93 test_acc=69.57
epoch=300/300 lr=0.00100 train_acc=96.04 test_acc=69.69
{
  "best_accuracy": 71.1,
  "best_error_rate": 28.900000000000006,
  "final_accuracy": 69.69,
  "final_error_rate": 30.310000000000002,
  "elapsed_seconds": 2847.0641379356384,
  "is_paper_result": false,
  "note": "New reproduction result; compare against paper target separately."
}
start experiment=cifar100_resnet32_baseline seed=1002
epoch=1/300 lr=0.10000 train_acc=7.08 test_acc=11.92
epoch=2/300 lr=0.10000 train_acc=15.81 test_acc=16.75
epoch=3/300 lr=0.10000 train_acc=22.89 test_acc=23.17
epoch=4/300 lr=0.10000 train_acc=29.70 test_acc=26.30
epoch=5/300 lr=0.10000 train_acc=34.63 test_acc=31.95
epoch=6/300 lr=0.10000 train_acc=38.53 test_acc=36.84
epoch=7/300 lr=0.10000 train_acc=41.74 test_acc=31.70
epoch=8/300 lr=0.10000 train_acc=44.08 test_acc=36.44
epoch=9/300 lr=0.10000 train_acc=46.16 test_acc=37.72
epoch=10/300 lr=0.10000 train_acc=47.55 test_acc=42.19
epoch=11/300 lr=0.10000 train_acc=48.63 test_acc=44.33
epoch=12/300 lr=0.10000 train_acc=49.39 test_acc=44.07
epoch=13/300 lr=0.10000 train_acc=50.40 test_acc=45.36
epoch=14/300 lr=0.10000 train_acc=51.05 test_acc=37.11
epoch=15/300 lr=0.10000 train_acc=51.75 test_acc=39.15
epoch=16/300 lr=0.10000 train_acc=52.33 test_acc=40.57
epoch=17/300 lr=0.10000 train_acc=52.56 test_acc=45.08
epoch=18/300 lr=0.10000 train_acc=53.27 test_acc=47.52
epoch=19/300 lr=0.10000 train_acc=53.71 test_acc=46.19
epoch=20/300 lr=0.10000 train_acc=54.01 test_acc=48.39
epoch=21/300 lr=0.10000 train_acc=54.09 test_acc=48.42
epoch=22/300 lr=0.10000 train_acc=54.33 test_acc=42.06
epoch=23/300 lr=0.10000 train_acc=54.80 test_acc=48.25
epoch=24/300 lr=0.10000 train_acc=54.91 test_acc=48.75
epoch=25/300 lr=0.10000 train_acc=55.32 test_acc=46.29
epoch=26/300 lr=0.10000 train_acc=55.66 test_acc=47.16
epoch=27/300 lr=0.10000 train_acc=55.45 test_acc=49.07
epoch=28/300 lr=0.10000 train_acc=55.68 test_acc=48.62
epoch=29/300 lr=0.10000 train_acc=56.06 test_acc=48.13
epoch=30/300 lr=0.10000 train_acc=56.15 test_acc=49.97
epoch=31/300 lr=0.10000 train_acc=56.17 test_acc=49.39
epoch=32/300 lr=0.10000 train_acc=56.47 test_acc=51.68
epoch=33/300 lr=0.10000 train_acc=56.62 test_acc=47.33
epoch=34/300 lr=0.10000 train_acc=56.80 test_acc=47.40
epoch=35/300 lr=0.10000 train_acc=56.60 test_acc=49.47
epoch=36/300 lr=0.10000 train_acc=57.08 test_acc=48.26
epoch=37/300 lr=0.10000 train_acc=56.91 test_acc=47.59
epoch=38/300 lr=0.10000 train_acc=56.61 test_acc=47.49
epoch=39/300 lr=0.10000 train_acc=57.46 test_acc=43.53
epoch=40/300 lr=0.10000 train_acc=57.15 test_acc=46.17
epoch=41/300 lr=0.10000 train_acc=57.21 test_acc=49.34
epoch=42/300 lr=0.10000 train_acc=57.25 test_acc=46.86
epoch=43/300 lr=0.10000 train_acc=57.50 test_acc=49.87
epoch=44/300 lr=0.10000 train_acc=57.57 test_acc=47.62
epoch=45/300 lr=0.10000 train_acc=57.61 test_acc=45.43
epoch=46/300 lr=0.10000 train_acc=57.68 test_acc=47.34
epoch=47/300 lr=0.10000 train_acc=57.38 test_acc=48.43
epoch=48/300 lr=0.10000 train_acc=58.06 test_acc=46.99
epoch=49/300 lr=0.10000 train_acc=57.74 test_acc=50.15
epoch=50/300 lr=0.10000 train_acc=58.16 test_acc=45.18
epoch=51/300 lr=0.10000 train_acc=58.00 test_acc=46.09
epoch=52/300 lr=0.10000 train_acc=57.97 test_acc=46.09
epoch=53/300 lr=0.10000 train_acc=58.11 test_acc=46.85
epoch=54/300 lr=0.10000 train_acc=58.33 test_acc=37.53
epoch=55/300 lr=0.10000 train_acc=58.49 test_acc=48.90
epoch=56/300 lr=0.10000 train_acc=58.24 test_acc=45.40
epoch=57/300 lr=0.10000 train_acc=58.50 test_acc=51.47
epoch=58/300 lr=0.10000 train_acc=58.45 test_acc=47.42
epoch=59/300 lr=0.10000 train_acc=58.27 test_acc=48.49
epoch=60/300 lr=0.10000 train_acc=58.58 test_acc=46.36
epoch=61/300 lr=0.10000 train_acc=58.54 test_acc=46.90
epoch=62/300 lr=0.10000 train_acc=58.50 test_acc=45.29
epoch=63/300 lr=0.10000 train_acc=58.96 test_acc=50.15
epoch=64/300 lr=0.10000 train_acc=58.28 test_acc=49.52
epoch=65/300 lr=0.10000 train_acc=58.59 test_acc=44.70
epoch=66/300 lr=0.10000 train_acc=57.89 test_acc=49.48
epoch=67/300 lr=0.10000 train_acc=59.00 test_acc=50.92
epoch=68/300 lr=0.10000 train_acc=58.62 test_acc=44.91
epoch=69/300 lr=0.10000 train_acc=58.89 test_acc=43.55
epoch=70/300 lr=0.10000 train_acc=58.80 test_acc=48.63
epoch=71/300 lr=0.10000 train_acc=58.97 test_acc=49.09
epoch=72/300 lr=0.10000 train_acc=59.08 test_acc=51.26
epoch=73/300 lr=0.10000 train_acc=58.90 test_acc=49.15
epoch=74/300 lr=0.10000 train_acc=58.86 test_acc=49.60
epoch=75/300 lr=0.10000 train_acc=59.05 test_acc=46.51
epoch=76/300 lr=0.10000 train_acc=58.91 test_acc=51.55
epoch=77/300 lr=0.10000 train_acc=59.04 test_acc=52.08
epoch=78/300 lr=0.10000 train_acc=59.02 test_acc=49.65
epoch=79/300 lr=0.10000 train_acc=59.26 test_acc=46.05
epoch=80/300 lr=0.10000 train_acc=59.11 test_acc=49.19
epoch=81/300 lr=0.10000 train_acc=58.83 test_acc=47.81
epoch=82/300 lr=0.10000 train_acc=59.23 test_acc=46.69
epoch=83/300 lr=0.10000 train_acc=59.17 test_acc=52.72
epoch=84/300 lr=0.10000 train_acc=58.86 test_acc=50.07
epoch=85/300 lr=0.10000 train_acc=59.14 test_acc=49.68
epoch=86/300 lr=0.10000 train_acc=59.34 test_acc=52.11
epoch=87/300 lr=0.10000 train_acc=59.06 test_acc=51.01
epoch=88/300 lr=0.10000 train_acc=59.29 test_acc=48.99
epoch=89/300 lr=0.10000 train_acc=59.13 test_acc=47.49
epoch=90/300 lr=0.10000 train_acc=59.50 test_acc=50.71
epoch=91/300 lr=0.10000 train_acc=59.24 test_acc=51.28
epoch=92/300 lr=0.10000 train_acc=59.40 test_acc=48.70
epoch=93/300 lr=0.10000 train_acc=59.78 test_acc=45.02
epoch=94/300 lr=0.10000 train_acc=59.48 test_acc=51.51
epoch=95/300 lr=0.10000 train_acc=59.43 test_acc=45.09
epoch=96/300 lr=0.10000 train_acc=59.44 test_acc=53.15
epoch=97/300 lr=0.10000 train_acc=59.73 test_acc=50.43
epoch=98/300 lr=0.10000 train_acc=59.64 test_acc=50.30
epoch=99/300 lr=0.10000 train_acc=59.53 test_acc=48.52
epoch=100/300 lr=0.10000 train_acc=59.36 test_acc=40.28
epoch=101/300 lr=0.10000 train_acc=59.41 test_acc=49.33
epoch=102/300 lr=0.10000 train_acc=59.63 test_acc=50.94
epoch=103/300 lr=0.10000 train_acc=59.69 test_acc=49.82
epoch=104/300 lr=0.10000 train_acc=59.54 test_acc=52.72
epoch=105/300 lr=0.10000 train_acc=59.31 test_acc=49.56
epoch=106/300 lr=0.10000 train_acc=59.27 test_acc=50.20
epoch=107/300 lr=0.10000 train_acc=59.83 test_acc=48.63
epoch=108/300 lr=0.10000 train_acc=59.69 test_acc=49.27
epoch=109/300 lr=0.10000 train_acc=59.45 test_acc=48.91
epoch=110/300 lr=0.10000 train_acc=59.61 test_acc=49.74
epoch=111/300 lr=0.10000 train_acc=59.60 test_acc=49.16
epoch=112/300 lr=0.10000 train_acc=60.05 test_acc=50.08
epoch=113/300 lr=0.10000 train_acc=59.47 test_acc=51.23
epoch=114/300 lr=0.10000 train_acc=60.03 test_acc=48.90
epoch=115/300 lr=0.10000 train_acc=59.58 test_acc=47.43
epoch=116/300 lr=0.10000 train_acc=59.71 test_acc=43.49
epoch=117/300 lr=0.10000 train_acc=59.71 test_acc=48.88
epoch=118/300 lr=0.10000 train_acc=59.83 test_acc=48.71
epoch=119/300 lr=0.10000 train_acc=59.79 test_acc=46.86
epoch=120/300 lr=0.10000 train_acc=59.68 test_acc=46.57
epoch=121/300 lr=0.10000 train_acc=60.01 test_acc=50.24
epoch=122/300 lr=0.10000 train_acc=59.59 test_acc=53.09
epoch=123/300 lr=0.10000 train_acc=59.88 test_acc=55.55
epoch=124/300 lr=0.10000 train_acc=59.82 test_acc=42.48
epoch=125/300 lr=0.10000 train_acc=60.03 test_acc=49.35
epoch=126/300 lr=0.10000 train_acc=59.75 test_acc=47.41
epoch=127/300 lr=0.10000 train_acc=59.58 test_acc=49.98
epoch=128/300 lr=0.10000 train_acc=59.95 test_acc=52.70
epoch=129/300 lr=0.10000 train_acc=59.77 test_acc=48.34
epoch=130/300 lr=0.10000 train_acc=59.73 test_acc=49.71
epoch=131/300 lr=0.10000 train_acc=59.80 test_acc=47.82
epoch=132/300 lr=0.10000 train_acc=59.82 test_acc=50.34
epoch=133/300 lr=0.10000 train_acc=59.95 test_acc=50.14
epoch=134/300 lr=0.10000 train_acc=59.72 test_acc=49.19
epoch=135/300 lr=0.10000 train_acc=59.99 test_acc=53.81
epoch=136/300 lr=0.10000 train_acc=59.63 test_acc=49.69
epoch=137/300 lr=0.10000 train_acc=59.96 test_acc=48.90
epoch=138/300 lr=0.10000 train_acc=59.84 test_acc=46.40
epoch=139/300 lr=0.10000 train_acc=59.79 test_acc=48.11
epoch=140/300 lr=0.10000 train_acc=60.04 test_acc=47.73
epoch=141/300 lr=0.10000 train_acc=59.83 test_acc=47.64
epoch=142/300 lr=0.10000 train_acc=59.64 test_acc=50.90
epoch=143/300 lr=0.10000 train_acc=59.86 test_acc=51.23
epoch=144/300 lr=0.10000 train_acc=59.86 test_acc=49.40
epoch=145/300 lr=0.10000 train_acc=59.79 test_acc=48.65
epoch=146/300 lr=0.10000 train_acc=59.91 test_acc=48.15
epoch=147/300 lr=0.10000 train_acc=60.27 test_acc=49.91
epoch=148/300 lr=0.10000 train_acc=59.80 test_acc=48.92
epoch=149/300 lr=0.10000 train_acc=60.01 test_acc=51.42
epoch=150/300 lr=0.10000 train_acc=60.10 test_acc=41.75
epoch=151/300 lr=0.01000 train_acc=70.85 test_acc=67.19
epoch=152/300 lr=0.01000 train_acc=74.16 test_acc=68.01
epoch=153/300 lr=0.01000 train_acc=75.60 test_acc=68.31
epoch=154/300 lr=0.01000 train_acc=76.25 test_acc=68.22
epoch=155/300 lr=0.01000 train_acc=76.87 test_acc=68.65
epoch=156/300 lr=0.01000 train_acc=77.48 test_acc=68.84
epoch=157/300 lr=0.01000 train_acc=78.12 test_acc=68.20
epoch=158/300 lr=0.01000 train_acc=78.40 test_acc=68.44
epoch=159/300 lr=0.01000 train_acc=78.85 test_acc=68.40
epoch=160/300 lr=0.01000 train_acc=79.41 test_acc=67.85
epoch=161/300 lr=0.01000 train_acc=79.66 test_acc=68.85
epoch=162/300 lr=0.01000 train_acc=79.69 test_acc=68.34
epoch=163/300 lr=0.01000 train_acc=79.96 test_acc=68.51
epoch=164/300 lr=0.01000 train_acc=80.20 test_acc=68.29
epoch=165/300 lr=0.01000 train_acc=80.22 test_acc=68.19
epoch=166/300 lr=0.01000 train_acc=80.37 test_acc=67.42
epoch=167/300 lr=0.01000 train_acc=80.48 test_acc=68.07
epoch=168/300 lr=0.01000 train_acc=80.66 test_acc=67.67
epoch=169/300 lr=0.01000 train_acc=80.59 test_acc=66.48
epoch=170/300 lr=0.01000 train_acc=80.60 test_acc=67.33
epoch=171/300 lr=0.01000 train_acc=81.01 test_acc=68.01
epoch=172/300 lr=0.01000 train_acc=81.14 test_acc=66.76
epoch=173/300 lr=0.01000 train_acc=80.98 test_acc=67.52
epoch=174/300 lr=0.01000 train_acc=80.98 test_acc=65.91
epoch=175/300 lr=0.01000 train_acc=81.05 test_acc=66.17
epoch=176/300 lr=0.01000 train_acc=81.11 test_acc=66.34
epoch=177/300 lr=0.01000 train_acc=81.36 test_acc=67.61
epoch=178/300 lr=0.01000 train_acc=81.19 test_acc=66.25
epoch=179/300 lr=0.01000 train_acc=81.09 test_acc=65.84
epoch=180/300 lr=0.01000 train_acc=81.11 test_acc=66.10
epoch=181/300 lr=0.01000 train_acc=81.29 test_acc=65.61
epoch=182/300 lr=0.01000 train_acc=81.27 test_acc=66.58
epoch=183/300 lr=0.01000 train_acc=81.22 test_acc=66.29
epoch=184/300 lr=0.01000 train_acc=80.81 test_acc=66.43
epoch=185/300 lr=0.01000 train_acc=81.43 test_acc=66.56
epoch=186/300 lr=0.01000 train_acc=81.20 test_acc=66.22
epoch=187/300 lr=0.01000 train_acc=81.48 test_acc=64.65
epoch=188/300 lr=0.01000 train_acc=81.37 test_acc=65.62
epoch=189/300 lr=0.01000 train_acc=81.23 test_acc=66.34
epoch=190/300 lr=0.01000 train_acc=81.65 test_acc=65.68
epoch=191/300 lr=0.01000 train_acc=81.56 test_acc=65.20
epoch=192/300 lr=0.01000 train_acc=81.58 test_acc=65.73
epoch=193/300 lr=0.01000 train_acc=81.44 test_acc=64.74
epoch=194/300 lr=0.01000 train_acc=81.35 test_acc=65.05
epoch=195/300 lr=0.01000 train_acc=81.27 test_acc=65.82
epoch=196/300 lr=0.01000 train_acc=81.81 test_acc=66.02
epoch=197/300 lr=0.01000 train_acc=81.67 test_acc=65.50
epoch=198/300 lr=0.01000 train_acc=81.60 test_acc=65.77
epoch=199/300 lr=0.01000 train_acc=81.85 test_acc=64.68
epoch=200/300 lr=0.01000 train_acc=81.80 test_acc=65.50
epoch=201/300 lr=0.01000 train_acc=81.82 test_acc=65.24
epoch=202/300 lr=0.01000 train_acc=81.84 test_acc=65.37
epoch=203/300 lr=0.01000 train_acc=81.69 test_acc=65.72
epoch=204/300 lr=0.01000 train_acc=82.23 test_acc=65.76
epoch=205/300 lr=0.01000 train_acc=82.08 test_acc=65.03
epoch=206/300 lr=0.01000 train_acc=82.01 test_acc=65.38
epoch=207/300 lr=0.01000 train_acc=82.24 test_acc=65.98
epoch=208/300 lr=0.01000 train_acc=81.54 test_acc=63.99
epoch=209/300 lr=0.01000 train_acc=82.18 test_acc=64.18
epoch=210/300 lr=0.01000 train_acc=82.10 test_acc=65.23
epoch=211/300 lr=0.01000 train_acc=82.21 test_acc=65.83
epoch=212/300 lr=0.01000 train_acc=82.34 test_acc=64.58
epoch=213/300 lr=0.01000 train_acc=82.52 test_acc=63.56
epoch=214/300 lr=0.01000 train_acc=82.30 test_acc=65.51
epoch=215/300 lr=0.01000 train_acc=82.23 test_acc=64.31
epoch=216/300 lr=0.01000 train_acc=82.43 test_acc=64.99
epoch=217/300 lr=0.01000 train_acc=82.29 test_acc=65.06
epoch=218/300 lr=0.01000 train_acc=82.58 test_acc=64.45
epoch=219/300 lr=0.01000 train_acc=82.57 test_acc=65.91
epoch=220/300 lr=0.01000 train_acc=82.72 test_acc=65.38
epoch=221/300 lr=0.01000 train_acc=82.22 test_acc=64.72
epoch=222/300 lr=0.01000 train_acc=82.71 test_acc=64.24
epoch=223/300 lr=0.01000 train_acc=82.62 test_acc=65.11
epoch=224/300 lr=0.01000 train_acc=82.72 test_acc=64.11
epoch=225/300 lr=0.01000 train_acc=83.02 test_acc=65.17
epoch=226/300 lr=0.00100 train_acc=88.15 test_acc=69.80
epoch=227/300 lr=0.00100 train_acc=89.98 test_acc=69.98
epoch=228/300 lr=0.00100 train_acc=90.93 test_acc=69.97
epoch=229/300 lr=0.00100 train_acc=91.18 test_acc=69.88
epoch=230/300 lr=0.00100 train_acc=91.57 test_acc=70.06
epoch=231/300 lr=0.00100 train_acc=91.83 test_acc=69.94
epoch=232/300 lr=0.00100 train_acc=92.08 test_acc=70.06
epoch=233/300 lr=0.00100 train_acc=92.18 test_acc=70.24
epoch=234/300 lr=0.00100 train_acc=92.34 test_acc=70.13
epoch=235/300 lr=0.00100 train_acc=92.60 test_acc=69.99
epoch=236/300 lr=0.00100 train_acc=92.61 test_acc=70.16
epoch=237/300 lr=0.00100 train_acc=92.75 test_acc=70.09
epoch=238/300 lr=0.00100 train_acc=92.98 test_acc=70.06
epoch=239/300 lr=0.00100 train_acc=92.87 test_acc=69.90
epoch=240/300 lr=0.00100 train_acc=93.07 test_acc=69.87
epoch=241/300 lr=0.00100 train_acc=93.20 test_acc=69.93
epoch=242/300 lr=0.00100 train_acc=93.37 test_acc=70.17
epoch=243/300 lr=0.00100 train_acc=93.46 test_acc=70.02
epoch=244/300 lr=0.00100 train_acc=93.60 test_acc=70.07
epoch=245/300 lr=0.00100 train_acc=93.64 test_acc=69.96
epoch=246/300 lr=0.00100 train_acc=93.70 test_acc=69.91
epoch=247/300 lr=0.00100 train_acc=93.93 test_acc=69.92
epoch=248/300 lr=0.00100 train_acc=93.71 test_acc=69.42
epoch=249/300 lr=0.00100 train_acc=93.98 test_acc=69.87
epoch=250/300 lr=0.00100 train_acc=93.93 test_acc=69.87
epoch=251/300 lr=0.00100 train_acc=94.00 test_acc=70.31
epoch=252/300 lr=0.00100 train_acc=94.05 test_acc=69.73
epoch=253/300 lr=0.00100 train_acc=94.08 test_acc=69.50
epoch=254/300 lr=0.00100 train_acc=94.14 test_acc=69.56
epoch=255/300 lr=0.00100 train_acc=94.17 test_acc=69.60
epoch=256/300 lr=0.00100 train_acc=94.30 test_acc=69.58
epoch=257/300 lr=0.00100 train_acc=94.29 test_acc=69.54
epoch=258/300 lr=0.00100 train_acc=94.37 test_acc=69.54
epoch=259/300 lr=0.00100 train_acc=94.57 test_acc=69.36
epoch=260/300 lr=0.00100 train_acc=94.64 test_acc=69.98
epoch=261/300 lr=0.00100 train_acc=94.50 test_acc=69.64
epoch=262/300 lr=0.00100 train_acc=94.45 test_acc=69.43
epoch=263/300 lr=0.00100 train_acc=94.52 test_acc=69.86
epoch=264/300 lr=0.00100 train_acc=94.76 test_acc=69.56
epoch=265/300 lr=0.00100 train_acc=94.61 test_acc=69.80
epoch=266/300 lr=0.00100 train_acc=94.92 test_acc=69.54
epoch=267/300 lr=0.00100 train_acc=94.83 test_acc=69.25
epoch=268/300 lr=0.00100 train_acc=94.83 test_acc=69.53
epoch=269/300 lr=0.00100 train_acc=94.81 test_acc=69.60
epoch=270/300 lr=0.00100 train_acc=94.96 test_acc=69.37
epoch=271/300 lr=0.00100 train_acc=94.97 test_acc=69.66
epoch=272/300 lr=0.00100 train_acc=95.01 test_acc=69.60
epoch=273/300 lr=0.00100 train_acc=95.19 test_acc=69.36
epoch=274/300 lr=0.00100 train_acc=95.08 test_acc=69.07
epoch=275/300 lr=0.00100 train_acc=95.06 test_acc=69.47
epoch=276/300 lr=0.00100 train_acc=95.23 test_acc=69.63
epoch=277/300 lr=0.00100 train_acc=95.23 test_acc=69.36
epoch=278/300 lr=0.00100 train_acc=95.08 test_acc=69.47
epoch=279/300 lr=0.00100 train_acc=95.33 test_acc=69.58
epoch=280/300 lr=0.00100 train_acc=95.23 test_acc=69.36
epoch=281/300 lr=0.00100 train_acc=95.39 test_acc=69.33
epoch=282/300 lr=0.00100 train_acc=95.38 test_acc=69.34
epoch=283/300 lr=0.00100 train_acc=95.29 test_acc=69.42
epoch=284/300 lr=0.00100 train_acc=95.35 test_acc=69.42
epoch=285/300 lr=0.00100 train_acc=95.60 test_acc=69.42
epoch=286/300 lr=0.00100 train_acc=95.55 test_acc=69.31
epoch=287/300 lr=0.00100 train_acc=95.48 test_acc=69.42
epoch=288/300 lr=0.00100 train_acc=95.65 test_acc=69.15
epoch=289/300 lr=0.00100 train_acc=95.51 test_acc=69.16
epoch=290/300 lr=0.00100 train_acc=95.62 test_acc=69.31
epoch=291/300 lr=0.00100 train_acc=95.55 test_acc=69.28
epoch=292/300 lr=0.00100 train_acc=95.59 test_acc=68.95
epoch=293/300 lr=0.00100 train_acc=95.65 test_acc=69.10
epoch=294/300 lr=0.00100 train_acc=95.68 test_acc=69.15
epoch=295/300 lr=0.00100 train_acc=95.59 test_acc=69.24
epoch=296/300 lr=0.00100 train_acc=95.73 test_acc=69.01
epoch=297/300 lr=0.00100 train_acc=95.71 test_acc=68.87
epoch=298/300 lr=0.00100 train_acc=95.83 test_acc=69.47
epoch=299/300 lr=0.00100 train_acc=95.83 test_acc=68.75
epoch=300/300 lr=0.00100 train_acc=95.91 test_acc=69.37
{
  "best_accuracy": 70.31,
  "best_error_rate": 29.689999999999998,
  "final_accuracy": 69.37,
  "final_error_rate": 30.629999999999995,
  "elapsed_seconds": 2851.393406152725,
  "is_paper_result": false,
  "note": "New reproduction result; compare against paper target separately."
}
start experiment=cifar100_resnet32_baseline seed=1003
epoch=1/300 lr=0.10000 train_acc=6.81 test_acc=9.29
epoch=2/300 lr=0.10000 train_acc=14.94 test_acc=18.44
epoch=3/300 lr=0.10000 train_acc=22.25 test_acc=22.14
epoch=4/300 lr=0.10000 train_acc=29.24 test_acc=25.67
epoch=5/300 lr=0.10000 train_acc=34.36 test_acc=27.13
epoch=6/300 lr=0.10000 train_acc=38.84 test_acc=34.42
epoch=7/300 lr=0.10000 train_acc=41.35 test_acc=35.65
epoch=8/300 lr=0.10000 train_acc=44.05 test_acc=41.25
epoch=9/300 lr=0.10000 train_acc=46.00 test_acc=41.52
epoch=10/300 lr=0.10000 train_acc=47.41 test_acc=41.12
epoch=11/300 lr=0.10000 train_acc=48.59 test_acc=45.12
epoch=12/300 lr=0.10000 train_acc=49.66 test_acc=41.65
epoch=13/300 lr=0.10000 train_acc=50.48 test_acc=41.57
epoch=14/300 lr=0.10000 train_acc=51.40 test_acc=48.44
epoch=15/300 lr=0.10000 train_acc=51.90 test_acc=47.98
epoch=16/300 lr=0.10000 train_acc=52.13 test_acc=42.53
epoch=17/300 lr=0.10000 train_acc=52.62 test_acc=44.26
epoch=18/300 lr=0.10000 train_acc=53.07 test_acc=45.26
epoch=19/300 lr=0.10000 train_acc=53.80 test_acc=45.66
epoch=20/300 lr=0.10000 train_acc=53.81 test_acc=49.31
epoch=21/300 lr=0.10000 train_acc=54.26 test_acc=46.28
epoch=22/300 lr=0.10000 train_acc=54.38 test_acc=48.87
epoch=23/300 lr=0.10000 train_acc=54.42 test_acc=49.66
epoch=24/300 lr=0.10000 train_acc=55.17 test_acc=47.57
epoch=25/300 lr=0.10000 train_acc=55.23 test_acc=40.40
epoch=26/300 lr=0.10000 train_acc=55.34 test_acc=46.29
epoch=27/300 lr=0.10000 train_acc=55.74 test_acc=47.01
epoch=28/300 lr=0.10000 train_acc=55.65 test_acc=49.62
epoch=29/300 lr=0.10000 train_acc=55.93 test_acc=45.13
epoch=30/300 lr=0.10000 train_acc=56.44 test_acc=43.60
epoch=31/300 lr=0.10000 train_acc=56.12 test_acc=48.89
epoch=32/300 lr=0.10000 train_acc=56.38 test_acc=49.90
epoch=33/300 lr=0.10000 train_acc=56.67 test_acc=51.65
epoch=34/300 lr=0.10000 train_acc=56.26 test_acc=44.07
epoch=35/300 lr=0.10000 train_acc=56.76 test_acc=49.83
epoch=36/300 lr=0.10000 train_acc=56.87 test_acc=45.79
epoch=37/300 lr=0.10000 train_acc=57.10 test_acc=49.06
epoch=38/300 lr=0.10000 train_acc=56.95 test_acc=48.49
epoch=39/300 lr=0.10000 train_acc=56.98 test_acc=47.03
epoch=40/300 lr=0.10000 train_acc=57.49 test_acc=51.01
epoch=41/300 lr=0.10000 train_acc=57.57 test_acc=49.27
epoch=42/300 lr=0.10000 train_acc=57.51 test_acc=45.29
epoch=43/300 lr=0.10000 train_acc=57.69 test_acc=50.88
epoch=44/300 lr=0.10000 train_acc=57.58 test_acc=45.44
epoch=45/300 lr=0.10000 train_acc=57.35 test_acc=52.20
epoch=46/300 lr=0.10000 train_acc=57.75 test_acc=44.81
epoch=47/300 lr=0.10000 train_acc=57.59 test_acc=49.83
epoch=48/300 lr=0.10000 train_acc=57.75 test_acc=49.05
epoch=49/300 lr=0.10000 train_acc=57.71 test_acc=48.82
epoch=50/300 lr=0.10000 train_acc=57.84 test_acc=35.52
epoch=51/300 lr=0.10000 train_acc=57.78 test_acc=46.73
epoch=52/300 lr=0.10000 train_acc=57.80 test_acc=46.31
epoch=53/300 lr=0.10000 train_acc=58.34 test_acc=48.70
epoch=54/300 lr=0.10000 train_acc=58.36 test_acc=44.75
epoch=55/300 lr=0.10000 train_acc=58.56 test_acc=46.74
epoch=56/300 lr=0.10000 train_acc=58.03 test_acc=50.36
epoch=57/300 lr=0.10000 train_acc=58.30 test_acc=45.82
epoch=58/300 lr=0.10000 train_acc=58.54 test_acc=51.12
epoch=59/300 lr=0.10000 train_acc=58.38 test_acc=48.13
epoch=60/300 lr=0.10000 train_acc=58.67 test_acc=49.43
epoch=61/300 lr=0.10000 train_acc=58.58 test_acc=49.03
epoch=62/300 lr=0.10000 train_acc=58.63 test_acc=52.69
epoch=63/300 lr=0.10000 train_acc=58.80 test_acc=46.55
epoch=64/300 lr=0.10000 train_acc=58.55 test_acc=51.52
epoch=65/300 lr=0.10000 train_acc=58.74 test_acc=46.45
epoch=66/300 lr=0.10000 train_acc=58.65 test_acc=51.60
epoch=67/300 lr=0.10000 train_acc=58.54 test_acc=51.40
epoch=68/300 lr=0.10000 train_acc=58.77 test_acc=49.96
epoch=69/300 lr=0.10000 train_acc=58.69 test_acc=49.00
epoch=70/300 lr=0.10000 train_acc=58.76 test_acc=47.90
epoch=71/300 lr=0.10000 train_acc=58.53 test_acc=49.39
epoch=72/300 lr=0.10000 train_acc=59.00 test_acc=52.89
epoch=73/300 lr=0.10000 train_acc=58.93 test_acc=51.46
epoch=74/300 lr=0.10000 train_acc=59.21 test_acc=48.39
epoch=75/300 lr=0.10000 train_acc=58.79 test_acc=51.21
epoch=76/300 lr=0.10000 train_acc=59.08 test_acc=47.07
epoch=77/300 lr=0.10000 train_acc=58.90 test_acc=52.09
epoch=78/300 lr=0.10000 train_acc=59.13 test_acc=49.58
epoch=79/300 lr=0.10000 train_acc=59.33 test_acc=49.38
epoch=80/300 lr=0.10000 train_acc=59.31 test_acc=46.35
epoch=81/300 lr=0.10000 train_acc=59.19 test_acc=47.82
epoch=82/300 lr=0.10000 train_acc=59.17 test_acc=48.63
epoch=83/300 lr=0.10000 train_acc=59.20 test_acc=52.87
epoch=84/300 lr=0.10000 train_acc=59.45 test_acc=44.48
epoch=85/300 lr=0.10000 train_acc=58.60 test_acc=51.14
epoch=86/300 lr=0.10000 train_acc=59.21 test_acc=50.65
epoch=87/300 lr=0.10000 train_acc=59.08 test_acc=46.88
epoch=88/300 lr=0.10000 train_acc=59.24 test_acc=42.16
epoch=89/300 lr=0.10000 train_acc=59.40 test_acc=48.88
epoch=90/300 lr=0.10000 train_acc=59.54 test_acc=47.54
epoch=91/300 lr=0.10000 train_acc=59.19 test_acc=49.33
epoch=92/300 lr=0.10000 train_acc=59.60 test_acc=49.67
epoch=93/300 lr=0.10000 train_acc=59.47 test_acc=47.65
epoch=94/300 lr=0.10000 train_acc=59.25 test_acc=51.79
epoch=95/300 lr=0.10000 train_acc=59.05 test_acc=50.43
epoch=96/300 lr=0.10000 train_acc=59.42 test_acc=46.15
epoch=97/300 lr=0.10000 train_acc=59.37 test_acc=50.12
epoch=98/300 lr=0.10000 train_acc=59.40 test_acc=48.10
epoch=99/300 lr=0.10000 train_acc=59.39 test_acc=48.30
epoch=100/300 lr=0.10000 train_acc=59.38 test_acc=47.92
epoch=101/300 lr=0.10000 train_acc=59.76 test_acc=47.64
epoch=102/300 lr=0.10000 train_acc=59.51 test_acc=50.88
epoch=103/300 lr=0.10000 train_acc=59.61 test_acc=48.79
epoch=104/300 lr=0.10000 train_acc=59.39 test_acc=48.94
epoch=105/300 lr=0.10000 train_acc=59.38 test_acc=49.47
epoch=106/300 lr=0.10000 train_acc=59.48 test_acc=49.50
epoch=107/300 lr=0.10000 train_acc=59.89 test_acc=48.66
epoch=108/300 lr=0.10000 train_acc=59.69 test_acc=48.99
epoch=109/300 lr=0.10000 train_acc=59.79 test_acc=50.18
epoch=110/300 lr=0.10000 train_acc=59.92 test_acc=46.89
epoch=111/300 lr=0.10000 train_acc=59.47 test_acc=51.95
epoch=112/300 lr=0.10000 train_acc=59.54 test_acc=51.52
epoch=113/300 lr=0.10000 train_acc=59.52 test_acc=47.76
epoch=114/300 lr=0.10000 train_acc=59.76 test_acc=51.20
epoch=115/300 lr=0.10000 train_acc=59.58 test_acc=49.16
epoch=116/300 lr=0.10000 train_acc=59.84 test_acc=53.36
epoch=117/300 lr=0.10000 train_acc=59.77 test_acc=52.70
epoch=118/300 lr=0.10000 train_acc=59.85 test_acc=51.05
epoch=119/300 lr=0.10000 train_acc=59.75 test_acc=48.09
epoch=120/300 lr=0.10000 train_acc=59.77 test_acc=50.29
epoch=121/300 lr=0.10000 train_acc=59.73 test_acc=50.59
epoch=122/300 lr=0.10000 train_acc=60.22 test_acc=48.22
epoch=123/300 lr=0.10000 train_acc=59.70 test_acc=43.73
epoch=124/300 lr=0.10000 train_acc=59.96 test_acc=53.02
epoch=125/300 lr=0.10000 train_acc=59.92 test_acc=50.98
epoch=126/300 lr=0.10000 train_acc=59.61 test_acc=52.16
epoch=127/300 lr=0.10000 train_acc=60.12 test_acc=50.12
epoch=128/300 lr=0.10000 train_acc=59.92 test_acc=50.56
epoch=129/300 lr=0.10000 train_acc=60.05 test_acc=52.35
epoch=130/300 lr=0.10000 train_acc=60.09 test_acc=48.85
epoch=131/300 lr=0.10000 train_acc=59.99 test_acc=41.73
epoch=132/300 lr=0.10000 train_acc=60.33 test_acc=52.61
epoch=133/300 lr=0.10000 train_acc=60.08 test_acc=50.48
epoch=134/300 lr=0.10000 train_acc=59.99 test_acc=50.44
epoch=135/300 lr=0.10000 train_acc=59.86 test_acc=49.15
epoch=136/300 lr=0.10000 train_acc=60.03 test_acc=49.45
epoch=137/300 lr=0.10000 train_acc=60.06 test_acc=50.92
epoch=138/300 lr=0.10000 train_acc=60.08 test_acc=46.62
epoch=139/300 lr=0.10000 train_acc=60.07 test_acc=50.45
epoch=140/300 lr=0.10000 train_acc=60.05 test_acc=51.32
epoch=141/300 lr=0.10000 train_acc=59.96 test_acc=53.04
epoch=142/300 lr=0.10000 train_acc=59.84 test_acc=51.80
epoch=143/300 lr=0.10000 train_acc=59.99 test_acc=48.15
epoch=144/300 lr=0.10000 train_acc=60.02 test_acc=52.71
epoch=145/300 lr=0.10000 train_acc=60.30 test_acc=53.47
epoch=146/300 lr=0.10000 train_acc=60.24 test_acc=54.28
epoch=147/300 lr=0.10000 train_acc=60.19 test_acc=48.19
epoch=148/300 lr=0.10000 train_acc=60.03 test_acc=42.40
epoch=149/300 lr=0.10000 train_acc=60.07 test_acc=45.30
epoch=150/300 lr=0.10000 train_acc=60.15 test_acc=49.80
epoch=151/300 lr=0.01000 train_acc=71.15 test_acc=67.90
epoch=152/300 lr=0.01000 train_acc=74.42 test_acc=68.74
epoch=153/300 lr=0.01000 train_acc=75.82 test_acc=68.83
epoch=154/300 lr=0.01000 train_acc=76.45 test_acc=69.19
epoch=155/300 lr=0.01000 train_acc=77.38 test_acc=69.21
epoch=156/300 lr=0.01000 train_acc=77.84 test_acc=69.02
epoch=157/300 lr=0.01000 train_acc=78.35 test_acc=69.23
epoch=158/300 lr=0.01000 train_acc=78.75 test_acc=69.45
epoch=159/300 lr=0.01000 train_acc=79.30 test_acc=68.98
epoch=160/300 lr=0.01000 train_acc=79.45 test_acc=68.87
epoch=161/300 lr=0.01000 train_acc=79.81 test_acc=69.40
epoch=162/300 lr=0.01000 train_acc=80.07 test_acc=68.94
epoch=163/300 lr=0.01000 train_acc=80.10 test_acc=68.69
epoch=164/300 lr=0.01000 train_acc=80.48 test_acc=68.12
epoch=165/300 lr=0.01000 train_acc=80.56 test_acc=68.86
epoch=166/300 lr=0.01000 train_acc=80.67 test_acc=69.06
epoch=167/300 lr=0.01000 train_acc=81.15 test_acc=68.54
epoch=168/300 lr=0.01000 train_acc=81.05 test_acc=67.30
epoch=169/300 lr=0.01000 train_acc=81.27 test_acc=68.67
epoch=170/300 lr=0.01000 train_acc=81.17 test_acc=68.26
epoch=171/300 lr=0.01000 train_acc=81.37 test_acc=67.97
epoch=172/300 lr=0.01000 train_acc=81.52 test_acc=68.64
epoch=173/300 lr=0.01000 train_acc=81.48 test_acc=68.11
epoch=174/300 lr=0.01000 train_acc=81.36 test_acc=67.48
epoch=175/300 lr=0.01000 train_acc=81.51 test_acc=68.36
epoch=176/300 lr=0.01000 train_acc=81.59 test_acc=65.92
epoch=177/300 lr=0.01000 train_acc=81.41 test_acc=67.96
epoch=178/300 lr=0.01000 train_acc=81.48 test_acc=65.95
epoch=179/300 lr=0.01000 train_acc=81.54 test_acc=66.72
epoch=180/300 lr=0.01000 train_acc=81.56 test_acc=66.26
epoch=181/300 lr=0.01000 train_acc=81.61 test_acc=66.34
epoch=182/300 lr=0.01000 train_acc=81.67 test_acc=66.79
epoch=183/300 lr=0.01000 train_acc=81.52 test_acc=67.00
epoch=184/300 lr=0.01000 train_acc=81.52 test_acc=67.18
epoch=185/300 lr=0.01000 train_acc=81.69 test_acc=65.56
epoch=186/300 lr=0.01000 train_acc=81.62 test_acc=66.97
epoch=187/300 lr=0.01000 train_acc=81.66 test_acc=66.21
epoch=188/300 lr=0.01000 train_acc=81.65 test_acc=65.51
epoch=189/300 lr=0.01000 train_acc=81.88 test_acc=65.90
epoch=190/300 lr=0.01000 train_acc=81.89 test_acc=66.14
epoch=191/300 lr=0.01000 train_acc=81.80 test_acc=66.08
epoch=192/300 lr=0.01000 train_acc=81.98 test_acc=65.80
epoch=193/300 lr=0.01000 train_acc=81.90 test_acc=66.12
epoch=194/300 lr=0.01000 train_acc=82.10 test_acc=67.25
epoch=195/300 lr=0.01000 train_acc=81.64 test_acc=65.76
epoch=196/300 lr=0.01000 train_acc=82.03 test_acc=66.18
epoch=197/300 lr=0.01000 train_acc=81.97 test_acc=65.77
epoch=198/300 lr=0.01000 train_acc=82.19 test_acc=64.87
epoch=199/300 lr=0.01000 train_acc=82.13 test_acc=66.38
epoch=200/300 lr=0.01000 train_acc=82.45 test_acc=64.60
epoch=201/300 lr=0.01000 train_acc=82.13 test_acc=66.18
epoch=202/300 lr=0.01000 train_acc=82.09 test_acc=65.65
epoch=203/300 lr=0.01000 train_acc=82.03 test_acc=66.14
epoch=204/300 lr=0.01000 train_acc=82.34 test_acc=64.58
epoch=205/300 lr=0.01000 train_acc=82.49 test_acc=64.71
epoch=206/300 lr=0.01000 train_acc=82.40 test_acc=64.24
epoch=207/300 lr=0.01000 train_acc=82.30 test_acc=65.56
epoch=208/300 lr=0.01000 train_acc=82.41 test_acc=65.86
epoch=209/300 lr=0.01000 train_acc=82.83 test_acc=66.28
epoch=210/300 lr=0.01000 train_acc=82.42 test_acc=65.04
epoch=211/300 lr=0.01000 train_acc=82.30 test_acc=66.19
epoch=212/300 lr=0.01000 train_acc=82.66 test_acc=66.40
epoch=213/300 lr=0.01000 train_acc=82.82 test_acc=65.94
epoch=214/300 lr=0.01000 train_acc=82.93 test_acc=65.79
epoch=215/300 lr=0.01000 train_acc=82.50 test_acc=66.17
epoch=216/300 lr=0.01000 train_acc=82.63 test_acc=66.04
epoch=217/300 lr=0.01000 train_acc=82.73 test_acc=65.29
epoch=218/300 lr=0.01000 train_acc=82.77 test_acc=65.28
epoch=219/300 lr=0.01000 train_acc=82.79 test_acc=65.32
epoch=220/300 lr=0.01000 train_acc=83.16 test_acc=65.98
epoch=221/300 lr=0.01000 train_acc=82.81 test_acc=66.00
epoch=222/300 lr=0.01000 train_acc=82.98 test_acc=65.75
epoch=223/300 lr=0.01000 train_acc=82.99 test_acc=64.68
epoch=224/300 lr=0.01000 train_acc=83.14 test_acc=65.91
epoch=225/300 lr=0.01000 train_acc=82.94 test_acc=64.62
epoch=226/300 lr=0.00100 train_acc=88.38 test_acc=70.76
epoch=227/300 lr=0.00100 train_acc=90.55 test_acc=70.71
epoch=228/300 lr=0.00100 train_acc=91.13 test_acc=70.79
epoch=229/300 lr=0.00100 train_acc=91.64 test_acc=70.82
epoch=230/300 lr=0.00100 train_acc=91.92 test_acc=70.76
epoch=231/300 lr=0.00100 train_acc=92.23 test_acc=70.98
epoch=232/300 lr=0.00100 train_acc=92.68 test_acc=70.73
epoch=233/300 lr=0.00100 train_acc=92.68 test_acc=70.98
epoch=234/300 lr=0.00100 train_acc=92.86 test_acc=70.95
epoch=235/300 lr=0.00100 train_acc=93.07 test_acc=70.71
epoch=236/300 lr=0.00100 train_acc=93.15 test_acc=70.58
epoch=237/300 lr=0.00100 train_acc=93.15 test_acc=70.65
epoch=238/300 lr=0.00100 train_acc=93.34 test_acc=70.69
epoch=239/300 lr=0.00100 train_acc=93.53 test_acc=70.98
epoch=240/300 lr=0.00100 train_acc=93.64 test_acc=70.63
epoch=241/300 lr=0.00100 train_acc=93.59 test_acc=70.45
epoch=242/300 lr=0.00100 train_acc=93.94 test_acc=70.51
epoch=243/300 lr=0.00100 train_acc=93.78 test_acc=70.59
epoch=244/300 lr=0.00100 train_acc=93.94 test_acc=70.47
epoch=245/300 lr=0.00100 train_acc=94.10 test_acc=70.66
epoch=246/300 lr=0.00100 train_acc=94.02 test_acc=70.55
epoch=247/300 lr=0.00100 train_acc=94.31 test_acc=70.40
epoch=248/300 lr=0.00100 train_acc=94.25 test_acc=70.38
epoch=249/300 lr=0.00100 train_acc=94.42 test_acc=70.58
epoch=250/300 lr=0.00100 train_acc=94.37 test_acc=70.57
epoch=251/300 lr=0.00100 train_acc=94.37 test_acc=70.50
epoch=252/300 lr=0.00100 train_acc=94.53 test_acc=70.35
epoch=253/300 lr=0.00100 train_acc=94.57 test_acc=70.48
epoch=254/300 lr=0.00100 train_acc=94.59 test_acc=70.25
epoch=255/300 lr=0.00100 train_acc=94.81 test_acc=70.70
epoch=256/300 lr=0.00100 train_acc=94.74 test_acc=69.96
epoch=257/300 lr=0.00100 train_acc=94.76 test_acc=70.36
epoch=258/300 lr=0.00100 train_acc=94.70 test_acc=70.22
epoch=259/300 lr=0.00100 train_acc=95.04 test_acc=69.86
epoch=260/300 lr=0.00100 train_acc=94.96 test_acc=70.15
epoch=261/300 lr=0.00100 train_acc=94.79 test_acc=70.39
epoch=262/300 lr=0.00100 train_acc=95.02 test_acc=70.06
epoch=263/300 lr=0.00100 train_acc=95.19 test_acc=70.15
epoch=264/300 lr=0.00100 train_acc=94.92 test_acc=70.26
epoch=265/300 lr=0.00100 train_acc=95.11 test_acc=70.15
epoch=266/300 lr=0.00100 train_acc=95.09 test_acc=70.26
epoch=267/300 lr=0.00100 train_acc=95.17 test_acc=70.42
epoch=268/300 lr=0.00100 train_acc=95.14 test_acc=70.21
epoch=269/300 lr=0.00100 train_acc=95.19 test_acc=70.48
epoch=270/300 lr=0.00100 train_acc=95.27 test_acc=70.11
epoch=271/300 lr=0.00100 train_acc=95.44 test_acc=70.15
epoch=272/300 lr=0.00100 train_acc=95.39 test_acc=70.30
epoch=273/300 lr=0.00100 train_acc=95.38 test_acc=70.22
epoch=274/300 lr=0.00100 train_acc=95.35 test_acc=70.12
epoch=275/300 lr=0.00100 train_acc=95.43 test_acc=69.91
epoch=276/300 lr=0.00100 train_acc=95.45 test_acc=70.15
epoch=277/300 lr=0.00100 train_acc=95.65 test_acc=70.47
epoch=278/300 lr=0.00100 train_acc=95.54 test_acc=70.32
epoch=279/300 lr=0.00100 train_acc=95.61 test_acc=70.13
epoch=280/300 lr=0.00100 train_acc=95.78 test_acc=70.24
epoch=281/300 lr=0.00100 train_acc=95.66 test_acc=70.12
epoch=282/300 lr=0.00100 train_acc=95.73 test_acc=70.37
epoch=283/300 lr=0.00100 train_acc=95.83 test_acc=70.12
epoch=284/300 lr=0.00100 train_acc=95.73 test_acc=70.16
epoch=285/300 lr=0.00100 train_acc=95.75 test_acc=69.72
epoch=286/300 lr=0.00100 train_acc=95.73 test_acc=70.50
epoch=287/300 lr=0.00100 train_acc=95.81 test_acc=69.91
epoch=288/300 lr=0.00100 train_acc=95.90 test_acc=69.98
epoch=289/300 lr=0.00100 train_acc=95.76 test_acc=70.25
epoch=290/300 lr=0.00100 train_acc=95.93 test_acc=69.94
epoch=291/300 lr=0.00100 train_acc=95.90 test_acc=70.06
epoch=292/300 lr=0.00100 train_acc=95.95 test_acc=70.20
epoch=293/300 lr=0.00100 train_acc=95.97 test_acc=69.74
epoch=294/300 lr=0.00100 train_acc=96.09 test_acc=70.19
epoch=295/300 lr=0.00100 train_acc=96.02 test_acc=70.16
epoch=296/300 lr=0.00100 train_acc=96.17 test_acc=70.03
epoch=297/300 lr=0.00100 train_acc=96.24 test_acc=69.94
epoch=298/300 lr=0.00100 train_acc=96.11 test_acc=69.86
epoch=299/300 lr=0.00100 train_acc=96.13 test_acc=69.49
epoch=300/300 lr=0.00100 train_acc=96.18 test_acc=69.91
{
  "best_accuracy": 70.98,
  "best_error_rate": 29.019999999999996,
  "final_accuracy": 69.91,
  "final_error_rate": 30.090000000000003,
  "elapsed_seconds": 2842.8022735118866,
  "is_paper_result": false,
  "note": "New reproduction result; compare against paper target separately."
}
start experiment=cifar100_resnet32_baseline seed=1004
epoch=1/300 lr=0.10000 train_acc=7.30 test_acc=10.23
epoch=2/300 lr=0.10000 train_acc=15.29 test_acc=18.26
epoch=3/300 lr=0.10000 train_acc=23.96 test_acc=26.26
epoch=4/300 lr=0.10000 train_acc=31.05 test_acc=29.87
epoch=5/300 lr=0.10000 train_acc=35.97 test_acc=29.66
epoch=6/300 lr=0.10000 train_acc=40.22 test_acc=34.98
epoch=7/300 lr=0.10000 train_acc=42.95 test_acc=34.81
epoch=8/300 lr=0.10000 train_acc=45.04 test_acc=39.15
epoch=9/300 lr=0.10000 train_acc=46.74 test_acc=42.74
epoch=10/300 lr=0.10000 train_acc=47.98 test_acc=36.06
epoch=11/300 lr=0.10000 train_acc=49.65 test_acc=41.47
epoch=12/300 lr=0.10000 train_acc=50.09 test_acc=35.72
epoch=13/300 lr=0.10000 train_acc=50.84 test_acc=45.12
epoch=14/300 lr=0.10000 train_acc=52.05 test_acc=44.27
epoch=15/300 lr=0.10000 train_acc=52.01 test_acc=47.38
epoch=16/300 lr=0.10000 train_acc=52.90 test_acc=41.83
epoch=17/300 lr=0.10000 train_acc=52.87 test_acc=45.50
epoch=18/300 lr=0.10000 train_acc=53.98 test_acc=44.27
epoch=19/300 lr=0.10000 train_acc=54.03 test_acc=44.51
epoch=20/300 lr=0.10000 train_acc=54.54 test_acc=46.79
epoch=21/300 lr=0.10000 train_acc=54.50 test_acc=47.96
epoch=22/300 lr=0.10000 train_acc=54.83 test_acc=49.13
epoch=23/300 lr=0.10000 train_acc=55.02 test_acc=43.72
epoch=24/300 lr=0.10000 train_acc=55.67 test_acc=46.10
epoch=25/300 lr=0.10000 train_acc=55.85 test_acc=46.16
epoch=26/300 lr=0.10000 train_acc=55.54 test_acc=40.45
epoch=27/300 lr=0.10000 train_acc=55.88 test_acc=48.38
epoch=28/300 lr=0.10000 train_acc=56.07 test_acc=45.29
epoch=29/300 lr=0.10000 train_acc=56.25 test_acc=47.92
epoch=30/300 lr=0.10000 train_acc=56.11 test_acc=47.93
epoch=31/300 lr=0.10000 train_acc=56.41 test_acc=51.94
epoch=32/300 lr=0.10000 train_acc=56.34 test_acc=49.71
epoch=33/300 lr=0.10000 train_acc=56.56 test_acc=48.12
epoch=34/300 lr=0.10000 train_acc=56.99 test_acc=49.94
epoch=35/300 lr=0.10000 train_acc=56.87 test_acc=44.50
epoch=36/300 lr=0.10000 train_acc=57.17 test_acc=49.26
epoch=37/300 lr=0.10000 train_acc=57.00 test_acc=47.94
epoch=38/300 lr=0.10000 train_acc=57.11 test_acc=50.52
epoch=39/300 lr=0.10000 train_acc=57.24 test_acc=44.59
epoch=40/300 lr=0.10000 train_acc=57.27 test_acc=45.39
epoch=41/300 lr=0.10000 train_acc=57.64 test_acc=44.58
epoch=42/300 lr=0.10000 train_acc=57.30 test_acc=50.77
epoch=43/300 lr=0.10000 train_acc=57.72 test_acc=49.83
epoch=44/300 lr=0.10000 train_acc=57.38 test_acc=48.60
epoch=45/300 lr=0.10000 train_acc=57.62 test_acc=45.74
epoch=46/300 lr=0.10000 train_acc=57.84 test_acc=47.34
epoch=47/300 lr=0.10000 train_acc=58.21 test_acc=51.81
epoch=48/300 lr=0.10000 train_acc=57.80 test_acc=48.01
epoch=49/300 lr=0.10000 train_acc=58.13 test_acc=46.27
epoch=50/300 lr=0.10000 train_acc=58.10 test_acc=48.65
epoch=51/300 lr=0.10000 train_acc=57.92 test_acc=47.98
epoch=52/300 lr=0.10000 train_acc=58.05 test_acc=49.72
epoch=53/300 lr=0.10000 train_acc=58.11 test_acc=46.81
epoch=54/300 lr=0.10000 train_acc=58.10 test_acc=48.13
epoch=55/300 lr=0.10000 train_acc=58.33 test_acc=50.12
epoch=56/300 lr=0.10000 train_acc=58.31 test_acc=52.06
epoch=57/300 lr=0.10000 train_acc=58.77 test_acc=41.42
epoch=58/300 lr=0.10000 train_acc=58.79 test_acc=49.61
epoch=59/300 lr=0.10000 train_acc=58.46 test_acc=50.92
epoch=60/300 lr=0.10000 train_acc=58.52 test_acc=45.14
epoch=61/300 lr=0.10000 train_acc=58.29 test_acc=49.75
epoch=62/300 lr=0.10000 train_acc=58.63 test_acc=47.97
epoch=63/300 lr=0.10000 train_acc=58.47 test_acc=48.08
epoch=64/300 lr=0.10000 train_acc=58.50 test_acc=46.99
epoch=65/300 lr=0.10000 train_acc=58.34 test_acc=43.72
epoch=66/300 lr=0.10000 train_acc=58.55 test_acc=44.84
epoch=67/300 lr=0.10000 train_acc=58.91 test_acc=49.59
epoch=68/300 lr=0.10000 train_acc=58.71 test_acc=43.06
epoch=69/300 lr=0.10000 train_acc=58.72 test_acc=40.97
epoch=70/300 lr=0.10000 train_acc=58.74 test_acc=51.48
epoch=71/300 lr=0.10000 train_acc=58.95 test_acc=43.10
epoch=72/300 lr=0.10000 train_acc=58.72 test_acc=51.84
epoch=73/300 lr=0.10000 train_acc=58.97 test_acc=47.82
epoch=74/300 lr=0.10000 train_acc=58.75 test_acc=45.95
epoch=75/300 lr=0.10000 train_acc=59.10 test_acc=45.65
epoch=76/300 lr=0.10000 train_acc=58.75 test_acc=50.70
epoch=77/300 lr=0.10000 train_acc=58.96 test_acc=46.07
epoch=78/300 lr=0.10000 train_acc=58.86 test_acc=46.69
epoch=79/300 lr=0.10000 train_acc=58.79 test_acc=49.64
epoch=80/300 lr=0.10000 train_acc=58.75 test_acc=48.88
epoch=81/300 lr=0.10000 train_acc=59.13 test_acc=52.18
epoch=82/300 lr=0.10000 train_acc=59.09 test_acc=49.26
epoch=83/300 lr=0.10000 train_acc=58.97 test_acc=48.86
epoch=84/300 lr=0.10000 train_acc=59.39 test_acc=44.15
epoch=85/300 lr=0.10000 train_acc=59.26 test_acc=52.20
epoch=86/300 lr=0.10000 train_acc=59.31 test_acc=50.96
epoch=87/300 lr=0.10000 train_acc=59.19 test_acc=50.91
epoch=88/300 lr=0.10000 train_acc=59.47 test_acc=54.05
epoch=89/300 lr=0.10000 train_acc=59.31 test_acc=47.41
epoch=90/300 lr=0.10000 train_acc=59.10 test_acc=51.30
epoch=91/300 lr=0.10000 train_acc=59.61 test_acc=50.97
epoch=92/300 lr=0.10000 train_acc=59.08 test_acc=46.91
epoch=93/300 lr=0.10000 train_acc=59.28 test_acc=46.88
epoch=94/300 lr=0.10000 train_acc=59.47 test_acc=49.62
epoch=95/300 lr=0.10000 train_acc=58.74 test_acc=49.05
epoch=96/300 lr=0.10000 train_acc=59.10 test_acc=51.38
epoch=97/300 lr=0.10000 train_acc=59.12 test_acc=51.45
epoch=98/300 lr=0.10000 train_acc=59.05 test_acc=44.75
epoch=99/300 lr=0.10000 train_acc=59.40 test_acc=42.25
epoch=100/300 lr=0.10000 train_acc=59.36 test_acc=51.95
epoch=101/300 lr=0.10000 train_acc=59.15 test_acc=45.07
epoch=102/300 lr=0.10000 train_acc=59.60 test_acc=51.12
epoch=103/300 lr=0.10000 train_acc=59.43 test_acc=48.95
epoch=104/300 lr=0.10000 train_acc=59.22 test_acc=48.85
epoch=105/300 lr=0.10000 train_acc=59.50 test_acc=48.74
epoch=106/300 lr=0.10000 train_acc=59.72 test_acc=52.49
epoch=107/300 lr=0.10000 train_acc=59.63 test_acc=42.77
epoch=108/300 lr=0.10000 train_acc=59.55 test_acc=50.32
epoch=109/300 lr=0.10000 train_acc=59.16 test_acc=45.98
epoch=110/300 lr=0.10000 train_acc=59.62 test_acc=47.12
epoch=111/300 lr=0.10000 train_acc=59.69 test_acc=53.42
epoch=112/300 lr=0.10000 train_acc=59.56 test_acc=46.93
epoch=113/300 lr=0.10000 train_acc=59.59 test_acc=45.74
epoch=114/300 lr=0.10000 train_acc=59.62 test_acc=51.60
epoch=115/300 lr=0.10000 train_acc=59.83 test_acc=44.86
epoch=116/300 lr=0.10000 train_acc=59.59 test_acc=45.57
epoch=117/300 lr=0.10000 train_acc=59.75 test_acc=51.76
epoch=118/300 lr=0.10000 train_acc=59.66 test_acc=48.18
epoch=119/300 lr=0.10000 train_acc=59.81 test_acc=53.73
epoch=120/300 lr=0.10000 train_acc=59.55 test_acc=44.16
epoch=121/300 lr=0.10000 train_acc=59.65 test_acc=50.58
epoch=122/300 lr=0.10000 train_acc=59.31 test_acc=50.36
epoch=123/300 lr=0.10000 train_acc=59.38 test_acc=49.43
epoch=124/300 lr=0.10000 train_acc=59.77 test_acc=50.72
epoch=125/300 lr=0.10000 train_acc=59.93 test_acc=53.66
epoch=126/300 lr=0.10000 train_acc=59.79 test_acc=47.15
epoch=127/300 lr=0.10000 train_acc=59.50 test_acc=52.12
epoch=128/300 lr=0.10000 train_acc=60.31 test_acc=49.47
epoch=129/300 lr=0.10000 train_acc=59.74 test_acc=46.80
epoch=130/300 lr=0.10000 train_acc=59.80 test_acc=48.32
epoch=131/300 lr=0.10000 train_acc=59.59 test_acc=52.93
epoch=132/300 lr=0.10000 train_acc=59.64 test_acc=49.25
epoch=133/300 lr=0.10000 train_acc=59.75 test_acc=49.57
epoch=134/300 lr=0.10000 train_acc=59.63 test_acc=47.86
epoch=135/300 lr=0.10000 train_acc=60.33 test_acc=48.57
epoch=136/300 lr=0.10000 train_acc=59.62 test_acc=49.43
epoch=137/300 lr=0.10000 train_acc=59.90 test_acc=50.24
epoch=138/300 lr=0.10000 train_acc=59.82 test_acc=52.60
epoch=139/300 lr=0.10000 train_acc=59.73 test_acc=48.11
epoch=140/300 lr=0.10000 train_acc=59.99 test_acc=49.75
epoch=141/300 lr=0.10000 train_acc=59.83 test_acc=50.03
epoch=142/300 lr=0.10000 train_acc=59.78 test_acc=49.12
epoch=143/300 lr=0.10000 train_acc=59.91 test_acc=55.15
epoch=144/300 lr=0.10000 train_acc=60.11 test_acc=47.41
epoch=145/300 lr=0.10000 train_acc=59.74 test_acc=51.15
epoch=146/300 lr=0.10000 train_acc=59.58 test_acc=52.11
epoch=147/300 lr=0.10000 train_acc=60.32 test_acc=53.21
epoch=148/300 lr=0.10000 train_acc=60.06 test_acc=52.82
epoch=149/300 lr=0.10000 train_acc=59.81 test_acc=45.64
epoch=150/300 lr=0.10000 train_acc=60.03 test_acc=47.36
epoch=151/300 lr=0.01000 train_acc=71.32 test_acc=66.98
epoch=152/300 lr=0.01000 train_acc=74.37 test_acc=68.05
epoch=153/300 lr=0.01000 train_acc=75.63 test_acc=68.42
epoch=154/300 lr=0.01000 train_acc=76.54 test_acc=68.84
epoch=155/300 lr=0.01000 train_acc=77.30 test_acc=68.59
epoch=156/300 lr=0.01000 train_acc=77.74 test_acc=68.81
epoch=157/300 lr=0.01000 train_acc=78.30 test_acc=68.28
epoch=158/300 lr=0.01000 train_acc=78.59 test_acc=69.03
epoch=159/300 lr=0.01000 train_acc=78.92 test_acc=68.40
epoch=160/300 lr=0.01000 train_acc=79.18 test_acc=68.55
epoch=161/300 lr=0.01000 train_acc=79.67 test_acc=68.45
epoch=162/300 lr=0.01000 train_acc=79.80 test_acc=68.51
epoch=163/300 lr=0.01000 train_acc=80.20 test_acc=69.23
epoch=164/300 lr=0.01000 train_acc=80.48 test_acc=68.29
epoch=165/300 lr=0.01000 train_acc=80.52 test_acc=68.17
epoch=166/300 lr=0.01000 train_acc=80.66 test_acc=68.08
epoch=167/300 lr=0.01000 train_acc=80.59 test_acc=67.43
epoch=168/300 lr=0.01000 train_acc=80.88 test_acc=66.62
epoch=169/300 lr=0.01000 train_acc=81.11 test_acc=67.34
epoch=170/300 lr=0.01000 train_acc=80.85 test_acc=66.73
epoch=171/300 lr=0.01000 train_acc=81.24 test_acc=67.53
epoch=172/300 lr=0.01000 train_acc=81.02 test_acc=67.08
epoch=173/300 lr=0.01000 train_acc=81.24 test_acc=66.82
epoch=174/300 lr=0.01000 train_acc=81.06 test_acc=66.67
epoch=175/300 lr=0.01000 train_acc=81.22 test_acc=67.04
epoch=176/300 lr=0.01000 train_acc=81.16 test_acc=66.75
epoch=177/300 lr=0.01000 train_acc=81.14 test_acc=66.84
epoch=178/300 lr=0.01000 train_acc=81.11 test_acc=67.32
epoch=179/300 lr=0.01000 train_acc=81.48 test_acc=65.85
epoch=180/300 lr=0.01000 train_acc=81.02 test_acc=66.39
epoch=181/300 lr=0.01000 train_acc=81.21 test_acc=66.11
epoch=182/300 lr=0.01000 train_acc=81.30 test_acc=66.21
epoch=183/300 lr=0.01000 train_acc=81.47 test_acc=67.09
epoch=184/300 lr=0.01000 train_acc=81.26 test_acc=65.72
epoch=185/300 lr=0.01000 train_acc=81.35 test_acc=67.12
epoch=186/300 lr=0.01000 train_acc=81.48 test_acc=66.74
epoch=187/300 lr=0.01000 train_acc=81.26 test_acc=65.26
epoch=188/300 lr=0.01000 train_acc=81.41 test_acc=65.64
epoch=189/300 lr=0.01000 train_acc=81.60 test_acc=65.43
epoch=190/300 lr=0.01000 train_acc=81.75 test_acc=65.43
epoch=191/300 lr=0.01000 train_acc=81.48 test_acc=66.41
epoch=192/300 lr=0.01000 train_acc=81.47 test_acc=65.82
epoch=193/300 lr=0.01000 train_acc=81.33 test_acc=66.50
epoch=194/300 lr=0.01000 train_acc=81.52 test_acc=65.29
epoch=195/300 lr=0.01000 train_acc=81.90 test_acc=65.22
epoch=196/300 lr=0.01000 train_acc=81.60 test_acc=66.15
epoch=197/300 lr=0.01000 train_acc=81.83 test_acc=64.89
epoch=198/300 lr=0.01000 train_acc=81.81 test_acc=64.28
epoch=199/300 lr=0.01000 train_acc=81.85 test_acc=65.30
epoch=200/300 lr=0.01000 train_acc=82.09 test_acc=65.63
epoch=201/300 lr=0.01000 train_acc=81.58 test_acc=64.74
epoch=202/300 lr=0.01000 train_acc=81.83 test_acc=65.10
epoch=203/300 lr=0.01000 train_acc=81.85 test_acc=66.84
epoch=204/300 lr=0.01000 train_acc=81.88 test_acc=64.25
epoch=205/300 lr=0.01000 train_acc=82.20 test_acc=64.03
epoch=206/300 lr=0.01000 train_acc=82.13 test_acc=65.33
epoch=207/300 lr=0.01000 train_acc=81.70 test_acc=65.57
epoch=208/300 lr=0.01000 train_acc=82.27 test_acc=67.17
epoch=209/300 lr=0.01000 train_acc=82.45 test_acc=65.28
epoch=210/300 lr=0.01000 train_acc=82.44 test_acc=65.37
epoch=211/300 lr=0.01000 train_acc=82.26 test_acc=66.02
epoch=212/300 lr=0.01000 train_acc=81.98 test_acc=65.15
epoch=213/300 lr=0.01000 train_acc=82.21 test_acc=66.09
epoch=214/300 lr=0.01000 train_acc=82.21 test_acc=65.66
epoch=215/300 lr=0.01000 train_acc=82.36 test_acc=64.67
epoch=216/300 lr=0.01000 train_acc=82.36 test_acc=65.63
epoch=217/300 lr=0.01000 train_acc=82.61 test_acc=65.91
epoch=218/300 lr=0.01000 train_acc=82.75 test_acc=66.14
epoch=219/300 lr=0.01000 train_acc=82.30 test_acc=65.78
epoch=220/300 lr=0.01000 train_acc=82.49 test_acc=64.90
epoch=221/300 lr=0.01000 train_acc=82.30 test_acc=65.84
epoch=222/300 lr=0.01000 train_acc=82.68 test_acc=66.27
epoch=223/300 lr=0.01000 train_acc=82.72 test_acc=64.13
epoch=224/300 lr=0.01000 train_acc=82.66 test_acc=66.37
epoch=225/300 lr=0.01000 train_acc=82.79 test_acc=66.58
epoch=226/300 lr=0.00100 train_acc=88.19 test_acc=70.56
epoch=227/300 lr=0.00100 train_acc=90.23 test_acc=71.07
epoch=228/300 lr=0.00100 train_acc=90.74 test_acc=71.35
epoch=229/300 lr=0.00100 train_acc=91.31 test_acc=71.29
epoch=230/300 lr=0.00100 train_acc=91.69 test_acc=71.12
epoch=231/300 lr=0.00100 train_acc=91.80 test_acc=71.17
epoch=232/300 lr=0.00100 train_acc=92.21 test_acc=71.64
epoch=233/300 lr=0.00100 train_acc=92.24 test_acc=71.26
epoch=234/300 lr=0.00100 train_acc=92.40 test_acc=71.38
epoch=235/300 lr=0.00100 train_acc=92.59 test_acc=71.19
epoch=236/300 lr=0.00100 train_acc=92.80 test_acc=70.93
epoch=237/300 lr=0.00100 train_acc=92.87 test_acc=71.10
epoch=238/300 lr=0.00100 train_acc=93.20 test_acc=71.16
epoch=239/300 lr=0.00100 train_acc=93.21 test_acc=71.24
epoch=240/300 lr=0.00100 train_acc=93.26 test_acc=71.26
epoch=241/300 lr=0.00100 train_acc=93.38 test_acc=71.32
epoch=242/300 lr=0.00100 train_acc=93.28 test_acc=70.87
epoch=243/300 lr=0.00100 train_acc=93.47 test_acc=70.92
epoch=244/300 lr=0.00100 train_acc=93.67 test_acc=71.13
epoch=245/300 lr=0.00100 train_acc=93.73 test_acc=71.17
epoch=246/300 lr=0.00100 train_acc=93.76 test_acc=70.90
epoch=247/300 lr=0.00100 train_acc=93.92 test_acc=70.54
epoch=248/300 lr=0.00100 train_acc=93.75 test_acc=71.03
epoch=249/300 lr=0.00100 train_acc=93.98 test_acc=71.11
epoch=250/300 lr=0.00100 train_acc=94.09 test_acc=70.58
epoch=251/300 lr=0.00100 train_acc=94.10 test_acc=70.93
epoch=252/300 lr=0.00100 train_acc=94.03 test_acc=70.91
epoch=253/300 lr=0.00100 train_acc=94.19 test_acc=70.94
epoch=254/300 lr=0.00100 train_acc=94.22 test_acc=70.78
epoch=255/300 lr=0.00100 train_acc=94.33 test_acc=70.96
epoch=256/300 lr=0.00100 train_acc=94.33 test_acc=70.89
epoch=257/300 lr=0.00100 train_acc=94.36 test_acc=70.62
epoch=258/300 lr=0.00100 train_acc=94.61 test_acc=70.62
epoch=259/300 lr=0.00100 train_acc=94.60 test_acc=70.53
epoch=260/300 lr=0.00100 train_acc=94.60 test_acc=70.89
epoch=261/300 lr=0.00100 train_acc=94.59 test_acc=70.78
epoch=262/300 lr=0.00100 train_acc=94.68 test_acc=70.61
epoch=263/300 lr=0.00100 train_acc=94.72 test_acc=70.65
epoch=264/300 lr=0.00100 train_acc=94.77 test_acc=70.32
epoch=265/300 lr=0.00100 train_acc=94.62 test_acc=70.44
epoch=266/300 lr=0.00100 train_acc=94.79 test_acc=70.85
epoch=267/300 lr=0.00100 train_acc=95.06 test_acc=70.73
epoch=268/300 lr=0.00100 train_acc=94.83 test_acc=70.55
epoch=269/300 lr=0.00100 train_acc=94.93 test_acc=70.45
epoch=270/300 lr=0.00100 train_acc=94.98 test_acc=70.18
epoch=271/300 lr=0.00100 train_acc=94.97 test_acc=70.60
epoch=272/300 lr=0.00100 train_acc=94.96 test_acc=70.54
epoch=273/300 lr=0.00100 train_acc=95.33 test_acc=70.45
epoch=274/300 lr=0.00100 train_acc=95.09 test_acc=70.72
epoch=275/300 lr=0.00100 train_acc=95.13 test_acc=70.52
epoch=276/300 lr=0.00100 train_acc=95.20 test_acc=70.50
epoch=277/300 lr=0.00100 train_acc=95.16 test_acc=70.58
epoch=278/300 lr=0.00100 train_acc=95.30 test_acc=70.68
epoch=279/300 lr=0.00100 train_acc=95.45 test_acc=70.57
epoch=280/300 lr=0.00100 train_acc=95.18 test_acc=70.43
epoch=281/300 lr=0.00100 train_acc=95.31 test_acc=70.43
epoch=282/300 lr=0.00100 train_acc=95.16 test_acc=70.51
epoch=283/300 lr=0.00100 train_acc=95.42 test_acc=70.42
epoch=284/300 lr=0.00100 train_acc=95.46 test_acc=70.61
epoch=285/300 lr=0.00100 train_acc=95.62 test_acc=70.49
epoch=286/300 lr=0.00100 train_acc=95.51 test_acc=70.29
epoch=287/300 lr=0.00100 train_acc=95.50 test_acc=70.36
epoch=288/300 lr=0.00100 train_acc=95.51 test_acc=70.59
epoch=289/300 lr=0.00100 train_acc=95.57 test_acc=70.77
epoch=290/300 lr=0.00100 train_acc=95.69 test_acc=70.18
epoch=291/300 lr=0.00100 train_acc=95.73 test_acc=70.46
epoch=292/300 lr=0.00100 train_acc=95.57 test_acc=70.20
epoch=293/300 lr=0.00100 train_acc=95.58 test_acc=70.26
epoch=294/300 lr=0.00100 train_acc=95.70 test_acc=70.04
epoch=295/300 lr=0.00100 train_acc=95.64 test_acc=70.50
epoch=296/300 lr=0.00100 train_acc=95.83 test_acc=70.62
epoch=297/300 lr=0.00100 train_acc=95.63 test_acc=70.32
epoch=298/300 lr=0.00100 train_acc=95.80 test_acc=70.37
epoch=299/300 lr=0.00100 train_acc=95.88 test_acc=70.70
epoch=300/300 lr=0.00100 train_acc=95.82 test_acc=70.52
{
  "best_accuracy": 71.64,
  "best_error_rate": 28.36,
  "final_accuracy": 70.52,
  "final_error_rate": 29.480000000000004,
  "elapsed_seconds": 2840.0316829681396,
  "is_paper_result": false,
  "note": "New reproduction result; compare against paper target separately."
}
start experiment=cifar100_resnet32_baseline seed=1005
epoch=1/300 lr=0.10000 train_acc=7.29 test_acc=10.22
epoch=2/300 lr=0.10000 train_acc=15.91 test_acc=18.38
epoch=3/300 lr=0.10000 train_acc=23.78 test_acc=26.58
epoch=4/300 lr=0.10000 train_acc=31.00 test_acc=29.01
epoch=5/300 lr=0.10000 train_acc=36.29 test_acc=29.92
epoch=6/300 lr=0.10000 train_acc=40.29 test_acc=35.74
epoch=7/300 lr=0.10000 train_acc=43.20 test_acc=37.58
epoch=8/300 lr=0.10000 train_acc=45.07 test_acc=39.79
epoch=9/300 lr=0.10000 train_acc=46.75 test_acc=40.97
epoch=10/300 lr=0.10000 train_acc=47.84 test_acc=38.84
epoch=11/300 lr=0.10000 train_acc=48.97 test_acc=38.10
epoch=12/300 lr=0.10000 train_acc=50.04 test_acc=43.70
epoch=13/300 lr=0.10000 train_acc=50.70 test_acc=42.81
epoch=14/300 lr=0.10000 train_acc=51.40 test_acc=46.61
epoch=15/300 lr=0.10000 train_acc=52.22 test_acc=36.86
epoch=16/300 lr=0.10000 train_acc=52.78 test_acc=44.67
epoch=17/300 lr=0.10000 train_acc=52.90 test_acc=44.87
epoch=18/300 lr=0.10000 train_acc=53.64 test_acc=45.35
epoch=19/300 lr=0.10000 train_acc=54.07 test_acc=45.55
epoch=20/300 lr=0.10000 train_acc=54.40 test_acc=44.05
epoch=21/300 lr=0.10000 train_acc=54.44 test_acc=45.57
epoch=22/300 lr=0.10000 train_acc=54.57 test_acc=42.99
epoch=23/300 lr=0.10000 train_acc=54.96 test_acc=44.49
epoch=24/300 lr=0.10000 train_acc=55.15 test_acc=44.82
epoch=25/300 lr=0.10000 train_acc=55.39 test_acc=46.57
epoch=26/300 lr=0.10000 train_acc=55.67 test_acc=44.67
epoch=27/300 lr=0.10000 train_acc=55.76 test_acc=45.48
epoch=28/300 lr=0.10000 train_acc=55.78 test_acc=46.21
epoch=29/300 lr=0.10000 train_acc=56.19 test_acc=41.60
epoch=30/300 lr=0.10000 train_acc=56.53 test_acc=39.87
epoch=31/300 lr=0.10000 train_acc=56.26 test_acc=45.69
epoch=32/300 lr=0.10000 train_acc=56.42 test_acc=43.81
epoch=33/300 lr=0.10000 train_acc=56.86 test_acc=50.39
epoch=34/300 lr=0.10000 train_acc=56.94 test_acc=46.78
epoch=35/300 lr=0.10000 train_acc=56.75 test_acc=48.75
epoch=36/300 lr=0.10000 train_acc=57.36 test_acc=46.71
epoch=37/300 lr=0.10000 train_acc=57.01 test_acc=50.87
epoch=38/300 lr=0.10000 train_acc=57.08 test_acc=31.30
epoch=39/300 lr=0.10000 train_acc=57.37 test_acc=41.94
epoch=40/300 lr=0.10000 train_acc=57.60 test_acc=52.08
epoch=41/300 lr=0.10000 train_acc=57.85 test_acc=45.39
epoch=42/300 lr=0.10000 train_acc=57.48 test_acc=49.27
epoch=43/300 lr=0.10000 train_acc=57.40 test_acc=48.95
epoch=44/300 lr=0.10000 train_acc=57.95 test_acc=47.51
epoch=45/300 lr=0.10000 train_acc=57.96 test_acc=38.34
epoch=46/300 lr=0.10000 train_acc=58.10 test_acc=50.38
epoch=47/300 lr=0.10000 train_acc=57.52 test_acc=50.58
epoch=48/300 lr=0.10000 train_acc=58.18 test_acc=43.22
epoch=49/300 lr=0.10000 train_acc=57.62 test_acc=47.14
epoch=50/300 lr=0.10000 train_acc=58.05 test_acc=45.60
epoch=51/300 lr=0.10000 train_acc=58.04 test_acc=44.62
epoch=52/300 lr=0.10000 train_acc=58.29 test_acc=46.17
epoch=53/300 lr=0.10000 train_acc=58.55 test_acc=52.59
epoch=54/300 lr=0.10000 train_acc=58.36 test_acc=43.39
epoch=55/300 lr=0.10000 train_acc=58.58 test_acc=45.61
epoch=56/300 lr=0.10000 train_acc=58.52 test_acc=43.19
epoch=57/300 lr=0.10000 train_acc=58.28 test_acc=51.66
epoch=58/300 lr=0.10000 train_acc=58.26 test_acc=50.48
epoch=59/300 lr=0.10000 train_acc=58.19 test_acc=49.05
epoch=60/300 lr=0.10000 train_acc=58.57 test_acc=45.79
epoch=61/300 lr=0.10000 train_acc=58.53 test_acc=44.22
epoch=62/300 lr=0.10000 train_acc=58.55 test_acc=49.62
epoch=63/300 lr=0.10000 train_acc=58.78 test_acc=50.39
epoch=64/300 lr=0.10000 train_acc=58.68 test_acc=43.64
epoch=65/300 lr=0.10000 train_acc=58.65 test_acc=46.51
epoch=66/300 lr=0.10000 train_acc=58.73 test_acc=48.27
epoch=67/300 lr=0.10000 train_acc=58.74 test_acc=48.47
epoch=68/300 lr=0.10000 train_acc=59.13 test_acc=52.31
epoch=69/300 lr=0.10000 train_acc=58.50 test_acc=48.20
epoch=70/300 lr=0.10000 train_acc=58.67 test_acc=45.28
epoch=71/300 lr=0.10000 train_acc=59.12 test_acc=49.49
epoch=72/300 lr=0.10000 train_acc=58.85 test_acc=52.36
epoch=73/300 lr=0.10000 train_acc=58.89 test_acc=43.98
epoch=74/300 lr=0.10000 train_acc=58.79 test_acc=46.92
epoch=75/300 lr=0.10000 train_acc=58.93 test_acc=47.55
epoch=76/300 lr=0.10000 train_acc=59.08 test_acc=53.11
epoch=77/300 lr=0.10000 train_acc=58.95 test_acc=48.54
epoch=78/300 lr=0.10000 train_acc=59.02 test_acc=47.40
epoch=79/300 lr=0.10000 train_acc=58.86 test_acc=52.09
epoch=80/300 lr=0.10000 train_acc=59.25 test_acc=50.37
epoch=81/300 lr=0.10000 train_acc=59.26 test_acc=43.11
epoch=82/300 lr=0.10000 train_acc=59.36 test_acc=49.51
epoch=83/300 lr=0.10000 train_acc=59.19 test_acc=52.26
epoch=84/300 lr=0.10000 train_acc=59.16 test_acc=52.13
epoch=85/300 lr=0.10000 train_acc=59.19 test_acc=48.13
epoch=86/300 lr=0.10000 train_acc=59.19 test_acc=51.41
epoch=87/300 lr=0.10000 train_acc=59.52 test_acc=51.58
epoch=88/300 lr=0.10000 train_acc=59.37 test_acc=44.67
epoch=89/300 lr=0.10000 train_acc=59.22 test_acc=52.81
epoch=90/300 lr=0.10000 train_acc=59.40 test_acc=49.46
epoch=91/300 lr=0.10000 train_acc=59.09 test_acc=50.57
epoch=92/300 lr=0.10000 train_acc=59.29 test_acc=50.42
epoch=93/300 lr=0.10000 train_acc=59.46 test_acc=48.48
epoch=94/300 lr=0.10000 train_acc=59.72 test_acc=49.43
epoch=95/300 lr=0.10000 train_acc=59.51 test_acc=43.47
epoch=96/300 lr=0.10000 train_acc=59.65 test_acc=50.07
epoch=97/300 lr=0.10000 train_acc=59.49 test_acc=50.05
epoch=98/300 lr=0.10000 train_acc=59.51 test_acc=51.64
epoch=99/300 lr=0.10000 train_acc=59.44 test_acc=49.58
epoch=100/300 lr=0.10000 train_acc=60.00 test_acc=48.26
epoch=101/300 lr=0.10000 train_acc=59.29 test_acc=48.50
epoch=102/300 lr=0.10000 train_acc=59.81 test_acc=52.47
epoch=103/300 lr=0.10000 train_acc=59.48 test_acc=49.77
epoch=104/300 lr=0.10000 train_acc=59.88 test_acc=51.10
epoch=105/300 lr=0.10000 train_acc=59.58 test_acc=53.99
epoch=106/300 lr=0.10000 train_acc=59.59 test_acc=48.86
epoch=107/300 lr=0.10000 train_acc=59.90 test_acc=40.98
epoch=108/300 lr=0.10000 train_acc=59.81 test_acc=50.00
epoch=109/300 lr=0.10000 train_acc=59.72 test_acc=48.78
epoch=110/300 lr=0.10000 train_acc=59.41 test_acc=52.32
epoch=111/300 lr=0.10000 train_acc=59.60 test_acc=47.64
epoch=112/300 lr=0.10000 train_acc=59.94 test_acc=48.74
epoch=113/300 lr=0.10000 train_acc=59.55 test_acc=50.97
epoch=114/300 lr=0.10000 train_acc=59.86 test_acc=47.49
epoch=115/300 lr=0.10000 train_acc=59.85 test_acc=50.87
epoch=116/300 lr=0.10000 train_acc=59.76 test_acc=54.83
epoch=117/300 lr=0.10000 train_acc=59.66 test_acc=48.42
epoch=118/300 lr=0.10000 train_acc=59.92 test_acc=46.40
epoch=119/300 lr=0.10000 train_acc=59.56 test_acc=50.81
epoch=120/300 lr=0.10000 train_acc=59.66 test_acc=53.07
epoch=121/300 lr=0.10000 train_acc=59.88 test_acc=47.79
epoch=122/300 lr=0.10000 train_acc=60.03 test_acc=51.18
epoch=123/300 lr=0.10000 train_acc=59.92 test_acc=49.12
epoch=124/300 lr=0.10000 train_acc=60.06 test_acc=49.79
epoch=125/300 lr=0.10000 train_acc=59.92 test_acc=48.56
epoch=126/300 lr=0.10000 train_acc=59.76 test_acc=48.67
epoch=127/300 lr=0.10000 train_acc=59.80 test_acc=52.20
epoch=128/300 lr=0.10000 train_acc=59.77 test_acc=48.59
epoch=129/300 lr=0.10000 train_acc=60.08 test_acc=48.31
epoch=130/300 lr=0.10000 train_acc=59.86 test_acc=49.70
epoch=131/300 lr=0.10000 train_acc=59.99 test_acc=49.02
epoch=132/300 lr=0.10000 train_acc=59.93 test_acc=44.93
epoch=133/300 lr=0.10000 train_acc=59.98 test_acc=51.36
epoch=134/300 lr=0.10000 train_acc=60.04 test_acc=46.04
epoch=135/300 lr=0.10000 train_acc=60.03 test_acc=49.26
epoch=136/300 lr=0.10000 train_acc=60.23 test_acc=53.42
epoch=137/300 lr=0.10000 train_acc=60.17 test_acc=51.12
epoch=138/300 lr=0.10000 train_acc=59.81 test_acc=49.11
epoch=139/300 lr=0.10000 train_acc=60.12 test_acc=49.96
epoch=140/300 lr=0.10000 train_acc=60.02 test_acc=52.84
epoch=141/300 lr=0.10000 train_acc=60.05 test_acc=50.65
epoch=142/300 lr=0.10000 train_acc=60.55 test_acc=48.21
epoch=143/300 lr=0.10000 train_acc=60.30 test_acc=45.60
epoch=144/300 lr=0.10000 train_acc=59.90 test_acc=47.21
epoch=145/300 lr=0.10000 train_acc=60.22 test_acc=51.33
epoch=146/300 lr=0.10000 train_acc=59.82 test_acc=51.85
epoch=147/300 lr=0.10000 train_acc=60.29 test_acc=47.83
epoch=148/300 lr=0.10000 train_acc=60.10 test_acc=47.59
epoch=149/300 lr=0.10000 train_acc=60.13 test_acc=49.55
epoch=150/300 lr=0.10000 train_acc=60.33 test_acc=48.84
epoch=151/300 lr=0.01000 train_acc=71.26 test_acc=67.49
epoch=152/300 lr=0.01000 train_acc=74.47 test_acc=67.99
epoch=153/300 lr=0.01000 train_acc=75.65 test_acc=68.29
epoch=154/300 lr=0.01000 train_acc=76.44 test_acc=68.96
epoch=155/300 lr=0.01000 train_acc=77.24 test_acc=68.79
epoch=156/300 lr=0.01000 train_acc=77.64 test_acc=68.85
epoch=157/300 lr=0.01000 train_acc=78.08 test_acc=68.86
epoch=158/300 lr=0.01000 train_acc=78.88 test_acc=68.63
epoch=159/300 lr=0.01000 train_acc=79.16 test_acc=68.97
epoch=160/300 lr=0.01000 train_acc=79.41 test_acc=68.74
epoch=161/300 lr=0.01000 train_acc=79.58 test_acc=68.55
epoch=162/300 lr=0.01000 train_acc=80.05 test_acc=68.53
epoch=163/300 lr=0.01000 train_acc=80.04 test_acc=68.16
epoch=164/300 lr=0.01000 train_acc=80.63 test_acc=67.96
epoch=165/300 lr=0.01000 train_acc=80.59 test_acc=68.10
epoch=166/300 lr=0.01000 train_acc=80.71 test_acc=68.38
epoch=167/300 lr=0.01000 train_acc=80.90 test_acc=68.37
epoch=168/300 lr=0.01000 train_acc=80.97 test_acc=67.91
epoch=169/300 lr=0.01000 train_acc=81.06 test_acc=68.13
epoch=170/300 lr=0.01000 train_acc=81.33 test_acc=67.47
epoch=171/300 lr=0.01000 train_acc=81.19 test_acc=67.46
epoch=172/300 lr=0.01000 train_acc=81.28 test_acc=67.70
epoch=173/300 lr=0.01000 train_acc=81.15 test_acc=67.66
epoch=174/300 lr=0.01000 train_acc=81.33 test_acc=66.53
epoch=175/300 lr=0.01000 train_acc=81.44 test_acc=66.67
epoch=176/300 lr=0.01000 train_acc=81.33 test_acc=66.74
epoch=177/300 lr=0.01000 train_acc=81.28 test_acc=67.38
epoch=178/300 lr=0.01000 train_acc=81.42 test_acc=66.85
epoch=179/300 lr=0.01000 train_acc=81.29 test_acc=66.99
epoch=180/300 lr=0.01000 train_acc=81.38 test_acc=66.21
epoch=181/300 lr=0.01000 train_acc=81.46 test_acc=66.75
epoch=182/300 lr=0.01000 train_acc=81.16 test_acc=66.15
epoch=183/300 lr=0.01000 train_acc=81.62 test_acc=66.96
epoch=184/300 lr=0.01000 train_acc=81.40 test_acc=66.16
epoch=185/300 lr=0.01000 train_acc=81.32 test_acc=66.10
epoch=186/300 lr=0.01000 train_acc=81.84 test_acc=64.84
epoch=187/300 lr=0.01000 train_acc=81.61 test_acc=66.55
epoch=188/300 lr=0.01000 train_acc=81.67 test_acc=65.79
epoch=189/300 lr=0.01000 train_acc=81.63 test_acc=64.55
epoch=190/300 lr=0.01000 train_acc=81.97 test_acc=66.15
epoch=191/300 lr=0.01000 train_acc=81.82 test_acc=65.07
epoch=192/300 lr=0.01000 train_acc=81.58 test_acc=64.88
epoch=193/300 lr=0.01000 train_acc=81.82 test_acc=65.89
epoch=194/300 lr=0.01000 train_acc=81.83 test_acc=66.28
epoch=195/300 lr=0.01000 train_acc=81.82 test_acc=65.43
epoch=196/300 lr=0.01000 train_acc=81.83 test_acc=65.61
epoch=197/300 lr=0.01000 train_acc=81.86 test_acc=65.96
epoch=198/300 lr=0.01000 train_acc=81.52 test_acc=65.45
epoch=199/300 lr=0.01000 train_acc=81.92 test_acc=65.54
epoch=200/300 lr=0.01000 train_acc=81.89 test_acc=65.89
epoch=201/300 lr=0.01000 train_acc=82.06 test_acc=66.40
epoch=202/300 lr=0.01000 train_acc=82.15 test_acc=64.90
epoch=203/300 lr=0.01000 train_acc=82.52 test_acc=65.63
epoch=204/300 lr=0.01000 train_acc=82.20 test_acc=64.80
epoch=205/300 lr=0.01000 train_acc=82.13 test_acc=64.86
epoch=206/300 lr=0.01000 train_acc=82.04 test_acc=64.79
epoch=207/300 lr=0.01000 train_acc=82.36 test_acc=66.05
epoch=208/300 lr=0.01000 train_acc=82.48 test_acc=66.10
epoch=209/300 lr=0.01000 train_acc=82.43 test_acc=64.98
epoch=210/300 lr=0.01000 train_acc=82.58 test_acc=65.13
epoch=211/300 lr=0.01000 train_acc=82.36 test_acc=65.44
epoch=212/300 lr=0.01000 train_acc=82.78 test_acc=65.32
epoch=213/300 lr=0.01000 train_acc=82.46 test_acc=65.45
epoch=214/300 lr=0.01000 train_acc=82.52 test_acc=66.12
epoch=215/300 lr=0.01000 train_acc=82.62 test_acc=65.38
epoch=216/300 lr=0.01000 train_acc=82.63 test_acc=64.45
epoch=217/300 lr=0.01000 train_acc=82.90 test_acc=65.42
epoch=218/300 lr=0.01000 train_acc=83.04 test_acc=64.41
epoch=219/300 lr=0.01000 train_acc=82.61 test_acc=65.44
epoch=220/300 lr=0.01000 train_acc=82.64 test_acc=64.84
epoch=221/300 lr=0.01000 train_acc=82.90 test_acc=65.98
epoch=222/300 lr=0.01000 train_acc=82.66 test_acc=65.02
epoch=223/300 lr=0.01000 train_acc=82.88 test_acc=65.76
epoch=224/300 lr=0.01000 train_acc=82.80 test_acc=65.63
epoch=225/300 lr=0.01000 train_acc=82.62 test_acc=65.41
epoch=226/300 lr=0.00100 train_acc=88.22 test_acc=70.40
epoch=227/300 lr=0.00100 train_acc=90.35 test_acc=70.70
epoch=228/300 lr=0.00100 train_acc=91.02 test_acc=70.80
epoch=229/300 lr=0.00100 train_acc=91.56 test_acc=70.64
epoch=230/300 lr=0.00100 train_acc=91.73 test_acc=70.45
epoch=231/300 lr=0.00100 train_acc=92.04 test_acc=70.77
epoch=232/300 lr=0.00100 train_acc=92.28 test_acc=70.81
epoch=233/300 lr=0.00100 train_acc=92.49 test_acc=70.58
epoch=234/300 lr=0.00100 train_acc=92.68 test_acc=70.37
epoch=235/300 lr=0.00100 train_acc=92.94 test_acc=70.80
epoch=236/300 lr=0.00100 train_acc=92.91 test_acc=70.58
epoch=237/300 lr=0.00100 train_acc=93.11 test_acc=70.42
epoch=238/300 lr=0.00100 train_acc=93.35 test_acc=70.50
epoch=239/300 lr=0.00100 train_acc=93.29 test_acc=70.56
epoch=240/300 lr=0.00100 train_acc=93.52 test_acc=70.71
epoch=241/300 lr=0.00100 train_acc=93.54 test_acc=70.46
epoch=242/300 lr=0.00100 train_acc=93.45 test_acc=70.25
epoch=243/300 lr=0.00100 train_acc=93.72 test_acc=70.56
epoch=244/300 lr=0.00100 train_acc=93.86 test_acc=70.29
epoch=245/300 lr=0.00100 train_acc=93.94 test_acc=70.52
epoch=246/300 lr=0.00100 train_acc=93.84 test_acc=70.52
epoch=247/300 lr=0.00100 train_acc=94.02 test_acc=70.42
epoch=248/300 lr=0.00100 train_acc=93.86 test_acc=70.51
epoch=249/300 lr=0.00100 train_acc=94.00 test_acc=70.42
epoch=250/300 lr=0.00100 train_acc=94.34 test_acc=70.25
epoch=251/300 lr=0.00100 train_acc=94.32 test_acc=69.96
epoch=252/300 lr=0.00100 train_acc=94.21 test_acc=70.22
epoch=253/300 lr=0.00100 train_acc=94.35 test_acc=70.37
epoch=254/300 lr=0.00100 train_acc=94.35 test_acc=70.33
epoch=255/300 lr=0.00100 train_acc=94.58 test_acc=70.11
epoch=256/300 lr=0.00100 train_acc=94.61 test_acc=70.05
epoch=257/300 lr=0.00100 train_acc=94.62 test_acc=70.11
epoch=258/300 lr=0.00100 train_acc=94.58 test_acc=70.26
epoch=259/300 lr=0.00100 train_acc=94.70 test_acc=70.34
epoch=260/300 lr=0.00100 train_acc=94.65 test_acc=70.15
epoch=261/300 lr=0.00100 train_acc=94.99 test_acc=70.35
epoch=262/300 lr=0.00100 train_acc=94.70 test_acc=70.08
epoch=263/300 lr=0.00100 train_acc=94.64 test_acc=70.04
epoch=264/300 lr=0.00100 train_acc=94.79 test_acc=70.23
epoch=265/300 lr=0.00100 train_acc=94.88 test_acc=69.88
epoch=266/300 lr=0.00100 train_acc=94.96 test_acc=69.90
epoch=267/300 lr=0.00100 train_acc=95.03 test_acc=70.12
epoch=268/300 lr=0.00100 train_acc=95.03 test_acc=69.85
epoch=269/300 lr=0.00100 train_acc=95.08 test_acc=69.88
epoch=270/300 lr=0.00100 train_acc=95.19 test_acc=70.18
epoch=271/300 lr=0.00100 train_acc=95.06 test_acc=69.89
epoch=272/300 lr=0.00100 train_acc=95.16 test_acc=69.84
epoch=273/300 lr=0.00100 train_acc=95.22 test_acc=69.63
epoch=274/300 lr=0.00100 train_acc=95.37 test_acc=69.84
epoch=275/300 lr=0.00100 train_acc=95.14 test_acc=69.87
epoch=276/300 lr=0.00100 train_acc=95.30 test_acc=70.09
epoch=277/300 lr=0.00100 train_acc=95.46 test_acc=70.03
epoch=278/300 lr=0.00100 train_acc=95.38 test_acc=69.81
epoch=279/300 lr=0.00100 train_acc=95.26 test_acc=69.54
epoch=280/300 lr=0.00100 train_acc=95.45 test_acc=69.77
epoch=281/300 lr=0.00100 train_acc=95.32 test_acc=70.27
epoch=282/300 lr=0.00100 train_acc=95.55 test_acc=69.69
epoch=283/300 lr=0.00100 train_acc=95.55 test_acc=69.66
epoch=284/300 lr=0.00100 train_acc=95.56 test_acc=69.80
epoch=285/300 lr=0.00100 train_acc=95.45 test_acc=69.98
epoch=286/300 lr=0.00100 train_acc=95.68 test_acc=69.99
epoch=287/300 lr=0.00100 train_acc=95.67 test_acc=69.82
epoch=288/300 lr=0.00100 train_acc=95.69 test_acc=69.93
epoch=289/300 lr=0.00100 train_acc=95.68 test_acc=69.92
epoch=290/300 lr=0.00100 train_acc=95.77 test_acc=69.59
epoch=291/300 lr=0.00100 train_acc=95.67 test_acc=69.78
epoch=292/300 lr=0.00100 train_acc=95.69 test_acc=70.10
epoch=293/300 lr=0.00100 train_acc=95.98 test_acc=69.73
epoch=294/300 lr=0.00100 train_acc=95.89 test_acc=69.68
epoch=295/300 lr=0.00100 train_acc=95.90 test_acc=69.87
epoch=296/300 lr=0.00100 train_acc=95.84 test_acc=70.05
epoch=297/300 lr=0.00100 train_acc=96.09 test_acc=69.69
epoch=298/300 lr=0.00100 train_acc=95.81 test_acc=69.61
epoch=299/300 lr=0.00100 train_acc=96.01 test_acc=69.70
epoch=300/300 lr=0.00100 train_acc=96.00 test_acc=69.71
{
  "best_accuracy": 70.81,
  "best_error_rate": 29.189999999999998,
  "final_accuracy": 69.71,
  "final_error_rate": 30.290000000000006,
  "elapsed_seconds": 2869.463611602783,
  "is_paper_result": false,
  "note": "New reproduction result; compare against paper target separately."
}
{
  "experiment": "cifar100_resnet32_baseline",
  "seeds": [
    1001,
    1002,
    1003,
    1004,
    1005
  ],
  "smoke": false,
  "is_paper_result": false,
  "best_error_rate": {
    "values": [
      28.900000000000006,
      29.689999999999998,
      29.019999999999996,
      28.36,
      29.189999999999998
    ],
    "mean": 29.032,
    "population_std": 0.43059958197843057,
    "sample_std": 0.48142496819338204
  },
  "final_error_rate": {
    "values": [
      30.310000000000002,
      30.629999999999995,
      30.090000000000003,
      29.480000000000004,
      30.290000000000006
    ],
    "mean": 30.160000000000004,
    "population_std": 0.38147083767962975,
    "sample_std": 0.4264973622427201
  },
  "note": "New reproduction aggregate; paper does not state best-vs-final or std convention."
}
start experiment=cifar100_resnet32_re_paper seed=1001
epoch=1/300 lr=0.10000 train_acc=5.97 test_acc=8.45
epoch=2/300 lr=0.10000 train_acc=12.14 test_acc=13.76
epoch=3/300 lr=0.10000 train_acc=17.53 test_acc=17.61
epoch=4/300 lr=0.10000 train_acc=23.06 test_acc=21.69
epoch=5/300 lr=0.10000 train_acc=28.48 test_acc=27.36
epoch=6/300 lr=0.10000 train_acc=32.22 test_acc=35.69
epoch=7/300 lr=0.10000 train_acc=35.39 test_acc=35.76
epoch=8/300 lr=0.10000 train_acc=37.77 test_acc=29.44
epoch=9/300 lr=0.10000 train_acc=39.71 test_acc=38.45
epoch=10/300 lr=0.10000 train_acc=41.01 test_acc=38.25
epoch=11/300 lr=0.10000 train_acc=42.09 test_acc=39.99
epoch=12/300 lr=0.10000 train_acc=43.38 test_acc=37.77
epoch=13/300 lr=0.10000 train_acc=44.13 test_acc=40.87
epoch=14/300 lr=0.10000 train_acc=45.02 test_acc=40.35
epoch=15/300 lr=0.10000 train_acc=45.50 test_acc=37.27
epoch=16/300 lr=0.10000 train_acc=46.15 test_acc=39.16
epoch=17/300 lr=0.10000 train_acc=46.66 test_acc=33.09
epoch=18/300 lr=0.10000 train_acc=47.09 test_acc=43.43
epoch=19/300 lr=0.10000 train_acc=47.66 test_acc=42.17
epoch=20/300 lr=0.10000 train_acc=47.57 test_acc=43.09
epoch=21/300 lr=0.10000 train_acc=47.96 test_acc=45.64
epoch=22/300 lr=0.10000 train_acc=48.33 test_acc=40.01
epoch=23/300 lr=0.10000 train_acc=48.51 test_acc=43.86
epoch=24/300 lr=0.10000 train_acc=48.39 test_acc=44.06
epoch=25/300 lr=0.10000 train_acc=49.26 test_acc=43.53
epoch=26/300 lr=0.10000 train_acc=49.00 test_acc=45.14
epoch=27/300 lr=0.10000 train_acc=49.25 test_acc=43.99
epoch=28/300 lr=0.10000 train_acc=49.27 test_acc=45.22
epoch=29/300 lr=0.10000 train_acc=49.92 test_acc=39.95
epoch=30/300 lr=0.10000 train_acc=49.64 test_acc=41.01
epoch=31/300 lr=0.10000 train_acc=49.85 test_acc=48.01
epoch=32/300 lr=0.10000 train_acc=49.69 test_acc=47.26
epoch=33/300 lr=0.10000 train_acc=50.09 test_acc=44.38
epoch=34/300 lr=0.10000 train_acc=49.94 test_acc=45.56
epoch=35/300 lr=0.10000 train_acc=50.29 test_acc=49.88
epoch=36/300 lr=0.10000 train_acc=50.29 test_acc=48.78
epoch=37/300 lr=0.10000 train_acc=50.69 test_acc=43.29
epoch=38/300 lr=0.10000 train_acc=50.70 test_acc=48.32
epoch=39/300 lr=0.10000 train_acc=50.75 test_acc=46.40
epoch=40/300 lr=0.10000 train_acc=50.90 test_acc=47.11
epoch=41/300 lr=0.10000 train_acc=50.91 test_acc=50.20
epoch=42/300 lr=0.10000 train_acc=51.11 test_acc=45.39
epoch=43/300 lr=0.10000 train_acc=50.95 test_acc=48.01
epoch=44/300 lr=0.10000 train_acc=50.82 test_acc=49.78
epoch=45/300 lr=0.10000 train_acc=51.44 test_acc=45.69
epoch=46/300 lr=0.10000 train_acc=51.38 test_acc=44.81
epoch=47/300 lr=0.10000 train_acc=51.36 test_acc=40.33
epoch=48/300 lr=0.10000 train_acc=51.33 test_acc=42.26
epoch=49/300 lr=0.10000 train_acc=51.58 test_acc=44.02
epoch=50/300 lr=0.10000 train_acc=51.72 test_acc=40.12
epoch=51/300 lr=0.10000 train_acc=51.92 test_acc=48.40
epoch=52/300 lr=0.10000 train_acc=51.59 test_acc=48.79
epoch=53/300 lr=0.10000 train_acc=51.73 test_acc=41.03
epoch=54/300 lr=0.10000 train_acc=51.68 test_acc=50.76
epoch=55/300 lr=0.10000 train_acc=51.87 test_acc=47.78
epoch=56/300 lr=0.10000 train_acc=51.74 test_acc=44.03
epoch=57/300 lr=0.10000 train_acc=51.78 test_acc=49.43
epoch=58/300 lr=0.10000 train_acc=51.91 test_acc=44.36
epoch=59/300 lr=0.10000 train_acc=51.99 test_acc=44.55
epoch=60/300 lr=0.10000 train_acc=51.98 test_acc=48.66
epoch=61/300 lr=0.10000 train_acc=52.23 test_acc=45.30
epoch=62/300 lr=0.10000 train_acc=51.99 test_acc=47.20
epoch=63/300 lr=0.10000 train_acc=51.84 test_acc=46.23
epoch=64/300 lr=0.10000 train_acc=52.28 test_acc=46.33
epoch=65/300 lr=0.10000 train_acc=52.14 test_acc=38.27
epoch=66/300 lr=0.10000 train_acc=52.03 test_acc=48.97
epoch=67/300 lr=0.10000 train_acc=52.29 test_acc=46.20
epoch=68/300 lr=0.10000 train_acc=52.12 test_acc=36.72
epoch=69/300 lr=0.10000 train_acc=52.18 test_acc=43.03
epoch=70/300 lr=0.10000 train_acc=52.29 test_acc=47.59
epoch=71/300 lr=0.10000 train_acc=52.47 test_acc=46.93
epoch=72/300 lr=0.10000 train_acc=52.37 test_acc=46.01
epoch=73/300 lr=0.10000 train_acc=52.21 test_acc=44.70
epoch=74/300 lr=0.10000 train_acc=52.15 test_acc=47.14
epoch=75/300 lr=0.10000 train_acc=52.12 test_acc=49.42
epoch=76/300 lr=0.10000 train_acc=52.43 test_acc=50.94
epoch=77/300 lr=0.10000 train_acc=52.36 test_acc=47.08
epoch=78/300 lr=0.10000 train_acc=52.28 test_acc=47.43
epoch=79/300 lr=0.10000 train_acc=52.44 test_acc=50.40
epoch=80/300 lr=0.10000 train_acc=52.77 test_acc=45.00
epoch=81/300 lr=0.10000 train_acc=52.64 test_acc=43.59
epoch=82/300 lr=0.10000 train_acc=52.61 test_acc=44.98
epoch=83/300 lr=0.10000 train_acc=52.37 test_acc=50.84
epoch=84/300 lr=0.10000 train_acc=52.59 test_acc=49.98
epoch=85/300 lr=0.10000 train_acc=52.71 test_acc=49.86
epoch=86/300 lr=0.10000 train_acc=52.57 test_acc=45.10
epoch=87/300 lr=0.10000 train_acc=52.77 test_acc=42.31
epoch=88/300 lr=0.10000 train_acc=52.85 test_acc=48.57
epoch=89/300 lr=0.10000 train_acc=52.86 test_acc=44.66
epoch=90/300 lr=0.10000 train_acc=52.93 test_acc=44.12
epoch=91/300 lr=0.10000 train_acc=52.67 test_acc=44.53
epoch=92/300 lr=0.10000 train_acc=52.88 test_acc=48.50
epoch=93/300 lr=0.10000 train_acc=52.69 test_acc=50.61
epoch=94/300 lr=0.10000 train_acc=53.09 test_acc=43.02
epoch=95/300 lr=0.10000 train_acc=52.69 test_acc=39.09
epoch=96/300 lr=0.10000 train_acc=53.05 test_acc=45.24
epoch=97/300 lr=0.10000 train_acc=52.86 test_acc=48.47
epoch=98/300 lr=0.10000 train_acc=53.02 test_acc=47.82
epoch=99/300 lr=0.10000 train_acc=52.80 test_acc=49.50
epoch=100/300 lr=0.10000 train_acc=52.74 test_acc=45.51
epoch=101/300 lr=0.10000 train_acc=52.80 test_acc=47.35
epoch=102/300 lr=0.10000 train_acc=53.14 test_acc=49.72
epoch=103/300 lr=0.10000 train_acc=52.80 test_acc=48.01
epoch=104/300 lr=0.10000 train_acc=52.73 test_acc=45.16
epoch=105/300 lr=0.10000 train_acc=52.98 test_acc=48.29
epoch=106/300 lr=0.10000 train_acc=52.71 test_acc=45.41
epoch=107/300 lr=0.10000 train_acc=53.11 test_acc=48.75
epoch=108/300 lr=0.10000 train_acc=53.05 test_acc=48.43
epoch=109/300 lr=0.10000 train_acc=53.03 test_acc=45.79
epoch=110/300 lr=0.10000 train_acc=53.26 test_acc=48.35
epoch=111/300 lr=0.10000 train_acc=52.91 test_acc=48.17
epoch=112/300 lr=0.10000 train_acc=53.01 test_acc=48.26
epoch=113/300 lr=0.10000 train_acc=53.20 test_acc=49.85
epoch=114/300 lr=0.10000 train_acc=52.90 test_acc=43.50
epoch=115/300 lr=0.10000 train_acc=53.53 test_acc=47.36
epoch=116/300 lr=0.10000 train_acc=53.08 test_acc=43.65
epoch=117/300 lr=0.10000 train_acc=52.89 test_acc=49.20
epoch=118/300 lr=0.10000 train_acc=53.35 test_acc=49.98
epoch=119/300 lr=0.10000 train_acc=53.25 test_acc=47.42
epoch=120/300 lr=0.10000 train_acc=53.37 test_acc=45.23
epoch=121/300 lr=0.10000 train_acc=53.16 test_acc=45.86
epoch=122/300 lr=0.10000 train_acc=53.07 test_acc=50.99
epoch=123/300 lr=0.10000 train_acc=53.15 test_acc=49.27
epoch=124/300 lr=0.10000 train_acc=53.04 test_acc=50.68
epoch=125/300 lr=0.10000 train_acc=53.12 test_acc=50.50
epoch=126/300 lr=0.10000 train_acc=53.22 test_acc=46.15
epoch=127/300 lr=0.10000 train_acc=53.07 test_acc=50.42
epoch=128/300 lr=0.10000 train_acc=53.05 test_acc=48.61
epoch=129/300 lr=0.10000 train_acc=53.28 test_acc=50.86
epoch=130/300 lr=0.10000 train_acc=52.88 test_acc=48.04
epoch=131/300 lr=0.10000 train_acc=53.28 test_acc=50.99
epoch=132/300 lr=0.10000 train_acc=53.53 test_acc=42.84
epoch=133/300 lr=0.10000 train_acc=53.20 test_acc=47.23
epoch=134/300 lr=0.10000 train_acc=53.11 test_acc=45.67
epoch=135/300 lr=0.10000 train_acc=53.17 test_acc=49.84
epoch=136/300 lr=0.10000 train_acc=53.27 test_acc=49.55
epoch=137/300 lr=0.10000 train_acc=53.20 test_acc=50.09
epoch=138/300 lr=0.10000 train_acc=53.15 test_acc=47.31
epoch=139/300 lr=0.10000 train_acc=53.27 test_acc=43.00
epoch=140/300 lr=0.10000 train_acc=53.49 test_acc=49.83
epoch=141/300 lr=0.10000 train_acc=53.37 test_acc=44.66
epoch=142/300 lr=0.10000 train_acc=52.94 test_acc=52.25
epoch=143/300 lr=0.10000 train_acc=53.16 test_acc=47.72
epoch=144/300 lr=0.10000 train_acc=53.12 test_acc=52.27
epoch=145/300 lr=0.10000 train_acc=53.47 test_acc=40.45
epoch=146/300 lr=0.10000 train_acc=53.38 test_acc=49.68
epoch=147/300 lr=0.10000 train_acc=53.32 test_acc=41.55
epoch=148/300 lr=0.10000 train_acc=53.48 test_acc=38.70
epoch=149/300 lr=0.10000 train_acc=53.35 test_acc=47.76
epoch=150/300 lr=0.10000 train_acc=53.37 test_acc=46.26
epoch=151/300 lr=0.01000 train_acc=63.83 test_acc=66.43
epoch=152/300 lr=0.01000 train_acc=66.96 test_acc=67.11
epoch=153/300 lr=0.01000 train_acc=67.62 test_acc=67.65
epoch=154/300 lr=0.01000 train_acc=68.37 test_acc=68.26
epoch=155/300 lr=0.01000 train_acc=69.13 test_acc=68.48
epoch=156/300 lr=0.01000 train_acc=69.58 test_acc=68.94
epoch=157/300 lr=0.01000 train_acc=69.76 test_acc=68.10
epoch=158/300 lr=0.01000 train_acc=70.52 test_acc=68.50
epoch=159/300 lr=0.01000 train_acc=70.63 test_acc=68.49
epoch=160/300 lr=0.01000 train_acc=70.99 test_acc=68.12
epoch=161/300 lr=0.01000 train_acc=71.20 test_acc=68.54
epoch=162/300 lr=0.01000 train_acc=71.31 test_acc=68.62
epoch=163/300 lr=0.01000 train_acc=71.28 test_acc=68.85
epoch=164/300 lr=0.01000 train_acc=71.61 test_acc=68.63
epoch=165/300 lr=0.01000 train_acc=71.71 test_acc=67.94
epoch=166/300 lr=0.01000 train_acc=71.73 test_acc=67.83
epoch=167/300 lr=0.01000 train_acc=71.84 test_acc=67.33
epoch=168/300 lr=0.01000 train_acc=71.94 test_acc=68.16
epoch=169/300 lr=0.01000 train_acc=72.00 test_acc=67.91
epoch=170/300 lr=0.01000 train_acc=71.92 test_acc=67.68
epoch=171/300 lr=0.01000 train_acc=71.76 test_acc=67.11
epoch=172/300 lr=0.01000 train_acc=72.23 test_acc=68.20
epoch=173/300 lr=0.01000 train_acc=72.19 test_acc=67.64
epoch=174/300 lr=0.01000 train_acc=71.99 test_acc=67.87
epoch=175/300 lr=0.01000 train_acc=72.29 test_acc=67.41
epoch=176/300 lr=0.01000 train_acc=72.43 test_acc=66.71
epoch=177/300 lr=0.01000 train_acc=72.30 test_acc=67.50
epoch=178/300 lr=0.01000 train_acc=72.03 test_acc=68.05
epoch=179/300 lr=0.01000 train_acc=72.37 test_acc=67.52
epoch=180/300 lr=0.01000 train_acc=72.19 test_acc=66.90
epoch=181/300 lr=0.01000 train_acc=72.47 test_acc=66.83
epoch=182/300 lr=0.01000 train_acc=72.14 test_acc=65.12
epoch=183/300 lr=0.01000 train_acc=72.12 test_acc=67.41
epoch=184/300 lr=0.01000 train_acc=72.37 test_acc=67.64
epoch=185/300 lr=0.01000 train_acc=72.22 test_acc=67.37
epoch=186/300 lr=0.01000 train_acc=72.65 test_acc=67.51
epoch=187/300 lr=0.01000 train_acc=72.45 test_acc=65.72
epoch=188/300 lr=0.01000 train_acc=72.32 test_acc=67.34
epoch=189/300 lr=0.01000 train_acc=72.26 test_acc=65.53
epoch=190/300 lr=0.01000 train_acc=72.68 test_acc=67.79
epoch=191/300 lr=0.01000 train_acc=72.67 test_acc=64.64
epoch=192/300 lr=0.01000 train_acc=72.14 test_acc=65.65
epoch=193/300 lr=0.01000 train_acc=72.73 test_acc=66.56
epoch=194/300 lr=0.01000 train_acc=72.90 test_acc=67.09
epoch=195/300 lr=0.01000 train_acc=72.64 test_acc=66.90
epoch=196/300 lr=0.01000 train_acc=72.69 test_acc=65.43
epoch=197/300 lr=0.01000 train_acc=72.40 test_acc=67.00
epoch=198/300 lr=0.01000 train_acc=72.43 test_acc=66.60
epoch=199/300 lr=0.01000 train_acc=72.62 test_acc=67.51
epoch=200/300 lr=0.01000 train_acc=72.60 test_acc=64.94
epoch=201/300 lr=0.01000 train_acc=72.90 test_acc=65.02
epoch=202/300 lr=0.01000 train_acc=72.55 test_acc=66.54
epoch=203/300 lr=0.01000 train_acc=72.75 test_acc=65.63
epoch=204/300 lr=0.01000 train_acc=72.78 test_acc=67.81
epoch=205/300 lr=0.01000 train_acc=72.68 test_acc=67.65
epoch=206/300 lr=0.01000 train_acc=72.79 test_acc=64.94
epoch=207/300 lr=0.01000 train_acc=72.98 test_acc=66.25
epoch=208/300 lr=0.01000 train_acc=72.96 test_acc=64.21
epoch=209/300 lr=0.01000 train_acc=73.00 test_acc=67.19
epoch=210/300 lr=0.01000 train_acc=72.95 test_acc=64.58
epoch=211/300 lr=0.01000 train_acc=73.04 test_acc=66.17
epoch=212/300 lr=0.01000 train_acc=73.27 test_acc=65.32
epoch=213/300 lr=0.01000 train_acc=72.92 test_acc=67.56
epoch=214/300 lr=0.01000 train_acc=73.07 test_acc=66.37
epoch=215/300 lr=0.01000 train_acc=73.13 test_acc=65.96
epoch=216/300 lr=0.01000 train_acc=73.18 test_acc=65.75
epoch=217/300 lr=0.01000 train_acc=73.22 test_acc=65.34
epoch=218/300 lr=0.01000 train_acc=73.44 test_acc=67.17
epoch=219/300 lr=0.01000 train_acc=73.27 test_acc=66.62
epoch=220/300 lr=0.01000 train_acc=73.42 test_acc=65.14
epoch=221/300 lr=0.01000 train_acc=73.29 test_acc=65.60
epoch=222/300 lr=0.01000 train_acc=73.06 test_acc=67.20
epoch=223/300 lr=0.01000 train_acc=73.38 test_acc=65.88
epoch=224/300 lr=0.01000 train_acc=73.37 test_acc=67.84
epoch=225/300 lr=0.01000 train_acc=73.47 test_acc=65.93
epoch=226/300 lr=0.00100 train_acc=78.25 test_acc=71.68
epoch=227/300 lr=0.00100 train_acc=79.92 test_acc=72.22
epoch=228/300 lr=0.00100 train_acc=80.46 test_acc=72.05
epoch=229/300 lr=0.00100 train_acc=80.95 test_acc=71.94
epoch=230/300 lr=0.00100 train_acc=80.99 test_acc=71.96
epoch=231/300 lr=0.00100 train_acc=81.07 test_acc=71.74
epoch=232/300 lr=0.00100 train_acc=81.53 test_acc=72.07
epoch=233/300 lr=0.00100 train_acc=81.69 test_acc=72.15
epoch=234/300 lr=0.00100 train_acc=81.88 test_acc=72.31
epoch=235/300 lr=0.00100 train_acc=81.70 test_acc=72.31
epoch=236/300 lr=0.00100 train_acc=81.96 test_acc=72.24
epoch=237/300 lr=0.00100 train_acc=82.18 test_acc=72.19
epoch=238/300 lr=0.00100 train_acc=82.15 test_acc=72.41
epoch=239/300 lr=0.00100 train_acc=82.22 test_acc=72.37
epoch=240/300 lr=0.00100 train_acc=82.53 test_acc=72.65
epoch=241/300 lr=0.00100 train_acc=82.48 test_acc=71.84
epoch=242/300 lr=0.00100 train_acc=82.32 test_acc=72.20
epoch=243/300 lr=0.00100 train_acc=82.81 test_acc=72.18
epoch=244/300 lr=0.00100 train_acc=82.92 test_acc=72.43
epoch=245/300 lr=0.00100 train_acc=82.60 test_acc=72.16
epoch=246/300 lr=0.00100 train_acc=82.69 test_acc=72.36
epoch=247/300 lr=0.00100 train_acc=82.84 test_acc=72.42
epoch=248/300 lr=0.00100 train_acc=82.91 test_acc=72.53
epoch=249/300 lr=0.00100 train_acc=83.22 test_acc=72.27
epoch=250/300 lr=0.00100 train_acc=83.29 test_acc=72.14
epoch=251/300 lr=0.00100 train_acc=83.32 test_acc=72.16
epoch=252/300 lr=0.00100 train_acc=83.09 test_acc=71.92
epoch=253/300 lr=0.00100 train_acc=83.42 test_acc=72.23
epoch=254/300 lr=0.00100 train_acc=83.16 test_acc=72.28
epoch=255/300 lr=0.00100 train_acc=83.38 test_acc=71.90
epoch=256/300 lr=0.00100 train_acc=83.46 test_acc=72.09
epoch=257/300 lr=0.00100 train_acc=83.54 test_acc=72.59
epoch=258/300 lr=0.00100 train_acc=83.58 test_acc=72.34
epoch=259/300 lr=0.00100 train_acc=83.55 test_acc=72.53
epoch=260/300 lr=0.00100 train_acc=83.71 test_acc=72.29
epoch=261/300 lr=0.00100 train_acc=83.69 test_acc=72.33
epoch=262/300 lr=0.00100 train_acc=83.65 test_acc=72.36
epoch=263/300 lr=0.00100 train_acc=83.80 test_acc=72.35
epoch=264/300 lr=0.00100 train_acc=83.94 test_acc=72.33
epoch=265/300 lr=0.00100 train_acc=83.83 test_acc=72.11
epoch=266/300 lr=0.00100 train_acc=83.88 test_acc=71.71
epoch=267/300 lr=0.00100 train_acc=83.74 test_acc=72.03
epoch=268/300 lr=0.00100 train_acc=84.00 test_acc=72.06
epoch=269/300 lr=0.00100 train_acc=83.97 test_acc=72.07
epoch=270/300 lr=0.00100 train_acc=84.19 test_acc=71.95
epoch=271/300 lr=0.00100 train_acc=83.90 test_acc=72.49
epoch=272/300 lr=0.00100 train_acc=84.04 test_acc=71.90
epoch=273/300 lr=0.00100 train_acc=84.10 test_acc=71.67
epoch=274/300 lr=0.00100 train_acc=84.23 test_acc=72.38
epoch=275/300 lr=0.00100 train_acc=84.27 test_acc=71.74
epoch=276/300 lr=0.00100 train_acc=84.26 test_acc=71.75
epoch=277/300 lr=0.00100 train_acc=84.33 test_acc=71.67
epoch=278/300 lr=0.00100 train_acc=84.51 test_acc=71.90
epoch=279/300 lr=0.00100 train_acc=84.46 test_acc=72.08
epoch=280/300 lr=0.00100 train_acc=84.28 test_acc=71.97
epoch=281/300 lr=0.00100 train_acc=84.33 test_acc=72.30
epoch=282/300 lr=0.00100 train_acc=84.32 test_acc=72.17
epoch=283/300 lr=0.00100 train_acc=84.40 test_acc=71.86
epoch=284/300 lr=0.00100 train_acc=84.24 test_acc=72.09
epoch=285/300 lr=0.00100 train_acc=84.68 test_acc=71.84
epoch=286/300 lr=0.00100 train_acc=84.45 test_acc=71.92
epoch=287/300 lr=0.00100 train_acc=84.48 test_acc=71.85
epoch=288/300 lr=0.00100 train_acc=84.52 test_acc=71.88
epoch=289/300 lr=0.00100 train_acc=84.53 test_acc=71.79
epoch=290/300 lr=0.00100 train_acc=84.73 test_acc=71.53
epoch=291/300 lr=0.00100 train_acc=84.71 test_acc=71.62
epoch=292/300 lr=0.00100 train_acc=84.56 test_acc=71.60
epoch=293/300 lr=0.00100 train_acc=84.63 test_acc=72.04
epoch=294/300 lr=0.00100 train_acc=84.80 test_acc=72.04
epoch=295/300 lr=0.00100 train_acc=84.79 test_acc=71.92
epoch=296/300 lr=0.00100 train_acc=84.63 test_acc=71.98
epoch=297/300 lr=0.00100 train_acc=84.81 test_acc=71.72
epoch=298/300 lr=0.00100 train_acc=84.74 test_acc=71.73
epoch=299/300 lr=0.00100 train_acc=84.98 test_acc=71.71
epoch=300/300 lr=0.00100 train_acc=85.01 test_acc=71.67
{
  "best_accuracy": 72.65,
  "best_error_rate": 27.349999999999994,
  "final_accuracy": 71.67,
  "final_error_rate": 28.33,
  "elapsed_seconds": 2898.6959228515625,
  "is_paper_result": false,
  "note": "New reproduction result; compare against paper target separately."
}
start experiment=cifar100_resnet32_re_paper seed=1002
epoch=1/300 lr=0.10000 train_acc=6.15 test_acc=9.74
epoch=2/300 lr=0.10000 train_acc=12.14 test_acc=14.75
epoch=3/300 lr=0.10000 train_acc=16.89 test_acc=18.83
epoch=4/300 lr=0.10000 train_acc=21.98 test_acc=24.50
epoch=5/300 lr=0.10000 train_acc=26.74 test_acc=27.26
epoch=6/300 lr=0.10000 train_acc=31.08 test_acc=28.53
epoch=7/300 lr=0.10000 train_acc=34.40 test_acc=33.87
epoch=8/300 lr=0.10000 train_acc=36.96 test_acc=34.05
epoch=9/300 lr=0.10000 train_acc=39.62 test_acc=38.38
epoch=10/300 lr=0.10000 train_acc=40.44 test_acc=34.37
epoch=11/300 lr=0.10000 train_acc=42.00 test_acc=38.62
epoch=12/300 lr=0.10000 train_acc=43.06 test_acc=41.62
epoch=13/300 lr=0.10000 train_acc=43.81 test_acc=34.05
epoch=14/300 lr=0.10000 train_acc=44.56 test_acc=37.81
epoch=15/300 lr=0.10000 train_acc=45.19 test_acc=43.33
epoch=16/300 lr=0.10000 train_acc=46.07 test_acc=42.80
epoch=17/300 lr=0.10000 train_acc=46.30 test_acc=39.69
epoch=18/300 lr=0.10000 train_acc=46.75 test_acc=40.57
epoch=19/300 lr=0.10000 train_acc=47.03 test_acc=43.47
epoch=20/300 lr=0.10000 train_acc=47.22 test_acc=45.87
epoch=21/300 lr=0.10000 train_acc=48.07 test_acc=45.56
epoch=22/300 lr=0.10000 train_acc=47.87 test_acc=43.79
epoch=23/300 lr=0.10000 train_acc=47.88 test_acc=44.74
epoch=24/300 lr=0.10000 train_acc=48.47 test_acc=44.23
epoch=25/300 lr=0.10000 train_acc=48.94 test_acc=41.14
epoch=26/300 lr=0.10000 train_acc=49.17 test_acc=46.39
epoch=27/300 lr=0.10000 train_acc=48.98 test_acc=48.40
epoch=28/300 lr=0.10000 train_acc=48.95 test_acc=46.39
epoch=29/300 lr=0.10000 train_acc=49.48 test_acc=47.02
epoch=30/300 lr=0.10000 train_acc=49.48 test_acc=45.44
epoch=31/300 lr=0.10000 train_acc=49.80 test_acc=38.36
epoch=32/300 lr=0.10000 train_acc=49.89 test_acc=48.72
epoch=33/300 lr=0.10000 train_acc=50.12 test_acc=41.19
epoch=34/300 lr=0.10000 train_acc=50.27 test_acc=46.36
epoch=35/300 lr=0.10000 train_acc=50.31 test_acc=42.10
epoch=36/300 lr=0.10000 train_acc=50.33 test_acc=47.66
epoch=37/300 lr=0.10000 train_acc=49.88 test_acc=47.72
epoch=38/300 lr=0.10000 train_acc=50.92 test_acc=44.85
epoch=39/300 lr=0.10000 train_acc=50.69 test_acc=46.40
epoch=40/300 lr=0.10000 train_acc=50.50 test_acc=47.56
epoch=41/300 lr=0.10000 train_acc=50.81 test_acc=47.84
epoch=42/300 lr=0.10000 train_acc=50.62 test_acc=44.66
epoch=43/300 lr=0.10000 train_acc=50.82 test_acc=47.02
epoch=44/300 lr=0.10000 train_acc=50.94 test_acc=42.52
epoch=45/300 lr=0.10000 train_acc=51.23 test_acc=46.18
epoch=46/300 lr=0.10000 train_acc=50.92 test_acc=49.21
epoch=47/300 lr=0.10000 train_acc=50.90 test_acc=42.04
epoch=48/300 lr=0.10000 train_acc=51.46 test_acc=44.16
epoch=49/300 lr=0.10000 train_acc=51.12 test_acc=46.01
epoch=50/300 lr=0.10000 train_acc=51.65 test_acc=47.89
epoch=51/300 lr=0.10000 train_acc=51.30 test_acc=45.79
epoch=52/300 lr=0.10000 train_acc=51.56 test_acc=48.55
epoch=53/300 lr=0.10000 train_acc=51.68 test_acc=47.26
epoch=54/300 lr=0.10000 train_acc=51.73 test_acc=45.57
epoch=55/300 lr=0.10000 train_acc=51.52 test_acc=49.52
epoch=56/300 lr=0.10000 train_acc=51.50 test_acc=40.82
epoch=57/300 lr=0.10000 train_acc=51.67 test_acc=49.53
epoch=58/300 lr=0.10000 train_acc=51.86 test_acc=47.11
epoch=59/300 lr=0.10000 train_acc=51.50 test_acc=47.88
epoch=60/300 lr=0.10000 train_acc=51.72 test_acc=45.67
epoch=61/300 lr=0.10000 train_acc=51.91 test_acc=41.82
epoch=62/300 lr=0.10000 train_acc=51.82 test_acc=44.60
epoch=63/300 lr=0.10000 train_acc=51.96 test_acc=52.34
epoch=64/300 lr=0.10000 train_acc=51.82 test_acc=50.94
epoch=65/300 lr=0.10000 train_acc=51.95 test_acc=47.18
epoch=66/300 lr=0.10000 train_acc=51.98 test_acc=50.17
epoch=67/300 lr=0.10000 train_acc=52.06 test_acc=47.83
epoch=68/300 lr=0.10000 train_acc=52.22 test_acc=44.19
epoch=69/300 lr=0.10000 train_acc=52.03 test_acc=44.10
epoch=70/300 lr=0.10000 train_acc=52.36 test_acc=45.68
epoch=71/300 lr=0.10000 train_acc=52.34 test_acc=45.22
epoch=72/300 lr=0.10000 train_acc=52.23 test_acc=51.40
epoch=73/300 lr=0.10000 train_acc=52.14 test_acc=49.76
epoch=74/300 lr=0.10000 train_acc=51.96 test_acc=45.12
epoch=75/300 lr=0.10000 train_acc=52.61 test_acc=45.29
epoch=76/300 lr=0.10000 train_acc=52.37 test_acc=46.56
epoch=77/300 lr=0.10000 train_acc=52.48 test_acc=48.85
epoch=78/300 lr=0.10000 train_acc=52.91 test_acc=48.24
epoch=79/300 lr=0.10000 train_acc=52.51 test_acc=41.90
epoch=80/300 lr=0.10000 train_acc=52.59 test_acc=46.85
epoch=81/300 lr=0.10000 train_acc=52.92 test_acc=48.39
epoch=82/300 lr=0.10000 train_acc=52.53 test_acc=48.75
epoch=83/300 lr=0.10000 train_acc=52.57 test_acc=49.40
epoch=84/300 lr=0.10000 train_acc=52.47 test_acc=50.69
epoch=85/300 lr=0.10000 train_acc=52.74 test_acc=46.68
epoch=86/300 lr=0.10000 train_acc=52.77 test_acc=49.94
epoch=87/300 lr=0.10000 train_acc=52.40 test_acc=47.25
epoch=88/300 lr=0.10000 train_acc=52.68 test_acc=44.41
epoch=89/300 lr=0.10000 train_acc=52.70 test_acc=48.60
epoch=90/300 lr=0.10000 train_acc=52.42 test_acc=48.69
epoch=91/300 lr=0.10000 train_acc=52.51 test_acc=51.42
epoch=92/300 lr=0.10000 train_acc=52.88 test_acc=49.28
epoch=93/300 lr=0.10000 train_acc=52.88 test_acc=45.85
epoch=94/300 lr=0.10000 train_acc=53.08 test_acc=43.49
epoch=95/300 lr=0.10000 train_acc=52.48 test_acc=49.72
epoch=96/300 lr=0.10000 train_acc=52.82 test_acc=48.53
epoch=97/300 lr=0.10000 train_acc=52.78 test_acc=43.42
epoch=98/300 lr=0.10000 train_acc=52.73 test_acc=49.66
epoch=99/300 lr=0.10000 train_acc=53.04 test_acc=47.96
epoch=100/300 lr=0.10000 train_acc=52.95 test_acc=51.10
epoch=101/300 lr=0.10000 train_acc=52.64 test_acc=45.69
epoch=102/300 lr=0.10000 train_acc=53.06 test_acc=50.64
epoch=103/300 lr=0.10000 train_acc=52.97 test_acc=49.21
epoch=104/300 lr=0.10000 train_acc=52.97 test_acc=45.58
epoch=105/300 lr=0.10000 train_acc=52.84 test_acc=42.31
epoch=106/300 lr=0.10000 train_acc=52.69 test_acc=50.27
epoch=107/300 lr=0.10000 train_acc=52.72 test_acc=44.09
epoch=108/300 lr=0.10000 train_acc=53.12 test_acc=45.45
epoch=109/300 lr=0.10000 train_acc=52.63 test_acc=48.53
epoch=110/300 lr=0.10000 train_acc=53.22 test_acc=46.60
epoch=111/300 lr=0.10000 train_acc=52.76 test_acc=50.27
epoch=112/300 lr=0.10000 train_acc=53.13 test_acc=46.42
epoch=113/300 lr=0.10000 train_acc=52.95 test_acc=48.06
epoch=114/300 lr=0.10000 train_acc=53.14 test_acc=49.67
epoch=115/300 lr=0.10000 train_acc=52.92 test_acc=49.08
epoch=116/300 lr=0.10000 train_acc=53.06 test_acc=48.36
epoch=117/300 lr=0.10000 train_acc=52.82 test_acc=52.39
epoch=118/300 lr=0.10000 train_acc=53.10 test_acc=47.19
epoch=119/300 lr=0.10000 train_acc=52.82 test_acc=42.08
epoch=120/300 lr=0.10000 train_acc=53.05 test_acc=45.15
epoch=121/300 lr=0.10000 train_acc=53.16 test_acc=48.94
epoch=122/300 lr=0.10000 train_acc=52.88 test_acc=48.17
epoch=123/300 lr=0.10000 train_acc=53.24 test_acc=48.51
epoch=124/300 lr=0.10000 train_acc=52.84 test_acc=46.04
epoch=125/300 lr=0.10000 train_acc=53.59 test_acc=47.98
epoch=126/300 lr=0.10000 train_acc=53.18 test_acc=47.85
epoch=127/300 lr=0.10000 train_acc=53.01 test_acc=51.57
epoch=128/300 lr=0.10000 train_acc=53.16 test_acc=49.03
epoch=129/300 lr=0.10000 train_acc=53.22 test_acc=47.07
epoch=130/300 lr=0.10000 train_acc=53.15 test_acc=45.84
epoch=131/300 lr=0.10000 train_acc=53.12 test_acc=48.00
epoch=132/300 lr=0.10000 train_acc=53.02 test_acc=50.64
epoch=133/300 lr=0.10000 train_acc=53.14 test_acc=51.50
epoch=134/300 lr=0.10000 train_acc=53.44 test_acc=52.04
epoch=135/300 lr=0.10000 train_acc=52.98 test_acc=49.88
epoch=136/300 lr=0.10000 train_acc=53.28 test_acc=50.92
epoch=137/300 lr=0.10000 train_acc=53.23 test_acc=48.63
epoch=138/300 lr=0.10000 train_acc=53.20 test_acc=48.45
epoch=139/300 lr=0.10000 train_acc=53.28 test_acc=47.04
epoch=140/300 lr=0.10000 train_acc=53.06 test_acc=44.36
epoch=141/300 lr=0.10000 train_acc=53.24 test_acc=48.01
epoch=142/300 lr=0.10000 train_acc=53.37 test_acc=47.06
epoch=143/300 lr=0.10000 train_acc=53.39 test_acc=49.06
epoch=144/300 lr=0.10000 train_acc=53.22 test_acc=51.46
epoch=145/300 lr=0.10000 train_acc=53.18 test_acc=43.18
epoch=146/300 lr=0.10000 train_acc=53.10 test_acc=44.85
epoch=147/300 lr=0.10000 train_acc=53.63 test_acc=51.13
epoch=148/300 lr=0.10000 train_acc=53.02 test_acc=45.50
epoch=149/300 lr=0.10000 train_acc=53.73 test_acc=47.18
epoch=150/300 lr=0.10000 train_acc=53.25 test_acc=47.83
epoch=151/300 lr=0.01000 train_acc=63.32 test_acc=65.78
epoch=152/300 lr=0.01000 train_acc=66.51 test_acc=66.46
epoch=153/300 lr=0.01000 train_acc=67.48 test_acc=66.98
epoch=154/300 lr=0.01000 train_acc=68.41 test_acc=67.07
epoch=155/300 lr=0.01000 train_acc=69.16 test_acc=66.91
epoch=156/300 lr=0.01000 train_acc=69.50 test_acc=67.51
epoch=157/300 lr=0.01000 train_acc=69.85 test_acc=67.74
epoch=158/300 lr=0.01000 train_acc=70.02 test_acc=67.67
epoch=159/300 lr=0.01000 train_acc=70.46 test_acc=67.68
epoch=160/300 lr=0.01000 train_acc=70.54 test_acc=68.17
epoch=161/300 lr=0.01000 train_acc=70.83 test_acc=67.18
epoch=162/300 lr=0.01000 train_acc=70.98 test_acc=67.63
epoch=163/300 lr=0.01000 train_acc=71.25 test_acc=67.73
epoch=164/300 lr=0.01000 train_acc=71.70 test_acc=67.20
epoch=165/300 lr=0.01000 train_acc=71.75 test_acc=67.36
epoch=166/300 lr=0.01000 train_acc=71.59 test_acc=67.73
epoch=167/300 lr=0.01000 train_acc=71.71 test_acc=68.21
epoch=168/300 lr=0.01000 train_acc=71.71 test_acc=67.44
epoch=169/300 lr=0.01000 train_acc=71.95 test_acc=67.77
epoch=170/300 lr=0.01000 train_acc=71.81 test_acc=67.17
epoch=171/300 lr=0.01000 train_acc=71.96 test_acc=67.41
epoch=172/300 lr=0.01000 train_acc=72.03 test_acc=68.02
epoch=173/300 lr=0.01000 train_acc=71.92 test_acc=67.33
epoch=174/300 lr=0.01000 train_acc=72.10 test_acc=67.11
epoch=175/300 lr=0.01000 train_acc=72.29 test_acc=66.43
epoch=176/300 lr=0.01000 train_acc=72.28 test_acc=66.41
epoch=177/300 lr=0.01000 train_acc=72.01 test_acc=66.13
epoch=178/300 lr=0.01000 train_acc=72.15 test_acc=65.95
epoch=179/300 lr=0.01000 train_acc=71.88 test_acc=66.53
epoch=180/300 lr=0.01000 train_acc=72.08 test_acc=65.95
epoch=181/300 lr=0.01000 train_acc=71.99 test_acc=66.36
epoch=182/300 lr=0.01000 train_acc=71.93 test_acc=66.78
epoch=183/300 lr=0.01000 train_acc=72.23 test_acc=65.23
epoch=184/300 lr=0.01000 train_acc=72.43 test_acc=66.49
epoch=185/300 lr=0.01000 train_acc=72.18 test_acc=65.88
epoch=186/300 lr=0.01000 train_acc=72.04 test_acc=66.84
epoch=187/300 lr=0.01000 train_acc=72.21 test_acc=66.36
epoch=188/300 lr=0.01000 train_acc=72.12 test_acc=64.27
epoch=189/300 lr=0.01000 train_acc=72.36 test_acc=67.04
epoch=190/300 lr=0.01000 train_acc=72.34 test_acc=66.18
epoch=191/300 lr=0.01000 train_acc=72.21 test_acc=65.84
epoch=192/300 lr=0.01000 train_acc=72.13 test_acc=65.90
epoch=193/300 lr=0.01000 train_acc=72.47 test_acc=65.69
epoch=194/300 lr=0.01000 train_acc=72.27 test_acc=65.41
epoch=195/300 lr=0.01000 train_acc=72.36 test_acc=65.86
epoch=196/300 lr=0.01000 train_acc=72.56 test_acc=64.79
epoch=197/300 lr=0.01000 train_acc=72.73 test_acc=66.58
epoch=198/300 lr=0.01000 train_acc=72.68 test_acc=66.16
epoch=199/300 lr=0.01000 train_acc=72.28 test_acc=66.29
epoch=200/300 lr=0.01000 train_acc=72.46 test_acc=65.69
epoch=201/300 lr=0.01000 train_acc=72.31 test_acc=65.68
epoch=202/300 lr=0.01000 train_acc=72.32 test_acc=65.70
epoch=203/300 lr=0.01000 train_acc=72.59 test_acc=65.84
epoch=204/300 lr=0.01000 train_acc=72.42 test_acc=65.42
epoch=205/300 lr=0.01000 train_acc=72.30 test_acc=65.88
epoch=206/300 lr=0.01000 train_acc=72.71 test_acc=65.64
epoch=207/300 lr=0.01000 train_acc=72.95 test_acc=66.13
epoch=208/300 lr=0.01000 train_acc=72.71 test_acc=64.52
epoch=209/300 lr=0.01000 train_acc=72.77 test_acc=65.82
epoch=210/300 lr=0.01000 train_acc=72.95 test_acc=64.84
epoch=211/300 lr=0.01000 train_acc=72.87 test_acc=66.22
epoch=212/300 lr=0.01000 train_acc=72.69 test_acc=66.24
epoch=213/300 lr=0.01000 train_acc=72.97 test_acc=65.34
epoch=214/300 lr=0.01000 train_acc=73.15 test_acc=64.72
epoch=215/300 lr=0.01000 train_acc=73.10 test_acc=66.09
epoch=216/300 lr=0.01000 train_acc=73.08 test_acc=66.46
epoch=217/300 lr=0.01000 train_acc=72.80 test_acc=66.75
epoch=218/300 lr=0.01000 train_acc=73.03 test_acc=65.27
epoch=219/300 lr=0.01000 train_acc=72.97 test_acc=65.80
epoch=220/300 lr=0.01000 train_acc=72.98 test_acc=66.04
epoch=221/300 lr=0.01000 train_acc=73.16 test_acc=65.05
epoch=222/300 lr=0.01000 train_acc=73.30 test_acc=65.56
epoch=223/300 lr=0.01000 train_acc=72.91 test_acc=66.78
epoch=224/300 lr=0.01000 train_acc=72.83 test_acc=66.88
epoch=225/300 lr=0.01000 train_acc=73.21 test_acc=66.80
epoch=226/300 lr=0.00100 train_acc=78.03 test_acc=70.89
epoch=227/300 lr=0.00100 train_acc=79.70 test_acc=71.53
epoch=228/300 lr=0.00100 train_acc=80.09 test_acc=71.67
epoch=229/300 lr=0.00100 train_acc=80.59 test_acc=71.80
epoch=230/300 lr=0.00100 train_acc=81.02 test_acc=71.65
epoch=231/300 lr=0.00100 train_acc=80.86 test_acc=71.82
epoch=232/300 lr=0.00100 train_acc=81.39 test_acc=71.91
epoch=233/300 lr=0.00100 train_acc=81.29 test_acc=71.75
epoch=234/300 lr=0.00100 train_acc=81.59 test_acc=71.90
epoch=235/300 lr=0.00100 train_acc=81.65 test_acc=72.05
epoch=236/300 lr=0.00100 train_acc=82.03 test_acc=71.61
epoch=237/300 lr=0.00100 train_acc=81.91 test_acc=71.64
epoch=238/300 lr=0.00100 train_acc=81.98 test_acc=71.61
epoch=239/300 lr=0.00100 train_acc=82.02 test_acc=71.77
epoch=240/300 lr=0.00100 train_acc=82.36 test_acc=72.01
epoch=241/300 lr=0.00100 train_acc=82.25 test_acc=72.05
epoch=242/300 lr=0.00100 train_acc=82.12 test_acc=71.89
epoch=243/300 lr=0.00100 train_acc=82.76 test_acc=71.59
epoch=244/300 lr=0.00100 train_acc=82.32 test_acc=71.66
epoch=245/300 lr=0.00100 train_acc=82.77 test_acc=71.59
epoch=246/300 lr=0.00100 train_acc=82.59 test_acc=71.94
epoch=247/300 lr=0.00100 train_acc=82.93 test_acc=72.33
epoch=248/300 lr=0.00100 train_acc=82.71 test_acc=71.88
epoch=249/300 lr=0.00100 train_acc=82.95 test_acc=71.77
epoch=250/300 lr=0.00100 train_acc=82.82 test_acc=71.57
epoch=251/300 lr=0.00100 train_acc=82.91 test_acc=71.90
epoch=252/300 lr=0.00100 train_acc=83.18 test_acc=71.84
epoch=253/300 lr=0.00100 train_acc=82.92 test_acc=72.15
epoch=254/300 lr=0.00100 train_acc=83.01 test_acc=71.68
epoch=255/300 lr=0.00100 train_acc=83.41 test_acc=72.03
epoch=256/300 lr=0.00100 train_acc=83.04 test_acc=71.61
epoch=257/300 lr=0.00100 train_acc=83.23 test_acc=72.01
epoch=258/300 lr=0.00100 train_acc=83.41 test_acc=71.83
epoch=259/300 lr=0.00100 train_acc=83.45 test_acc=71.44
epoch=260/300 lr=0.00100 train_acc=83.58 test_acc=71.85
epoch=261/300 lr=0.00100 train_acc=83.58 test_acc=71.75
epoch=262/300 lr=0.00100 train_acc=83.60 test_acc=71.90
epoch=263/300 lr=0.00100 train_acc=83.68 test_acc=71.72
epoch=264/300 lr=0.00100 train_acc=83.30 test_acc=71.59
epoch=265/300 lr=0.00100 train_acc=83.69 test_acc=71.55
epoch=266/300 lr=0.00100 train_acc=83.51 test_acc=71.60
epoch=267/300 lr=0.00100 train_acc=83.32 test_acc=71.67
epoch=268/300 lr=0.00100 train_acc=83.74 test_acc=71.38
epoch=269/300 lr=0.00100 train_acc=83.75 test_acc=71.79
epoch=270/300 lr=0.00100 train_acc=84.00 test_acc=71.67
epoch=271/300 lr=0.00100 train_acc=83.77 test_acc=71.38
epoch=272/300 lr=0.00100 train_acc=83.56 test_acc=71.42
epoch=273/300 lr=0.00100 train_acc=83.81 test_acc=71.78
epoch=274/300 lr=0.00100 train_acc=83.76 test_acc=71.61
epoch=275/300 lr=0.00100 train_acc=83.60 test_acc=71.44
epoch=276/300 lr=0.00100 train_acc=84.09 test_acc=71.66
epoch=277/300 lr=0.00100 train_acc=84.03 test_acc=71.46
epoch=278/300 lr=0.00100 train_acc=84.03 test_acc=71.59
epoch=279/300 lr=0.00100 train_acc=83.82 test_acc=71.36
epoch=280/300 lr=0.00100 train_acc=83.96 test_acc=71.59
epoch=281/300 lr=0.00100 train_acc=84.05 test_acc=71.47
epoch=282/300 lr=0.00100 train_acc=84.08 test_acc=71.74
epoch=283/300 lr=0.00100 train_acc=84.23 test_acc=71.53
epoch=284/300 lr=0.00100 train_acc=84.23 test_acc=71.69
epoch=285/300 lr=0.00100 train_acc=84.30 test_acc=71.40
epoch=286/300 lr=0.00100 train_acc=84.13 test_acc=71.60
epoch=287/300 lr=0.00100 train_acc=84.53 test_acc=71.36
epoch=288/300 lr=0.00100 train_acc=84.27 test_acc=71.29
epoch=289/300 lr=0.00100 train_acc=84.32 test_acc=71.26
epoch=290/300 lr=0.00100 train_acc=84.33 test_acc=71.45
epoch=291/300 lr=0.00100 train_acc=84.40 test_acc=70.90
epoch=292/300 lr=0.00100 train_acc=84.50 test_acc=71.47
epoch=293/300 lr=0.00100 train_acc=84.32 test_acc=71.55
epoch=294/300 lr=0.00100 train_acc=84.51 test_acc=71.47
epoch=295/300 lr=0.00100 train_acc=84.52 test_acc=71.44
epoch=296/300 lr=0.00100 train_acc=84.45 test_acc=71.51
epoch=297/300 lr=0.00100 train_acc=84.26 test_acc=71.42
epoch=298/300 lr=0.00100 train_acc=84.36 test_acc=71.07
epoch=299/300 lr=0.00100 train_acc=84.63 test_acc=71.17
epoch=300/300 lr=0.00100 train_acc=84.54 test_acc=71.64
{
  "best_accuracy": 72.33,
  "best_error_rate": 27.67,
  "final_accuracy": 71.64,
  "final_error_rate": 28.36,
  "elapsed_seconds": 2895.6281130313873,
  "is_paper_result": false,
  "note": "New reproduction result; compare against paper target separately."
}
start experiment=cifar100_resnet32_re_paper seed=1003
epoch=1/300 lr=0.10000 train_acc=6.27 test_acc=9.31
epoch=2/300 lr=0.10000 train_acc=12.12 test_acc=15.36
epoch=3/300 lr=0.10000 train_acc=17.78 test_acc=15.38
epoch=4/300 lr=0.10000 train_acc=23.46 test_acc=24.18
epoch=5/300 lr=0.10000 train_acc=28.28 test_acc=27.96
epoch=6/300 lr=0.10000 train_acc=32.19 test_acc=32.90
epoch=7/300 lr=0.10000 train_acc=35.23 test_acc=32.31
epoch=8/300 lr=0.10000 train_acc=37.72 test_acc=37.35
epoch=9/300 lr=0.10000 train_acc=39.23 test_acc=35.87
epoch=10/300 lr=0.10000 train_acc=41.02 test_acc=38.11
epoch=11/300 lr=0.10000 train_acc=42.19 test_acc=39.24
epoch=12/300 lr=0.10000 train_acc=43.17 test_acc=35.21
epoch=13/300 lr=0.10000 train_acc=44.02 test_acc=40.57
epoch=14/300 lr=0.10000 train_acc=44.96 test_acc=41.81
epoch=15/300 lr=0.10000 train_acc=45.59 test_acc=43.29
epoch=16/300 lr=0.10000 train_acc=45.92 test_acc=41.79
epoch=17/300 lr=0.10000 train_acc=46.20 test_acc=43.26
epoch=18/300 lr=0.10000 train_acc=46.97 test_acc=40.76
epoch=19/300 lr=0.10000 train_acc=47.21 test_acc=44.15
epoch=20/300 lr=0.10000 train_acc=47.45 test_acc=47.01
epoch=21/300 lr=0.10000 train_acc=47.78 test_acc=43.95
epoch=22/300 lr=0.10000 train_acc=48.01 test_acc=42.60
epoch=23/300 lr=0.10000 train_acc=48.50 test_acc=45.18
epoch=24/300 lr=0.10000 train_acc=48.68 test_acc=42.96
epoch=25/300 lr=0.10000 train_acc=48.70 test_acc=45.85
epoch=26/300 lr=0.10000 train_acc=48.93 test_acc=44.86
epoch=27/300 lr=0.10000 train_acc=49.24 test_acc=48.12
epoch=28/300 lr=0.10000 train_acc=49.59 test_acc=41.39
epoch=29/300 lr=0.10000 train_acc=49.47 test_acc=42.48
epoch=30/300 lr=0.10000 train_acc=49.95 test_acc=40.94
epoch=31/300 lr=0.10000 train_acc=49.97 test_acc=47.54
epoch=32/300 lr=0.10000 train_acc=50.11 test_acc=47.28
epoch=33/300 lr=0.10000 train_acc=49.96 test_acc=44.45
epoch=34/300 lr=0.10000 train_acc=50.03 test_acc=46.59
epoch=35/300 lr=0.10000 train_acc=50.43 test_acc=43.74
epoch=36/300 lr=0.10000 train_acc=50.58 test_acc=42.33
epoch=37/300 lr=0.10000 train_acc=50.52 test_acc=43.62
epoch=38/300 lr=0.10000 train_acc=50.78 test_acc=45.68
epoch=39/300 lr=0.10000 train_acc=50.82 test_acc=48.77
epoch=40/300 lr=0.10000 train_acc=51.17 test_acc=43.44
epoch=41/300 lr=0.10000 train_acc=51.14 test_acc=42.74
epoch=42/300 lr=0.10000 train_acc=51.14 test_acc=37.43
epoch=43/300 lr=0.10000 train_acc=50.78 test_acc=47.01
epoch=44/300 lr=0.10000 train_acc=51.17 test_acc=46.14
epoch=45/300 lr=0.10000 train_acc=50.76 test_acc=47.28
epoch=46/300 lr=0.10000 train_acc=51.06 test_acc=43.51
epoch=47/300 lr=0.10000 train_acc=51.48 test_acc=46.85
epoch=48/300 lr=0.10000 train_acc=51.36 test_acc=42.16
epoch=49/300 lr=0.10000 train_acc=51.38 test_acc=45.97
epoch=50/300 lr=0.10000 train_acc=51.72 test_acc=46.25
epoch=51/300 lr=0.10000 train_acc=51.59 test_acc=41.70
epoch=52/300 lr=0.10000 train_acc=51.51 test_acc=44.32
epoch=53/300 lr=0.10000 train_acc=51.72 test_acc=46.19
epoch=54/300 lr=0.10000 train_acc=51.60 test_acc=47.05
epoch=55/300 lr=0.10000 train_acc=51.79 test_acc=47.65
epoch=56/300 lr=0.10000 train_acc=51.59 test_acc=43.41
epoch=57/300 lr=0.10000 train_acc=51.95 test_acc=48.23
epoch=58/300 lr=0.10000 train_acc=51.76 test_acc=42.59
epoch=59/300 lr=0.10000 train_acc=52.07 test_acc=42.76
epoch=60/300 lr=0.10000 train_acc=51.80 test_acc=48.14
epoch=61/300 lr=0.10000 train_acc=51.76 test_acc=45.37
epoch=62/300 lr=0.10000 train_acc=52.19 test_acc=48.57
epoch=63/300 lr=0.10000 train_acc=52.17 test_acc=50.50
epoch=64/300 lr=0.10000 train_acc=52.17 test_acc=47.16
epoch=65/300 lr=0.10000 train_acc=52.09 test_acc=41.15
epoch=66/300 lr=0.10000 train_acc=52.21 test_acc=51.83
epoch=67/300 lr=0.10000 train_acc=52.53 test_acc=48.04
epoch=68/300 lr=0.10000 train_acc=52.50 test_acc=47.71
epoch=69/300 lr=0.10000 train_acc=52.05 test_acc=47.94
epoch=70/300 lr=0.10000 train_acc=52.29 test_acc=48.58
epoch=71/300 lr=0.10000 train_acc=52.26 test_acc=43.75
epoch=72/300 lr=0.10000 train_acc=52.01 test_acc=44.64
epoch=73/300 lr=0.10000 train_acc=52.37 test_acc=44.53
epoch=74/300 lr=0.10000 train_acc=52.62 test_acc=43.95
epoch=75/300 lr=0.10000 train_acc=52.11 test_acc=37.25
epoch=76/300 lr=0.10000 train_acc=52.50 test_acc=49.35
epoch=77/300 lr=0.10000 train_acc=52.62 test_acc=52.65
epoch=78/300 lr=0.10000 train_acc=52.57 test_acc=49.79
epoch=79/300 lr=0.10000 train_acc=52.65 test_acc=36.07
epoch=80/300 lr=0.10000 train_acc=52.63 test_acc=44.44
epoch=81/300 lr=0.10000 train_acc=52.55 test_acc=51.81
epoch=82/300 lr=0.10000 train_acc=52.63 test_acc=48.56
epoch=83/300 lr=0.10000 train_acc=52.42 test_acc=45.36
epoch=84/300 lr=0.10000 train_acc=52.51 test_acc=50.71
epoch=85/300 lr=0.10000 train_acc=52.37 test_acc=48.70
epoch=86/300 lr=0.10000 train_acc=52.48 test_acc=45.03
epoch=87/300 lr=0.10000 train_acc=52.48 test_acc=51.21
epoch=88/300 lr=0.10000 train_acc=52.82 test_acc=47.76
epoch=89/300 lr=0.10000 train_acc=52.85 test_acc=49.76
epoch=90/300 lr=0.10000 train_acc=53.03 test_acc=45.65
epoch=91/300 lr=0.10000 train_acc=52.69 test_acc=49.92
epoch=92/300 lr=0.10000 train_acc=52.82 test_acc=48.48
epoch=93/300 lr=0.10000 train_acc=52.83 test_acc=49.41
epoch=94/300 lr=0.10000 train_acc=53.10 test_acc=45.08
epoch=95/300 lr=0.10000 train_acc=52.68 test_acc=46.86
epoch=96/300 lr=0.10000 train_acc=53.08 test_acc=39.49
epoch=97/300 lr=0.10000 train_acc=53.14 test_acc=39.22
epoch=98/300 lr=0.10000 train_acc=52.85 test_acc=46.07
epoch=99/300 lr=0.10000 train_acc=52.84 test_acc=43.16
epoch=100/300 lr=0.10000 train_acc=53.06 test_acc=53.12
epoch=101/300 lr=0.10000 train_acc=53.38 test_acc=50.24
epoch=102/300 lr=0.10000 train_acc=53.22 test_acc=46.57
epoch=103/300 lr=0.10000 train_acc=52.86 test_acc=48.51
epoch=104/300 lr=0.10000 train_acc=52.85 test_acc=46.36
epoch=105/300 lr=0.10000 train_acc=53.16 test_acc=45.57
epoch=106/300 lr=0.10000 train_acc=52.93 test_acc=43.93
epoch=107/300 lr=0.10000 train_acc=53.32 test_acc=47.24
epoch=108/300 lr=0.10000 train_acc=53.29 test_acc=41.16
epoch=109/300 lr=0.10000 train_acc=53.01 test_acc=46.91
epoch=110/300 lr=0.10000 train_acc=53.15 test_acc=43.00
epoch=111/300 lr=0.10000 train_acc=53.13 test_acc=45.48
epoch=112/300 lr=0.10000 train_acc=53.13 test_acc=46.61
epoch=113/300 lr=0.10000 train_acc=53.22 test_acc=44.33
epoch=114/300 lr=0.10000 train_acc=53.21 test_acc=49.71
epoch=115/300 lr=0.10000 train_acc=53.06 test_acc=50.56
epoch=116/300 lr=0.10000 train_acc=52.88 test_acc=46.97
epoch=117/300 lr=0.10000 train_acc=53.14 test_acc=48.06
epoch=118/300 lr=0.10000 train_acc=53.11 test_acc=46.58
epoch=119/300 lr=0.10000 train_acc=53.10 test_acc=49.05
epoch=120/300 lr=0.10000 train_acc=53.38 test_acc=49.85
epoch=121/300 lr=0.10000 train_acc=53.28 test_acc=49.07
epoch=122/300 lr=0.10000 train_acc=53.29 test_acc=45.97
epoch=123/300 lr=0.10000 train_acc=53.27 test_acc=48.17
epoch=124/300 lr=0.10000 train_acc=53.32 test_acc=48.57
epoch=125/300 lr=0.10000 train_acc=53.42 test_acc=45.68
epoch=126/300 lr=0.10000 train_acc=53.52 test_acc=51.48
epoch=127/300 lr=0.10000 train_acc=53.36 test_acc=53.25
epoch=128/300 lr=0.10000 train_acc=53.33 test_acc=52.55
epoch=129/300 lr=0.10000 train_acc=53.25 test_acc=51.13
epoch=130/300 lr=0.10000 train_acc=53.46 test_acc=47.96
epoch=131/300 lr=0.10000 train_acc=53.37 test_acc=50.55
epoch=132/300 lr=0.10000 train_acc=53.17 test_acc=48.93
epoch=133/300 lr=0.10000 train_acc=53.29 test_acc=38.49
epoch=134/300 lr=0.10000 train_acc=53.26 test_acc=43.97
epoch=135/300 lr=0.10000 train_acc=53.29 test_acc=46.33
epoch=136/300 lr=0.10000 train_acc=53.28 test_acc=45.96
epoch=137/300 lr=0.10000 train_acc=53.27 test_acc=42.85
epoch=138/300 lr=0.10000 train_acc=53.04 test_acc=44.60
epoch=139/300 lr=0.10000 train_acc=53.51 test_acc=46.28
epoch=140/300 lr=0.10000 train_acc=53.12 test_acc=49.22
epoch=141/300 lr=0.10000 train_acc=53.35 test_acc=45.65
epoch=142/300 lr=0.10000 train_acc=53.22 test_acc=47.22
epoch=143/300 lr=0.10000 train_acc=53.24 test_acc=49.79
epoch=144/300 lr=0.10000 train_acc=52.92 test_acc=50.27
epoch=145/300 lr=0.10000 train_acc=53.44 test_acc=45.48
epoch=146/300 lr=0.10000 train_acc=53.52 test_acc=45.66
epoch=147/300 lr=0.10000 train_acc=53.62 test_acc=48.70
epoch=148/300 lr=0.10000 train_acc=53.58 test_acc=46.74
epoch=149/300 lr=0.10000 train_acc=53.59 test_acc=48.01
epoch=150/300 lr=0.10000 train_acc=53.43 test_acc=47.09
epoch=151/300 lr=0.01000 train_acc=64.06 test_acc=66.31
epoch=152/300 lr=0.01000 train_acc=66.72 test_acc=67.20
epoch=153/300 lr=0.01000 train_acc=67.74 test_acc=67.36
epoch=154/300 lr=0.01000 train_acc=68.62 test_acc=67.88
epoch=155/300 lr=0.01000 train_acc=69.28 test_acc=68.54
epoch=156/300 lr=0.01000 train_acc=69.89 test_acc=68.58
epoch=157/300 lr=0.01000 train_acc=70.22 test_acc=68.39
epoch=158/300 lr=0.01000 train_acc=70.40 test_acc=68.91
epoch=159/300 lr=0.01000 train_acc=70.92 test_acc=68.18
epoch=160/300 lr=0.01000 train_acc=70.82 test_acc=68.13
epoch=161/300 lr=0.01000 train_acc=71.46 test_acc=68.70
epoch=162/300 lr=0.01000 train_acc=71.33 test_acc=68.64
epoch=163/300 lr=0.01000 train_acc=71.57 test_acc=68.41
epoch=164/300 lr=0.01000 train_acc=71.64 test_acc=68.25
epoch=165/300 lr=0.01000 train_acc=71.84 test_acc=68.33
epoch=166/300 lr=0.01000 train_acc=71.86 test_acc=67.95
epoch=167/300 lr=0.01000 train_acc=72.05 test_acc=67.86
epoch=168/300 lr=0.01000 train_acc=72.27 test_acc=67.71
epoch=169/300 lr=0.01000 train_acc=72.29 test_acc=67.73
epoch=170/300 lr=0.01000 train_acc=72.40 test_acc=66.89
epoch=171/300 lr=0.01000 train_acc=72.29 test_acc=67.87
epoch=172/300 lr=0.01000 train_acc=72.33 test_acc=68.26
epoch=173/300 lr=0.01000 train_acc=72.58 test_acc=67.89
epoch=174/300 lr=0.01000 train_acc=72.79 test_acc=67.74
epoch=175/300 lr=0.01000 train_acc=72.30 test_acc=67.54
epoch=176/300 lr=0.01000 train_acc=72.21 test_acc=68.23
epoch=177/300 lr=0.01000 train_acc=72.22 test_acc=67.27
epoch=178/300 lr=0.01000 train_acc=72.48 test_acc=66.92
epoch=179/300 lr=0.01000 train_acc=72.42 test_acc=67.51
epoch=180/300 lr=0.01000 train_acc=72.40 test_acc=67.95
epoch=181/300 lr=0.01000 train_acc=72.57 test_acc=67.21
epoch=182/300 lr=0.01000 train_acc=72.58 test_acc=67.18
epoch=183/300 lr=0.01000 train_acc=72.44 test_acc=67.48
epoch=184/300 lr=0.01000 train_acc=72.65 test_acc=67.32
epoch=185/300 lr=0.01000 train_acc=72.88 test_acc=66.68
epoch=186/300 lr=0.01000 train_acc=72.53 test_acc=66.60
epoch=187/300 lr=0.01000 train_acc=72.55 test_acc=67.49
epoch=188/300 lr=0.01000 train_acc=72.41 test_acc=66.78
epoch=189/300 lr=0.01000 train_acc=72.62 test_acc=66.21
epoch=190/300 lr=0.01000 train_acc=72.82 test_acc=66.13
epoch=191/300 lr=0.01000 train_acc=72.79 test_acc=65.80
epoch=192/300 lr=0.01000 train_acc=72.74 test_acc=66.55
epoch=193/300 lr=0.01000 train_acc=72.51 test_acc=66.42
epoch=194/300 lr=0.01000 train_acc=72.86 test_acc=66.18
epoch=195/300 lr=0.01000 train_acc=72.40 test_acc=66.98
epoch=196/300 lr=0.01000 train_acc=72.80 test_acc=66.47
epoch=197/300 lr=0.01000 train_acc=73.24 test_acc=66.67
epoch=198/300 lr=0.01000 train_acc=73.12 test_acc=66.16
epoch=199/300 lr=0.01000 train_acc=73.01 test_acc=65.27
epoch=200/300 lr=0.01000 train_acc=72.81 test_acc=65.19
epoch=201/300 lr=0.01000 train_acc=72.92 test_acc=65.67
epoch=202/300 lr=0.01000 train_acc=72.73 test_acc=64.89
epoch=203/300 lr=0.01000 train_acc=72.86 test_acc=65.91
epoch=204/300 lr=0.01000 train_acc=73.03 test_acc=65.25
epoch=205/300 lr=0.01000 train_acc=73.04 test_acc=67.99
epoch=206/300 lr=0.01000 train_acc=72.84 test_acc=66.44
epoch=207/300 lr=0.01000 train_acc=72.97 test_acc=65.45
epoch=208/300 lr=0.01000 train_acc=73.04 test_acc=66.24
epoch=209/300 lr=0.01000 train_acc=73.13 test_acc=66.23
epoch=210/300 lr=0.01000 train_acc=73.26 test_acc=66.39
epoch=211/300 lr=0.01000 train_acc=73.19 test_acc=64.58
epoch=212/300 lr=0.01000 train_acc=73.30 test_acc=65.95
epoch=213/300 lr=0.01000 train_acc=73.13 test_acc=67.55
epoch=214/300 lr=0.01000 train_acc=73.50 test_acc=67.37
epoch=215/300 lr=0.01000 train_acc=73.57 test_acc=66.62
epoch=216/300 lr=0.01000 train_acc=73.17 test_acc=65.21
epoch=217/300 lr=0.01000 train_acc=73.46 test_acc=66.32
epoch=218/300 lr=0.01000 train_acc=73.43 test_acc=66.71
epoch=219/300 lr=0.01000 train_acc=73.57 test_acc=65.66
epoch=220/300 lr=0.01000 train_acc=73.83 test_acc=65.84
epoch=221/300 lr=0.01000 train_acc=73.29 test_acc=67.09
epoch=222/300 lr=0.01000 train_acc=73.32 test_acc=66.91
epoch=223/300 lr=0.01000 train_acc=73.80 test_acc=66.41
epoch=224/300 lr=0.01000 train_acc=73.49 test_acc=65.57
epoch=225/300 lr=0.01000 train_acc=73.79 test_acc=65.32
epoch=226/300 lr=0.00100 train_acc=78.66 test_acc=71.94
epoch=227/300 lr=0.00100 train_acc=80.12 test_acc=72.33
epoch=228/300 lr=0.00100 train_acc=80.90 test_acc=72.48
epoch=229/300 lr=0.00100 train_acc=81.06 test_acc=72.49
epoch=230/300 lr=0.00100 train_acc=81.39 test_acc=72.62
epoch=231/300 lr=0.00100 train_acc=81.45 test_acc=72.49
epoch=232/300 lr=0.00100 train_acc=81.71 test_acc=72.52
epoch=233/300 lr=0.00100 train_acc=81.75 test_acc=72.64
epoch=234/300 lr=0.00100 train_acc=82.20 test_acc=72.55
epoch=235/300 lr=0.00100 train_acc=82.08 test_acc=72.80
epoch=236/300 lr=0.00100 train_acc=82.17 test_acc=72.52
epoch=237/300 lr=0.00100 train_acc=82.43 test_acc=72.97
epoch=238/300 lr=0.00100 train_acc=82.68 test_acc=72.54
epoch=239/300 lr=0.00100 train_acc=82.66 test_acc=72.53
epoch=240/300 lr=0.00100 train_acc=82.86 test_acc=72.43
epoch=241/300 lr=0.00100 train_acc=82.72 test_acc=72.50
epoch=242/300 lr=0.00100 train_acc=82.53 test_acc=72.34
epoch=243/300 lr=0.00100 train_acc=82.85 test_acc=72.29
epoch=244/300 lr=0.00100 train_acc=83.55 test_acc=72.52
epoch=245/300 lr=0.00100 train_acc=83.10 test_acc=72.57
epoch=246/300 lr=0.00100 train_acc=83.20 test_acc=72.43
epoch=247/300 lr=0.00100 train_acc=83.37 test_acc=72.47
epoch=248/300 lr=0.00100 train_acc=83.33 test_acc=72.34
epoch=249/300 lr=0.00100 train_acc=83.29 test_acc=72.25
epoch=250/300 lr=0.00100 train_acc=83.40 test_acc=72.40
epoch=251/300 lr=0.00100 train_acc=83.54 test_acc=72.29
epoch=252/300 lr=0.00100 train_acc=83.75 test_acc=72.63
epoch=253/300 lr=0.00100 train_acc=83.63 test_acc=72.52
epoch=254/300 lr=0.00100 train_acc=83.59 test_acc=72.35
epoch=255/300 lr=0.00100 train_acc=83.77 test_acc=72.70
epoch=256/300 lr=0.00100 train_acc=83.88 test_acc=72.62
epoch=257/300 lr=0.00100 train_acc=83.60 test_acc=72.66
epoch=258/300 lr=0.00100 train_acc=83.81 test_acc=72.39
epoch=259/300 lr=0.00100 train_acc=83.98 test_acc=72.48
epoch=260/300 lr=0.00100 train_acc=83.74 test_acc=72.37
epoch=261/300 lr=0.00100 train_acc=83.85 test_acc=72.03
epoch=262/300 lr=0.00100 train_acc=84.13 test_acc=72.31
epoch=263/300 lr=0.00100 train_acc=83.97 test_acc=72.22
epoch=264/300 lr=0.00100 train_acc=83.96 test_acc=72.18
epoch=265/300 lr=0.00100 train_acc=84.17 test_acc=72.41
epoch=266/300 lr=0.00100 train_acc=84.02 test_acc=72.44
epoch=267/300 lr=0.00100 train_acc=84.28 test_acc=72.32
epoch=268/300 lr=0.00100 train_acc=84.36 test_acc=72.10
epoch=269/300 lr=0.00100 train_acc=83.90 test_acc=72.52
epoch=270/300 lr=0.00100 train_acc=83.99 test_acc=72.43
epoch=271/300 lr=0.00100 train_acc=84.34 test_acc=72.31
epoch=272/300 lr=0.00100 train_acc=84.18 test_acc=72.26
epoch=273/300 lr=0.00100 train_acc=84.30 test_acc=72.24
epoch=274/300 lr=0.00100 train_acc=84.40 test_acc=72.16
epoch=275/300 lr=0.00100 train_acc=84.45 test_acc=72.14
epoch=276/300 lr=0.00100 train_acc=84.68 test_acc=72.46
epoch=277/300 lr=0.00100 train_acc=84.64 test_acc=72.25
epoch=278/300 lr=0.00100 train_acc=84.62 test_acc=72.24
epoch=279/300 lr=0.00100 train_acc=84.81 test_acc=71.93
epoch=280/300 lr=0.00100 train_acc=84.66 test_acc=72.03
epoch=281/300 lr=0.00100 train_acc=84.36 test_acc=71.79
epoch=282/300 lr=0.00100 train_acc=84.62 test_acc=71.58
epoch=283/300 lr=0.00100 train_acc=84.81 test_acc=72.00
epoch=284/300 lr=0.00100 train_acc=84.60 test_acc=71.98
epoch=285/300 lr=0.00100 train_acc=84.73 test_acc=72.32
epoch=286/300 lr=0.00100 train_acc=84.93 test_acc=71.88
epoch=287/300 lr=0.00100 train_acc=85.02 test_acc=72.10
epoch=288/300 lr=0.00100 train_acc=84.57 test_acc=71.72
epoch=289/300 lr=0.00100 train_acc=84.79 test_acc=72.01
epoch=290/300 lr=0.00100 train_acc=84.78 test_acc=71.76
epoch=291/300 lr=0.00100 train_acc=84.89 test_acc=72.26
epoch=292/300 lr=0.00100 train_acc=85.09 test_acc=72.03
epoch=293/300 lr=0.00100 train_acc=84.71 test_acc=72.11
epoch=294/300 lr=0.00100 train_acc=84.87 test_acc=71.83
epoch=295/300 lr=0.00100 train_acc=85.10 test_acc=71.96
epoch=296/300 lr=0.00100 train_acc=85.13 test_acc=71.88
epoch=297/300 lr=0.00100 train_acc=85.10 test_acc=71.79
epoch=298/300 lr=0.00100 train_acc=84.88 test_acc=71.74
epoch=299/300 lr=0.00100 train_acc=84.96 test_acc=71.97
epoch=300/300 lr=0.00100 train_acc=85.09 test_acc=72.04
{
  "best_accuracy": 72.97,
  "best_error_rate": 27.03,
  "final_accuracy": 72.04,
  "final_error_rate": 27.959999999999994,
  "elapsed_seconds": 2922.9992225170135,
  "is_paper_result": false,
  "note": "New reproduction result; compare against paper target separately."
}
start experiment=cifar100_resnet32_re_paper seed=1004
epoch=1/300 lr=0.10000 train_acc=6.47 test_acc=9.13
epoch=2/300 lr=0.10000 train_acc=12.25 test_acc=15.99
epoch=3/300 lr=0.10000 train_acc=17.57 test_acc=18.61
epoch=4/300 lr=0.10000 train_acc=23.01 test_acc=25.39
epoch=5/300 lr=0.10000 train_acc=28.14 test_acc=26.73
epoch=6/300 lr=0.10000 train_acc=31.70 test_acc=30.07
epoch=7/300 lr=0.10000 train_acc=34.69 test_acc=33.36
epoch=8/300 lr=0.10000 train_acc=37.45 test_acc=26.63
epoch=9/300 lr=0.10000 train_acc=39.00 test_acc=37.93
epoch=10/300 lr=0.10000 train_acc=40.50 test_acc=37.76
epoch=11/300 lr=0.10000 train_acc=41.93 test_acc=42.09
epoch=12/300 lr=0.10000 train_acc=42.61 test_acc=38.70
epoch=13/300 lr=0.10000 train_acc=43.67 test_acc=38.31
epoch=14/300 lr=0.10000 train_acc=44.57 test_acc=40.06
epoch=15/300 lr=0.10000 train_acc=45.13 test_acc=45.04
epoch=16/300 lr=0.10000 train_acc=45.76 test_acc=40.33
epoch=17/300 lr=0.10000 train_acc=46.05 test_acc=40.01
epoch=18/300 lr=0.10000 train_acc=46.79 test_acc=37.91
epoch=19/300 lr=0.10000 train_acc=47.24 test_acc=44.76
epoch=20/300 lr=0.10000 train_acc=47.19 test_acc=43.35
epoch=21/300 lr=0.10000 train_acc=47.95 test_acc=37.41
epoch=22/300 lr=0.10000 train_acc=47.81 test_acc=45.40
epoch=23/300 lr=0.10000 train_acc=47.78 test_acc=44.76
epoch=24/300 lr=0.10000 train_acc=48.58 test_acc=42.48
epoch=25/300 lr=0.10000 train_acc=48.54 test_acc=46.12
epoch=26/300 lr=0.10000 train_acc=48.83 test_acc=38.60
epoch=27/300 lr=0.10000 train_acc=48.84 test_acc=47.10
epoch=28/300 lr=0.10000 train_acc=49.39 test_acc=40.59
epoch=29/300 lr=0.10000 train_acc=49.43 test_acc=48.78
epoch=30/300 lr=0.10000 train_acc=49.61 test_acc=46.85
epoch=31/300 lr=0.10000 train_acc=49.55 test_acc=45.89
epoch=32/300 lr=0.10000 train_acc=49.90 test_acc=43.42
epoch=33/300 lr=0.10000 train_acc=49.83 test_acc=45.15
epoch=34/300 lr=0.10000 train_acc=49.97 test_acc=46.11
epoch=35/300 lr=0.10000 train_acc=50.18 test_acc=44.96
epoch=36/300 lr=0.10000 train_acc=50.02 test_acc=46.99
epoch=37/300 lr=0.10000 train_acc=50.26 test_acc=44.17
epoch=38/300 lr=0.10000 train_acc=50.56 test_acc=46.56
epoch=39/300 lr=0.10000 train_acc=50.45 test_acc=48.37
epoch=40/300 lr=0.10000 train_acc=50.67 test_acc=42.85
epoch=41/300 lr=0.10000 train_acc=50.83 test_acc=45.24
epoch=42/300 lr=0.10000 train_acc=50.60 test_acc=46.00
epoch=43/300 lr=0.10000 train_acc=50.75 test_acc=49.32
epoch=44/300 lr=0.10000 train_acc=50.98 test_acc=42.15
epoch=45/300 lr=0.10000 train_acc=50.95 test_acc=48.78
epoch=46/300 lr=0.10000 train_acc=51.42 test_acc=47.96
epoch=47/300 lr=0.10000 train_acc=51.15 test_acc=50.35
epoch=48/300 lr=0.10000 train_acc=51.43 test_acc=49.58
epoch=49/300 lr=0.10000 train_acc=51.72 test_acc=46.01
epoch=50/300 lr=0.10000 train_acc=51.62 test_acc=47.88
epoch=51/300 lr=0.10000 train_acc=51.62 test_acc=43.92
epoch=52/300 lr=0.10000 train_acc=51.37 test_acc=39.05
epoch=53/300 lr=0.10000 train_acc=51.87 test_acc=48.74
epoch=54/300 lr=0.10000 train_acc=51.46 test_acc=46.72
epoch=55/300 lr=0.10000 train_acc=51.79 test_acc=49.53
epoch=56/300 lr=0.10000 train_acc=51.84 test_acc=49.58
epoch=57/300 lr=0.10000 train_acc=51.76 test_acc=42.75
epoch=58/300 lr=0.10000 train_acc=51.97 test_acc=47.75
epoch=59/300 lr=0.10000 train_acc=51.90 test_acc=43.48
epoch=60/300 lr=0.10000 train_acc=51.99 test_acc=49.22
epoch=61/300 lr=0.10000 train_acc=52.16 test_acc=46.83
epoch=62/300 lr=0.10000 train_acc=51.79 test_acc=45.70
epoch=63/300 lr=0.10000 train_acc=51.58 test_acc=45.04
epoch=64/300 lr=0.10000 train_acc=52.29 test_acc=46.48
epoch=65/300 lr=0.10000 train_acc=52.10 test_acc=47.95
epoch=66/300 lr=0.10000 train_acc=51.89 test_acc=44.76
epoch=67/300 lr=0.10000 train_acc=52.28 test_acc=45.71
epoch=68/300 lr=0.10000 train_acc=52.07 test_acc=44.58
epoch=69/300 lr=0.10000 train_acc=52.30 test_acc=43.58
epoch=70/300 lr=0.10000 train_acc=52.09 test_acc=42.46
epoch=71/300 lr=0.10000 train_acc=52.71 test_acc=47.09
epoch=72/300 lr=0.10000 train_acc=52.03 test_acc=49.30
epoch=73/300 lr=0.10000 train_acc=52.50 test_acc=46.12
epoch=74/300 lr=0.10000 train_acc=52.33 test_acc=49.85
epoch=75/300 lr=0.10000 train_acc=52.66 test_acc=45.57
epoch=76/300 lr=0.10000 train_acc=52.35 test_acc=48.58
epoch=77/300 lr=0.10000 train_acc=52.22 test_acc=49.37
epoch=78/300 lr=0.10000 train_acc=52.12 test_acc=51.00
epoch=79/300 lr=0.10000 train_acc=52.38 test_acc=49.09
epoch=80/300 lr=0.10000 train_acc=52.14 test_acc=51.15
epoch=81/300 lr=0.10000 train_acc=52.48 test_acc=46.39
epoch=82/300 lr=0.10000 train_acc=52.04 test_acc=48.45
epoch=83/300 lr=0.10000 train_acc=52.31 test_acc=50.21
epoch=84/300 lr=0.10000 train_acc=52.50 test_acc=47.30
epoch=85/300 lr=0.10000 train_acc=52.70 test_acc=48.76
epoch=86/300 lr=0.10000 train_acc=51.94 test_acc=47.96
epoch=87/300 lr=0.10000 train_acc=52.38 test_acc=45.67
epoch=88/300 lr=0.10000 train_acc=52.58 test_acc=44.85
epoch=89/300 lr=0.10000 train_acc=52.44 test_acc=46.45
epoch=90/300 lr=0.10000 train_acc=52.67 test_acc=47.26
epoch=91/300 lr=0.10000 train_acc=52.73 test_acc=48.00
epoch=92/300 lr=0.10000 train_acc=52.64 test_acc=49.63
epoch=93/300 lr=0.10000 train_acc=52.76 test_acc=44.50
epoch=94/300 lr=0.10000 train_acc=52.62 test_acc=49.99
epoch=95/300 lr=0.10000 train_acc=52.69 test_acc=48.11
epoch=96/300 lr=0.10000 train_acc=52.64 test_acc=48.35
epoch=97/300 lr=0.10000 train_acc=52.60 test_acc=49.14
epoch=98/300 lr=0.10000 train_acc=52.87 test_acc=42.28
epoch=99/300 lr=0.10000 train_acc=52.61 test_acc=47.66
epoch=100/300 lr=0.10000 train_acc=52.85 test_acc=47.71
epoch=101/300 lr=0.10000 train_acc=52.69 test_acc=45.06
epoch=102/300 lr=0.10000 train_acc=52.94 test_acc=42.19
epoch=103/300 lr=0.10000 train_acc=52.79 test_acc=46.47
epoch=104/300 lr=0.10000 train_acc=52.93 test_acc=50.24
epoch=105/300 lr=0.10000 train_acc=52.82 test_acc=48.92
epoch=106/300 lr=0.10000 train_acc=53.08 test_acc=48.81
epoch=107/300 lr=0.10000 train_acc=53.07 test_acc=45.03
epoch=108/300 lr=0.10000 train_acc=53.18 test_acc=46.51
epoch=109/300 lr=0.10000 train_acc=52.80 test_acc=45.18
epoch=110/300 lr=0.10000 train_acc=53.08 test_acc=46.69
epoch=111/300 lr=0.10000 train_acc=53.00 test_acc=46.43
epoch=112/300 lr=0.10000 train_acc=52.86 test_acc=44.10
epoch=113/300 lr=0.10000 train_acc=52.69 test_acc=50.46
epoch=114/300 lr=0.10000 train_acc=53.11 test_acc=46.85
epoch=115/300 lr=0.10000 train_acc=53.13 test_acc=51.77
epoch=116/300 lr=0.10000 train_acc=52.85 test_acc=49.06
epoch=117/300 lr=0.10000 train_acc=53.18 test_acc=50.12
epoch=118/300 lr=0.10000 train_acc=52.99 test_acc=52.68
epoch=119/300 lr=0.10000 train_acc=53.28 test_acc=47.54
epoch=120/300 lr=0.10000 train_acc=53.15 test_acc=44.57
epoch=121/300 lr=0.10000 train_acc=53.03 test_acc=46.45
epoch=122/300 lr=0.10000 train_acc=52.89 test_acc=51.93
epoch=123/300 lr=0.10000 train_acc=53.21 test_acc=46.47
epoch=124/300 lr=0.10000 train_acc=52.99 test_acc=45.69
epoch=125/300 lr=0.10000 train_acc=52.99 test_acc=49.10
epoch=126/300 lr=0.10000 train_acc=53.27 test_acc=48.62
epoch=127/300 lr=0.10000 train_acc=53.19 test_acc=46.04
epoch=128/300 lr=0.10000 train_acc=53.13 test_acc=49.90
epoch=129/300 lr=0.10000 train_acc=53.10 test_acc=44.78
epoch=130/300 lr=0.10000 train_acc=53.01 test_acc=50.47
epoch=131/300 lr=0.10000 train_acc=53.08 test_acc=49.58
epoch=132/300 lr=0.10000 train_acc=53.04 test_acc=48.20
epoch=133/300 lr=0.10000 train_acc=52.66 test_acc=48.83
epoch=134/300 lr=0.10000 train_acc=53.16 test_acc=27.27
epoch=135/300 lr=0.10000 train_acc=53.00 test_acc=46.66
epoch=136/300 lr=0.10000 train_acc=53.52 test_acc=47.85
epoch=137/300 lr=0.10000 train_acc=53.44 test_acc=51.26
epoch=138/300 lr=0.10000 train_acc=53.29 test_acc=47.48
epoch=139/300 lr=0.10000 train_acc=53.24 test_acc=46.95
epoch=140/300 lr=0.10000 train_acc=53.19 test_acc=52.31
epoch=141/300 lr=0.10000 train_acc=53.35 test_acc=46.94
epoch=142/300 lr=0.10000 train_acc=53.21 test_acc=49.57
epoch=143/300 lr=0.10000 train_acc=53.25 test_acc=47.26
epoch=144/300 lr=0.10000 train_acc=53.77 test_acc=48.70
epoch=145/300 lr=0.10000 train_acc=53.36 test_acc=50.15
epoch=146/300 lr=0.10000 train_acc=53.22 test_acc=50.70
epoch=147/300 lr=0.10000 train_acc=53.15 test_acc=49.98
epoch=148/300 lr=0.10000 train_acc=53.33 test_acc=43.09
epoch=149/300 lr=0.10000 train_acc=53.53 test_acc=45.47
epoch=150/300 lr=0.10000 train_acc=53.37 test_acc=43.43
epoch=151/300 lr=0.01000 train_acc=64.18 test_acc=66.08
epoch=152/300 lr=0.01000 train_acc=66.75 test_acc=66.61
epoch=153/300 lr=0.01000 train_acc=67.90 test_acc=67.77
epoch=154/300 lr=0.01000 train_acc=68.83 test_acc=67.73
epoch=155/300 lr=0.01000 train_acc=68.98 test_acc=67.52
epoch=156/300 lr=0.01000 train_acc=69.64 test_acc=68.30
epoch=157/300 lr=0.01000 train_acc=70.15 test_acc=67.20
epoch=158/300 lr=0.01000 train_acc=70.28 test_acc=68.13
epoch=159/300 lr=0.01000 train_acc=70.65 test_acc=67.74
epoch=160/300 lr=0.01000 train_acc=71.08 test_acc=68.32
epoch=161/300 lr=0.01000 train_acc=71.11 test_acc=67.79
epoch=162/300 lr=0.01000 train_acc=71.54 test_acc=68.15
epoch=163/300 lr=0.01000 train_acc=71.26 test_acc=67.98
epoch=164/300 lr=0.01000 train_acc=71.65 test_acc=67.67
epoch=165/300 lr=0.01000 train_acc=71.82 test_acc=67.89
epoch=166/300 lr=0.01000 train_acc=71.99 test_acc=67.52
epoch=167/300 lr=0.01000 train_acc=71.73 test_acc=67.09
epoch=168/300 lr=0.01000 train_acc=72.04 test_acc=67.26
epoch=169/300 lr=0.01000 train_acc=71.91 test_acc=67.70
epoch=170/300 lr=0.01000 train_acc=72.01 test_acc=67.17
epoch=171/300 lr=0.01000 train_acc=72.17 test_acc=67.54
epoch=172/300 lr=0.01000 train_acc=71.74 test_acc=67.84
epoch=173/300 lr=0.01000 train_acc=72.20 test_acc=67.07
epoch=174/300 lr=0.01000 train_acc=71.98 test_acc=67.26
epoch=175/300 lr=0.01000 train_acc=72.20 test_acc=67.70
epoch=176/300 lr=0.01000 train_acc=72.16 test_acc=66.88
epoch=177/300 lr=0.01000 train_acc=72.28 test_acc=65.99
epoch=178/300 lr=0.01000 train_acc=72.18 test_acc=66.55
epoch=179/300 lr=0.01000 train_acc=72.38 test_acc=66.07
epoch=180/300 lr=0.01000 train_acc=71.96 test_acc=65.96
epoch=181/300 lr=0.01000 train_acc=72.13 test_acc=65.23
epoch=182/300 lr=0.01000 train_acc=72.42 test_acc=66.93
epoch=183/300 lr=0.01000 train_acc=72.35 test_acc=65.12
epoch=184/300 lr=0.01000 train_acc=72.20 test_acc=67.22
epoch=185/300 lr=0.01000 train_acc=72.14 test_acc=66.66
epoch=186/300 lr=0.01000 train_acc=72.22 test_acc=66.67
epoch=187/300 lr=0.01000 train_acc=72.12 test_acc=66.45
epoch=188/300 lr=0.01000 train_acc=72.37 test_acc=65.80
epoch=189/300 lr=0.01000 train_acc=72.35 test_acc=65.98
epoch=190/300 lr=0.01000 train_acc=72.06 test_acc=66.21
epoch=191/300 lr=0.01000 train_acc=72.47 test_acc=66.19
epoch=192/300 lr=0.01000 train_acc=72.29 test_acc=66.02
epoch=193/300 lr=0.01000 train_acc=72.44 test_acc=66.59
epoch=194/300 lr=0.01000 train_acc=72.41 test_acc=66.35
epoch=195/300 lr=0.01000 train_acc=72.49 test_acc=66.38
epoch=196/300 lr=0.01000 train_acc=72.22 test_acc=66.60
epoch=197/300 lr=0.01000 train_acc=72.59 test_acc=65.81
epoch=198/300 lr=0.01000 train_acc=72.61 test_acc=65.65
epoch=199/300 lr=0.01000 train_acc=72.37 test_acc=65.38
epoch=200/300 lr=0.01000 train_acc=72.67 test_acc=66.27
epoch=201/300 lr=0.01000 train_acc=72.65 test_acc=66.44
epoch=202/300 lr=0.01000 train_acc=72.55 test_acc=66.41
epoch=203/300 lr=0.01000 train_acc=72.76 test_acc=65.34
epoch=204/300 lr=0.01000 train_acc=72.89 test_acc=66.31
epoch=205/300 lr=0.01000 train_acc=72.74 test_acc=66.96
epoch=206/300 lr=0.01000 train_acc=72.74 test_acc=63.94
epoch=207/300 lr=0.01000 train_acc=72.99 test_acc=65.35
epoch=208/300 lr=0.01000 train_acc=72.69 test_acc=64.52
epoch=209/300 lr=0.01000 train_acc=72.80 test_acc=67.23
epoch=210/300 lr=0.01000 train_acc=72.99 test_acc=66.20
epoch=211/300 lr=0.01000 train_acc=72.88 test_acc=65.71
epoch=212/300 lr=0.01000 train_acc=73.09 test_acc=67.12
epoch=213/300 lr=0.01000 train_acc=72.94 test_acc=66.20
epoch=214/300 lr=0.01000 train_acc=73.22 test_acc=66.67
epoch=215/300 lr=0.01000 train_acc=72.89 test_acc=65.71
epoch=216/300 lr=0.01000 train_acc=73.27 test_acc=66.95
epoch=217/300 lr=0.01000 train_acc=73.08 test_acc=66.40
epoch=218/300 lr=0.01000 train_acc=73.33 test_acc=65.24
epoch=219/300 lr=0.01000 train_acc=73.64 test_acc=65.36
epoch=220/300 lr=0.01000 train_acc=73.21 test_acc=66.08
epoch=221/300 lr=0.01000 train_acc=73.29 test_acc=66.33
epoch=222/300 lr=0.01000 train_acc=73.24 test_acc=66.90
epoch=223/300 lr=0.01000 train_acc=73.24 test_acc=65.86
epoch=224/300 lr=0.01000 train_acc=73.20 test_acc=66.72
epoch=225/300 lr=0.01000 train_acc=73.21 test_acc=66.60
epoch=226/300 lr=0.00100 train_acc=77.99 test_acc=71.76
epoch=227/300 lr=0.00100 train_acc=79.72 test_acc=71.81
epoch=228/300 lr=0.00100 train_acc=80.48 test_acc=71.99
epoch=229/300 lr=0.00100 train_acc=80.84 test_acc=72.11
epoch=230/300 lr=0.00100 train_acc=80.97 test_acc=71.91
epoch=231/300 lr=0.00100 train_acc=81.25 test_acc=72.33
epoch=232/300 lr=0.00100 train_acc=81.37 test_acc=72.38
epoch=233/300 lr=0.00100 train_acc=81.56 test_acc=72.19
epoch=234/300 lr=0.00100 train_acc=81.82 test_acc=72.27
epoch=235/300 lr=0.00100 train_acc=81.76 test_acc=72.33
epoch=236/300 lr=0.00100 train_acc=81.83 test_acc=72.22
epoch=237/300 lr=0.00100 train_acc=82.15 test_acc=72.02
epoch=238/300 lr=0.00100 train_acc=82.13 test_acc=72.05
epoch=239/300 lr=0.00100 train_acc=82.20 test_acc=72.30
epoch=240/300 lr=0.00100 train_acc=82.40 test_acc=72.36
epoch=241/300 lr=0.00100 train_acc=82.37 test_acc=72.35
epoch=242/300 lr=0.00100 train_acc=82.27 test_acc=72.08
epoch=243/300 lr=0.00100 train_acc=82.71 test_acc=72.22
epoch=244/300 lr=0.00100 train_acc=82.84 test_acc=72.45
epoch=245/300 lr=0.00100 train_acc=82.84 test_acc=72.45
epoch=246/300 lr=0.00100 train_acc=82.78 test_acc=72.36
epoch=247/300 lr=0.00100 train_acc=82.98 test_acc=72.11
epoch=248/300 lr=0.00100 train_acc=82.80 test_acc=72.64
epoch=249/300 lr=0.00100 train_acc=82.82 test_acc=72.53
epoch=250/300 lr=0.00100 train_acc=83.17 test_acc=72.50
epoch=251/300 lr=0.00100 train_acc=83.16 test_acc=72.26
epoch=252/300 lr=0.00100 train_acc=83.11 test_acc=72.10
epoch=253/300 lr=0.00100 train_acc=83.22 test_acc=72.81
epoch=254/300 lr=0.00100 train_acc=83.43 test_acc=72.30
epoch=255/300 lr=0.00100 train_acc=83.13 test_acc=72.18
epoch=256/300 lr=0.00100 train_acc=83.64 test_acc=72.15
epoch=257/300 lr=0.00100 train_acc=83.05 test_acc=71.97
epoch=258/300 lr=0.00100 train_acc=83.60 test_acc=72.19
epoch=259/300 lr=0.00100 train_acc=83.45 test_acc=72.32
epoch=260/300 lr=0.00100 train_acc=83.63 test_acc=72.46
epoch=261/300 lr=0.00100 train_acc=83.55 test_acc=72.17
epoch=262/300 lr=0.00100 train_acc=83.71 test_acc=72.02
epoch=263/300 lr=0.00100 train_acc=83.25 test_acc=71.65
epoch=264/300 lr=0.00100 train_acc=83.96 test_acc=72.05
epoch=265/300 lr=0.00100 train_acc=83.79 test_acc=72.22
epoch=266/300 lr=0.00100 train_acc=83.74 test_acc=71.99
epoch=267/300 lr=0.00100 train_acc=83.82 test_acc=72.20
epoch=268/300 lr=0.00100 train_acc=83.79 test_acc=72.01
epoch=269/300 lr=0.00100 train_acc=83.75 test_acc=72.25
epoch=270/300 lr=0.00100 train_acc=83.90 test_acc=72.18
epoch=271/300 lr=0.00100 train_acc=84.09 test_acc=72.30
epoch=272/300 lr=0.00100 train_acc=83.81 test_acc=71.98
epoch=273/300 lr=0.00100 train_acc=84.14 test_acc=71.79
epoch=274/300 lr=0.00100 train_acc=83.93 test_acc=71.94
epoch=275/300 lr=0.00100 train_acc=83.82 test_acc=71.89
epoch=276/300 lr=0.00100 train_acc=84.12 test_acc=71.72
epoch=277/300 lr=0.00100 train_acc=84.03 test_acc=71.81
epoch=278/300 lr=0.00100 train_acc=84.17 test_acc=72.13
epoch=279/300 lr=0.00100 train_acc=84.16 test_acc=71.84
epoch=280/300 lr=0.00100 train_acc=84.29 test_acc=72.01
epoch=281/300 lr=0.00100 train_acc=84.30 test_acc=71.90
epoch=282/300 lr=0.00100 train_acc=84.19 test_acc=71.94
epoch=283/300 lr=0.00100 train_acc=84.10 test_acc=71.98
epoch=284/300 lr=0.00100 train_acc=84.27 test_acc=72.04
epoch=285/300 lr=0.00100 train_acc=84.35 test_acc=72.02
epoch=286/300 lr=0.00100 train_acc=84.22 test_acc=71.83
epoch=287/300 lr=0.00100 train_acc=84.24 test_acc=72.26
epoch=288/300 lr=0.00100 train_acc=84.15 test_acc=72.28
epoch=289/300 lr=0.00100 train_acc=84.28 test_acc=71.57
epoch=290/300 lr=0.00100 train_acc=84.35 test_acc=71.71
epoch=291/300 lr=0.00100 train_acc=84.55 test_acc=72.27
epoch=292/300 lr=0.00100 train_acc=84.51 test_acc=72.04
epoch=293/300 lr=0.00100 train_acc=84.65 test_acc=72.01
epoch=294/300 lr=0.00100 train_acc=84.74 test_acc=71.97
epoch=295/300 lr=0.00100 train_acc=84.28 test_acc=71.56
epoch=296/300 lr=0.00100 train_acc=84.75 test_acc=71.59
epoch=297/300 lr=0.00100 train_acc=84.53 test_acc=72.12
epoch=298/300 lr=0.00100 train_acc=84.66 test_acc=72.36
epoch=299/300 lr=0.00100 train_acc=84.53 test_acc=71.88
epoch=300/300 lr=0.00100 train_acc=84.36 test_acc=71.75
{
  "best_accuracy": 72.81,
  "best_error_rate": 27.189999999999998,
  "final_accuracy": 71.75,
  "final_error_rate": 28.25,
  "elapsed_seconds": 2876.557713031769,
  "is_paper_result": false,
  "note": "New reproduction result; compare against paper target separately."
}
start experiment=cifar100_resnet32_re_paper seed=1005
epoch=1/300 lr=0.10000 train_acc=6.43 test_acc=9.84
epoch=2/300 lr=0.10000 train_acc=12.02 test_acc=13.41
epoch=3/300 lr=0.10000 train_acc=16.47 test_acc=18.64
epoch=4/300 lr=0.10000 train_acc=21.72 test_acc=25.12
epoch=5/300 lr=0.10000 train_acc=26.70 test_acc=22.41
epoch=6/300 lr=0.10000 train_acc=31.03 test_acc=32.63
epoch=7/300 lr=0.10000 train_acc=34.48 test_acc=26.68
epoch=8/300 lr=0.10000 train_acc=36.89 test_acc=31.54
epoch=9/300 lr=0.10000 train_acc=38.76 test_acc=36.67
epoch=10/300 lr=0.10000 train_acc=40.45 test_acc=29.09
epoch=11/300 lr=0.10000 train_acc=41.80 test_acc=40.11
epoch=12/300 lr=0.10000 train_acc=43.12 test_acc=39.84
epoch=13/300 lr=0.10000 train_acc=43.70 test_acc=40.27
epoch=14/300 lr=0.10000 train_acc=44.56 test_acc=43.76
epoch=15/300 lr=0.10000 train_acc=45.33 test_acc=43.01
epoch=16/300 lr=0.10000 train_acc=46.23 test_acc=39.06
epoch=17/300 lr=0.10000 train_acc=46.36 test_acc=44.52
epoch=18/300 lr=0.10000 train_acc=46.59 test_acc=39.92
epoch=19/300 lr=0.10000 train_acc=47.04 test_acc=46.31
epoch=20/300 lr=0.10000 train_acc=47.25 test_acc=43.07
epoch=21/300 lr=0.10000 train_acc=47.42 test_acc=45.07
epoch=22/300 lr=0.10000 train_acc=47.70 test_acc=45.75
epoch=23/300 lr=0.10000 train_acc=48.38 test_acc=46.53
epoch=24/300 lr=0.10000 train_acc=48.48 test_acc=46.85
epoch=25/300 lr=0.10000 train_acc=48.42 test_acc=45.92
epoch=26/300 lr=0.10000 train_acc=48.89 test_acc=46.96
epoch=27/300 lr=0.10000 train_acc=48.87 test_acc=45.83
epoch=28/300 lr=0.10000 train_acc=49.43 test_acc=46.35
epoch=29/300 lr=0.10000 train_acc=49.39 test_acc=47.78
epoch=30/300 lr=0.10000 train_acc=49.45 test_acc=43.46
epoch=31/300 lr=0.10000 train_acc=49.62 test_acc=47.24
epoch=32/300 lr=0.10000 train_acc=49.78 test_acc=45.92
epoch=33/300 lr=0.10000 train_acc=49.79 test_acc=45.11
epoch=34/300 lr=0.10000 train_acc=50.10 test_acc=46.29
epoch=35/300 lr=0.10000 train_acc=49.96 test_acc=49.33
epoch=36/300 lr=0.10000 train_acc=50.25 test_acc=49.12
epoch=37/300 lr=0.10000 train_acc=50.09 test_acc=48.82
epoch=38/300 lr=0.10000 train_acc=50.56 test_acc=49.11
epoch=39/300 lr=0.10000 train_acc=50.35 test_acc=46.53
epoch=40/300 lr=0.10000 train_acc=50.47 test_acc=49.95
epoch=41/300 lr=0.10000 train_acc=50.61 test_acc=46.74
epoch=42/300 lr=0.10000 train_acc=50.69 test_acc=45.41
epoch=43/300 lr=0.10000 train_acc=51.08 test_acc=44.89
epoch=44/300 lr=0.10000 train_acc=51.29 test_acc=51.18
epoch=45/300 lr=0.10000 train_acc=51.22 test_acc=46.06
epoch=46/300 lr=0.10000 train_acc=51.24 test_acc=46.76
epoch=47/300 lr=0.10000 train_acc=50.93 test_acc=48.88
epoch=48/300 lr=0.10000 train_acc=51.35 test_acc=47.67
epoch=49/300 lr=0.10000 train_acc=51.23 test_acc=48.46
epoch=50/300 lr=0.10000 train_acc=51.37 test_acc=44.65
epoch=51/300 lr=0.10000 train_acc=51.33 test_acc=47.06
epoch=52/300 lr=0.10000 train_acc=51.70 test_acc=43.63
epoch=53/300 lr=0.10000 train_acc=51.67 test_acc=46.58
epoch=54/300 lr=0.10000 train_acc=51.55 test_acc=39.54
epoch=55/300 lr=0.10000 train_acc=51.53 test_acc=46.94
epoch=56/300 lr=0.10000 train_acc=51.69 test_acc=44.85
epoch=57/300 lr=0.10000 train_acc=51.38 test_acc=46.46
epoch=58/300 lr=0.10000 train_acc=51.54 test_acc=46.01
epoch=59/300 lr=0.10000 train_acc=51.68 test_acc=44.93
epoch=60/300 lr=0.10000 train_acc=51.76 test_acc=45.27
epoch=61/300 lr=0.10000 train_acc=51.93 test_acc=48.24
epoch=62/300 lr=0.10000 train_acc=51.81 test_acc=47.19
epoch=63/300 lr=0.10000 train_acc=51.79 test_acc=49.62
epoch=64/300 lr=0.10000 train_acc=51.38 test_acc=51.85
epoch=65/300 lr=0.10000 train_acc=52.12 test_acc=47.13
epoch=66/300 lr=0.10000 train_acc=51.91 test_acc=45.70
epoch=67/300 lr=0.10000 train_acc=51.93 test_acc=47.28
epoch=68/300 lr=0.10000 train_acc=52.02 test_acc=51.77
epoch=69/300 lr=0.10000 train_acc=52.41 test_acc=42.19
epoch=70/300 lr=0.10000 train_acc=52.11 test_acc=44.89
epoch=71/300 lr=0.10000 train_acc=51.89 test_acc=48.65
epoch=72/300 lr=0.10000 train_acc=52.18 test_acc=45.57
epoch=73/300 lr=0.10000 train_acc=52.07 test_acc=45.86
epoch=74/300 lr=0.10000 train_acc=51.88 test_acc=40.95
epoch=75/300 lr=0.10000 train_acc=52.20 test_acc=47.41
epoch=76/300 lr=0.10000 train_acc=52.25 test_acc=50.23
epoch=77/300 lr=0.10000 train_acc=52.30 test_acc=41.24
epoch=78/300 lr=0.10000 train_acc=52.60 test_acc=40.53
epoch=79/300 lr=0.10000 train_acc=52.34 test_acc=47.58
epoch=80/300 lr=0.10000 train_acc=52.38 test_acc=46.92
epoch=81/300 lr=0.10000 train_acc=52.39 test_acc=46.57
epoch=82/300 lr=0.10000 train_acc=52.61 test_acc=46.89
epoch=83/300 lr=0.10000 train_acc=52.11 test_acc=50.61
epoch=84/300 lr=0.10000 train_acc=52.32 test_acc=47.94
epoch=85/300 lr=0.10000 train_acc=52.35 test_acc=48.19
epoch=86/300 lr=0.10000 train_acc=52.43 test_acc=49.33
epoch=87/300 lr=0.10000 train_acc=52.65 test_acc=47.81
epoch=88/300 lr=0.10000 train_acc=52.31 test_acc=47.18
epoch=89/300 lr=0.10000 train_acc=52.12 test_acc=48.07
epoch=90/300 lr=0.10000 train_acc=52.40 test_acc=50.50
epoch=91/300 lr=0.10000 train_acc=52.38 test_acc=50.63
epoch=92/300 lr=0.10000 train_acc=52.60 test_acc=47.38
epoch=93/300 lr=0.10000 train_acc=52.95 test_acc=41.24
epoch=94/300 lr=0.10000 train_acc=52.52 test_acc=47.08
epoch=95/300 lr=0.10000 train_acc=52.46 test_acc=50.58
epoch=96/300 lr=0.10000 train_acc=52.57 test_acc=46.38
epoch=97/300 lr=0.10000 train_acc=52.80 test_acc=51.02
epoch=98/300 lr=0.10000 train_acc=52.51 test_acc=47.96
epoch=99/300 lr=0.10000 train_acc=52.75 test_acc=47.78
epoch=100/300 lr=0.10000 train_acc=52.62 test_acc=47.64
epoch=101/300 lr=0.10000 train_acc=52.67 test_acc=47.56
epoch=102/300 lr=0.10000 train_acc=52.80 test_acc=46.72
epoch=103/300 lr=0.10000 train_acc=52.66 test_acc=47.96
epoch=104/300 lr=0.10000 train_acc=52.97 test_acc=45.93
epoch=105/300 lr=0.10000 train_acc=53.02 test_acc=50.32
epoch=106/300 lr=0.10000 train_acc=52.64 test_acc=47.89
epoch=107/300 lr=0.10000 train_acc=52.81 test_acc=49.68
epoch=108/300 lr=0.10000 train_acc=52.78 test_acc=48.36
epoch=109/300 lr=0.10000 train_acc=52.91 test_acc=42.00
epoch=110/300 lr=0.10000 train_acc=52.75 test_acc=47.68
epoch=111/300 lr=0.10000 train_acc=53.11 test_acc=48.25
epoch=112/300 lr=0.10000 train_acc=53.18 test_acc=43.64
epoch=113/300 lr=0.10000 train_acc=52.49 test_acc=49.91
epoch=114/300 lr=0.10000 train_acc=52.92 test_acc=46.21
epoch=115/300 lr=0.10000 train_acc=52.95 test_acc=48.96
epoch=116/300 lr=0.10000 train_acc=53.27 test_acc=49.28
epoch=117/300 lr=0.10000 train_acc=52.49 test_acc=51.52
epoch=118/300 lr=0.10000 train_acc=53.07 test_acc=50.99
epoch=119/300 lr=0.10000 train_acc=52.69 test_acc=51.45
epoch=120/300 lr=0.10000 train_acc=52.87 test_acc=48.47
epoch=121/300 lr=0.10000 train_acc=53.14 test_acc=49.98
epoch=122/300 lr=0.10000 train_acc=52.50 test_acc=46.16
epoch=123/300 lr=0.10000 train_acc=53.35 test_acc=52.53
epoch=124/300 lr=0.10000 train_acc=53.15 test_acc=51.38
epoch=125/300 lr=0.10000 train_acc=53.03 test_acc=42.90
epoch=126/300 lr=0.10000 train_acc=53.24 test_acc=46.78
epoch=127/300 lr=0.10000 train_acc=52.87 test_acc=38.97
epoch=128/300 lr=0.10000 train_acc=52.86 test_acc=49.06
epoch=129/300 lr=0.10000 train_acc=53.27 test_acc=47.52
epoch=130/300 lr=0.10000 train_acc=52.73 test_acc=49.38
epoch=131/300 lr=0.10000 train_acc=53.46 test_acc=43.38
epoch=132/300 lr=0.10000 train_acc=52.88 test_acc=48.68
epoch=133/300 lr=0.10000 train_acc=52.86 test_acc=46.06
epoch=134/300 lr=0.10000 train_acc=53.04 test_acc=44.12
epoch=135/300 lr=0.10000 train_acc=53.23 test_acc=44.75
epoch=136/300 lr=0.10000 train_acc=53.16 test_acc=48.36
epoch=137/300 lr=0.10000 train_acc=53.08 test_acc=50.34
epoch=138/300 lr=0.10000 train_acc=53.03 test_acc=51.46
epoch=139/300 lr=0.10000 train_acc=52.91 test_acc=46.18
epoch=140/300 lr=0.10000 train_acc=53.08 test_acc=44.48
epoch=141/300 lr=0.10000 train_acc=53.05 test_acc=48.80
epoch=142/300 lr=0.10000 train_acc=53.36 test_acc=48.38
epoch=143/300 lr=0.10000 train_acc=53.19 test_acc=47.04
epoch=144/300 lr=0.10000 train_acc=53.28 test_acc=47.53
epoch=145/300 lr=0.10000 train_acc=53.28 test_acc=51.25
epoch=146/300 lr=0.10000 train_acc=53.13 test_acc=46.14
epoch=147/300 lr=0.10000 train_acc=53.19 test_acc=44.57
epoch=148/300 lr=0.10000 train_acc=53.47 test_acc=44.35
epoch=149/300 lr=0.10000 train_acc=53.18 test_acc=45.67
epoch=150/300 lr=0.10000 train_acc=53.60 test_acc=50.02
epoch=151/300 lr=0.01000 train_acc=63.43 test_acc=66.20
epoch=152/300 lr=0.01000 train_acc=66.43 test_acc=66.78
epoch=153/300 lr=0.01000 train_acc=67.88 test_acc=67.60
epoch=154/300 lr=0.01000 train_acc=68.85 test_acc=67.47
epoch=155/300 lr=0.01000 train_acc=69.07 test_acc=68.07
epoch=156/300 lr=0.01000 train_acc=69.35 test_acc=68.32
epoch=157/300 lr=0.01000 train_acc=69.77 test_acc=67.91
epoch=158/300 lr=0.01000 train_acc=70.02 test_acc=68.17
epoch=159/300 lr=0.01000 train_acc=70.55 test_acc=68.29
epoch=160/300 lr=0.01000 train_acc=71.06 test_acc=68.23
epoch=161/300 lr=0.01000 train_acc=70.95 test_acc=67.90
epoch=162/300 lr=0.01000 train_acc=71.21 test_acc=67.67
epoch=163/300 lr=0.01000 train_acc=71.43 test_acc=67.94
epoch=164/300 lr=0.01000 train_acc=71.46 test_acc=68.62
epoch=165/300 lr=0.01000 train_acc=71.51 test_acc=67.65
epoch=166/300 lr=0.01000 train_acc=71.77 test_acc=68.63
epoch=167/300 lr=0.01000 train_acc=71.74 test_acc=66.89
epoch=168/300 lr=0.01000 train_acc=71.89 test_acc=67.98
epoch=169/300 lr=0.01000 train_acc=71.69 test_acc=67.63
epoch=170/300 lr=0.01000 train_acc=71.79 test_acc=66.63
epoch=171/300 lr=0.01000 train_acc=72.23 test_acc=67.82
epoch=172/300 lr=0.01000 train_acc=71.92 test_acc=66.54
epoch=173/300 lr=0.01000 train_acc=71.97 test_acc=66.36
epoch=174/300 lr=0.01000 train_acc=72.04 test_acc=67.24
epoch=175/300 lr=0.01000 train_acc=72.51 test_acc=66.39
epoch=176/300 lr=0.01000 train_acc=72.10 test_acc=67.03
epoch=177/300 lr=0.01000 train_acc=72.19 test_acc=66.95
epoch=178/300 lr=0.01000 train_acc=72.22 test_acc=66.99
epoch=179/300 lr=0.01000 train_acc=72.21 test_acc=66.61
epoch=180/300 lr=0.01000 train_acc=72.35 test_acc=66.17
epoch=181/300 lr=0.01000 train_acc=72.25 test_acc=67.27
epoch=182/300 lr=0.01000 train_acc=72.25 test_acc=66.74
epoch=183/300 lr=0.01000 train_acc=72.41 test_acc=65.66
epoch=184/300 lr=0.01000 train_acc=72.43 test_acc=66.24
epoch=185/300 lr=0.01000 train_acc=72.08 test_acc=66.17
epoch=186/300 lr=0.01000 train_acc=72.22 test_acc=65.59
epoch=187/300 lr=0.01000 train_acc=72.15 test_acc=66.28
epoch=188/300 lr=0.01000 train_acc=72.32 test_acc=66.78
epoch=189/300 lr=0.01000 train_acc=72.18 test_acc=67.82
epoch=190/300 lr=0.01000 train_acc=72.13 test_acc=64.83
epoch=191/300 lr=0.01000 train_acc=72.42 test_acc=66.37
epoch=192/300 lr=0.01000 train_acc=72.27 test_acc=67.15
epoch=193/300 lr=0.01000 train_acc=72.53 test_acc=66.19
epoch=194/300 lr=0.01000 train_acc=72.42 test_acc=67.18
epoch=195/300 lr=0.01000 train_acc=72.89 test_acc=65.71
epoch=196/300 lr=0.01000 train_acc=72.52 test_acc=66.14
epoch=197/300 lr=0.01000 train_acc=72.47 test_acc=66.85
epoch=198/300 lr=0.01000 train_acc=72.37 test_acc=66.33
epoch=199/300 lr=0.01000 train_acc=72.49 test_acc=66.17
epoch=200/300 lr=0.01000 train_acc=72.44 test_acc=65.69
epoch=201/300 lr=0.01000 train_acc=72.41 test_acc=66.73
epoch=202/300 lr=0.01000 train_acc=72.59 test_acc=66.62
epoch=203/300 lr=0.01000 train_acc=72.64 test_acc=66.35
epoch=204/300 lr=0.01000 train_acc=72.67 test_acc=65.03
epoch=205/300 lr=0.01000 train_acc=72.47 test_acc=65.76
epoch=206/300 lr=0.01000 train_acc=72.73 test_acc=66.82
epoch=207/300 lr=0.01000 train_acc=72.49 test_acc=66.83
epoch=208/300 lr=0.01000 train_acc=73.10 test_acc=66.40
epoch=209/300 lr=0.01000 train_acc=72.75 test_acc=64.45
epoch=210/300 lr=0.01000 train_acc=72.80 test_acc=65.26
epoch=211/300 lr=0.01000 train_acc=72.70 test_acc=66.08
epoch=212/300 lr=0.01000 train_acc=72.71 test_acc=66.70
epoch=213/300 lr=0.01000 train_acc=73.15 test_acc=66.77
epoch=214/300 lr=0.01000 train_acc=73.00 test_acc=66.28
epoch=215/300 lr=0.01000 train_acc=72.92 test_acc=66.38
epoch=216/300 lr=0.01000 train_acc=72.70 test_acc=65.69
epoch=217/300 lr=0.01000 train_acc=73.01 test_acc=65.15
epoch=218/300 lr=0.01000 train_acc=73.16 test_acc=66.61
epoch=219/300 lr=0.01000 train_acc=73.04 test_acc=66.27
epoch=220/300 lr=0.01000 train_acc=73.00 test_acc=65.82
epoch=221/300 lr=0.01000 train_acc=73.14 test_acc=65.46
epoch=222/300 lr=0.01000 train_acc=73.40 test_acc=64.37
epoch=223/300 lr=0.01000 train_acc=73.26 test_acc=66.47
epoch=224/300 lr=0.01000 train_acc=73.18 test_acc=65.70
epoch=225/300 lr=0.01000 train_acc=73.13 test_acc=65.53
epoch=226/300 lr=0.00100 train_acc=78.01 test_acc=71.36
epoch=227/300 lr=0.00100 train_acc=79.77 test_acc=71.33
epoch=228/300 lr=0.00100 train_acc=80.05 test_acc=71.41
epoch=229/300 lr=0.00100 train_acc=80.67 test_acc=71.78
epoch=230/300 lr=0.00100 train_acc=80.88 test_acc=71.69
epoch=231/300 lr=0.00100 train_acc=81.40 test_acc=72.09
epoch=232/300 lr=0.00100 train_acc=81.53 test_acc=71.79
epoch=233/300 lr=0.00100 train_acc=81.53 test_acc=71.80
epoch=234/300 lr=0.00100 train_acc=81.85 test_acc=71.67
epoch=235/300 lr=0.00100 train_acc=81.60 test_acc=71.79
epoch=236/300 lr=0.00100 train_acc=81.57 test_acc=71.71
epoch=237/300 lr=0.00100 train_acc=81.95 test_acc=71.60
epoch=238/300 lr=0.00100 train_acc=82.00 test_acc=71.85
epoch=239/300 lr=0.00100 train_acc=82.13 test_acc=71.92
epoch=240/300 lr=0.00100 train_acc=82.31 test_acc=71.88
epoch=241/300 lr=0.00100 train_acc=82.37 test_acc=71.81
epoch=242/300 lr=0.00100 train_acc=82.52 test_acc=72.04
epoch=243/300 lr=0.00100 train_acc=82.43 test_acc=71.65
epoch=244/300 lr=0.00100 train_acc=82.65 test_acc=72.13
epoch=245/300 lr=0.00100 train_acc=82.58 test_acc=72.03
epoch=246/300 lr=0.00100 train_acc=82.71 test_acc=71.99
epoch=247/300 lr=0.00100 train_acc=82.85 test_acc=71.91
epoch=248/300 lr=0.00100 train_acc=82.74 test_acc=72.02
epoch=249/300 lr=0.00100 train_acc=82.95 test_acc=71.91
epoch=250/300 lr=0.00100 train_acc=83.09 test_acc=71.85
epoch=251/300 lr=0.00100 train_acc=83.10 test_acc=71.84
epoch=252/300 lr=0.00100 train_acc=83.19 test_acc=71.98
epoch=253/300 lr=0.00100 train_acc=83.32 test_acc=71.76
epoch=254/300 lr=0.00100 train_acc=83.17 test_acc=71.92
epoch=255/300 lr=0.00100 train_acc=83.14 test_acc=71.54
epoch=256/300 lr=0.00100 train_acc=83.53 test_acc=71.89
epoch=257/300 lr=0.00100 train_acc=83.21 test_acc=71.89
epoch=258/300 lr=0.00100 train_acc=83.28 test_acc=71.86
epoch=259/300 lr=0.00100 train_acc=83.44 test_acc=71.89
epoch=260/300 lr=0.00100 train_acc=83.49 test_acc=71.78
epoch=261/300 lr=0.00100 train_acc=83.40 test_acc=72.03
epoch=262/300 lr=0.00100 train_acc=83.65 test_acc=71.51
epoch=263/300 lr=0.00100 train_acc=83.60 test_acc=71.77
epoch=264/300 lr=0.00100 train_acc=83.63 test_acc=71.67
epoch=265/300 lr=0.00100 train_acc=83.61 test_acc=71.84
epoch=266/300 lr=0.00100 train_acc=83.79 test_acc=71.67
epoch=267/300 lr=0.00100 train_acc=83.78 test_acc=71.61
epoch=268/300 lr=0.00100 train_acc=83.84 test_acc=71.86
epoch=269/300 lr=0.00100 train_acc=83.82 test_acc=71.73
epoch=270/300 lr=0.00100 train_acc=83.81 test_acc=71.73
epoch=271/300 lr=0.00100 train_acc=83.83 test_acc=71.50
epoch=272/300 lr=0.00100 train_acc=83.94 test_acc=71.83
epoch=273/300 lr=0.00100 train_acc=84.05 test_acc=71.56
epoch=274/300 lr=0.00100 train_acc=84.20 test_acc=71.89
epoch=275/300 lr=0.00100 train_acc=84.18 test_acc=71.88
epoch=276/300 lr=0.00100 train_acc=84.12 test_acc=71.71
epoch=277/300 lr=0.00100 train_acc=84.23 test_acc=71.74
epoch=278/300 lr=0.00100 train_acc=84.26 test_acc=71.86
epoch=279/300 lr=0.00100 train_acc=84.19 test_acc=71.54
epoch=280/300 lr=0.00100 train_acc=84.29 test_acc=71.98
epoch=281/300 lr=0.00100 train_acc=84.08 test_acc=71.54
epoch=282/300 lr=0.00100 train_acc=84.33 test_acc=72.00
epoch=283/300 lr=0.00100 train_acc=84.38 test_acc=71.45
epoch=284/300 lr=0.00100 train_acc=84.23 test_acc=71.89
epoch=285/300 lr=0.00100 train_acc=84.30 test_acc=71.22
epoch=286/300 lr=0.00100 train_acc=84.63 test_acc=71.79
epoch=287/300 lr=0.00100 train_acc=84.58 test_acc=71.73
epoch=288/300 lr=0.00100 train_acc=84.62 test_acc=71.60
epoch=289/300 lr=0.00100 train_acc=84.74 test_acc=71.80
epoch=290/300 lr=0.00100 train_acc=84.50 test_acc=71.67
epoch=291/300 lr=0.00100 train_acc=84.56 test_acc=71.65
epoch=292/300 lr=0.00100 train_acc=84.54 test_acc=71.67
epoch=293/300 lr=0.00100 train_acc=84.44 test_acc=71.42
epoch=294/300 lr=0.00100 train_acc=84.66 test_acc=71.59
epoch=295/300 lr=0.00100 train_acc=84.43 test_acc=71.76
epoch=296/300 lr=0.00100 train_acc=84.77 test_acc=71.59
epoch=297/300 lr=0.00100 train_acc=84.79 test_acc=71.65
epoch=298/300 lr=0.00100 train_acc=84.87 test_acc=71.36
epoch=299/300 lr=0.00100 train_acc=84.92 test_acc=71.77
epoch=300/300 lr=0.00100 train_acc=84.75 test_acc=71.54
{
  "best_accuracy": 72.13,
  "best_error_rate": 27.870000000000005,
  "final_accuracy": 71.54,
  "final_error_rate": 28.459999999999994,
  "elapsed_seconds": 2954.3966991901398,
  "is_paper_result": false,
  "note": "New reproduction result; compare against paper target separately."
}
{
  "experiment": "cifar100_resnet32_re_paper",
  "seeds": [
    1001,
    1002,
    1003,
    1004,
    1005
  ],
  "smoke": false,
  "is_paper_result": false,
  "best_error_rate": {
    "values": [
      27.349999999999994,
      27.67,
      27.03,
      27.189999999999998,
      27.870000000000005
    ],
    "mean": 27.422,
    "population_std": 0.30818176454813345,
    "sample_std": 0.34455768747773063
  },
  "final_error_rate": {
    "values": [
      28.33,
      28.36,
      27.959999999999994,
      28.25,
      28.459999999999994
    ],
    "mean": 28.272,
    "population_std": 0.16987053894068932,
    "sample_std": 0.18992103622295323
  },
  "note": "New reproduction aggregate; paper does not state best-vs-final or std convention."
}
start experiment=fashionmnist_resnet32_baseline seed=1001
epoch=1/300 lr=0.10000 train_acc=71.86 test_acc=76.54
epoch=2/300 lr=0.10000 train_acc=85.70 test_acc=83.23
epoch=3/300 lr=0.10000 train_acc=87.40 test_acc=88.83
epoch=4/300 lr=0.10000 train_acc=88.35 test_acc=88.15
epoch=5/300 lr=0.10000 train_acc=88.96 test_acc=88.90
epoch=6/300 lr=0.10000 train_acc=89.03 test_acc=88.78
epoch=7/300 lr=0.10000 train_acc=89.36 test_acc=88.87
epoch=8/300 lr=0.10000 train_acc=89.62 test_acc=87.78
epoch=9/300 lr=0.10000 train_acc=89.79 test_acc=38.62
epoch=10/300 lr=0.10000 train_acc=89.80 test_acc=86.36
epoch=11/300 lr=0.10000 train_acc=89.90 test_acc=87.85
epoch=12/300 lr=0.10000 train_acc=89.80 test_acc=85.44
epoch=13/300 lr=0.10000 train_acc=90.13 test_acc=87.75
epoch=14/300 lr=0.10000 train_acc=90.24 test_acc=89.74
epoch=15/300 lr=0.10000 train_acc=90.40 test_acc=89.11
epoch=16/300 lr=0.10000 train_acc=90.46 test_acc=85.83
epoch=17/300 lr=0.10000 train_acc=90.28 test_acc=83.11
epoch=18/300 lr=0.10000 train_acc=90.53 test_acc=88.92
epoch=19/300 lr=0.10000 train_acc=90.62 test_acc=87.74
epoch=20/300 lr=0.10000 train_acc=90.73 test_acc=89.17
epoch=21/300 lr=0.10000 train_acc=90.73 test_acc=88.65
epoch=22/300 lr=0.10000 train_acc=90.96 test_acc=90.68
epoch=23/300 lr=0.10000 train_acc=90.80 test_acc=83.07
epoch=24/300 lr=0.10000 train_acc=90.91 test_acc=88.05
epoch=25/300 lr=0.10000 train_acc=90.92 test_acc=84.73
epoch=26/300 lr=0.10000 train_acc=91.23 test_acc=90.71
epoch=27/300 lr=0.10000 train_acc=91.24 test_acc=87.78
epoch=28/300 lr=0.10000 train_acc=91.09 test_acc=90.21
epoch=29/300 lr=0.10000 train_acc=91.11 test_acc=85.46
epoch=30/300 lr=0.10000 train_acc=91.25 test_acc=88.80
epoch=31/300 lr=0.10000 train_acc=91.16 test_acc=89.20
epoch=32/300 lr=0.10000 train_acc=91.11 test_acc=90.79
epoch=33/300 lr=0.10000 train_acc=91.27 test_acc=89.98
epoch=34/300 lr=0.10000 train_acc=91.04 test_acc=89.67
epoch=35/300 lr=0.10000 train_acc=91.23 test_acc=90.74
epoch=36/300 lr=0.10000 train_acc=91.20 test_acc=90.90
epoch=37/300 lr=0.10000 train_acc=91.36 test_acc=91.84
epoch=38/300 lr=0.10000 train_acc=91.15 test_acc=91.26
epoch=39/300 lr=0.10000 train_acc=91.44 test_acc=88.30
epoch=40/300 lr=0.10000 train_acc=91.42 test_acc=89.34
epoch=41/300 lr=0.10000 train_acc=91.44 test_acc=90.31
epoch=42/300 lr=0.10000 train_acc=91.33 test_acc=85.00
epoch=43/300 lr=0.10000 train_acc=91.27 test_acc=91.59
epoch=44/300 lr=0.10000 train_acc=91.55 test_acc=91.46
epoch=45/300 lr=0.10000 train_acc=91.42 test_acc=89.93
epoch=46/300 lr=0.10000 train_acc=91.42 test_acc=89.47
epoch=47/300 lr=0.10000 train_acc=91.48 test_acc=90.72
epoch=48/300 lr=0.10000 train_acc=91.56 test_acc=90.11
epoch=49/300 lr=0.10000 train_acc=91.51 test_acc=88.11
epoch=50/300 lr=0.10000 train_acc=91.44 test_acc=75.24
epoch=51/300 lr=0.10000 train_acc=91.53 test_acc=90.32
epoch=52/300 lr=0.10000 train_acc=91.52 test_acc=88.35
epoch=53/300 lr=0.10000 train_acc=91.59 test_acc=89.04
epoch=54/300 lr=0.10000 train_acc=91.62 test_acc=89.44
epoch=55/300 lr=0.10000 train_acc=91.51 test_acc=91.19
epoch=56/300 lr=0.10000 train_acc=91.70 test_acc=90.08
epoch=57/300 lr=0.10000 train_acc=91.53 test_acc=90.22
epoch=58/300 lr=0.10000 train_acc=91.69 test_acc=90.69
epoch=59/300 lr=0.10000 train_acc=91.73 test_acc=91.17
epoch=60/300 lr=0.10000 train_acc=91.53 test_acc=89.44
epoch=61/300 lr=0.10000 train_acc=91.56 test_acc=88.12
epoch=62/300 lr=0.10000 train_acc=91.61 test_acc=91.10
epoch=63/300 lr=0.10000 train_acc=91.70 test_acc=89.39
epoch=64/300 lr=0.10000 train_acc=91.53 test_acc=89.07
epoch=65/300 lr=0.10000 train_acc=91.70 test_acc=88.19
epoch=66/300 lr=0.10000 train_acc=91.63 test_acc=91.10
epoch=67/300 lr=0.10000 train_acc=91.41 test_acc=89.73
epoch=68/300 lr=0.10000 train_acc=91.60 test_acc=91.11
epoch=69/300 lr=0.10000 train_acc=91.53 test_acc=90.88
epoch=70/300 lr=0.10000 train_acc=91.63 test_acc=90.94
epoch=71/300 lr=0.10000 train_acc=91.62 test_acc=90.16
epoch=72/300 lr=0.10000 train_acc=91.73 test_acc=90.75
epoch=73/300 lr=0.10000 train_acc=91.64 test_acc=88.60
epoch=74/300 lr=0.10000 train_acc=91.63 test_acc=90.16
epoch=75/300 lr=0.10000 train_acc=91.73 test_acc=90.72
epoch=76/300 lr=0.10000 train_acc=91.52 test_acc=90.15
epoch=77/300 lr=0.10000 train_acc=91.58 test_acc=88.39
epoch=78/300 lr=0.10000 train_acc=91.78 test_acc=91.63
epoch=79/300 lr=0.10000 train_acc=91.69 test_acc=87.23
epoch=80/300 lr=0.10000 train_acc=91.57 test_acc=88.32
epoch=81/300 lr=0.10000 train_acc=91.68 test_acc=90.61
epoch=82/300 lr=0.10000 train_acc=91.50 test_acc=90.79
epoch=83/300 lr=0.10000 train_acc=91.86 test_acc=90.97
epoch=84/300 lr=0.10000 train_acc=91.80 test_acc=92.09
epoch=85/300 lr=0.10000 train_acc=91.61 test_acc=90.63
epoch=86/300 lr=0.10000 train_acc=91.77 test_acc=91.23
epoch=87/300 lr=0.10000 train_acc=91.80 test_acc=91.45
epoch=88/300 lr=0.10000 train_acc=91.65 test_acc=91.93
epoch=89/300 lr=0.10000 train_acc=91.67 test_acc=87.31
epoch=90/300 lr=0.10000 train_acc=91.66 test_acc=91.70
epoch=91/300 lr=0.10000 train_acc=91.80 test_acc=65.32
epoch=92/300 lr=0.10000 train_acc=91.75 test_acc=88.96
epoch=93/300 lr=0.10000 train_acc=91.69 test_acc=85.63
epoch=94/300 lr=0.10000 train_acc=91.60 test_acc=89.34
epoch=95/300 lr=0.10000 train_acc=91.74 test_acc=90.28
epoch=96/300 lr=0.10000 train_acc=91.69 test_acc=88.91
epoch=97/300 lr=0.10000 train_acc=91.68 test_acc=90.29
epoch=98/300 lr=0.10000 train_acc=91.65 test_acc=90.42
epoch=99/300 lr=0.10000 train_acc=91.71 test_acc=91.42
epoch=100/300 lr=0.10000 train_acc=91.73 test_acc=89.55
epoch=101/300 lr=0.10000 train_acc=91.64 test_acc=90.47
epoch=102/300 lr=0.10000 train_acc=91.78 test_acc=91.52
epoch=103/300 lr=0.10000 train_acc=91.65 test_acc=89.39
epoch=104/300 lr=0.10000 train_acc=91.59 test_acc=90.79
epoch=105/300 lr=0.10000 train_acc=91.55 test_acc=91.38
epoch=106/300 lr=0.10000 train_acc=91.83 test_acc=91.17
epoch=107/300 lr=0.10000 train_acc=91.67 test_acc=92.06
epoch=108/300 lr=0.10000 train_acc=91.87 test_acc=89.66
epoch=109/300 lr=0.10000 train_acc=91.81 test_acc=92.04
epoch=110/300 lr=0.10000 train_acc=91.73 test_acc=91.13
epoch=111/300 lr=0.10000 train_acc=91.83 test_acc=89.78
epoch=112/300 lr=0.10000 train_acc=91.82 test_acc=89.86
epoch=113/300 lr=0.10000 train_acc=91.72 test_acc=90.38
epoch=114/300 lr=0.10000 train_acc=91.70 test_acc=89.89
epoch=115/300 lr=0.10000 train_acc=91.75 test_acc=91.67
epoch=116/300 lr=0.10000 train_acc=91.83 test_acc=90.90
epoch=117/300 lr=0.10000 train_acc=91.67 test_acc=86.47
epoch=118/300 lr=0.10000 train_acc=91.83 test_acc=89.68
epoch=119/300 lr=0.10000 train_acc=91.95 test_acc=89.42
epoch=120/300 lr=0.10000 train_acc=91.78 test_acc=89.69
epoch=121/300 lr=0.10000 train_acc=91.80 test_acc=90.69
epoch=122/300 lr=0.10000 train_acc=91.70 test_acc=91.61
epoch=123/300 lr=0.10000 train_acc=91.91 test_acc=91.80
epoch=124/300 lr=0.10000 train_acc=91.82 test_acc=91.90
epoch=125/300 lr=0.10000 train_acc=91.72 test_acc=88.63
epoch=126/300 lr=0.10000 train_acc=91.77 test_acc=90.55
epoch=127/300 lr=0.10000 train_acc=91.61 test_acc=90.99
epoch=128/300 lr=0.10000 train_acc=91.85 test_acc=91.70
epoch=129/300 lr=0.10000 train_acc=91.89 test_acc=87.14
epoch=130/300 lr=0.10000 train_acc=91.85 test_acc=91.51
epoch=131/300 lr=0.10000 train_acc=91.76 test_acc=91.70
epoch=132/300 lr=0.10000 train_acc=91.73 test_acc=91.30
epoch=133/300 lr=0.10000 train_acc=91.80 test_acc=89.82
epoch=134/300 lr=0.10000 train_acc=91.76 test_acc=90.86
epoch=135/300 lr=0.10000 train_acc=91.79 test_acc=89.69
epoch=136/300 lr=0.10000 train_acc=91.72 test_acc=91.75
epoch=137/300 lr=0.10000 train_acc=91.57 test_acc=89.32
epoch=138/300 lr=0.10000 train_acc=91.75 test_acc=88.79
epoch=139/300 lr=0.10000 train_acc=91.71 test_acc=85.99
epoch=140/300 lr=0.10000 train_acc=91.78 test_acc=91.36
epoch=141/300 lr=0.10000 train_acc=91.85 test_acc=91.68
epoch=142/300 lr=0.10000 train_acc=91.67 test_acc=90.54
epoch=143/300 lr=0.10000 train_acc=91.85 test_acc=89.94
epoch=144/300 lr=0.10000 train_acc=91.94 test_acc=90.63
epoch=145/300 lr=0.10000 train_acc=91.72 test_acc=88.62
epoch=146/300 lr=0.10000 train_acc=91.82 test_acc=88.14
epoch=147/300 lr=0.10000 train_acc=91.73 test_acc=89.71
epoch=148/300 lr=0.10000 train_acc=91.67 test_acc=86.91
epoch=149/300 lr=0.10000 train_acc=91.93 test_acc=91.76
epoch=150/300 lr=0.10000 train_acc=91.88 test_acc=91.40
epoch=151/300 lr=0.01000 train_acc=94.06 test_acc=93.94
epoch=152/300 lr=0.01000 train_acc=94.75 test_acc=94.31
epoch=153/300 lr=0.01000 train_acc=94.82 test_acc=94.05
epoch=154/300 lr=0.01000 train_acc=95.06 test_acc=94.25
epoch=155/300 lr=0.01000 train_acc=95.19 test_acc=94.12
epoch=156/300 lr=0.01000 train_acc=95.29 test_acc=94.29
epoch=157/300 lr=0.01000 train_acc=95.41 test_acc=94.48
epoch=158/300 lr=0.01000 train_acc=95.40 test_acc=94.48
epoch=159/300 lr=0.01000 train_acc=95.56 test_acc=94.36
epoch=160/300 lr=0.01000 train_acc=95.62 test_acc=94.70
epoch=161/300 lr=0.01000 train_acc=95.52 test_acc=94.24
epoch=162/300 lr=0.01000 train_acc=95.67 test_acc=94.14
epoch=163/300 lr=0.01000 train_acc=95.75 test_acc=94.33
epoch=164/300 lr=0.01000 train_acc=95.73 test_acc=94.14
epoch=165/300 lr=0.01000 train_acc=95.88 test_acc=94.52
epoch=166/300 lr=0.01000 train_acc=95.71 test_acc=94.04
epoch=167/300 lr=0.01000 train_acc=95.77 test_acc=94.57
epoch=168/300 lr=0.01000 train_acc=95.92 test_acc=94.32
epoch=169/300 lr=0.01000 train_acc=95.83 test_acc=94.24
epoch=170/300 lr=0.01000 train_acc=95.84 test_acc=94.34
epoch=171/300 lr=0.01000 train_acc=96.02 test_acc=94.17
epoch=172/300 lr=0.01000 train_acc=95.92 test_acc=94.06
epoch=173/300 lr=0.01000 train_acc=95.89 test_acc=94.28
epoch=174/300 lr=0.01000 train_acc=95.89 test_acc=94.14
epoch=175/300 lr=0.01000 train_acc=95.97 test_acc=93.80
epoch=176/300 lr=0.01000 train_acc=95.83 test_acc=94.15
epoch=177/300 lr=0.01000 train_acc=95.91 test_acc=94.46
epoch=178/300 lr=0.01000 train_acc=95.99 test_acc=94.21
epoch=179/300 lr=0.01000 train_acc=95.89 test_acc=94.30
epoch=180/300 lr=0.01000 train_acc=96.00 test_acc=93.63
epoch=181/300 lr=0.01000 train_acc=95.84 test_acc=93.84
epoch=182/300 lr=0.01000 train_acc=95.95 test_acc=94.01
epoch=183/300 lr=0.01000 train_acc=96.05 test_acc=93.60
epoch=184/300 lr=0.01000 train_acc=96.07 test_acc=93.51
epoch=185/300 lr=0.01000 train_acc=96.08 test_acc=94.37
epoch=186/300 lr=0.01000 train_acc=95.90 test_acc=93.83
epoch=187/300 lr=0.01000 train_acc=95.95 test_acc=94.35
epoch=188/300 lr=0.01000 train_acc=95.99 test_acc=94.20
epoch=189/300 lr=0.01000 train_acc=95.93 test_acc=94.35
epoch=190/300 lr=0.01000 train_acc=95.99 test_acc=94.20
epoch=191/300 lr=0.01000 train_acc=95.99 test_acc=94.42
epoch=192/300 lr=0.01000 train_acc=96.10 test_acc=94.38
epoch=193/300 lr=0.01000 train_acc=96.07 test_acc=94.29
epoch=194/300 lr=0.01000 train_acc=95.99 test_acc=94.09
epoch=195/300 lr=0.01000 train_acc=96.03 test_acc=93.31
epoch=196/300 lr=0.01000 train_acc=96.14 test_acc=93.67
epoch=197/300 lr=0.01000 train_acc=96.17 test_acc=93.59
epoch=198/300 lr=0.01000 train_acc=96.08 test_acc=94.09
epoch=199/300 lr=0.01000 train_acc=96.22 test_acc=94.46
epoch=200/300 lr=0.01000 train_acc=95.98 test_acc=93.91
epoch=201/300 lr=0.01000 train_acc=96.23 test_acc=94.16
epoch=202/300 lr=0.01000 train_acc=96.19 test_acc=94.39
epoch=203/300 lr=0.01000 train_acc=96.17 test_acc=94.12
epoch=204/300 lr=0.01000 train_acc=96.35 test_acc=94.05
epoch=205/300 lr=0.01000 train_acc=96.26 test_acc=93.80
epoch=206/300 lr=0.01000 train_acc=96.13 test_acc=94.44
epoch=207/300 lr=0.01000 train_acc=96.24 test_acc=94.22
epoch=208/300 lr=0.01000 train_acc=96.24 test_acc=93.95
epoch=209/300 lr=0.01000 train_acc=96.17 test_acc=94.55
epoch=210/300 lr=0.01000 train_acc=96.25 test_acc=94.01
epoch=211/300 lr=0.01000 train_acc=96.36 test_acc=94.19
epoch=212/300 lr=0.01000 train_acc=96.34 test_acc=94.30
epoch=213/300 lr=0.01000 train_acc=96.26 test_acc=93.97
epoch=214/300 lr=0.01000 train_acc=96.21 test_acc=94.29
epoch=215/300 lr=0.01000 train_acc=96.36 test_acc=94.42
epoch=216/300 lr=0.01000 train_acc=96.23 test_acc=93.66
epoch=217/300 lr=0.01000 train_acc=96.09 test_acc=94.08
epoch=218/300 lr=0.01000 train_acc=96.43 test_acc=94.10
epoch=219/300 lr=0.01000 train_acc=96.32 test_acc=94.67
epoch=220/300 lr=0.01000 train_acc=96.30 test_acc=94.42
epoch=221/300 lr=0.01000 train_acc=96.32 test_acc=94.22
epoch=222/300 lr=0.01000 train_acc=96.26 test_acc=94.10
epoch=223/300 lr=0.01000 train_acc=96.47 test_acc=93.60
epoch=224/300 lr=0.01000 train_acc=96.43 test_acc=94.11
epoch=225/300 lr=0.01000 train_acc=96.33 test_acc=94.57
epoch=226/300 lr=0.00100 train_acc=97.51 test_acc=95.11
epoch=227/300 lr=0.00100 train_acc=97.88 test_acc=95.05
epoch=228/300 lr=0.00100 train_acc=98.14 test_acc=95.14
epoch=229/300 lr=0.00100 train_acc=98.20 test_acc=95.06
epoch=230/300 lr=0.00100 train_acc=98.35 test_acc=94.90
epoch=231/300 lr=0.00100 train_acc=98.38 test_acc=94.99
epoch=232/300 lr=0.00100 train_acc=98.44 test_acc=94.95
epoch=233/300 lr=0.00100 train_acc=98.45 test_acc=95.20
epoch=234/300 lr=0.00100 train_acc=98.59 test_acc=95.07
epoch=235/300 lr=0.00100 train_acc=98.57 test_acc=95.19
epoch=236/300 lr=0.00100 train_acc=98.64 test_acc=95.17
epoch=237/300 lr=0.00100 train_acc=98.60 test_acc=95.10
epoch=238/300 lr=0.00100 train_acc=98.67 test_acc=94.89
epoch=239/300 lr=0.00100 train_acc=98.72 test_acc=95.12
epoch=240/300 lr=0.00100 train_acc=98.73 test_acc=95.05
epoch=241/300 lr=0.00100 train_acc=98.75 test_acc=94.96
epoch=242/300 lr=0.00100 train_acc=98.85 test_acc=94.97
epoch=243/300 lr=0.00100 train_acc=98.81 test_acc=94.98
epoch=244/300 lr=0.00100 train_acc=98.89 test_acc=94.98
epoch=245/300 lr=0.00100 train_acc=98.84 test_acc=94.91
epoch=246/300 lr=0.00100 train_acc=98.94 test_acc=94.97
epoch=247/300 lr=0.00100 train_acc=98.90 test_acc=95.10
epoch=248/300 lr=0.00100 train_acc=98.91 test_acc=95.00
epoch=249/300 lr=0.00100 train_acc=99.00 test_acc=94.95
epoch=250/300 lr=0.00100 train_acc=98.97 test_acc=95.00
epoch=251/300 lr=0.00100 train_acc=99.01 test_acc=94.85
epoch=252/300 lr=0.00100 train_acc=99.00 test_acc=94.95
epoch=253/300 lr=0.00100 train_acc=98.94 test_acc=94.87
epoch=254/300 lr=0.00100 train_acc=99.05 test_acc=94.81
epoch=255/300 lr=0.00100 train_acc=98.99 test_acc=94.85
epoch=256/300 lr=0.00100 train_acc=98.99 test_acc=94.78
epoch=257/300 lr=0.00100 train_acc=99.10 test_acc=94.94
epoch=258/300 lr=0.00100 train_acc=99.06 test_acc=94.79
epoch=259/300 lr=0.00100 train_acc=99.09 test_acc=95.08
epoch=260/300 lr=0.00100 train_acc=99.15 test_acc=94.91
epoch=261/300 lr=0.00100 train_acc=99.13 test_acc=94.78
epoch=262/300 lr=0.00100 train_acc=99.17 test_acc=94.78
epoch=263/300 lr=0.00100 train_acc=99.20 test_acc=94.94
epoch=264/300 lr=0.00100 train_acc=99.20 test_acc=94.99
epoch=265/300 lr=0.00100 train_acc=99.20 test_acc=95.12
epoch=266/300 lr=0.00100 train_acc=99.15 test_acc=94.91
epoch=267/300 lr=0.00100 train_acc=99.21 test_acc=95.00
epoch=268/300 lr=0.00100 train_acc=99.25 test_acc=95.07
epoch=269/300 lr=0.00100 train_acc=99.25 test_acc=94.97
epoch=270/300 lr=0.00100 train_acc=99.17 test_acc=95.05
epoch=271/300 lr=0.00100 train_acc=99.22 test_acc=94.94
epoch=272/300 lr=0.00100 train_acc=99.28 test_acc=94.88
epoch=273/300 lr=0.00100 train_acc=99.25 test_acc=94.95
epoch=274/300 lr=0.00100 train_acc=99.22 test_acc=95.00
epoch=275/300 lr=0.00100 train_acc=99.29 test_acc=94.82
epoch=276/300 lr=0.00100 train_acc=99.31 test_acc=95.00
epoch=277/300 lr=0.00100 train_acc=99.31 test_acc=95.01
epoch=278/300 lr=0.00100 train_acc=99.31 test_acc=95.02
epoch=279/300 lr=0.00100 train_acc=99.22 test_acc=94.87
epoch=280/300 lr=0.00100 train_acc=99.27 test_acc=95.00
epoch=281/300 lr=0.00100 train_acc=99.33 test_acc=94.82
epoch=282/300 lr=0.00100 train_acc=99.32 test_acc=94.93
epoch=283/300 lr=0.00100 train_acc=99.29 test_acc=94.88
epoch=284/300 lr=0.00100 train_acc=99.28 test_acc=94.76
epoch=285/300 lr=0.00100 train_acc=99.34 test_acc=95.07
epoch=286/300 lr=0.00100 train_acc=99.31 test_acc=94.79
epoch=287/300 lr=0.00100 train_acc=99.38 test_acc=94.87
epoch=288/300 lr=0.00100 train_acc=99.34 test_acc=95.01
epoch=289/300 lr=0.00100 train_acc=99.35 test_acc=94.87
epoch=290/300 lr=0.00100 train_acc=99.40 test_acc=94.98
epoch=291/300 lr=0.00100 train_acc=99.31 test_acc=94.93
epoch=292/300 lr=0.00100 train_acc=99.40 test_acc=94.88
epoch=293/300 lr=0.00100 train_acc=99.35 test_acc=94.99
epoch=294/300 lr=0.00100 train_acc=99.34 test_acc=94.60
epoch=295/300 lr=0.00100 train_acc=99.38 test_acc=94.78
epoch=296/300 lr=0.00100 train_acc=99.36 test_acc=94.98
epoch=297/300 lr=0.00100 train_acc=99.37 test_acc=94.83
epoch=298/300 lr=0.00100 train_acc=99.36 test_acc=94.87
epoch=299/300 lr=0.00100 train_acc=99.46 test_acc=94.91
epoch=300/300 lr=0.00100 train_acc=99.35 test_acc=94.71
{
  "best_accuracy": 95.2,
  "best_error_rate": 4.799999999999997,
  "final_accuracy": 94.71,
  "final_error_rate": 5.290000000000006,
  "elapsed_seconds": 3232.3353519439697,
  "is_paper_result": false,
  "note": "New reproduction result; compare against paper target separately."
}
start experiment=fashionmnist_resnet32_baseline seed=1002
epoch=1/300 lr=0.10000 train_acc=74.13 test_acc=80.21
epoch=2/300 lr=0.10000 train_acc=85.50 test_acc=87.76
epoch=3/300 lr=0.10000 train_acc=87.53 test_acc=89.20
epoch=4/300 lr=0.10000 train_acc=88.48 test_acc=88.07
epoch=5/300 lr=0.10000 train_acc=88.89 test_acc=86.36
epoch=6/300 lr=0.10000 train_acc=89.19 test_acc=86.85
epoch=7/300 lr=0.10000 train_acc=89.35 test_acc=85.18
epoch=8/300 lr=0.10000 train_acc=89.52 test_acc=88.14
epoch=9/300 lr=0.10000 train_acc=89.78 test_acc=88.07
epoch=10/300 lr=0.10000 train_acc=89.94 test_acc=86.65
epoch=11/300 lr=0.10000 train_acc=90.03 test_acc=88.84
epoch=12/300 lr=0.10000 train_acc=90.10 test_acc=89.43
epoch=13/300 lr=0.10000 train_acc=90.27 test_acc=90.13
epoch=14/300 lr=0.10000 train_acc=90.49 test_acc=87.93
epoch=15/300 lr=0.10000 train_acc=90.52 test_acc=89.96
epoch=16/300 lr=0.10000 train_acc=90.43 test_acc=89.81
epoch=17/300 lr=0.10000 train_acc=90.68 test_acc=69.16
epoch=18/300 lr=0.10000 train_acc=90.79 test_acc=91.08
epoch=19/300 lr=0.10000 train_acc=90.67 test_acc=90.33
epoch=20/300 lr=0.10000 train_acc=90.66 test_acc=89.55
epoch=21/300 lr=0.10000 train_acc=90.91 test_acc=90.55
epoch=22/300 lr=0.10000 train_acc=90.96 test_acc=89.71
epoch=23/300 lr=0.10000 train_acc=90.95 test_acc=88.00
epoch=24/300 lr=0.10000 train_acc=90.87 test_acc=90.16
epoch=25/300 lr=0.10000 train_acc=91.09 test_acc=90.43
epoch=26/300 lr=0.10000 train_acc=91.08 test_acc=90.86
epoch=27/300 lr=0.10000 train_acc=91.06 test_acc=90.94
epoch=28/300 lr=0.10000 train_acc=91.11 test_acc=86.03
epoch=29/300 lr=0.10000 train_acc=91.05 test_acc=90.47
epoch=30/300 lr=0.10000 train_acc=91.17 test_acc=88.46
epoch=31/300 lr=0.10000 train_acc=91.18 test_acc=87.84
epoch=32/300 lr=0.10000 train_acc=91.08 test_acc=91.01
epoch=33/300 lr=0.10000 train_acc=91.25 test_acc=90.17
epoch=34/300 lr=0.10000 train_acc=91.18 test_acc=90.92
epoch=35/300 lr=0.10000 train_acc=91.19 test_acc=89.98
epoch=36/300 lr=0.10000 train_acc=91.34 test_acc=89.86
epoch=37/300 lr=0.10000 train_acc=91.31 test_acc=88.37
epoch=38/300 lr=0.10000 train_acc=91.36 test_acc=89.53
epoch=39/300 lr=0.10000 train_acc=91.29 test_acc=90.93
epoch=40/300 lr=0.10000 train_acc=91.50 test_acc=83.57
epoch=41/300 lr=0.10000 train_acc=91.25 test_acc=81.88
epoch=42/300 lr=0.10000 train_acc=91.53 test_acc=88.49
epoch=43/300 lr=0.10000 train_acc=91.36 test_acc=90.33
epoch=44/300 lr=0.10000 train_acc=91.44 test_acc=89.26
epoch=45/300 lr=0.10000 train_acc=91.50 test_acc=87.62
epoch=46/300 lr=0.10000 train_acc=91.34 test_acc=92.04
epoch=47/300 lr=0.10000 train_acc=91.34 test_acc=84.80
epoch=48/300 lr=0.10000 train_acc=91.45 test_acc=89.78
epoch=49/300 lr=0.10000 train_acc=91.58 test_acc=91.38
epoch=50/300 lr=0.10000 train_acc=91.47 test_acc=90.62
epoch=51/300 lr=0.10000 train_acc=91.46 test_acc=90.48
epoch=52/300 lr=0.10000 train_acc=91.72 test_acc=91.35
epoch=53/300 lr=0.10000 train_acc=91.35 test_acc=89.47
epoch=54/300 lr=0.10000 train_acc=91.50 test_acc=86.27
epoch=55/300 lr=0.10000 train_acc=91.58 test_acc=90.85
epoch=56/300 lr=0.10000 train_acc=91.51 test_acc=89.24
epoch=57/300 lr=0.10000 train_acc=91.63 test_acc=89.85
epoch=58/300 lr=0.10000 train_acc=91.36 test_acc=90.80
epoch=59/300 lr=0.10000 train_acc=91.71 test_acc=91.32
epoch=60/300 lr=0.10000 train_acc=91.56 test_acc=91.23
epoch=61/300 lr=0.10000 train_acc=91.45 test_acc=90.08
epoch=62/300 lr=0.10000 train_acc=91.35 test_acc=90.83
epoch=63/300 lr=0.10000 train_acc=91.53 test_acc=92.00
epoch=64/300 lr=0.10000 train_acc=91.67 test_acc=90.13
epoch=65/300 lr=0.10000 train_acc=91.59 test_acc=89.39
epoch=66/300 lr=0.10000 train_acc=91.56 test_acc=91.10
epoch=67/300 lr=0.10000 train_acc=91.83 test_acc=88.99
epoch=68/300 lr=0.10000 train_acc=91.63 test_acc=88.39
epoch=69/300 lr=0.10000 train_acc=91.64 test_acc=90.47
epoch=70/300 lr=0.10000 train_acc=91.52 test_acc=81.92
epoch=71/300 lr=0.10000 train_acc=91.65 test_acc=88.94
epoch=72/300 lr=0.10000 train_acc=91.56 test_acc=84.31
epoch=73/300 lr=0.10000 train_acc=91.57 test_acc=90.24
epoch=74/300 lr=0.10000 train_acc=91.36 test_acc=86.97
epoch=75/300 lr=0.10000 train_acc=91.52 test_acc=89.22
epoch=76/300 lr=0.10000 train_acc=91.55 test_acc=89.66
epoch=77/300 lr=0.10000 train_acc=91.72 test_acc=89.56
epoch=78/300 lr=0.10000 train_acc=91.54 test_acc=88.18
epoch=79/300 lr=0.10000 train_acc=91.73 test_acc=90.59
epoch=80/300 lr=0.10000 train_acc=91.58 test_acc=90.20
epoch=81/300 lr=0.10000 train_acc=91.66 test_acc=91.01
epoch=82/300 lr=0.10000 train_acc=91.71 test_acc=89.31
epoch=83/300 lr=0.10000 train_acc=91.54 test_acc=90.24
epoch=84/300 lr=0.10000 train_acc=91.68 test_acc=89.43
epoch=85/300 lr=0.10000 train_acc=91.76 test_acc=90.16
epoch=86/300 lr=0.10000 train_acc=91.79 test_acc=83.33
epoch=87/300 lr=0.10000 train_acc=91.66 test_acc=91.07
epoch=88/300 lr=0.10000 train_acc=91.56 test_acc=90.61
epoch=89/300 lr=0.10000 train_acc=91.72 test_acc=90.54
epoch=90/300 lr=0.10000 train_acc=91.71 test_acc=89.41
epoch=91/300 lr=0.10000 train_acc=91.58 test_acc=90.89
epoch=92/300 lr=0.10000 train_acc=91.84 test_acc=87.16
epoch=93/300 lr=0.10000 train_acc=91.52 test_acc=90.11
epoch=94/300 lr=0.10000 train_acc=91.68 test_acc=88.69
epoch=95/300 lr=0.10000 train_acc=91.73 test_acc=90.38
epoch=96/300 lr=0.10000 train_acc=91.59 test_acc=91.58
epoch=97/300 lr=0.10000 train_acc=91.68 test_acc=89.45
epoch=98/300 lr=0.10000 train_acc=91.73 test_acc=91.60
epoch=99/300 lr=0.10000 train_acc=91.69 test_acc=91.12
epoch=100/300 lr=0.10000 train_acc=91.71 test_acc=89.64
epoch=101/300 lr=0.10000 train_acc=91.65 test_acc=90.57
epoch=102/300 lr=0.10000 train_acc=91.95 test_acc=84.26
epoch=103/300 lr=0.10000 train_acc=91.65 test_acc=89.28
epoch=104/300 lr=0.10000 train_acc=91.84 test_acc=91.15
epoch=105/300 lr=0.10000 train_acc=91.90 test_acc=89.80
epoch=106/300 lr=0.10000 train_acc=91.77 test_acc=89.31
epoch=107/300 lr=0.10000 train_acc=91.66 test_acc=91.24
epoch=108/300 lr=0.10000 train_acc=91.75 test_acc=86.96
epoch=109/300 lr=0.10000 train_acc=91.73 test_acc=90.13
epoch=110/300 lr=0.10000 train_acc=91.59 test_acc=90.93
epoch=111/300 lr=0.10000 train_acc=91.60 test_acc=91.66
epoch=112/300 lr=0.10000 train_acc=91.75 test_acc=90.83
epoch=113/300 lr=0.10000 train_acc=91.65 test_acc=91.29
epoch=114/300 lr=0.10000 train_acc=91.69 test_acc=87.22
epoch=115/300 lr=0.10000 train_acc=91.80 test_acc=88.98
epoch=116/300 lr=0.10000 train_acc=91.70 test_acc=91.88
epoch=117/300 lr=0.10000 train_acc=91.57 test_acc=90.09
epoch=118/300 lr=0.10000 train_acc=91.77 test_acc=91.78
epoch=119/300 lr=0.10000 train_acc=91.75 test_acc=88.85
epoch=120/300 lr=0.10000 train_acc=91.67 test_acc=88.89
epoch=121/300 lr=0.10000 train_acc=91.72 test_acc=90.18
epoch=122/300 lr=0.10000 train_acc=91.73 test_acc=90.15
epoch=123/300 lr=0.10000 train_acc=91.83 test_acc=90.78
epoch=124/300 lr=0.10000 train_acc=91.65 test_acc=90.06
epoch=125/300 lr=0.10000 train_acc=91.68 test_acc=90.37
epoch=126/300 lr=0.10000 train_acc=91.75 test_acc=91.39
epoch=127/300 lr=0.10000 train_acc=91.67 test_acc=90.81
epoch=128/300 lr=0.10000 train_acc=91.74 test_acc=88.35
epoch=129/300 lr=0.10000 train_acc=91.80 test_acc=89.93
epoch=130/300 lr=0.10000 train_acc=91.76 test_acc=90.66
epoch=131/300 lr=0.10000 train_acc=91.87 test_acc=91.86
epoch=132/300 lr=0.10000 train_acc=91.89 test_acc=91.32
epoch=133/300 lr=0.10000 train_acc=91.83 test_acc=91.02
epoch=134/300 lr=0.10000 train_acc=91.71 test_acc=91.00
epoch=135/300 lr=0.10000 train_acc=91.83 test_acc=91.78
epoch=136/300 lr=0.10000 train_acc=91.66 test_acc=91.22
epoch=137/300 lr=0.10000 train_acc=91.78 test_acc=88.52
epoch=138/300 lr=0.10000 train_acc=91.77 test_acc=90.74
epoch=139/300 lr=0.10000 train_acc=91.98 test_acc=90.40
epoch=140/300 lr=0.10000 train_acc=91.81 test_acc=91.25
epoch=141/300 lr=0.10000 train_acc=91.80 test_acc=84.41
epoch=142/300 lr=0.10000 train_acc=91.81 test_acc=90.15
epoch=143/300 lr=0.10000 train_acc=91.75 test_acc=87.85
epoch=144/300 lr=0.10000 train_acc=91.79 test_acc=90.69
epoch=145/300 lr=0.10000 train_acc=91.81 test_acc=89.32
epoch=146/300 lr=0.10000 train_acc=91.84 test_acc=85.32
epoch=147/300 lr=0.10000 train_acc=91.65 test_acc=90.48
epoch=148/300 lr=0.10000 train_acc=91.95 test_acc=90.82
epoch=149/300 lr=0.10000 train_acc=91.88 test_acc=91.44
epoch=150/300 lr=0.10000 train_acc=91.79 test_acc=90.49
epoch=151/300 lr=0.01000 train_acc=93.98 test_acc=94.21
epoch=152/300 lr=0.01000 train_acc=94.69 test_acc=94.36
epoch=153/300 lr=0.01000 train_acc=94.87 test_acc=94.38
epoch=154/300 lr=0.01000 train_acc=95.05 test_acc=94.46
epoch=155/300 lr=0.01000 train_acc=95.24 test_acc=94.64
epoch=156/300 lr=0.01000 train_acc=95.26 test_acc=94.60
epoch=157/300 lr=0.01000 train_acc=95.38 test_acc=94.62
epoch=158/300 lr=0.01000 train_acc=95.52 test_acc=94.26
epoch=159/300 lr=0.01000 train_acc=95.47 test_acc=94.57
epoch=160/300 lr=0.01000 train_acc=95.50 test_acc=94.53
epoch=161/300 lr=0.01000 train_acc=95.64 test_acc=94.58
epoch=162/300 lr=0.01000 train_acc=95.65 test_acc=94.68
epoch=163/300 lr=0.01000 train_acc=95.67 test_acc=93.97
epoch=164/300 lr=0.01000 train_acc=95.68 test_acc=94.69
epoch=165/300 lr=0.01000 train_acc=95.77 test_acc=94.56
epoch=166/300 lr=0.01000 train_acc=95.71 test_acc=94.18
epoch=167/300 lr=0.01000 train_acc=95.81 test_acc=94.40
epoch=168/300 lr=0.01000 train_acc=95.85 test_acc=94.68
epoch=169/300 lr=0.01000 train_acc=95.85 test_acc=94.43
epoch=170/300 lr=0.01000 train_acc=95.85 test_acc=94.55
epoch=171/300 lr=0.01000 train_acc=95.89 test_acc=94.40
epoch=172/300 lr=0.01000 train_acc=95.79 test_acc=94.77
epoch=173/300 lr=0.01000 train_acc=95.81 test_acc=94.57
epoch=174/300 lr=0.01000 train_acc=95.80 test_acc=94.41
epoch=175/300 lr=0.01000 train_acc=95.81 test_acc=94.69
epoch=176/300 lr=0.01000 train_acc=95.80 test_acc=94.36
epoch=177/300 lr=0.01000 train_acc=95.95 test_acc=94.54
epoch=178/300 lr=0.01000 train_acc=95.81 test_acc=94.36
epoch=179/300 lr=0.01000 train_acc=95.88 test_acc=94.67
epoch=180/300 lr=0.01000 train_acc=95.86 test_acc=94.06
epoch=181/300 lr=0.01000 train_acc=95.89 test_acc=94.50
epoch=182/300 lr=0.01000 train_acc=95.98 test_acc=94.53
epoch=183/300 lr=0.01000 train_acc=95.99 test_acc=94.22
epoch=184/300 lr=0.01000 train_acc=95.94 test_acc=94.11
epoch=185/300 lr=0.01000 train_acc=96.04 test_acc=94.06
epoch=186/300 lr=0.01000 train_acc=95.90 test_acc=94.40
epoch=187/300 lr=0.01000 train_acc=96.00 test_acc=94.64
epoch=188/300 lr=0.01000 train_acc=95.95 test_acc=94.49
epoch=189/300 lr=0.01000 train_acc=95.98 test_acc=94.08
epoch=190/300 lr=0.01000 train_acc=95.98 test_acc=94.04
epoch=191/300 lr=0.01000 train_acc=96.09 test_acc=94.38
epoch=192/300 lr=0.01000 train_acc=96.04 test_acc=93.98
epoch=193/300 lr=0.01000 train_acc=96.03 test_acc=93.69
epoch=194/300 lr=0.01000 train_acc=96.15 test_acc=94.61
epoch=195/300 lr=0.01000 train_acc=96.10 test_acc=94.35
epoch=196/300 lr=0.01000 train_acc=95.99 test_acc=93.36
epoch=197/300 lr=0.01000 train_acc=96.01 test_acc=93.79
epoch=198/300 lr=0.01000 train_acc=96.08 test_acc=93.97
epoch=199/300 lr=0.01000 train_acc=95.97 test_acc=94.41
epoch=200/300 lr=0.01000 train_acc=96.18 test_acc=94.10
epoch=201/300 lr=0.01000 train_acc=96.18 test_acc=94.10
epoch=202/300 lr=0.01000 train_acc=96.11 test_acc=93.99
epoch=203/300 lr=0.01000 train_acc=96.06 test_acc=94.36
epoch=204/300 lr=0.01000 train_acc=96.18 test_acc=94.43
epoch=205/300 lr=0.01000 train_acc=96.14 test_acc=94.15
epoch=206/300 lr=0.01000 train_acc=96.05 test_acc=94.38
epoch=207/300 lr=0.01000 train_acc=96.17 test_acc=93.91
epoch=208/300 lr=0.01000 train_acc=96.23 test_acc=94.32
epoch=209/300 lr=0.01000 train_acc=96.22 test_acc=93.95
epoch=210/300 lr=0.01000 train_acc=96.19 test_acc=94.07
epoch=211/300 lr=0.01000 train_acc=96.26 test_acc=93.74
epoch=212/300 lr=0.01000 train_acc=96.18 test_acc=94.08
epoch=213/300 lr=0.01000 train_acc=96.22 test_acc=94.04
epoch=214/300 lr=0.01000 train_acc=96.20 test_acc=94.10
epoch=215/300 lr=0.01000 train_acc=96.21 test_acc=94.32
epoch=216/300 lr=0.01000 train_acc=96.31 test_acc=94.17
epoch=217/300 lr=0.01000 train_acc=96.31 test_acc=93.16
epoch=218/300 lr=0.01000 train_acc=96.26 test_acc=93.89
epoch=219/300 lr=0.01000 train_acc=96.34 test_acc=94.27
epoch=220/300 lr=0.01000 train_acc=96.41 test_acc=94.07
epoch=221/300 lr=0.01000 train_acc=96.26 test_acc=94.31
epoch=222/300 lr=0.01000 train_acc=96.32 test_acc=94.33
epoch=223/300 lr=0.01000 train_acc=96.45 test_acc=94.20
epoch=224/300 lr=0.01000 train_acc=96.33 test_acc=93.78
epoch=225/300 lr=0.01000 train_acc=96.31 test_acc=94.23
epoch=226/300 lr=0.00100 train_acc=97.41 test_acc=94.90
epoch=227/300 lr=0.00100 train_acc=97.89 test_acc=94.96
epoch=228/300 lr=0.00100 train_acc=98.03 test_acc=94.95
epoch=229/300 lr=0.00100 train_acc=98.14 test_acc=95.10
epoch=230/300 lr=0.00100 train_acc=98.24 test_acc=95.09
epoch=231/300 lr=0.00100 train_acc=98.32 test_acc=95.10
epoch=232/300 lr=0.00100 train_acc=98.40 test_acc=95.04
epoch=233/300 lr=0.00100 train_acc=98.40 test_acc=95.03
epoch=234/300 lr=0.00100 train_acc=98.49 test_acc=95.03
epoch=235/300 lr=0.00100 train_acc=98.52 test_acc=95.01
epoch=236/300 lr=0.00100 train_acc=98.55 test_acc=95.09
epoch=237/300 lr=0.00100 train_acc=98.61 test_acc=95.14
epoch=238/300 lr=0.00100 train_acc=98.64 test_acc=95.05
epoch=239/300 lr=0.00100 train_acc=98.66 test_acc=95.08
epoch=240/300 lr=0.00100 train_acc=98.76 test_acc=95.08
epoch=241/300 lr=0.00100 train_acc=98.75 test_acc=95.10
epoch=242/300 lr=0.00100 train_acc=98.74 test_acc=95.22
epoch=243/300 lr=0.00100 train_acc=98.87 test_acc=95.11
epoch=244/300 lr=0.00100 train_acc=98.80 test_acc=95.15
epoch=245/300 lr=0.00100 train_acc=98.89 test_acc=95.05
epoch=246/300 lr=0.00100 train_acc=98.87 test_acc=95.09
epoch=247/300 lr=0.00100 train_acc=98.88 test_acc=94.99
epoch=248/300 lr=0.00100 train_acc=98.92 test_acc=95.03
epoch=249/300 lr=0.00100 train_acc=98.94 test_acc=95.11
epoch=250/300 lr=0.00100 train_acc=98.99 test_acc=95.05
epoch=251/300 lr=0.00100 train_acc=98.96 test_acc=95.05
epoch=252/300 lr=0.00100 train_acc=99.00 test_acc=95.02
epoch=253/300 lr=0.00100 train_acc=99.01 test_acc=94.96
epoch=254/300 lr=0.00100 train_acc=98.97 test_acc=95.00
epoch=255/300 lr=0.00100 train_acc=99.06 test_acc=95.10
epoch=256/300 lr=0.00100 train_acc=99.08 test_acc=95.07
epoch=257/300 lr=0.00100 train_acc=99.12 test_acc=95.04
epoch=258/300 lr=0.00100 train_acc=99.18 test_acc=95.15
epoch=259/300 lr=0.00100 train_acc=99.14 test_acc=95.16
epoch=260/300 lr=0.00100 train_acc=99.15 test_acc=95.21
epoch=261/300 lr=0.00100 train_acc=99.11 test_acc=95.11
epoch=262/300 lr=0.00100 train_acc=99.19 test_acc=94.93
epoch=263/300 lr=0.00100 train_acc=99.19 test_acc=95.08
epoch=264/300 lr=0.00100 train_acc=99.20 test_acc=94.97
epoch=265/300 lr=0.00100 train_acc=99.22 test_acc=94.97
epoch=266/300 lr=0.00100 train_acc=99.13 test_acc=95.01
epoch=267/300 lr=0.00100 train_acc=99.13 test_acc=95.00
epoch=268/300 lr=0.00100 train_acc=99.15 test_acc=95.08
epoch=269/300 lr=0.00100 train_acc=99.25 test_acc=95.00
epoch=270/300 lr=0.00100 train_acc=99.23 test_acc=95.11
epoch=271/300 lr=0.00100 train_acc=99.25 test_acc=94.99
epoch=272/300 lr=0.00100 train_acc=99.22 test_acc=94.93
epoch=273/300 lr=0.00100 train_acc=99.20 test_acc=94.93
epoch=274/300 lr=0.00100 train_acc=99.31 test_acc=95.01
epoch=275/300 lr=0.00100 train_acc=99.23 test_acc=94.95
epoch=276/300 lr=0.00100 train_acc=99.30 test_acc=95.06
epoch=277/300 lr=0.00100 train_acc=99.30 test_acc=94.95
epoch=278/300 lr=0.00100 train_acc=99.36 test_acc=95.09
epoch=279/300 lr=0.00100 train_acc=99.28 test_acc=95.08
epoch=280/300 lr=0.00100 train_acc=99.14 test_acc=94.72
epoch=281/300 lr=0.00100 train_acc=99.34 test_acc=95.03
epoch=282/300 lr=0.00100 train_acc=99.33 test_acc=94.96
epoch=283/300 lr=0.00100 train_acc=99.36 test_acc=94.79
epoch=284/300 lr=0.00100 train_acc=99.35 test_acc=94.76
epoch=285/300 lr=0.00100 train_acc=99.31 test_acc=94.92
epoch=286/300 lr=0.00100 train_acc=99.36 test_acc=94.87
epoch=287/300 lr=0.00100 train_acc=99.34 test_acc=94.69
epoch=288/300 lr=0.00100 train_acc=99.35 test_acc=94.64
epoch=289/300 lr=0.00100 train_acc=99.33 test_acc=94.89
epoch=290/300 lr=0.00100 train_acc=99.33 test_acc=94.84
epoch=291/300 lr=0.00100 train_acc=99.39 test_acc=94.86
epoch=292/300 lr=0.00100 train_acc=99.38 test_acc=94.88
epoch=293/300 lr=0.00100 train_acc=99.29 test_acc=94.96
epoch=294/300 lr=0.00100 train_acc=99.35 test_acc=94.74
epoch=295/300 lr=0.00100 train_acc=99.41 test_acc=94.94
epoch=296/300 lr=0.00100 train_acc=99.32 test_acc=94.92
epoch=297/300 lr=0.00100 train_acc=99.33 test_acc=94.89
epoch=298/300 lr=0.00100 train_acc=99.33 test_acc=94.92
epoch=299/300 lr=0.00100 train_acc=99.39 test_acc=95.02
epoch=300/300 lr=0.00100 train_acc=99.45 test_acc=94.92
{
  "best_accuracy": 95.22,
  "best_error_rate": 4.780000000000001,
  "final_accuracy": 94.92,
  "final_error_rate": 5.079999999999998,
  "elapsed_seconds": 3203.815486431122,
  "is_paper_result": false,
  "note": "New reproduction result; compare against paper target separately."
}
start experiment=fashionmnist_resnet32_baseline seed=1003
epoch=1/300 lr=0.10000 train_acc=75.68 test_acc=77.79
epoch=2/300 lr=0.10000 train_acc=85.94 test_acc=81.09
epoch=3/300 lr=0.10000 train_acc=87.58 test_acc=82.69
epoch=4/300 lr=0.10000 train_acc=88.24 test_acc=89.05
epoch=5/300 lr=0.10000 train_acc=88.72 test_acc=83.15
epoch=6/300 lr=0.10000 train_acc=89.16 test_acc=86.66
epoch=7/300 lr=0.10000 train_acc=89.13 test_acc=63.46
epoch=8/300 lr=0.10000 train_acc=89.57 test_acc=82.71
epoch=9/300 lr=0.10000 train_acc=89.94 test_acc=86.79
epoch=10/300 lr=0.10000 train_acc=89.77 test_acc=84.25
epoch=11/300 lr=0.10000 train_acc=89.91 test_acc=82.67
epoch=12/300 lr=0.10000 train_acc=90.14 test_acc=77.38
epoch=13/300 lr=0.10000 train_acc=90.26 test_acc=81.21
epoch=14/300 lr=0.10000 train_acc=90.38 test_acc=85.62
epoch=15/300 lr=0.10000 train_acc=90.60 test_acc=76.72
epoch=16/300 lr=0.10000 train_acc=90.38 test_acc=90.44
epoch=17/300 lr=0.10000 train_acc=90.36 test_acc=88.85
epoch=18/300 lr=0.10000 train_acc=90.61 test_acc=90.21
epoch=19/300 lr=0.10000 train_acc=90.80 test_acc=90.47
epoch=20/300 lr=0.10000 train_acc=90.62 test_acc=85.04
epoch=21/300 lr=0.10000 train_acc=90.95 test_acc=83.87
epoch=22/300 lr=0.10000 train_acc=91.00 test_acc=90.52
epoch=23/300 lr=0.10000 train_acc=90.83 test_acc=75.80
epoch=24/300 lr=0.10000 train_acc=90.83 test_acc=90.25
epoch=25/300 lr=0.10000 train_acc=90.99 test_acc=90.10
epoch=26/300 lr=0.10000 train_acc=90.93 test_acc=90.29
epoch=27/300 lr=0.10000 train_acc=91.10 test_acc=90.49
epoch=28/300 lr=0.10000 train_acc=90.92 test_acc=87.71
epoch=29/300 lr=0.10000 train_acc=91.05 test_acc=88.69
epoch=30/300 lr=0.10000 train_acc=91.13 test_acc=90.51
epoch=31/300 lr=0.10000 train_acc=91.10 test_acc=89.36
epoch=32/300 lr=0.10000 train_acc=91.07 test_acc=90.86
epoch=33/300 lr=0.10000 train_acc=91.29 test_acc=90.80
epoch=34/300 lr=0.10000 train_acc=91.09 test_acc=87.67
epoch=35/300 lr=0.10000 train_acc=91.08 test_acc=80.56
epoch=36/300 lr=0.10000 train_acc=91.19 test_acc=89.40
epoch=37/300 lr=0.10000 train_acc=91.15 test_acc=89.07
epoch=38/300 lr=0.10000 train_acc=91.06 test_acc=87.01
epoch=39/300 lr=0.10000 train_acc=91.23 test_acc=89.44
epoch=40/300 lr=0.10000 train_acc=91.49 test_acc=90.18
epoch=41/300 lr=0.10000 train_acc=91.26 test_acc=84.23
epoch=42/300 lr=0.10000 train_acc=91.45 test_acc=84.97
epoch=43/300 lr=0.10000 train_acc=91.27 test_acc=86.79
epoch=44/300 lr=0.10000 train_acc=91.36 test_acc=90.62
epoch=45/300 lr=0.10000 train_acc=91.34 test_acc=89.74
epoch=46/300 lr=0.10000 train_acc=91.34 test_acc=84.81
epoch=47/300 lr=0.10000 train_acc=91.22 test_acc=85.68
epoch=48/300 lr=0.10000 train_acc=91.26 test_acc=91.50
epoch=49/300 lr=0.10000 train_acc=91.50 test_acc=87.08
epoch=50/300 lr=0.10000 train_acc=91.40 test_acc=89.21
epoch=51/300 lr=0.10000 train_acc=91.39 test_acc=90.13
epoch=52/300 lr=0.10000 train_acc=91.58 test_acc=90.85
epoch=53/300 lr=0.10000 train_acc=91.47 test_acc=89.48
epoch=54/300 lr=0.10000 train_acc=91.35 test_acc=90.77
epoch=55/300 lr=0.10000 train_acc=91.30 test_acc=90.04
epoch=56/300 lr=0.10000 train_acc=91.48 test_acc=89.98
epoch=57/300 lr=0.10000 train_acc=91.51 test_acc=88.40
epoch=58/300 lr=0.10000 train_acc=91.52 test_acc=87.08
epoch=59/300 lr=0.10000 train_acc=91.48 test_acc=90.80
epoch=60/300 lr=0.10000 train_acc=91.55 test_acc=89.08
epoch=61/300 lr=0.10000 train_acc=91.38 test_acc=90.46
epoch=62/300 lr=0.10000 train_acc=91.52 test_acc=90.87
epoch=63/300 lr=0.10000 train_acc=91.55 test_acc=91.03
epoch=64/300 lr=0.10000 train_acc=91.48 test_acc=90.97
epoch=65/300 lr=0.10000 train_acc=91.52 test_acc=89.64
epoch=66/300 lr=0.10000 train_acc=91.45 test_acc=90.74
epoch=67/300 lr=0.10000 train_acc=91.47 test_acc=89.46
epoch=68/300 lr=0.10000 train_acc=91.42 test_acc=88.06
epoch=69/300 lr=0.10000 train_acc=91.60 test_acc=90.26
epoch=70/300 lr=0.10000 train_acc=91.66 test_acc=86.63
epoch=71/300 lr=0.10000 train_acc=91.71 test_acc=87.67
epoch=72/300 lr=0.10000 train_acc=91.53 test_acc=91.58
epoch=73/300 lr=0.10000 train_acc=91.62 test_acc=89.04
epoch=74/300 lr=0.10000 train_acc=91.64 test_acc=89.31
epoch=75/300 lr=0.10000 train_acc=91.71 test_acc=89.88
epoch=76/300 lr=0.10000 train_acc=91.47 test_acc=89.27
epoch=77/300 lr=0.10000 train_acc=91.62 test_acc=90.65
epoch=78/300 lr=0.10000 train_acc=91.45 test_acc=91.65
epoch=79/300 lr=0.10000 train_acc=91.50 test_acc=89.02
epoch=80/300 lr=0.10000 train_acc=91.59 test_acc=87.28
epoch=81/300 lr=0.10000 train_acc=91.57 test_acc=91.50
epoch=82/300 lr=0.10000 train_acc=91.52 test_acc=89.22
epoch=83/300 lr=0.10000 train_acc=91.55 test_acc=89.81
epoch=84/300 lr=0.10000 train_acc=91.77 test_acc=80.49
epoch=85/300 lr=0.10000 train_acc=91.52 test_acc=89.93
epoch=86/300 lr=0.10000 train_acc=91.63 test_acc=90.81
epoch=87/300 lr=0.10000 train_acc=91.65 test_acc=85.60
epoch=88/300 lr=0.10000 train_acc=91.48 test_acc=89.75
epoch=89/300 lr=0.10000 train_acc=91.63 test_acc=91.12
epoch=90/300 lr=0.10000 train_acc=91.67 test_acc=85.68
epoch=91/300 lr=0.10000 train_acc=91.67 test_acc=90.89
epoch=92/300 lr=0.10000 train_acc=91.63 test_acc=90.00
epoch=93/300 lr=0.10000 train_acc=91.81 test_acc=89.22
epoch=94/300 lr=0.10000 train_acc=91.68 test_acc=91.24
epoch=95/300 lr=0.10000 train_acc=91.64 test_acc=89.53
epoch=96/300 lr=0.10000 train_acc=91.75 test_acc=88.81
epoch=97/300 lr=0.10000 train_acc=91.73 test_acc=70.89
epoch=98/300 lr=0.10000 train_acc=91.57 test_acc=89.22
epoch=99/300 lr=0.10000 train_acc=91.91 test_acc=88.82
epoch=100/300 lr=0.10000 train_acc=91.57 test_acc=91.20
epoch=101/300 lr=0.10000 train_acc=91.81 test_acc=91.04
epoch=102/300 lr=0.10000 train_acc=91.54 test_acc=92.03
epoch=103/300 lr=0.10000 train_acc=91.64 test_acc=86.03
epoch=104/300 lr=0.10000 train_acc=91.80 test_acc=90.24
epoch=105/300 lr=0.10000 train_acc=91.92 test_acc=88.74
epoch=106/300 lr=0.10000 train_acc=91.69 test_acc=89.98
epoch=107/300 lr=0.10000 train_acc=91.65 test_acc=89.79
epoch=108/300 lr=0.10000 train_acc=91.61 test_acc=91.25
epoch=109/300 lr=0.10000 train_acc=91.81 test_acc=91.26
epoch=110/300 lr=0.10000 train_acc=91.77 test_acc=90.88
epoch=111/300 lr=0.10000 train_acc=91.69 test_acc=81.96
epoch=112/300 lr=0.10000 train_acc=91.78 test_acc=86.81
epoch=113/300 lr=0.10000 train_acc=91.81 test_acc=90.66
epoch=114/300 lr=0.10000 train_acc=91.80 test_acc=91.48
epoch=115/300 lr=0.10000 train_acc=91.81 test_acc=87.70
epoch=116/300 lr=0.10000 train_acc=91.75 test_acc=88.49
epoch=117/300 lr=0.10000 train_acc=91.67 test_acc=87.85
epoch=118/300 lr=0.10000 train_acc=91.73 test_acc=90.11
epoch=119/300 lr=0.10000 train_acc=91.77 test_acc=91.91
epoch=120/300 lr=0.10000 train_acc=91.55 test_acc=90.97
epoch=121/300 lr=0.10000 train_acc=91.68 test_acc=90.03
epoch=122/300 lr=0.10000 train_acc=91.89 test_acc=89.36
epoch=123/300 lr=0.10000 train_acc=91.79 test_acc=88.23
epoch=124/300 lr=0.10000 train_acc=91.76 test_acc=90.67
epoch=125/300 lr=0.10000 train_acc=92.04 test_acc=90.19
epoch=126/300 lr=0.10000 train_acc=91.70 test_acc=91.61
epoch=127/300 lr=0.10000 train_acc=91.76 test_acc=90.99
epoch=128/300 lr=0.10000 train_acc=91.78 test_acc=90.11
epoch=129/300 lr=0.10000 train_acc=91.78 test_acc=87.47
epoch=130/300 lr=0.10000 train_acc=91.83 test_acc=89.55
epoch=131/300 lr=0.10000 train_acc=91.74 test_acc=90.06
epoch=132/300 lr=0.10000 train_acc=91.61 test_acc=90.80
epoch=133/300 lr=0.10000 train_acc=91.88 test_acc=91.33
epoch=134/300 lr=0.10000 train_acc=91.72 test_acc=87.82
epoch=135/300 lr=0.10000 train_acc=91.74 test_acc=88.53
epoch=136/300 lr=0.10000 train_acc=91.89 test_acc=87.92
epoch=137/300 lr=0.10000 train_acc=91.89 test_acc=90.76
epoch=138/300 lr=0.10000 train_acc=91.80 test_acc=90.97
epoch=139/300 lr=0.10000 train_acc=91.81 test_acc=91.35
epoch=140/300 lr=0.10000 train_acc=91.87 test_acc=91.67
epoch=141/300 lr=0.10000 train_acc=91.75 test_acc=89.35
epoch=142/300 lr=0.10000 train_acc=91.78 test_acc=90.63
epoch=143/300 lr=0.10000 train_acc=91.71 test_acc=90.36
epoch=144/300 lr=0.10000 train_acc=91.64 test_acc=90.47
epoch=145/300 lr=0.10000 train_acc=91.94 test_acc=88.71
epoch=146/300 lr=0.10000 train_acc=91.92 test_acc=88.73
epoch=147/300 lr=0.10000 train_acc=91.78 test_acc=90.58
epoch=148/300 lr=0.10000 train_acc=91.98 test_acc=91.23
epoch=149/300 lr=0.10000 train_acc=91.82 test_acc=90.27
epoch=150/300 lr=0.10000 train_acc=91.89 test_acc=91.46
epoch=151/300 lr=0.01000 train_acc=94.17 test_acc=93.82
epoch=152/300 lr=0.01000 train_acc=94.81 test_acc=94.23
epoch=153/300 lr=0.01000 train_acc=95.01 test_acc=94.15
epoch=154/300 lr=0.01000 train_acc=95.22 test_acc=93.88
epoch=155/300 lr=0.01000 train_acc=95.30 test_acc=94.42
epoch=156/300 lr=0.01000 train_acc=95.39 test_acc=94.39
epoch=157/300 lr=0.01000 train_acc=95.45 test_acc=94.41
epoch=158/300 lr=0.01000 train_acc=95.55 test_acc=94.17
epoch=159/300 lr=0.01000 train_acc=95.69 test_acc=94.54
epoch=160/300 lr=0.01000 train_acc=95.74 test_acc=94.55
epoch=161/300 lr=0.01000 train_acc=95.83 test_acc=94.44
epoch=162/300 lr=0.01000 train_acc=95.79 test_acc=94.46
epoch=163/300 lr=0.01000 train_acc=95.77 test_acc=94.55
epoch=164/300 lr=0.01000 train_acc=95.89 test_acc=94.31
epoch=165/300 lr=0.01000 train_acc=95.92 test_acc=94.33
epoch=166/300 lr=0.01000 train_acc=95.81 test_acc=94.44
epoch=167/300 lr=0.01000 train_acc=96.00 test_acc=94.22
epoch=168/300 lr=0.01000 train_acc=95.83 test_acc=93.82
epoch=169/300 lr=0.01000 train_acc=95.90 test_acc=94.30
epoch=170/300 lr=0.01000 train_acc=95.99 test_acc=94.49
epoch=171/300 lr=0.01000 train_acc=96.00 test_acc=94.26
epoch=172/300 lr=0.01000 train_acc=96.02 test_acc=94.33
epoch=173/300 lr=0.01000 train_acc=96.00 test_acc=94.32
epoch=174/300 lr=0.01000 train_acc=96.08 test_acc=94.21
epoch=175/300 lr=0.01000 train_acc=96.03 test_acc=94.18
epoch=176/300 lr=0.01000 train_acc=95.99 test_acc=94.50
epoch=177/300 lr=0.01000 train_acc=96.01 test_acc=93.95
epoch=178/300 lr=0.01000 train_acc=96.18 test_acc=93.95
epoch=179/300 lr=0.01000 train_acc=96.05 test_acc=94.11
epoch=180/300 lr=0.01000 train_acc=96.10 test_acc=93.80
epoch=181/300 lr=0.01000 train_acc=96.19 test_acc=94.36
epoch=182/300 lr=0.01000 train_acc=96.06 test_acc=93.82
epoch=183/300 lr=0.01000 train_acc=96.16 test_acc=94.45
epoch=184/300 lr=0.01000 train_acc=96.07 test_acc=93.89
epoch=185/300 lr=0.01000 train_acc=96.10 test_acc=93.93
epoch=186/300 lr=0.01000 train_acc=96.17 test_acc=94.23
epoch=187/300 lr=0.01000 train_acc=96.09 test_acc=94.01
epoch=188/300 lr=0.01000 train_acc=96.14 test_acc=93.30
epoch=189/300 lr=0.01000 train_acc=96.19 test_acc=94.18
epoch=190/300 lr=0.01000 train_acc=96.21 test_acc=93.72
epoch=191/300 lr=0.01000 train_acc=96.13 test_acc=94.14
epoch=192/300 lr=0.01000 train_acc=96.03 test_acc=94.07
epoch=193/300 lr=0.01000 train_acc=96.17 test_acc=93.89
epoch=194/300 lr=0.01000 train_acc=96.21 test_acc=93.97
epoch=195/300 lr=0.01000 train_acc=96.08 test_acc=93.74
epoch=196/300 lr=0.01000 train_acc=96.29 test_acc=93.90
epoch=197/300 lr=0.01000 train_acc=96.19 test_acc=93.23
epoch=198/300 lr=0.01000 train_acc=96.21 test_acc=94.02
epoch=199/300 lr=0.01000 train_acc=96.30 test_acc=93.76
epoch=200/300 lr=0.01000 train_acc=96.21 test_acc=94.14
epoch=201/300 lr=0.01000 train_acc=96.30 test_acc=93.77
epoch=202/300 lr=0.01000 train_acc=96.39 test_acc=93.74
epoch=203/300 lr=0.01000 train_acc=96.28 test_acc=93.96
epoch=204/300 lr=0.01000 train_acc=96.33 test_acc=94.24
epoch=205/300 lr=0.01000 train_acc=96.24 test_acc=94.08
epoch=206/300 lr=0.01000 train_acc=96.44 test_acc=94.17
epoch=207/300 lr=0.01000 train_acc=96.34 test_acc=94.21
epoch=208/300 lr=0.01000 train_acc=96.44 test_acc=92.92
epoch=209/300 lr=0.01000 train_acc=96.37 test_acc=94.07
epoch=210/300 lr=0.01000 train_acc=96.45 test_acc=94.17
epoch=211/300 lr=0.01000 train_acc=96.35 test_acc=94.35
epoch=212/300 lr=0.01000 train_acc=96.32 test_acc=94.01
epoch=213/300 lr=0.01000 train_acc=96.50 test_acc=93.89
epoch=214/300 lr=0.01000 train_acc=96.41 test_acc=93.94
epoch=215/300 lr=0.01000 train_acc=96.48 test_acc=94.37
epoch=216/300 lr=0.01000 train_acc=96.40 test_acc=94.07
epoch=217/300 lr=0.01000 train_acc=96.50 test_acc=93.27
epoch=218/300 lr=0.01000 train_acc=96.48 test_acc=93.53
epoch=219/300 lr=0.01000 train_acc=96.49 test_acc=93.94
epoch=220/300 lr=0.01000 train_acc=96.47 test_acc=93.99
epoch=221/300 lr=0.01000 train_acc=96.55 test_acc=94.27
epoch=222/300 lr=0.01000 train_acc=96.56 test_acc=93.81
epoch=223/300 lr=0.01000 train_acc=96.48 test_acc=94.34
epoch=224/300 lr=0.01000 train_acc=96.52 test_acc=94.07
epoch=225/300 lr=0.01000 train_acc=96.54 test_acc=93.82
epoch=226/300 lr=0.00100 train_acc=97.67 test_acc=95.01
epoch=227/300 lr=0.00100 train_acc=98.09 test_acc=95.07
epoch=228/300 lr=0.00100 train_acc=98.25 test_acc=95.01
epoch=229/300 lr=0.00100 train_acc=98.40 test_acc=94.98
epoch=230/300 lr=0.00100 train_acc=98.45 test_acc=94.93
epoch=231/300 lr=0.00100 train_acc=98.54 test_acc=94.99
epoch=232/300 lr=0.00100 train_acc=98.58 test_acc=95.03
epoch=233/300 lr=0.00100 train_acc=98.57 test_acc=94.88
epoch=234/300 lr=0.00100 train_acc=98.71 test_acc=94.81
epoch=235/300 lr=0.00100 train_acc=98.70 test_acc=94.86
epoch=236/300 lr=0.00100 train_acc=98.82 test_acc=95.10
epoch=237/300 lr=0.00100 train_acc=98.76 test_acc=94.95
epoch=238/300 lr=0.00100 train_acc=98.81 test_acc=94.86
epoch=239/300 lr=0.00100 train_acc=98.91 test_acc=94.99
epoch=240/300 lr=0.00100 train_acc=98.89 test_acc=94.82
epoch=241/300 lr=0.00100 train_acc=98.95 test_acc=94.79
epoch=242/300 lr=0.00100 train_acc=98.99 test_acc=94.86
epoch=243/300 lr=0.00100 train_acc=99.04 test_acc=94.82
epoch=244/300 lr=0.00100 train_acc=99.05 test_acc=94.85
epoch=245/300 lr=0.00100 train_acc=99.02 test_acc=94.85
epoch=246/300 lr=0.00100 train_acc=99.08 test_acc=94.74
epoch=247/300 lr=0.00100 train_acc=99.12 test_acc=94.95
epoch=248/300 lr=0.00100 train_acc=99.11 test_acc=94.98
epoch=249/300 lr=0.00100 train_acc=99.11 test_acc=94.82
epoch=250/300 lr=0.00100 train_acc=99.12 test_acc=94.90
epoch=251/300 lr=0.00100 train_acc=99.18 test_acc=94.95
epoch=252/300 lr=0.00100 train_acc=99.16 test_acc=94.94
epoch=253/300 lr=0.00100 train_acc=99.20 test_acc=95.05
epoch=254/300 lr=0.00100 train_acc=99.20 test_acc=94.89
epoch=255/300 lr=0.00100 train_acc=99.17 test_acc=94.95
epoch=256/300 lr=0.00100 train_acc=99.23 test_acc=95.05
epoch=257/300 lr=0.00100 train_acc=99.25 test_acc=94.97
epoch=258/300 lr=0.00100 train_acc=99.30 test_acc=94.83
epoch=259/300 lr=0.00100 train_acc=99.25 test_acc=94.92
epoch=260/300 lr=0.00100 train_acc=99.28 test_acc=94.78
epoch=261/300 lr=0.00100 train_acc=99.28 test_acc=94.98
epoch=262/300 lr=0.00100 train_acc=99.29 test_acc=95.03
epoch=263/300 lr=0.00100 train_acc=99.30 test_acc=94.94
epoch=264/300 lr=0.00100 train_acc=99.37 test_acc=94.79
epoch=265/300 lr=0.00100 train_acc=99.36 test_acc=94.91
epoch=266/300 lr=0.00100 train_acc=99.38 test_acc=94.86
epoch=267/300 lr=0.00100 train_acc=99.36 test_acc=94.99
epoch=268/300 lr=0.00100 train_acc=99.39 test_acc=94.98
epoch=269/300 lr=0.00100 train_acc=99.40 test_acc=94.87
epoch=270/300 lr=0.00100 train_acc=99.36 test_acc=94.92
epoch=271/300 lr=0.00100 train_acc=99.45 test_acc=94.75
epoch=272/300 lr=0.00100 train_acc=99.39 test_acc=94.84
epoch=273/300 lr=0.00100 train_acc=99.39 test_acc=94.59
epoch=274/300 lr=0.00100 train_acc=99.42 test_acc=94.62
epoch=275/300 lr=0.00100 train_acc=99.35 test_acc=94.73
epoch=276/300 lr=0.00100 train_acc=99.48 test_acc=94.71
epoch=277/300 lr=0.00100 train_acc=99.39 test_acc=94.77
epoch=278/300 lr=0.00100 train_acc=99.50 test_acc=94.90
epoch=279/300 lr=0.00100 train_acc=99.42 test_acc=94.84
epoch=280/300 lr=0.00100 train_acc=99.40 test_acc=94.86
epoch=281/300 lr=0.00100 train_acc=99.46 test_acc=94.82
epoch=282/300 lr=0.00100 train_acc=99.50 test_acc=94.91
epoch=283/300 lr=0.00100 train_acc=99.45 test_acc=94.95
epoch=284/300 lr=0.00100 train_acc=99.50 test_acc=95.01
epoch=285/300 lr=0.00100 train_acc=99.48 test_acc=94.92
epoch=286/300 lr=0.00100 train_acc=99.50 test_acc=94.76
epoch=287/300 lr=0.00100 train_acc=99.52 test_acc=94.66
epoch=288/300 lr=0.00100 train_acc=99.47 test_acc=94.71
epoch=289/300 lr=0.00100 train_acc=99.50 test_acc=94.96
epoch=290/300 lr=0.00100 train_acc=99.48 test_acc=94.78
epoch=291/300 lr=0.00100 train_acc=99.54 test_acc=94.83
epoch=292/300 lr=0.00100 train_acc=99.44 test_acc=94.89
epoch=293/300 lr=0.00100 train_acc=99.50 test_acc=94.88
epoch=294/300 lr=0.00100 train_acc=99.47 test_acc=94.73
epoch=295/300 lr=0.00100 train_acc=99.51 test_acc=94.84
epoch=296/300 lr=0.00100 train_acc=99.57 test_acc=94.85
epoch=297/300 lr=0.00100 train_acc=99.50 test_acc=94.89
epoch=298/300 lr=0.00100 train_acc=99.48 test_acc=94.85
epoch=299/300 lr=0.00100 train_acc=99.48 test_acc=94.78
epoch=300/300 lr=0.00100 train_acc=99.49 test_acc=94.91
{
  "best_accuracy": 95.1,
  "best_error_rate": 4.900000000000006,
  "final_accuracy": 94.91,
  "final_error_rate": 5.090000000000003,
  "elapsed_seconds": 3200.6321816444397,
  "is_paper_result": false,
  "note": "New reproduction result; compare against paper target separately."
}
start experiment=fashionmnist_resnet32_baseline seed=1004
epoch=1/300 lr=0.10000 train_acc=75.52 test_acc=75.79
epoch=2/300 lr=0.10000 train_acc=85.92 test_acc=85.32
epoch=3/300 lr=0.10000 train_acc=87.44 test_acc=85.80
epoch=4/300 lr=0.10000 train_acc=88.27 test_acc=80.46
epoch=5/300 lr=0.10000 train_acc=88.80 test_acc=87.21
epoch=6/300 lr=0.10000 train_acc=89.20 test_acc=84.47
epoch=7/300 lr=0.10000 train_acc=89.11 test_acc=80.25
epoch=8/300 lr=0.10000 train_acc=89.47 test_acc=88.10
epoch=9/300 lr=0.10000 train_acc=89.68 test_acc=88.58
epoch=10/300 lr=0.10000 train_acc=89.77 test_acc=83.54
epoch=11/300 lr=0.10000 train_acc=89.99 test_acc=88.42
epoch=12/300 lr=0.10000 train_acc=90.13 test_acc=75.55
epoch=13/300 lr=0.10000 train_acc=90.08 test_acc=83.01
epoch=14/300 lr=0.10000 train_acc=90.28 test_acc=89.83
epoch=15/300 lr=0.10000 train_acc=90.39 test_acc=88.91
epoch=16/300 lr=0.10000 train_acc=90.44 test_acc=90.28
epoch=17/300 lr=0.10000 train_acc=90.52 test_acc=86.31
epoch=18/300 lr=0.10000 train_acc=90.65 test_acc=89.99
epoch=19/300 lr=0.10000 train_acc=90.64 test_acc=88.83
epoch=20/300 lr=0.10000 train_acc=90.53 test_acc=86.51
epoch=21/300 lr=0.10000 train_acc=90.64 test_acc=90.84
epoch=22/300 lr=0.10000 train_acc=90.84 test_acc=88.15
epoch=23/300 lr=0.10000 train_acc=90.89 test_acc=88.18
epoch=24/300 lr=0.10000 train_acc=90.85 test_acc=87.35
epoch=25/300 lr=0.10000 train_acc=90.94 test_acc=88.61
epoch=26/300 lr=0.10000 train_acc=90.90 test_acc=89.45
epoch=27/300 lr=0.10000 train_acc=90.89 test_acc=89.72
epoch=28/300 lr=0.10000 train_acc=91.03 test_acc=88.62
epoch=29/300 lr=0.10000 train_acc=91.10 test_acc=88.55
epoch=30/300 lr=0.10000 train_acc=91.12 test_acc=89.29
epoch=31/300 lr=0.10000 train_acc=90.98 test_acc=82.29
epoch=32/300 lr=0.10000 train_acc=90.97 test_acc=89.43
epoch=33/300 lr=0.10000 train_acc=91.20 test_acc=89.32
epoch=34/300 lr=0.10000 train_acc=91.12 test_acc=87.06
epoch=35/300 lr=0.10000 train_acc=91.12 test_acc=89.89
epoch=36/300 lr=0.10000 train_acc=91.16 test_acc=87.84
epoch=37/300 lr=0.10000 train_acc=91.12 test_acc=82.10
epoch=38/300 lr=0.10000 train_acc=91.33 test_acc=82.41
epoch=39/300 lr=0.10000 train_acc=91.31 test_acc=91.68
epoch=40/300 lr=0.10000 train_acc=91.23 test_acc=88.01
epoch=41/300 lr=0.10000 train_acc=91.25 test_acc=87.84
epoch=42/300 lr=0.10000 train_acc=91.44 test_acc=88.23
epoch=43/300 lr=0.10000 train_acc=91.30 test_acc=88.95
epoch=44/300 lr=0.10000 train_acc=91.29 test_acc=86.86
epoch=45/300 lr=0.10000 train_acc=91.43 test_acc=90.85
epoch=46/300 lr=0.10000 train_acc=91.25 test_acc=89.33
epoch=47/300 lr=0.10000 train_acc=91.35 test_acc=88.21
epoch=48/300 lr=0.10000 train_acc=91.35 test_acc=90.21
epoch=49/300 lr=0.10000 train_acc=91.27 test_acc=88.44
epoch=50/300 lr=0.10000 train_acc=91.29 test_acc=89.46
epoch=51/300 lr=0.10000 train_acc=91.41 test_acc=89.58
epoch=52/300 lr=0.10000 train_acc=91.41 test_acc=90.48
epoch=53/300 lr=0.10000 train_acc=91.48 test_acc=90.26
epoch=54/300 lr=0.10000 train_acc=91.48 test_acc=87.10
epoch=55/300 lr=0.10000 train_acc=91.45 test_acc=91.68
epoch=56/300 lr=0.10000 train_acc=91.28 test_acc=89.91
epoch=57/300 lr=0.10000 train_acc=91.52 test_acc=89.01
epoch=58/300 lr=0.10000 train_acc=91.63 test_acc=90.73
epoch=59/300 lr=0.10000 train_acc=91.44 test_acc=90.65
epoch=60/300 lr=0.10000 train_acc=91.46 test_acc=90.16
epoch=61/300 lr=0.10000 train_acc=91.37 test_acc=91.42
epoch=62/300 lr=0.10000 train_acc=91.42 test_acc=88.69
epoch=63/300 lr=0.10000 train_acc=91.56 test_acc=89.78
epoch=64/300 lr=0.10000 train_acc=91.44 test_acc=91.26
epoch=65/300 lr=0.10000 train_acc=91.53 test_acc=90.88
epoch=66/300 lr=0.10000 train_acc=91.49 test_acc=90.21
epoch=67/300 lr=0.10000 train_acc=91.50 test_acc=90.44
epoch=68/300 lr=0.10000 train_acc=91.54 test_acc=90.18
epoch=69/300 lr=0.10000 train_acc=91.63 test_acc=90.89
epoch=70/300 lr=0.10000 train_acc=91.67 test_acc=88.35
epoch=71/300 lr=0.10000 train_acc=91.73 test_acc=89.03
epoch=72/300 lr=0.10000 train_acc=91.54 test_acc=90.46
epoch=73/300 lr=0.10000 train_acc=91.67 test_acc=89.07
epoch=74/300 lr=0.10000 train_acc=91.56 test_acc=86.63
epoch=75/300 lr=0.10000 train_acc=91.59 test_acc=91.42
epoch=76/300 lr=0.10000 train_acc=91.65 test_acc=89.95
epoch=77/300 lr=0.10000 train_acc=91.50 test_acc=89.14
epoch=78/300 lr=0.10000 train_acc=91.68 test_acc=91.04
epoch=79/300 lr=0.10000 train_acc=91.49 test_acc=88.66
epoch=80/300 lr=0.10000 train_acc=91.79 test_acc=90.13
epoch=81/300 lr=0.10000 train_acc=91.76 test_acc=91.80
epoch=82/300 lr=0.10000 train_acc=91.61 test_acc=88.77
epoch=83/300 lr=0.10000 train_acc=91.54 test_acc=88.79
epoch=84/300 lr=0.10000 train_acc=91.51 test_acc=89.82
epoch=85/300 lr=0.10000 train_acc=91.53 test_acc=88.51
epoch=86/300 lr=0.10000 train_acc=91.79 test_acc=91.74
epoch=87/300 lr=0.10000 train_acc=91.51 test_acc=90.52
epoch=88/300 lr=0.10000 train_acc=91.56 test_acc=88.34
epoch=89/300 lr=0.10000 train_acc=91.60 test_acc=91.01
epoch=90/300 lr=0.10000 train_acc=91.58 test_acc=89.77
epoch=91/300 lr=0.10000 train_acc=91.48 test_acc=90.62
epoch=92/300 lr=0.10000 train_acc=91.58 test_acc=89.66
epoch=93/300 lr=0.10000 train_acc=91.61 test_acc=89.49
epoch=94/300 lr=0.10000 train_acc=91.50 test_acc=89.14
epoch=95/300 lr=0.10000 train_acc=91.67 test_acc=90.81
epoch=96/300 lr=0.10000 train_acc=91.55 test_acc=89.35
epoch=97/300 lr=0.10000 train_acc=91.73 test_acc=90.56
epoch=98/300 lr=0.10000 train_acc=91.61 test_acc=90.37
epoch=99/300 lr=0.10000 train_acc=91.79 test_acc=90.99
epoch=100/300 lr=0.10000 train_acc=91.65 test_acc=84.73
epoch=101/300 lr=0.10000 train_acc=91.60 test_acc=89.64
epoch=102/300 lr=0.10000 train_acc=91.62 test_acc=89.86
epoch=103/300 lr=0.10000 train_acc=91.77 test_acc=91.26
epoch=104/300 lr=0.10000 train_acc=91.82 test_acc=90.84
epoch=105/300 lr=0.10000 train_acc=91.75 test_acc=91.00
epoch=106/300 lr=0.10000 train_acc=91.65 test_acc=91.59
epoch=107/300 lr=0.10000 train_acc=91.77 test_acc=90.55
epoch=108/300 lr=0.10000 train_acc=91.72 test_acc=89.29
epoch=109/300 lr=0.10000 train_acc=91.73 test_acc=90.21
epoch=110/300 lr=0.10000 train_acc=91.96 test_acc=91.05
epoch=111/300 lr=0.10000 train_acc=91.64 test_acc=90.36
epoch=112/300 lr=0.10000 train_acc=91.74 test_acc=88.37
epoch=113/300 lr=0.10000 train_acc=91.57 test_acc=88.03
epoch=114/300 lr=0.10000 train_acc=91.72 test_acc=87.71
epoch=115/300 lr=0.10000 train_acc=91.74 test_acc=90.73
epoch=116/300 lr=0.10000 train_acc=91.78 test_acc=88.90
epoch=117/300 lr=0.10000 train_acc=91.69 test_acc=88.40
epoch=118/300 lr=0.10000 train_acc=91.96 test_acc=89.91
epoch=119/300 lr=0.10000 train_acc=91.67 test_acc=91.40
epoch=120/300 lr=0.10000 train_acc=91.83 test_acc=90.94
epoch=121/300 lr=0.10000 train_acc=91.62 test_acc=91.25
epoch=122/300 lr=0.10000 train_acc=91.77 test_acc=89.89
epoch=123/300 lr=0.10000 train_acc=91.76 test_acc=89.40
epoch=124/300 lr=0.10000 train_acc=91.60 test_acc=90.04
epoch=125/300 lr=0.10000 train_acc=91.82 test_acc=90.11
epoch=126/300 lr=0.10000 train_acc=91.72 test_acc=90.08
epoch=127/300 lr=0.10000 train_acc=91.85 test_acc=90.37
epoch=128/300 lr=0.10000 train_acc=91.83 test_acc=90.61
epoch=129/300 lr=0.10000 train_acc=91.72 test_acc=91.03
epoch=130/300 lr=0.10000 train_acc=91.94 test_acc=91.35
epoch=131/300 lr=0.10000 train_acc=91.79 test_acc=91.35
epoch=132/300 lr=0.10000 train_acc=91.60 test_acc=89.28
epoch=133/300 lr=0.10000 train_acc=91.84 test_acc=91.18
epoch=134/300 lr=0.10000 train_acc=91.58 test_acc=89.16
epoch=135/300 lr=0.10000 train_acc=91.86 test_acc=90.88
epoch=136/300 lr=0.10000 train_acc=91.74 test_acc=88.96
epoch=137/300 lr=0.10000 train_acc=91.90 test_acc=89.47
epoch=138/300 lr=0.10000 train_acc=91.76 test_acc=91.32
epoch=139/300 lr=0.10000 train_acc=91.82 test_acc=78.25
epoch=140/300 lr=0.10000 train_acc=91.64 test_acc=89.48
epoch=141/300 lr=0.10000 train_acc=91.83 test_acc=90.20
epoch=142/300 lr=0.10000 train_acc=91.81 test_acc=91.32
epoch=143/300 lr=0.10000 train_acc=91.70 test_acc=90.06
epoch=144/300 lr=0.10000 train_acc=91.96 test_acc=89.08
epoch=145/300 lr=0.10000 train_acc=91.61 test_acc=91.10
epoch=146/300 lr=0.10000 train_acc=91.77 test_acc=88.53
epoch=147/300 lr=0.10000 train_acc=91.84 test_acc=87.84
epoch=148/300 lr=0.10000 train_acc=91.80 test_acc=91.03
epoch=149/300 lr=0.10000 train_acc=91.74 test_acc=90.20
epoch=150/300 lr=0.10000 train_acc=91.73 test_acc=90.15
epoch=151/300 lr=0.01000 train_acc=94.17 test_acc=93.96
epoch=152/300 lr=0.01000 train_acc=94.67 test_acc=94.10
epoch=153/300 lr=0.01000 train_acc=94.85 test_acc=94.35
epoch=154/300 lr=0.01000 train_acc=95.02 test_acc=94.49
epoch=155/300 lr=0.01000 train_acc=95.22 test_acc=94.52
epoch=156/300 lr=0.01000 train_acc=95.36 test_acc=94.58
epoch=157/300 lr=0.01000 train_acc=95.40 test_acc=94.38
epoch=158/300 lr=0.01000 train_acc=95.51 test_acc=94.58
epoch=159/300 lr=0.01000 train_acc=95.50 test_acc=94.64
epoch=160/300 lr=0.01000 train_acc=95.57 test_acc=94.76
epoch=161/300 lr=0.01000 train_acc=95.68 test_acc=94.64
epoch=162/300 lr=0.01000 train_acc=95.78 test_acc=94.54
epoch=163/300 lr=0.01000 train_acc=95.78 test_acc=94.54
epoch=164/300 lr=0.01000 train_acc=95.80 test_acc=94.05
epoch=165/300 lr=0.01000 train_acc=95.78 test_acc=94.16
epoch=166/300 lr=0.01000 train_acc=95.81 test_acc=94.09
epoch=167/300 lr=0.01000 train_acc=95.82 test_acc=93.41
epoch=168/300 lr=0.01000 train_acc=95.86 test_acc=94.22
epoch=169/300 lr=0.01000 train_acc=95.90 test_acc=94.51
epoch=170/300 lr=0.01000 train_acc=95.91 test_acc=94.44
epoch=171/300 lr=0.01000 train_acc=95.76 test_acc=94.13
epoch=172/300 lr=0.01000 train_acc=95.88 test_acc=94.05
epoch=173/300 lr=0.01000 train_acc=95.95 test_acc=94.55
epoch=174/300 lr=0.01000 train_acc=95.87 test_acc=94.23
epoch=175/300 lr=0.01000 train_acc=95.87 test_acc=94.01
epoch=176/300 lr=0.01000 train_acc=95.90 test_acc=93.58
epoch=177/300 lr=0.01000 train_acc=95.91 test_acc=94.10
epoch=178/300 lr=0.01000 train_acc=95.89 test_acc=94.18
epoch=179/300 lr=0.01000 train_acc=95.87 test_acc=93.91
epoch=180/300 lr=0.01000 train_acc=95.99 test_acc=93.88
epoch=181/300 lr=0.01000 train_acc=95.98 test_acc=93.75
epoch=182/300 lr=0.01000 train_acc=95.98 test_acc=94.07
epoch=183/300 lr=0.01000 train_acc=96.00 test_acc=94.30
epoch=184/300 lr=0.01000 train_acc=95.96 test_acc=94.42
epoch=185/300 lr=0.01000 train_acc=96.08 test_acc=93.14
epoch=186/300 lr=0.01000 train_acc=95.88 test_acc=94.21
epoch=187/300 lr=0.01000 train_acc=95.96 test_acc=94.16
epoch=188/300 lr=0.01000 train_acc=95.87 test_acc=94.36
epoch=189/300 lr=0.01000 train_acc=96.07 test_acc=94.45
epoch=190/300 lr=0.01000 train_acc=95.97 test_acc=94.27
epoch=191/300 lr=0.01000 train_acc=96.05 test_acc=94.30
epoch=192/300 lr=0.01000 train_acc=96.07 test_acc=94.16
epoch=193/300 lr=0.01000 train_acc=96.03 test_acc=93.95
epoch=194/300 lr=0.01000 train_acc=96.13 test_acc=93.60
epoch=195/300 lr=0.01000 train_acc=96.00 test_acc=93.92
epoch=196/300 lr=0.01000 train_acc=96.00 test_acc=94.43
epoch=197/300 lr=0.01000 train_acc=96.12 test_acc=93.48
epoch=198/300 lr=0.01000 train_acc=96.19 test_acc=94.00
epoch=199/300 lr=0.01000 train_acc=96.16 test_acc=94.08
epoch=200/300 lr=0.01000 train_acc=96.17 test_acc=93.97
epoch=201/300 lr=0.01000 train_acc=96.28 test_acc=94.56
epoch=202/300 lr=0.01000 train_acc=96.14 test_acc=93.43
epoch=203/300 lr=0.01000 train_acc=96.15 test_acc=94.16
epoch=204/300 lr=0.01000 train_acc=96.23 test_acc=94.03
epoch=205/300 lr=0.01000 train_acc=96.20 test_acc=94.48
epoch=206/300 lr=0.01000 train_acc=96.07 test_acc=94.01
epoch=207/300 lr=0.01000 train_acc=96.12 test_acc=94.06
epoch=208/300 lr=0.01000 train_acc=96.25 test_acc=94.32
epoch=209/300 lr=0.01000 train_acc=96.18 test_acc=93.80
epoch=210/300 lr=0.01000 train_acc=96.34 test_acc=94.24
epoch=211/300 lr=0.01000 train_acc=96.09 test_acc=93.82
epoch=212/300 lr=0.01000 train_acc=96.26 test_acc=94.31
epoch=213/300 lr=0.01000 train_acc=96.20 test_acc=94.32
epoch=214/300 lr=0.01000 train_acc=96.33 test_acc=94.23
epoch=215/300 lr=0.01000 train_acc=96.27 test_acc=93.91
epoch=216/300 lr=0.01000 train_acc=96.36 test_acc=94.04
epoch=217/300 lr=0.01000 train_acc=96.31 test_acc=94.21
epoch=218/300 lr=0.01000 train_acc=96.28 test_acc=93.93
epoch=219/300 lr=0.01000 train_acc=96.25 test_acc=94.10
epoch=220/300 lr=0.01000 train_acc=96.26 test_acc=94.37
epoch=221/300 lr=0.01000 train_acc=96.27 test_acc=93.96
epoch=222/300 lr=0.01000 train_acc=96.31 test_acc=94.34
epoch=223/300 lr=0.01000 train_acc=96.40 test_acc=94.11
epoch=224/300 lr=0.01000 train_acc=96.44 test_acc=94.41
epoch=225/300 lr=0.01000 train_acc=96.33 test_acc=94.27
epoch=226/300 lr=0.00100 train_acc=97.47 test_acc=95.14
epoch=227/300 lr=0.00100 train_acc=97.97 test_acc=95.28
epoch=228/300 lr=0.00100 train_acc=98.07 test_acc=95.12
epoch=229/300 lr=0.00100 train_acc=98.30 test_acc=95.10
epoch=230/300 lr=0.00100 train_acc=98.27 test_acc=95.11
epoch=231/300 lr=0.00100 train_acc=98.36 test_acc=94.98
epoch=232/300 lr=0.00100 train_acc=98.48 test_acc=94.98
epoch=233/300 lr=0.00100 train_acc=98.43 test_acc=95.15
epoch=234/300 lr=0.00100 train_acc=98.50 test_acc=95.12
epoch=235/300 lr=0.00100 train_acc=98.47 test_acc=95.04
epoch=236/300 lr=0.00100 train_acc=98.63 test_acc=95.00
epoch=237/300 lr=0.00100 train_acc=98.57 test_acc=94.93
epoch=238/300 lr=0.00100 train_acc=98.61 test_acc=95.04
epoch=239/300 lr=0.00100 train_acc=98.68 test_acc=94.98
epoch=240/300 lr=0.00100 train_acc=98.75 test_acc=95.12
epoch=241/300 lr=0.00100 train_acc=98.77 test_acc=95.04
epoch=242/300 lr=0.00100 train_acc=98.81 test_acc=95.12
epoch=243/300 lr=0.00100 train_acc=98.80 test_acc=95.13
epoch=244/300 lr=0.00100 train_acc=98.86 test_acc=95.09
epoch=245/300 lr=0.00100 train_acc=98.85 test_acc=94.99
epoch=246/300 lr=0.00100 train_acc=98.89 test_acc=94.95
epoch=247/300 lr=0.00100 train_acc=98.89 test_acc=94.96
epoch=248/300 lr=0.00100 train_acc=99.00 test_acc=95.01
epoch=249/300 lr=0.00100 train_acc=98.94 test_acc=95.03
epoch=250/300 lr=0.00100 train_acc=98.95 test_acc=95.03
epoch=251/300 lr=0.00100 train_acc=98.99 test_acc=94.82
epoch=252/300 lr=0.00100 train_acc=98.97 test_acc=94.86
epoch=253/300 lr=0.00100 train_acc=99.03 test_acc=94.97
epoch=254/300 lr=0.00100 train_acc=99.00 test_acc=95.05
epoch=255/300 lr=0.00100 train_acc=99.03 test_acc=95.05
epoch=256/300 lr=0.00100 train_acc=99.19 test_acc=94.88
epoch=257/300 lr=0.00100 train_acc=99.06 test_acc=94.72
epoch=258/300 lr=0.00100 train_acc=99.14 test_acc=95.08
epoch=259/300 lr=0.00100 train_acc=99.10 test_acc=94.94
epoch=260/300 lr=0.00100 train_acc=99.21 test_acc=94.90
epoch=261/300 lr=0.00100 train_acc=99.16 test_acc=94.86
epoch=262/300 lr=0.00100 train_acc=99.17 test_acc=94.85
epoch=263/300 lr=0.00100 train_acc=99.14 test_acc=95.05
epoch=264/300 lr=0.00100 train_acc=99.12 test_acc=95.13
epoch=265/300 lr=0.00100 train_acc=99.21 test_acc=94.94
epoch=266/300 lr=0.00100 train_acc=99.16 test_acc=94.97
epoch=267/300 lr=0.00100 train_acc=99.21 test_acc=94.76
epoch=268/300 lr=0.00100 train_acc=99.19 test_acc=94.83
epoch=269/300 lr=0.00100 train_acc=99.17 test_acc=95.12
epoch=270/300 lr=0.00100 train_acc=99.18 test_acc=95.00
epoch=271/300 lr=0.00100 train_acc=99.21 test_acc=95.00
epoch=272/300 lr=0.00100 train_acc=99.28 test_acc=94.78
epoch=273/300 lr=0.00100 train_acc=99.30 test_acc=94.90
epoch=274/300 lr=0.00100 train_acc=99.30 test_acc=94.80
epoch=275/300 lr=0.00100 train_acc=99.24 test_acc=94.89
epoch=276/300 lr=0.00100 train_acc=99.32 test_acc=95.00
epoch=277/300 lr=0.00100 train_acc=99.28 test_acc=95.03
epoch=278/300 lr=0.00100 train_acc=99.29 test_acc=95.05
epoch=279/300 lr=0.00100 train_acc=99.28 test_acc=94.92
epoch=280/300 lr=0.00100 train_acc=99.30 test_acc=94.76
epoch=281/300 lr=0.00100 train_acc=99.30 test_acc=95.10
epoch=282/300 lr=0.00100 train_acc=99.28 test_acc=94.96
epoch=283/300 lr=0.00100 train_acc=99.29 test_acc=94.98
epoch=284/300 lr=0.00100 train_acc=99.37 test_acc=94.89
epoch=285/300 lr=0.00100 train_acc=99.35 test_acc=94.81
epoch=286/300 lr=0.00100 train_acc=99.34 test_acc=94.89
epoch=287/300 lr=0.00100 train_acc=99.29 test_acc=95.00
epoch=288/300 lr=0.00100 train_acc=99.29 test_acc=94.83
epoch=289/300 lr=0.00100 train_acc=99.32 test_acc=94.88
epoch=290/300 lr=0.00100 train_acc=99.25 test_acc=94.86
epoch=291/300 lr=0.00100 train_acc=99.33 test_acc=95.06
epoch=292/300 lr=0.00100 train_acc=99.34 test_acc=94.85
epoch=293/300 lr=0.00100 train_acc=99.36 test_acc=94.87
epoch=294/300 lr=0.00100 train_acc=99.35 test_acc=94.69
epoch=295/300 lr=0.00100 train_acc=99.42 test_acc=94.76
epoch=296/300 lr=0.00100 train_acc=99.35 test_acc=94.97
epoch=297/300 lr=0.00100 train_acc=99.39 test_acc=94.83
epoch=298/300 lr=0.00100 train_acc=99.36 test_acc=94.86
epoch=299/300 lr=0.00100 train_acc=99.38 test_acc=94.80
epoch=300/300 lr=0.00100 train_acc=99.36 test_acc=95.10
{
  "best_accuracy": 95.28,
  "best_error_rate": 4.719999999999999,
  "final_accuracy": 95.1,
  "final_error_rate": 4.900000000000006,
  "elapsed_seconds": 3206.4146268367767,
  "is_paper_result": false,
  "note": "New reproduction result; compare against paper target separately."
}
start experiment=fashionmnist_resnet32_baseline seed=1005
epoch=1/300 lr=0.10000 train_acc=74.11 test_acc=83.80
epoch=2/300 lr=0.10000 train_acc=85.23 test_acc=87.38
epoch=3/300 lr=0.10000 train_acc=87.54 test_acc=86.42
epoch=4/300 lr=0.10000 train_acc=88.40 test_acc=86.77
epoch=5/300 lr=0.10000 train_acc=88.96 test_acc=82.66
epoch=6/300 lr=0.10000 train_acc=89.05 test_acc=86.19
epoch=7/300 lr=0.10000 train_acc=89.20 test_acc=86.56
epoch=8/300 lr=0.10000 train_acc=89.66 test_acc=84.24
epoch=9/300 lr=0.10000 train_acc=89.59 test_acc=85.10
epoch=10/300 lr=0.10000 train_acc=89.85 test_acc=86.10
epoch=11/300 lr=0.10000 train_acc=89.86 test_acc=89.69
epoch=12/300 lr=0.10000 train_acc=89.88 test_acc=87.91
epoch=13/300 lr=0.10000 train_acc=90.42 test_acc=86.74
epoch=14/300 lr=0.10000 train_acc=90.32 test_acc=86.93
epoch=15/300 lr=0.10000 train_acc=90.27 test_acc=88.23
epoch=16/300 lr=0.10000 train_acc=90.48 test_acc=85.33
epoch=17/300 lr=0.10000 train_acc=90.44 test_acc=82.43
epoch=18/300 lr=0.10000 train_acc=90.47 test_acc=90.07
epoch=19/300 lr=0.10000 train_acc=90.57 test_acc=88.37
epoch=20/300 lr=0.10000 train_acc=90.73 test_acc=88.75
epoch=21/300 lr=0.10000 train_acc=90.53 test_acc=90.88
epoch=22/300 lr=0.10000 train_acc=90.83 test_acc=89.85
epoch=23/300 lr=0.10000 train_acc=90.68 test_acc=89.24
epoch=24/300 lr=0.10000 train_acc=90.90 test_acc=90.44
epoch=25/300 lr=0.10000 train_acc=90.94 test_acc=83.84
epoch=26/300 lr=0.10000 train_acc=91.12 test_acc=89.48
epoch=27/300 lr=0.10000 train_acc=91.11 test_acc=90.35
epoch=28/300 lr=0.10000 train_acc=91.00 test_acc=91.21
epoch=29/300 lr=0.10000 train_acc=91.13 test_acc=90.11
epoch=30/300 lr=0.10000 train_acc=91.07 test_acc=89.71
epoch=31/300 lr=0.10000 train_acc=91.17 test_acc=89.54
epoch=32/300 lr=0.10000 train_acc=91.24 test_acc=88.79
epoch=33/300 lr=0.10000 train_acc=91.19 test_acc=86.21
epoch=34/300 lr=0.10000 train_acc=91.16 test_acc=89.40
epoch=35/300 lr=0.10000 train_acc=91.33 test_acc=90.34
epoch=36/300 lr=0.10000 train_acc=91.08 test_acc=89.57
epoch=37/300 lr=0.10000 train_acc=91.24 test_acc=83.76
epoch=38/300 lr=0.10000 train_acc=91.30 test_acc=87.55
epoch=39/300 lr=0.10000 train_acc=91.26 test_acc=80.93
epoch=40/300 lr=0.10000 train_acc=91.42 test_acc=87.53
epoch=41/300 lr=0.10000 train_acc=91.26 test_acc=89.49
epoch=42/300 lr=0.10000 train_acc=91.36 test_acc=90.93
epoch=43/300 lr=0.10000 train_acc=91.31 test_acc=88.80
epoch=44/300 lr=0.10000 train_acc=91.29 test_acc=89.21
epoch=45/300 lr=0.10000 train_acc=91.25 test_acc=90.53
epoch=46/300 lr=0.10000 train_acc=91.38 test_acc=89.05
epoch=47/300 lr=0.10000 train_acc=91.52 test_acc=89.07
epoch=48/300 lr=0.10000 train_acc=91.52 test_acc=89.68
epoch=49/300 lr=0.10000 train_acc=91.36 test_acc=88.56
epoch=50/300 lr=0.10000 train_acc=91.30 test_acc=89.22
epoch=51/300 lr=0.10000 train_acc=91.41 test_acc=90.83
epoch=52/300 lr=0.10000 train_acc=91.52 test_acc=89.28
epoch=53/300 lr=0.10000 train_acc=91.56 test_acc=91.20
epoch=54/300 lr=0.10000 train_acc=91.42 test_acc=91.45
epoch=55/300 lr=0.10000 train_acc=91.44 test_acc=90.68
epoch=56/300 lr=0.10000 train_acc=91.45 test_acc=86.11
epoch=57/300 lr=0.10000 train_acc=91.58 test_acc=90.90
epoch=58/300 lr=0.10000 train_acc=91.63 test_acc=72.17
epoch=59/300 lr=0.10000 train_acc=91.56 test_acc=90.22
epoch=60/300 lr=0.10000 train_acc=91.64 test_acc=86.61
epoch=61/300 lr=0.10000 train_acc=91.56 test_acc=88.81
epoch=62/300 lr=0.10000 train_acc=91.55 test_acc=89.02
epoch=63/300 lr=0.10000 train_acc=91.67 test_acc=89.24
epoch=64/300 lr=0.10000 train_acc=91.40 test_acc=90.75
epoch=65/300 lr=0.10000 train_acc=91.47 test_acc=90.75
epoch=66/300 lr=0.10000 train_acc=91.69 test_acc=90.19
epoch=67/300 lr=0.10000 train_acc=91.50 test_acc=91.82
epoch=68/300 lr=0.10000 train_acc=91.58 test_acc=91.76
epoch=69/300 lr=0.10000 train_acc=91.64 test_acc=91.60
epoch=70/300 lr=0.10000 train_acc=91.56 test_acc=91.18
epoch=71/300 lr=0.10000 train_acc=91.53 test_acc=85.35
epoch=72/300 lr=0.10000 train_acc=91.58 test_acc=90.32
epoch=73/300 lr=0.10000 train_acc=91.70 test_acc=91.17
epoch=74/300 lr=0.10000 train_acc=91.59 test_acc=88.62
epoch=75/300 lr=0.10000 train_acc=91.75 test_acc=88.47
epoch=76/300 lr=0.10000 train_acc=91.88 test_acc=91.09
epoch=77/300 lr=0.10000 train_acc=91.57 test_acc=91.81
epoch=78/300 lr=0.10000 train_acc=91.75 test_acc=84.04
epoch=79/300 lr=0.10000 train_acc=91.58 test_acc=88.55
epoch=80/300 lr=0.10000 train_acc=91.47 test_acc=89.58
epoch=81/300 lr=0.10000 train_acc=91.60 test_acc=90.22
epoch=82/300 lr=0.10000 train_acc=91.65 test_acc=90.35
epoch=83/300 lr=0.10000 train_acc=91.85 test_acc=90.47
epoch=84/300 lr=0.10000 train_acc=91.56 test_acc=89.14
epoch=85/300 lr=0.10000 train_acc=91.75 test_acc=90.22
epoch=86/300 lr=0.10000 train_acc=91.58 test_acc=91.29
epoch=87/300 lr=0.10000 train_acc=91.85 test_acc=88.93
epoch=88/300 lr=0.10000 train_acc=91.75 test_acc=90.11
epoch=89/300 lr=0.10000 train_acc=91.71 test_acc=86.59
epoch=90/300 lr=0.10000 train_acc=91.75 test_acc=91.17
epoch=91/300 lr=0.10000 train_acc=91.51 test_acc=89.87
epoch=92/300 lr=0.10000 train_acc=91.42 test_acc=91.51
epoch=93/300 lr=0.10000 train_acc=91.70 test_acc=91.33
epoch=94/300 lr=0.10000 train_acc=91.70 test_acc=90.61
epoch=95/300 lr=0.10000 train_acc=91.67 test_acc=91.34
epoch=96/300 lr=0.10000 train_acc=91.72 test_acc=88.29
epoch=97/300 lr=0.10000 train_acc=91.72 test_acc=87.83
epoch=98/300 lr=0.10000 train_acc=91.65 test_acc=86.51
epoch=99/300 lr=0.10000 train_acc=91.81 test_acc=91.47
epoch=100/300 lr=0.10000 train_acc=91.64 test_acc=90.24
epoch=101/300 lr=0.10000 train_acc=91.74 test_acc=81.76
epoch=102/300 lr=0.10000 train_acc=91.72 test_acc=91.53
epoch=103/300 lr=0.10000 train_acc=91.77 test_acc=88.96
epoch=104/300 lr=0.10000 train_acc=91.73 test_acc=88.74
epoch=105/300 lr=0.10000 train_acc=91.83 test_acc=91.05
epoch=106/300 lr=0.10000 train_acc=91.82 test_acc=90.73
epoch=107/300 lr=0.10000 train_acc=91.81 test_acc=83.80
epoch=108/300 lr=0.10000 train_acc=91.73 test_acc=88.81
epoch=109/300 lr=0.10000 train_acc=91.74 test_acc=87.26
epoch=110/300 lr=0.10000 train_acc=91.80 test_acc=91.04
epoch=111/300 lr=0.10000 train_acc=91.94 test_acc=89.96
epoch=112/300 lr=0.10000 train_acc=91.70 test_acc=89.04
epoch=113/300 lr=0.10000 train_acc=91.61 test_acc=91.76
epoch=114/300 lr=0.10000 train_acc=91.80 test_acc=87.98
epoch=115/300 lr=0.10000 train_acc=91.92 test_acc=91.63
epoch=116/300 lr=0.10000 train_acc=91.75 test_acc=90.49
epoch=117/300 lr=0.10000 train_acc=91.62 test_acc=64.97
epoch=118/300 lr=0.10000 train_acc=91.76 test_acc=88.91
epoch=119/300 lr=0.10000 train_acc=91.72 test_acc=86.67
epoch=120/300 lr=0.10000 train_acc=91.83 test_acc=89.44
epoch=121/300 lr=0.10000 train_acc=91.89 test_acc=91.05
epoch=122/300 lr=0.10000 train_acc=91.75 test_acc=91.27
epoch=123/300 lr=0.10000 train_acc=91.81 test_acc=80.46
epoch=124/300 lr=0.10000 train_acc=91.73 test_acc=89.76
epoch=125/300 lr=0.10000 train_acc=91.95 test_acc=90.56
epoch=126/300 lr=0.10000 train_acc=91.72 test_acc=82.97
epoch=127/300 lr=0.10000 train_acc=91.86 test_acc=90.76
epoch=128/300 lr=0.10000 train_acc=91.68 test_acc=91.59
epoch=129/300 lr=0.10000 train_acc=91.83 test_acc=83.15
epoch=130/300 lr=0.10000 train_acc=91.78 test_acc=90.45
epoch=131/300 lr=0.10000 train_acc=91.72 test_acc=70.61
epoch=132/300 lr=0.10000 train_acc=91.69 test_acc=90.69
epoch=133/300 lr=0.10000 train_acc=91.84 test_acc=91.25
epoch=134/300 lr=0.10000 train_acc=91.79 test_acc=54.02
epoch=135/300 lr=0.10000 train_acc=91.83 test_acc=91.51
epoch=136/300 lr=0.10000 train_acc=91.72 test_acc=92.13
epoch=137/300 lr=0.10000 train_acc=91.92 test_acc=85.70
epoch=138/300 lr=0.10000 train_acc=91.77 test_acc=90.39
epoch=139/300 lr=0.10000 train_acc=91.91 test_acc=90.39
epoch=140/300 lr=0.10000 train_acc=91.73 test_acc=88.07
epoch=141/300 lr=0.10000 train_acc=91.84 test_acc=91.90
epoch=142/300 lr=0.10000 train_acc=91.91 test_acc=87.38
epoch=143/300 lr=0.10000 train_acc=91.62 test_acc=90.58
epoch=144/300 lr=0.10000 train_acc=91.81 test_acc=90.66
epoch=145/300 lr=0.10000 train_acc=91.77 test_acc=72.47
epoch=146/300 lr=0.10000 train_acc=91.62 test_acc=87.03
epoch=147/300 lr=0.10000 train_acc=91.86 test_acc=89.88
epoch=148/300 lr=0.10000 train_acc=91.60 test_acc=88.25
epoch=149/300 lr=0.10000 train_acc=91.82 test_acc=91.85
epoch=150/300 lr=0.10000 train_acc=91.78 test_acc=90.29
epoch=151/300 lr=0.01000 train_acc=94.03 test_acc=93.89
epoch=152/300 lr=0.01000 train_acc=94.59 test_acc=94.29
epoch=153/300 lr=0.01000 train_acc=95.01 test_acc=94.44
epoch=154/300 lr=0.01000 train_acc=95.00 test_acc=94.46
epoch=155/300 lr=0.01000 train_acc=95.20 test_acc=94.49
epoch=156/300 lr=0.01000 train_acc=95.40 test_acc=94.40
epoch=157/300 lr=0.01000 train_acc=95.42 test_acc=94.31
epoch=158/300 lr=0.01000 train_acc=95.56 test_acc=94.27
epoch=159/300 lr=0.01000 train_acc=95.59 test_acc=94.43
epoch=160/300 lr=0.01000 train_acc=95.68 test_acc=94.24
epoch=161/300 lr=0.01000 train_acc=95.63 test_acc=94.53
epoch=162/300 lr=0.01000 train_acc=95.84 test_acc=94.22
epoch=163/300 lr=0.01000 train_acc=95.72 test_acc=94.51
epoch=164/300 lr=0.01000 train_acc=95.75 test_acc=94.67
epoch=165/300 lr=0.01000 train_acc=95.82 test_acc=94.74
epoch=166/300 lr=0.01000 train_acc=95.93 test_acc=94.35
epoch=167/300 lr=0.01000 train_acc=95.76 test_acc=94.16
epoch=168/300 lr=0.01000 train_acc=95.98 test_acc=94.43
epoch=169/300 lr=0.01000 train_acc=95.92 test_acc=92.98
epoch=170/300 lr=0.01000 train_acc=95.86 test_acc=93.89
epoch=171/300 lr=0.01000 train_acc=95.93 test_acc=94.17
epoch=172/300 lr=0.01000 train_acc=96.00 test_acc=93.93
epoch=173/300 lr=0.01000 train_acc=95.89 test_acc=94.37
epoch=174/300 lr=0.01000 train_acc=96.08 test_acc=93.91
epoch=175/300 lr=0.01000 train_acc=95.97 test_acc=93.92
epoch=176/300 lr=0.01000 train_acc=95.93 test_acc=94.17
epoch=177/300 lr=0.01000 train_acc=96.04 test_acc=94.30
epoch=178/300 lr=0.01000 train_acc=95.86 test_acc=94.11
epoch=179/300 lr=0.01000 train_acc=96.01 test_acc=94.15
epoch=180/300 lr=0.01000 train_acc=95.97 test_acc=93.29
epoch=181/300 lr=0.01000 train_acc=95.99 test_acc=94.24
epoch=182/300 lr=0.01000 train_acc=96.09 test_acc=94.36
epoch=183/300 lr=0.01000 train_acc=95.92 test_acc=94.38
epoch=184/300 lr=0.01000 train_acc=96.08 test_acc=94.19
epoch=185/300 lr=0.01000 train_acc=95.96 test_acc=93.65
epoch=186/300 lr=0.01000 train_acc=96.08 test_acc=94.22
epoch=187/300 lr=0.01000 train_acc=96.04 test_acc=94.11
epoch=188/300 lr=0.01000 train_acc=95.98 test_acc=94.46
epoch=189/300 lr=0.01000 train_acc=96.08 test_acc=93.74
epoch=190/300 lr=0.01000 train_acc=96.22 test_acc=93.63
epoch=191/300 lr=0.01000 train_acc=96.05 test_acc=93.96
epoch=192/300 lr=0.01000 train_acc=96.05 test_acc=93.97
epoch=193/300 lr=0.01000 train_acc=96.07 test_acc=93.81
epoch=194/300 lr=0.01000 train_acc=96.11 test_acc=93.76
epoch=195/300 lr=0.01000 train_acc=96.20 test_acc=94.40
epoch=196/300 lr=0.01000 train_acc=96.20 test_acc=93.99
epoch=197/300 lr=0.01000 train_acc=96.17 test_acc=93.65
epoch=198/300 lr=0.01000 train_acc=96.09 test_acc=93.87
epoch=199/300 lr=0.01000 train_acc=96.18 test_acc=93.87
epoch=200/300 lr=0.01000 train_acc=96.21 test_acc=93.64
epoch=201/300 lr=0.01000 train_acc=96.27 test_acc=93.67
epoch=202/300 lr=0.01000 train_acc=96.18 test_acc=94.36
epoch=203/300 lr=0.01000 train_acc=96.36 test_acc=94.30
epoch=204/300 lr=0.01000 train_acc=96.35 test_acc=93.99
epoch=205/300 lr=0.01000 train_acc=96.24 test_acc=94.24
epoch=206/300 lr=0.01000 train_acc=96.32 test_acc=94.14
epoch=207/300 lr=0.01000 train_acc=96.30 test_acc=93.80
epoch=208/300 lr=0.01000 train_acc=96.35 test_acc=94.14
epoch=209/300 lr=0.01000 train_acc=96.29 test_acc=94.35
epoch=210/300 lr=0.01000 train_acc=96.33 test_acc=93.41
epoch=211/300 lr=0.01000 train_acc=96.41 test_acc=94.09
epoch=212/300 lr=0.01000 train_acc=96.39 test_acc=93.77
epoch=213/300 lr=0.01000 train_acc=96.30 test_acc=94.07
epoch=214/300 lr=0.01000 train_acc=96.42 test_acc=94.02
epoch=215/300 lr=0.01000 train_acc=96.54 test_acc=94.19
epoch=216/300 lr=0.01000 train_acc=96.47 test_acc=94.31
epoch=217/300 lr=0.01000 train_acc=96.50 test_acc=93.95
epoch=218/300 lr=0.01000 train_acc=96.40 test_acc=93.88
epoch=219/300 lr=0.01000 train_acc=96.44 test_acc=94.15
epoch=220/300 lr=0.01000 train_acc=96.38 test_acc=93.97
epoch=221/300 lr=0.01000 train_acc=96.59 test_acc=93.74
epoch=222/300 lr=0.01000 train_acc=96.47 test_acc=93.69
epoch=223/300 lr=0.01000 train_acc=96.40 test_acc=93.17
epoch=224/300 lr=0.01000 train_acc=96.45 test_acc=94.13
epoch=225/300 lr=0.01000 train_acc=96.55 test_acc=93.85
epoch=226/300 lr=0.00100 train_acc=97.61 test_acc=94.92
epoch=227/300 lr=0.00100 train_acc=97.96 test_acc=94.85
epoch=228/300 lr=0.00100 train_acc=98.20 test_acc=94.94
epoch=229/300 lr=0.00100 train_acc=98.36 test_acc=94.97
epoch=230/300 lr=0.00100 train_acc=98.43 test_acc=95.07
epoch=231/300 lr=0.00100 train_acc=98.52 test_acc=95.08
epoch=232/300 lr=0.00100 train_acc=98.64 test_acc=95.01
epoch=233/300 lr=0.00100 train_acc=98.59 test_acc=94.97
epoch=234/300 lr=0.00100 train_acc=98.64 test_acc=95.04
epoch=235/300 lr=0.00100 train_acc=98.67 test_acc=94.90
epoch=236/300 lr=0.00100 train_acc=98.74 test_acc=94.98
epoch=237/300 lr=0.00100 train_acc=98.82 test_acc=95.04
epoch=238/300 lr=0.00100 train_acc=98.83 test_acc=94.97
epoch=239/300 lr=0.00100 train_acc=98.87 test_acc=95.04
epoch=240/300 lr=0.00100 train_acc=98.83 test_acc=94.95
epoch=241/300 lr=0.00100 train_acc=98.92 test_acc=94.99
epoch=242/300 lr=0.00100 train_acc=98.94 test_acc=94.95
epoch=243/300 lr=0.00100 train_acc=98.98 test_acc=94.89
epoch=244/300 lr=0.00100 train_acc=99.02 test_acc=94.95
epoch=245/300 lr=0.00100 train_acc=99.01 test_acc=94.92
epoch=246/300 lr=0.00100 train_acc=99.04 test_acc=95.00
epoch=247/300 lr=0.00100 train_acc=99.05 test_acc=94.96
epoch=248/300 lr=0.00100 train_acc=99.04 test_acc=95.12
epoch=249/300 lr=0.00100 train_acc=99.12 test_acc=94.95
epoch=250/300 lr=0.00100 train_acc=99.17 test_acc=94.89
epoch=251/300 lr=0.00100 train_acc=99.12 test_acc=94.89
epoch=252/300 lr=0.00100 train_acc=99.20 test_acc=94.94
epoch=253/300 lr=0.00100 train_acc=99.17 test_acc=94.90
epoch=254/300 lr=0.00100 train_acc=99.19 test_acc=95.06
epoch=255/300 lr=0.00100 train_acc=99.18 test_acc=94.71
epoch=256/300 lr=0.00100 train_acc=99.22 test_acc=94.78
epoch=257/300 lr=0.00100 train_acc=99.28 test_acc=94.76
epoch=258/300 lr=0.00100 train_acc=99.23 test_acc=94.80
epoch=259/300 lr=0.00100 train_acc=99.29 test_acc=94.94
epoch=260/300 lr=0.00100 train_acc=99.27 test_acc=95.08
epoch=261/300 lr=0.00100 train_acc=99.24 test_acc=94.81
epoch=262/300 lr=0.00100 train_acc=99.27 test_acc=94.68
epoch=263/300 lr=0.00100 train_acc=99.25 test_acc=94.77
epoch=264/300 lr=0.00100 train_acc=99.38 test_acc=94.70
epoch=265/300 lr=0.00100 train_acc=99.34 test_acc=94.67
epoch=266/300 lr=0.00100 train_acc=99.25 test_acc=95.09
epoch=267/300 lr=0.00100 train_acc=99.34 test_acc=94.84
epoch=268/300 lr=0.00100 train_acc=99.34 test_acc=94.86
epoch=269/300 lr=0.00100 train_acc=99.39 test_acc=94.90
epoch=270/300 lr=0.00100 train_acc=99.35 test_acc=94.84
epoch=271/300 lr=0.00100 train_acc=99.34 test_acc=95.07
epoch=272/300 lr=0.00100 train_acc=99.40 test_acc=94.77
epoch=273/300 lr=0.00100 train_acc=99.41 test_acc=94.88
epoch=274/300 lr=0.00100 train_acc=99.37 test_acc=94.89
epoch=275/300 lr=0.00100 train_acc=99.45 test_acc=94.79
epoch=276/300 lr=0.00100 train_acc=99.42 test_acc=94.78
epoch=277/300 lr=0.00100 train_acc=99.43 test_acc=94.95
epoch=278/300 lr=0.00100 train_acc=99.45 test_acc=94.80
epoch=279/300 lr=0.00100 train_acc=99.47 test_acc=94.88
epoch=280/300 lr=0.00100 train_acc=99.47 test_acc=94.77
epoch=281/300 lr=0.00100 train_acc=99.44 test_acc=94.88
epoch=282/300 lr=0.00100 train_acc=99.45 test_acc=94.80
epoch=283/300 lr=0.00100 train_acc=99.44 test_acc=94.73
epoch=284/300 lr=0.00100 train_acc=99.45 test_acc=94.79
epoch=285/300 lr=0.00100 train_acc=99.45 test_acc=94.77
epoch=286/300 lr=0.00100 train_acc=99.44 test_acc=95.08
epoch=287/300 lr=0.00100 train_acc=99.43 test_acc=94.87
epoch=288/300 lr=0.00100 train_acc=99.45 test_acc=94.79
epoch=289/300 lr=0.00100 train_acc=99.51 test_acc=94.84
epoch=290/300 lr=0.00100 train_acc=99.45 test_acc=94.66
epoch=291/300 lr=0.00100 train_acc=99.51 test_acc=94.74
epoch=292/300 lr=0.00100 train_acc=99.48 test_acc=95.01
epoch=293/300 lr=0.00100 train_acc=99.50 test_acc=94.79
epoch=294/300 lr=0.00100 train_acc=99.44 test_acc=94.60
epoch=295/300 lr=0.00100 train_acc=99.49 test_acc=94.96
epoch=296/300 lr=0.00100 train_acc=99.49 test_acc=94.91
epoch=297/300 lr=0.00100 train_acc=99.53 test_acc=94.72
epoch=298/300 lr=0.00100 train_acc=99.53 test_acc=94.94
epoch=299/300 lr=0.00100 train_acc=99.55 test_acc=94.87
epoch=300/300 lr=0.00100 train_acc=99.51 test_acc=94.81
{
  "best_accuracy": 95.12,
  "best_error_rate": 4.8799999999999955,
  "final_accuracy": 94.81,
  "final_error_rate": 5.189999999999998,
  "elapsed_seconds": 3200.1355860233307,
  "is_paper_result": false,
  "note": "New reproduction result; compare against paper target separately."
}
{
  "experiment": "fashionmnist_resnet32_baseline",
  "seeds": [
    1001,
    1002,
    1003,
    1004,
    1005
  ],
  "smoke": false,
  "is_paper_result": false,
  "best_error_rate": {
    "values": [
      4.799999999999997,
      4.780000000000001,
      4.900000000000006,
      4.719999999999999,
      4.8799999999999955
    ],
    "mean": 4.816,
    "population_std": 0.0662117814289883,
    "sample_std": 0.074027022093288
  },
  "final_error_rate": {
    "values": [
      5.290000000000006,
      5.079999999999998,
      5.090000000000003,
      4.900000000000006,
      5.189999999999998
    ],
    "mean": 5.110000000000002,
    "population_std": 0.12976902558006626,
    "sample_std": 0.14508618128546863
  },
  "note": "New reproduction aggregate; paper does not state best-vs-final or std convention."
}
start experiment=fashionmnist_resnet32_re_paper seed=1001
epoch=1/300 lr=0.10000 train_acc=65.37 test_acc=76.96
epoch=2/300 lr=0.10000 train_acc=80.77 test_acc=76.73
epoch=3/300 lr=0.10000 train_acc=83.97 test_acc=87.08
epoch=4/300 lr=0.10000 train_acc=85.24 test_acc=87.95
epoch=5/300 lr=0.10000 train_acc=85.93 test_acc=88.85
epoch=6/300 lr=0.10000 train_acc=86.56 test_acc=86.01
epoch=7/300 lr=0.10000 train_acc=86.95 test_acc=88.84
epoch=8/300 lr=0.10000 train_acc=86.89 test_acc=84.98
epoch=9/300 lr=0.10000 train_acc=87.19 test_acc=89.08
epoch=10/300 lr=0.10000 train_acc=87.38 test_acc=86.31
epoch=11/300 lr=0.10000 train_acc=87.37 test_acc=87.35
epoch=12/300 lr=0.10000 train_acc=87.40 test_acc=84.95
epoch=13/300 lr=0.10000 train_acc=87.59 test_acc=85.32
epoch=14/300 lr=0.10000 train_acc=87.74 test_acc=86.67
epoch=15/300 lr=0.10000 train_acc=87.92 test_acc=89.49
epoch=16/300 lr=0.10000 train_acc=88.08 test_acc=81.04
epoch=17/300 lr=0.10000 train_acc=88.11 test_acc=88.56
epoch=18/300 lr=0.10000 train_acc=88.37 test_acc=89.03
epoch=19/300 lr=0.10000 train_acc=87.99 test_acc=87.23
epoch=20/300 lr=0.10000 train_acc=88.08 test_acc=88.69
epoch=21/300 lr=0.10000 train_acc=88.31 test_acc=89.28
epoch=22/300 lr=0.10000 train_acc=88.41 test_acc=86.80
epoch=23/300 lr=0.10000 train_acc=88.31 test_acc=83.20
epoch=24/300 lr=0.10000 train_acc=88.56 test_acc=87.41
epoch=25/300 lr=0.10000 train_acc=88.39 test_acc=87.57
epoch=26/300 lr=0.10000 train_acc=88.49 test_acc=91.33
epoch=27/300 lr=0.10000 train_acc=88.43 test_acc=88.67
epoch=28/300 lr=0.10000 train_acc=88.53 test_acc=88.83
epoch=29/300 lr=0.10000 train_acc=88.73 test_acc=85.05
epoch=30/300 lr=0.10000 train_acc=88.82 test_acc=87.73
epoch=31/300 lr=0.10000 train_acc=88.84 test_acc=84.47
epoch=32/300 lr=0.10000 train_acc=88.67 test_acc=90.10
epoch=33/300 lr=0.10000 train_acc=88.84 test_acc=89.62
epoch=34/300 lr=0.10000 train_acc=88.78 test_acc=88.67
epoch=35/300 lr=0.10000 train_acc=88.70 test_acc=86.48
epoch=36/300 lr=0.10000 train_acc=88.77 test_acc=90.16
epoch=37/300 lr=0.10000 train_acc=88.97 test_acc=91.09
epoch=38/300 lr=0.10000 train_acc=89.02 test_acc=88.51
epoch=39/300 lr=0.10000 train_acc=88.98 test_acc=88.77
epoch=40/300 lr=0.10000 train_acc=88.86 test_acc=90.14
epoch=41/300 lr=0.10000 train_acc=88.88 test_acc=89.76
epoch=42/300 lr=0.10000 train_acc=88.90 test_acc=89.50
epoch=43/300 lr=0.10000 train_acc=88.94 test_acc=89.39
epoch=44/300 lr=0.10000 train_acc=89.12 test_acc=88.01
epoch=45/300 lr=0.10000 train_acc=89.14 test_acc=88.71
epoch=46/300 lr=0.10000 train_acc=88.87 test_acc=84.45
epoch=47/300 lr=0.10000 train_acc=89.10 test_acc=89.72
epoch=48/300 lr=0.10000 train_acc=89.05 test_acc=91.85
epoch=49/300 lr=0.10000 train_acc=89.08 test_acc=89.49
epoch=50/300 lr=0.10000 train_acc=89.12 test_acc=90.26
epoch=51/300 lr=0.10000 train_acc=89.19 test_acc=89.59
epoch=52/300 lr=0.10000 train_acc=89.09 test_acc=88.25
epoch=53/300 lr=0.10000 train_acc=89.20 test_acc=88.75
epoch=54/300 lr=0.10000 train_acc=89.17 test_acc=87.66
epoch=55/300 lr=0.10000 train_acc=89.10 test_acc=88.61
epoch=56/300 lr=0.10000 train_acc=89.16 test_acc=89.49
epoch=57/300 lr=0.10000 train_acc=89.26 test_acc=88.83
epoch=58/300 lr=0.10000 train_acc=89.14 test_acc=90.86
epoch=59/300 lr=0.10000 train_acc=89.35 test_acc=90.40
epoch=60/300 lr=0.10000 train_acc=89.14 test_acc=90.08
epoch=61/300 lr=0.10000 train_acc=89.30 test_acc=90.71
epoch=62/300 lr=0.10000 train_acc=89.40 test_acc=90.61
epoch=63/300 lr=0.10000 train_acc=89.15 test_acc=91.84
epoch=64/300 lr=0.10000 train_acc=89.22 test_acc=89.15
epoch=65/300 lr=0.10000 train_acc=89.28 test_acc=89.73
epoch=66/300 lr=0.10000 train_acc=89.22 test_acc=87.24
epoch=67/300 lr=0.10000 train_acc=89.33 test_acc=91.06
epoch=68/300 lr=0.10000 train_acc=89.34 test_acc=91.88
epoch=69/300 lr=0.10000 train_acc=89.18 test_acc=90.03
epoch=70/300 lr=0.10000 train_acc=89.35 test_acc=91.23
epoch=71/300 lr=0.10000 train_acc=89.26 test_acc=90.34
epoch=72/300 lr=0.10000 train_acc=89.34 test_acc=89.35
epoch=73/300 lr=0.10000 train_acc=89.21 test_acc=88.65
epoch=74/300 lr=0.10000 train_acc=89.41 test_acc=89.98
epoch=75/300 lr=0.10000 train_acc=89.45 test_acc=89.40
epoch=76/300 lr=0.10000 train_acc=89.29 test_acc=92.21
epoch=77/300 lr=0.10000 train_acc=89.22 test_acc=92.04
epoch=78/300 lr=0.10000 train_acc=89.44 test_acc=88.78
epoch=79/300 lr=0.10000 train_acc=89.18 test_acc=89.33
epoch=80/300 lr=0.10000 train_acc=89.31 test_acc=87.86
epoch=81/300 lr=0.10000 train_acc=89.25 test_acc=91.36
epoch=82/300 lr=0.10000 train_acc=89.34 test_acc=89.82
epoch=83/300 lr=0.10000 train_acc=89.54 test_acc=91.37
epoch=84/300 lr=0.10000 train_acc=89.41 test_acc=91.40
epoch=85/300 lr=0.10000 train_acc=89.42 test_acc=92.00
epoch=86/300 lr=0.10000 train_acc=89.48 test_acc=90.38
epoch=87/300 lr=0.10000 train_acc=89.52 test_acc=90.89
epoch=88/300 lr=0.10000 train_acc=89.42 test_acc=90.25
epoch=89/300 lr=0.10000 train_acc=89.36 test_acc=82.54
epoch=90/300 lr=0.10000 train_acc=89.30 test_acc=74.80
epoch=91/300 lr=0.10000 train_acc=89.48 test_acc=79.87
epoch=92/300 lr=0.10000 train_acc=89.42 test_acc=90.75
epoch=93/300 lr=0.10000 train_acc=89.46 test_acc=86.63
epoch=94/300 lr=0.10000 train_acc=89.37 test_acc=86.75
epoch=95/300 lr=0.10000 train_acc=89.59 test_acc=87.98
epoch=96/300 lr=0.10000 train_acc=89.28 test_acc=90.45
epoch=97/300 lr=0.10000 train_acc=89.54 test_acc=91.93
epoch=98/300 lr=0.10000 train_acc=89.59 test_acc=89.54
epoch=99/300 lr=0.10000 train_acc=89.33 test_acc=90.26
epoch=100/300 lr=0.10000 train_acc=89.39 test_acc=91.86
epoch=101/300 lr=0.10000 train_acc=89.46 test_acc=89.45
epoch=102/300 lr=0.10000 train_acc=89.34 test_acc=90.56
epoch=103/300 lr=0.10000 train_acc=89.39 test_acc=90.53
epoch=104/300 lr=0.10000 train_acc=89.36 test_acc=85.42
epoch=105/300 lr=0.10000 train_acc=89.46 test_acc=90.07
epoch=106/300 lr=0.10000 train_acc=89.28 test_acc=89.93
epoch=107/300 lr=0.10000 train_acc=89.32 test_acc=86.73
epoch=108/300 lr=0.10000 train_acc=89.51 test_acc=86.85
epoch=109/300 lr=0.10000 train_acc=89.53 test_acc=91.80
epoch=110/300 lr=0.10000 train_acc=89.24 test_acc=91.01
epoch=111/300 lr=0.10000 train_acc=89.61 test_acc=90.04
epoch=112/300 lr=0.10000 train_acc=89.40 test_acc=90.32
epoch=113/300 lr=0.10000 train_acc=89.41 test_acc=90.01
epoch=114/300 lr=0.10000 train_acc=89.38 test_acc=90.33
epoch=115/300 lr=0.10000 train_acc=89.51 test_acc=90.06
epoch=116/300 lr=0.10000 train_acc=89.48 test_acc=90.14
epoch=117/300 lr=0.10000 train_acc=89.54 test_acc=87.36
epoch=118/300 lr=0.10000 train_acc=89.64 test_acc=89.66
epoch=119/300 lr=0.10000 train_acc=89.39 test_acc=90.51
epoch=120/300 lr=0.10000 train_acc=89.37 test_acc=90.88
epoch=121/300 lr=0.10000 train_acc=89.58 test_acc=83.52
epoch=122/300 lr=0.10000 train_acc=89.42 test_acc=91.27
epoch=123/300 lr=0.10000 train_acc=89.58 test_acc=91.36
epoch=124/300 lr=0.10000 train_acc=89.52 test_acc=87.02
epoch=125/300 lr=0.10000 train_acc=89.53 test_acc=87.16
epoch=126/300 lr=0.10000 train_acc=89.31 test_acc=90.76
epoch=127/300 lr=0.10000 train_acc=89.51 test_acc=88.90
epoch=128/300 lr=0.10000 train_acc=89.58 test_acc=90.10
epoch=129/300 lr=0.10000 train_acc=89.73 test_acc=91.57
epoch=130/300 lr=0.10000 train_acc=89.58 test_acc=91.77
epoch=131/300 lr=0.10000 train_acc=89.52 test_acc=90.77
epoch=132/300 lr=0.10000 train_acc=89.41 test_acc=90.83
epoch=133/300 lr=0.10000 train_acc=89.48 test_acc=88.14
epoch=134/300 lr=0.10000 train_acc=89.45 test_acc=81.13
epoch=135/300 lr=0.10000 train_acc=89.61 test_acc=91.54
epoch=136/300 lr=0.10000 train_acc=89.36 test_acc=90.40
epoch=137/300 lr=0.10000 train_acc=89.52 test_acc=89.76
epoch=138/300 lr=0.10000 train_acc=89.64 test_acc=91.34
epoch=139/300 lr=0.10000 train_acc=89.50 test_acc=85.30
epoch=140/300 lr=0.10000 train_acc=89.67 test_acc=86.72
epoch=141/300 lr=0.10000 train_acc=89.77 test_acc=91.21
epoch=142/300 lr=0.10000 train_acc=89.56 test_acc=91.32
epoch=143/300 lr=0.10000 train_acc=89.60 test_acc=91.81
epoch=144/300 lr=0.10000 train_acc=89.80 test_acc=88.91
epoch=145/300 lr=0.10000 train_acc=89.53 test_acc=90.33
epoch=146/300 lr=0.10000 train_acc=89.53 test_acc=83.75
epoch=147/300 lr=0.10000 train_acc=89.60 test_acc=90.93
epoch=148/300 lr=0.10000 train_acc=89.73 test_acc=88.98
epoch=149/300 lr=0.10000 train_acc=89.43 test_acc=91.56
epoch=150/300 lr=0.10000 train_acc=89.45 test_acc=91.78
epoch=151/300 lr=0.01000 train_acc=92.13 test_acc=93.82
epoch=152/300 lr=0.01000 train_acc=92.73 test_acc=94.15
epoch=153/300 lr=0.01000 train_acc=93.05 test_acc=94.16
epoch=154/300 lr=0.01000 train_acc=93.25 test_acc=94.17
epoch=155/300 lr=0.01000 train_acc=93.30 test_acc=94.18
epoch=156/300 lr=0.01000 train_acc=93.46 test_acc=94.36
epoch=157/300 lr=0.01000 train_acc=93.45 test_acc=94.36
epoch=158/300 lr=0.01000 train_acc=93.57 test_acc=94.47
epoch=159/300 lr=0.01000 train_acc=93.65 test_acc=94.10
epoch=160/300 lr=0.01000 train_acc=93.67 test_acc=94.21
epoch=161/300 lr=0.01000 train_acc=93.75 test_acc=93.98
epoch=162/300 lr=0.01000 train_acc=93.72 test_acc=93.90
epoch=163/300 lr=0.01000 train_acc=93.86 test_acc=94.55
epoch=164/300 lr=0.01000 train_acc=93.75 test_acc=94.24
epoch=165/300 lr=0.01000 train_acc=93.78 test_acc=94.06
epoch=166/300 lr=0.01000 train_acc=93.84 test_acc=94.32
epoch=167/300 lr=0.01000 train_acc=93.74 test_acc=94.39
epoch=168/300 lr=0.01000 train_acc=93.83 test_acc=94.10
epoch=169/300 lr=0.01000 train_acc=93.76 test_acc=94.31
epoch=170/300 lr=0.01000 train_acc=93.82 test_acc=94.40
epoch=171/300 lr=0.01000 train_acc=93.99 test_acc=94.27
epoch=172/300 lr=0.01000 train_acc=93.91 test_acc=94.16
epoch=173/300 lr=0.01000 train_acc=93.95 test_acc=94.49
epoch=174/300 lr=0.01000 train_acc=93.87 test_acc=93.83
epoch=175/300 lr=0.01000 train_acc=93.84 test_acc=93.79
epoch=176/300 lr=0.01000 train_acc=93.96 test_acc=94.10
epoch=177/300 lr=0.01000 train_acc=93.88 test_acc=93.90
epoch=178/300 lr=0.01000 train_acc=93.75 test_acc=93.91
epoch=179/300 lr=0.01000 train_acc=93.84 test_acc=93.74
epoch=180/300 lr=0.01000 train_acc=93.93 test_acc=94.03
epoch=181/300 lr=0.01000 train_acc=93.78 test_acc=94.01
epoch=182/300 lr=0.01000 train_acc=93.86 test_acc=94.42
epoch=183/300 lr=0.01000 train_acc=93.92 test_acc=94.39
epoch=184/300 lr=0.01000 train_acc=93.93 test_acc=93.97
epoch=185/300 lr=0.01000 train_acc=93.96 test_acc=94.15
epoch=186/300 lr=0.01000 train_acc=93.81 test_acc=93.94
epoch=187/300 lr=0.01000 train_acc=93.91 test_acc=94.38
epoch=188/300 lr=0.01000 train_acc=94.04 test_acc=94.35
epoch=189/300 lr=0.01000 train_acc=93.98 test_acc=93.60
epoch=190/300 lr=0.01000 train_acc=93.97 test_acc=94.01
epoch=191/300 lr=0.01000 train_acc=94.03 test_acc=94.01
epoch=192/300 lr=0.01000 train_acc=93.83 test_acc=94.20
epoch=193/300 lr=0.01000 train_acc=93.87 test_acc=94.28
epoch=194/300 lr=0.01000 train_acc=93.95 test_acc=94.07
epoch=195/300 lr=0.01000 train_acc=94.03 test_acc=93.61
epoch=196/300 lr=0.01000 train_acc=93.98 test_acc=94.32
epoch=197/300 lr=0.01000 train_acc=93.92 test_acc=93.92
epoch=198/300 lr=0.01000 train_acc=94.00 test_acc=94.31
epoch=199/300 lr=0.01000 train_acc=93.88 test_acc=94.10
epoch=200/300 lr=0.01000 train_acc=93.97 test_acc=93.98
epoch=201/300 lr=0.01000 train_acc=94.04 test_acc=93.84
epoch=202/300 lr=0.01000 train_acc=93.94 test_acc=94.01
epoch=203/300 lr=0.01000 train_acc=93.92 test_acc=94.10
epoch=204/300 lr=0.01000 train_acc=93.93 test_acc=93.90
epoch=205/300 lr=0.01000 train_acc=93.95 test_acc=94.26
epoch=206/300 lr=0.01000 train_acc=94.01 test_acc=93.94
epoch=207/300 lr=0.01000 train_acc=93.87 test_acc=94.27
epoch=208/300 lr=0.01000 train_acc=93.97 test_acc=94.19
epoch=209/300 lr=0.01000 train_acc=94.07 test_acc=94.20
epoch=210/300 lr=0.01000 train_acc=93.95 test_acc=94.02
epoch=211/300 lr=0.01000 train_acc=94.07 test_acc=94.16
epoch=212/300 lr=0.01000 train_acc=94.05 test_acc=94.54
epoch=213/300 lr=0.01000 train_acc=94.12 test_acc=94.12
epoch=214/300 lr=0.01000 train_acc=93.99 test_acc=94.18
epoch=215/300 lr=0.01000 train_acc=94.15 test_acc=94.14
epoch=216/300 lr=0.01000 train_acc=94.11 test_acc=94.33
epoch=217/300 lr=0.01000 train_acc=94.12 test_acc=93.60
epoch=218/300 lr=0.01000 train_acc=94.15 test_acc=93.71
epoch=219/300 lr=0.01000 train_acc=94.17 test_acc=94.45
epoch=220/300 lr=0.01000 train_acc=94.11 test_acc=94.32
epoch=221/300 lr=0.01000 train_acc=94.19 test_acc=94.74
epoch=222/300 lr=0.01000 train_acc=94.10 test_acc=94.00
epoch=223/300 lr=0.01000 train_acc=94.13 test_acc=94.54
epoch=224/300 lr=0.01000 train_acc=94.39 test_acc=94.47
epoch=225/300 lr=0.01000 train_acc=94.18 test_acc=94.25
epoch=226/300 lr=0.00100 train_acc=95.16 test_acc=95.08
epoch=227/300 lr=0.00100 train_acc=95.73 test_acc=95.37
epoch=228/300 lr=0.00100 train_acc=95.76 test_acc=95.22
epoch=229/300 lr=0.00100 train_acc=95.89 test_acc=95.24
epoch=230/300 lr=0.00100 train_acc=95.89 test_acc=95.17
epoch=231/300 lr=0.00100 train_acc=96.00 test_acc=95.08
epoch=232/300 lr=0.00100 train_acc=96.12 test_acc=95.23
epoch=233/300 lr=0.00100 train_acc=96.06 test_acc=95.29
epoch=234/300 lr=0.00100 train_acc=96.18 test_acc=95.22
epoch=235/300 lr=0.00100 train_acc=96.21 test_acc=95.39
epoch=236/300 lr=0.00100 train_acc=96.19 test_acc=95.44
epoch=237/300 lr=0.00100 train_acc=96.25 test_acc=95.26
epoch=238/300 lr=0.00100 train_acc=96.30 test_acc=95.19
epoch=239/300 lr=0.00100 train_acc=96.17 test_acc=95.19
epoch=240/300 lr=0.00100 train_acc=96.44 test_acc=95.33
epoch=241/300 lr=0.00100 train_acc=96.33 test_acc=95.44
epoch=242/300 lr=0.00100 train_acc=96.31 test_acc=95.37
epoch=243/300 lr=0.00100 train_acc=96.36 test_acc=95.42
epoch=244/300 lr=0.00100 train_acc=96.35 test_acc=95.30
epoch=245/300 lr=0.00100 train_acc=96.43 test_acc=95.27
epoch=246/300 lr=0.00100 train_acc=96.63 test_acc=95.39
epoch=247/300 lr=0.00100 train_acc=96.40 test_acc=95.49
epoch=248/300 lr=0.00100 train_acc=96.44 test_acc=95.28
epoch=249/300 lr=0.00100 train_acc=96.62 test_acc=95.47
epoch=250/300 lr=0.00100 train_acc=96.59 test_acc=95.43
epoch=251/300 lr=0.00100 train_acc=96.51 test_acc=95.41
epoch=252/300 lr=0.00100 train_acc=96.65 test_acc=95.45
epoch=253/300 lr=0.00100 train_acc=96.56 test_acc=95.28
epoch=254/300 lr=0.00100 train_acc=96.60 test_acc=95.31
epoch=255/300 lr=0.00100 train_acc=96.69 test_acc=95.38
epoch=256/300 lr=0.00100 train_acc=96.73 test_acc=95.34
epoch=257/300 lr=0.00100 train_acc=96.59 test_acc=95.41
epoch=258/300 lr=0.00100 train_acc=96.61 test_acc=95.32
epoch=259/300 lr=0.00100 train_acc=96.65 test_acc=95.12
epoch=260/300 lr=0.00100 train_acc=96.69 test_acc=95.17
epoch=261/300 lr=0.00100 train_acc=96.63 test_acc=95.31
epoch=262/300 lr=0.00100 train_acc=96.84 test_acc=95.15
epoch=263/300 lr=0.00100 train_acc=96.70 test_acc=95.25
epoch=264/300 lr=0.00100 train_acc=96.74 test_acc=95.15
epoch=265/300 lr=0.00100 train_acc=96.72 test_acc=95.17
epoch=266/300 lr=0.00100 train_acc=96.81 test_acc=95.28
epoch=267/300 lr=0.00100 train_acc=96.81 test_acc=95.27
epoch=268/300 lr=0.00100 train_acc=96.84 test_acc=95.19
epoch=269/300 lr=0.00100 train_acc=96.78 test_acc=95.31
epoch=270/300 lr=0.00100 train_acc=96.87 test_acc=95.22
epoch=271/300 lr=0.00100 train_acc=96.79 test_acc=95.13
epoch=272/300 lr=0.00100 train_acc=96.87 test_acc=95.27
epoch=273/300 lr=0.00100 train_acc=96.83 test_acc=95.21
epoch=274/300 lr=0.00100 train_acc=96.88 test_acc=95.07
epoch=275/300 lr=0.00100 train_acc=96.89 test_acc=95.19
epoch=276/300 lr=0.00100 train_acc=96.88 test_acc=95.21
epoch=277/300 lr=0.00100 train_acc=96.98 test_acc=95.09
epoch=278/300 lr=0.00100 train_acc=96.92 test_acc=95.22
epoch=279/300 lr=0.00100 train_acc=97.02 test_acc=95.18
epoch=280/300 lr=0.00100 train_acc=96.93 test_acc=95.26
epoch=281/300 lr=0.00100 train_acc=96.86 test_acc=95.19
epoch=282/300 lr=0.00100 train_acc=96.94 test_acc=95.16
epoch=283/300 lr=0.00100 train_acc=97.04 test_acc=95.07
epoch=284/300 lr=0.00100 train_acc=97.02 test_acc=95.06
epoch=285/300 lr=0.00100 train_acc=97.04 test_acc=95.03
epoch=286/300 lr=0.00100 train_acc=97.05 test_acc=95.14
epoch=287/300 lr=0.00100 train_acc=96.91 test_acc=95.04
epoch=288/300 lr=0.00100 train_acc=97.03 test_acc=95.39
epoch=289/300 lr=0.00100 train_acc=97.05 test_acc=95.26
epoch=290/300 lr=0.00100 train_acc=97.01 test_acc=94.99
epoch=291/300 lr=0.00100 train_acc=97.08 test_acc=95.07
epoch=292/300 lr=0.00100 train_acc=96.92 test_acc=95.13
epoch=293/300 lr=0.00100 train_acc=97.10 test_acc=95.12
epoch=294/300 lr=0.00100 train_acc=97.05 test_acc=94.99
epoch=295/300 lr=0.00100 train_acc=97.05 test_acc=95.07
epoch=296/300 lr=0.00100 train_acc=97.04 test_acc=95.21
epoch=297/300 lr=0.00100 train_acc=97.08 test_acc=94.96
epoch=298/300 lr=0.00100 train_acc=97.07 test_acc=95.15
epoch=299/300 lr=0.00100 train_acc=97.09 test_acc=95.17
epoch=300/300 lr=0.00100 train_acc=97.04 test_acc=95.19
{
  "best_accuracy": 95.49,
  "best_error_rate": 4.510000000000005,
  "final_accuracy": 95.19,
  "final_error_rate": 4.810000000000002,
  "elapsed_seconds": 3198.7718093395233,
  "is_paper_result": false,
  "note": "New reproduction result; compare against paper target separately."
}
start experiment=fashionmnist_resnet32_re_paper seed=1002
epoch=1/300 lr=0.10000 train_acc=68.74 test_acc=76.14
epoch=2/300 lr=0.10000 train_acc=81.50 test_acc=85.99
epoch=3/300 lr=0.10000 train_acc=84.62 test_acc=87.31
epoch=4/300 lr=0.10000 train_acc=85.89 test_acc=86.98
epoch=5/300 lr=0.10000 train_acc=86.25 test_acc=77.45
epoch=6/300 lr=0.10000 train_acc=86.60 test_acc=88.81
epoch=7/300 lr=0.10000 train_acc=86.85 test_acc=88.60
epoch=8/300 lr=0.10000 train_acc=86.89 test_acc=79.63
epoch=9/300 lr=0.10000 train_acc=87.42 test_acc=84.70
epoch=10/300 lr=0.10000 train_acc=87.45 test_acc=89.47
epoch=11/300 lr=0.10000 train_acc=87.79 test_acc=89.01
epoch=12/300 lr=0.10000 train_acc=87.76 test_acc=89.29
epoch=13/300 lr=0.10000 train_acc=87.87 test_acc=88.33
epoch=14/300 lr=0.10000 train_acc=87.87 test_acc=88.50
epoch=15/300 lr=0.10000 train_acc=88.09 test_acc=87.84
epoch=16/300 lr=0.10000 train_acc=88.08 test_acc=87.09
epoch=17/300 lr=0.10000 train_acc=87.99 test_acc=75.33
epoch=18/300 lr=0.10000 train_acc=88.29 test_acc=88.62
epoch=19/300 lr=0.10000 train_acc=88.15 test_acc=89.89
epoch=20/300 lr=0.10000 train_acc=88.06 test_acc=86.29
epoch=21/300 lr=0.10000 train_acc=88.23 test_acc=88.65
epoch=22/300 lr=0.10000 train_acc=88.11 test_acc=90.76
epoch=23/300 lr=0.10000 train_acc=88.51 test_acc=90.33
epoch=24/300 lr=0.10000 train_acc=88.57 test_acc=78.57
epoch=25/300 lr=0.10000 train_acc=88.66 test_acc=89.75
epoch=26/300 lr=0.10000 train_acc=88.64 test_acc=88.47
epoch=27/300 lr=0.10000 train_acc=88.57 test_acc=89.84
epoch=28/300 lr=0.10000 train_acc=88.66 test_acc=90.85
epoch=29/300 lr=0.10000 train_acc=88.70 test_acc=90.57
epoch=30/300 lr=0.10000 train_acc=88.75 test_acc=90.42
epoch=31/300 lr=0.10000 train_acc=88.88 test_acc=81.37
epoch=32/300 lr=0.10000 train_acc=88.69 test_acc=90.21
epoch=33/300 lr=0.10000 train_acc=88.78 test_acc=88.78
epoch=34/300 lr=0.10000 train_acc=88.76 test_acc=83.14
epoch=35/300 lr=0.10000 train_acc=88.94 test_acc=88.90
epoch=36/300 lr=0.10000 train_acc=89.02 test_acc=90.64
epoch=37/300 lr=0.10000 train_acc=88.84 test_acc=90.73
epoch=38/300 lr=0.10000 train_acc=89.16 test_acc=87.88
epoch=39/300 lr=0.10000 train_acc=88.96 test_acc=90.77
epoch=40/300 lr=0.10000 train_acc=89.14 test_acc=91.30
epoch=41/300 lr=0.10000 train_acc=88.97 test_acc=89.25
epoch=42/300 lr=0.10000 train_acc=89.15 test_acc=79.05
epoch=43/300 lr=0.10000 train_acc=89.09 test_acc=90.41
epoch=44/300 lr=0.10000 train_acc=89.25 test_acc=90.15
epoch=45/300 lr=0.10000 train_acc=88.97 test_acc=91.85
epoch=46/300 lr=0.10000 train_acc=89.03 test_acc=90.23
epoch=47/300 lr=0.10000 train_acc=89.19 test_acc=90.22
epoch=48/300 lr=0.10000 train_acc=89.12 test_acc=91.24
epoch=49/300 lr=0.10000 train_acc=89.31 test_acc=90.43
epoch=50/300 lr=0.10000 train_acc=89.03 test_acc=90.71
epoch=51/300 lr=0.10000 train_acc=89.11 test_acc=87.33
epoch=52/300 lr=0.10000 train_acc=89.13 test_acc=89.96
epoch=53/300 lr=0.10000 train_acc=89.16 test_acc=89.48
epoch=54/300 lr=0.10000 train_acc=89.27 test_acc=89.34
epoch=55/300 lr=0.10000 train_acc=89.03 test_acc=89.60
epoch=56/300 lr=0.10000 train_acc=89.23 test_acc=90.76
epoch=57/300 lr=0.10000 train_acc=89.27 test_acc=86.12
epoch=58/300 lr=0.10000 train_acc=89.15 test_acc=82.56
epoch=59/300 lr=0.10000 train_acc=89.28 test_acc=86.82
epoch=60/300 lr=0.10000 train_acc=89.28 test_acc=87.80
epoch=61/300 lr=0.10000 train_acc=89.14 test_acc=90.61
epoch=62/300 lr=0.10000 train_acc=89.20 test_acc=88.56
epoch=63/300 lr=0.10000 train_acc=89.64 test_acc=90.79
epoch=64/300 lr=0.10000 train_acc=89.24 test_acc=89.94
epoch=65/300 lr=0.10000 train_acc=89.51 test_acc=90.31
epoch=66/300 lr=0.10000 train_acc=89.16 test_acc=90.32
epoch=67/300 lr=0.10000 train_acc=89.34 test_acc=89.18
epoch=68/300 lr=0.10000 train_acc=89.10 test_acc=86.74
epoch=69/300 lr=0.10000 train_acc=89.39 test_acc=91.46
epoch=70/300 lr=0.10000 train_acc=89.40 test_acc=90.98
epoch=71/300 lr=0.10000 train_acc=89.53 test_acc=88.29
epoch=72/300 lr=0.10000 train_acc=89.28 test_acc=91.03
epoch=73/300 lr=0.10000 train_acc=89.35 test_acc=89.30
epoch=74/300 lr=0.10000 train_acc=89.33 test_acc=90.07
epoch=75/300 lr=0.10000 train_acc=89.52 test_acc=90.56
epoch=76/300 lr=0.10000 train_acc=89.27 test_acc=88.83
epoch=77/300 lr=0.10000 train_acc=89.35 test_acc=91.00
epoch=78/300 lr=0.10000 train_acc=89.33 test_acc=89.97
epoch=79/300 lr=0.10000 train_acc=89.38 test_acc=90.65
epoch=80/300 lr=0.10000 train_acc=89.43 test_acc=88.92
epoch=81/300 lr=0.10000 train_acc=89.38 test_acc=89.90
epoch=82/300 lr=0.10000 train_acc=89.34 test_acc=88.04
epoch=83/300 lr=0.10000 train_acc=89.26 test_acc=91.37
epoch=84/300 lr=0.10000 train_acc=89.44 test_acc=90.98
epoch=85/300 lr=0.10000 train_acc=89.42 test_acc=88.86
epoch=86/300 lr=0.10000 train_acc=89.38 test_acc=85.49
epoch=87/300 lr=0.10000 train_acc=89.44 test_acc=91.25
epoch=88/300 lr=0.10000 train_acc=89.44 test_acc=90.41
epoch=89/300 lr=0.10000 train_acc=89.39 test_acc=91.83
epoch=90/300 lr=0.10000 train_acc=89.53 test_acc=85.28
epoch=91/300 lr=0.10000 train_acc=89.27 test_acc=90.95
epoch=92/300 lr=0.10000 train_acc=89.47 test_acc=90.49
epoch=93/300 lr=0.10000 train_acc=89.48 test_acc=91.47
epoch=94/300 lr=0.10000 train_acc=89.61 test_acc=90.90
epoch=95/300 lr=0.10000 train_acc=89.55 test_acc=91.34
epoch=96/300 lr=0.10000 train_acc=89.39 test_acc=91.34
epoch=97/300 lr=0.10000 train_acc=89.23 test_acc=92.09
epoch=98/300 lr=0.10000 train_acc=89.49 test_acc=88.64
epoch=99/300 lr=0.10000 train_acc=89.41 test_acc=86.01
epoch=100/300 lr=0.10000 train_acc=89.44 test_acc=89.51
epoch=101/300 lr=0.10000 train_acc=89.37 test_acc=65.37
epoch=102/300 lr=0.10000 train_acc=89.21 test_acc=89.87
epoch=103/300 lr=0.10000 train_acc=89.34 test_acc=87.14
epoch=104/300 lr=0.10000 train_acc=89.49 test_acc=90.51
epoch=105/300 lr=0.10000 train_acc=89.59 test_acc=85.35
epoch=106/300 lr=0.10000 train_acc=89.23 test_acc=86.93
epoch=107/300 lr=0.10000 train_acc=89.33 test_acc=89.37
epoch=108/300 lr=0.10000 train_acc=89.51 test_acc=87.21
epoch=109/300 lr=0.10000 train_acc=89.61 test_acc=91.29
epoch=110/300 lr=0.10000 train_acc=89.59 test_acc=90.86
epoch=111/300 lr=0.10000 train_acc=89.46 test_acc=88.29
epoch=112/300 lr=0.10000 train_acc=89.42 test_acc=90.11
epoch=113/300 lr=0.10000 train_acc=89.47 test_acc=89.31
epoch=114/300 lr=0.10000 train_acc=89.38 test_acc=90.76
epoch=115/300 lr=0.10000 train_acc=89.40 test_acc=85.97
epoch=116/300 lr=0.10000 train_acc=89.43 test_acc=91.01
epoch=117/300 lr=0.10000 train_acc=89.42 test_acc=90.95
epoch=118/300 lr=0.10000 train_acc=89.63 test_acc=90.29
epoch=119/300 lr=0.10000 train_acc=89.48 test_acc=88.81
epoch=120/300 lr=0.10000 train_acc=89.71 test_acc=90.96
epoch=121/300 lr=0.10000 train_acc=89.26 test_acc=90.98
epoch=122/300 lr=0.10000 train_acc=89.45 test_acc=90.94
epoch=123/300 lr=0.10000 train_acc=89.54 test_acc=89.95
epoch=124/300 lr=0.10000 train_acc=89.46 test_acc=89.67
epoch=125/300 lr=0.10000 train_acc=89.47 test_acc=89.35
epoch=126/300 lr=0.10000 train_acc=89.45 test_acc=89.98
epoch=127/300 lr=0.10000 train_acc=89.44 test_acc=89.19
epoch=128/300 lr=0.10000 train_acc=89.43 test_acc=90.83
epoch=129/300 lr=0.10000 train_acc=89.41 test_acc=91.56
epoch=130/300 lr=0.10000 train_acc=89.59 test_acc=91.97
epoch=131/300 lr=0.10000 train_acc=89.58 test_acc=91.09
epoch=132/300 lr=0.10000 train_acc=89.55 test_acc=90.67
epoch=133/300 lr=0.10000 train_acc=89.61 test_acc=92.36
epoch=134/300 lr=0.10000 train_acc=89.61 test_acc=90.03
epoch=135/300 lr=0.10000 train_acc=89.42 test_acc=90.59
epoch=136/300 lr=0.10000 train_acc=89.53 test_acc=90.91
epoch=137/300 lr=0.10000 train_acc=89.62 test_acc=90.13
epoch=138/300 lr=0.10000 train_acc=89.47 test_acc=88.88
epoch=139/300 lr=0.10000 train_acc=89.73 test_acc=90.85
epoch=140/300 lr=0.10000 train_acc=89.34 test_acc=87.22
epoch=141/300 lr=0.10000 train_acc=89.44 test_acc=90.75
epoch=142/300 lr=0.10000 train_acc=89.43 test_acc=90.49
epoch=143/300 lr=0.10000 train_acc=89.52 test_acc=91.17
epoch=144/300 lr=0.10000 train_acc=89.33 test_acc=91.12
epoch=145/300 lr=0.10000 train_acc=89.55 test_acc=91.73
epoch=146/300 lr=0.10000 train_acc=89.45 test_acc=87.38
epoch=147/300 lr=0.10000 train_acc=89.61 test_acc=91.93
epoch=148/300 lr=0.10000 train_acc=89.61 test_acc=84.61
epoch=149/300 lr=0.10000 train_acc=89.53 test_acc=89.41
epoch=150/300 lr=0.10000 train_acc=89.53 test_acc=89.16
epoch=151/300 lr=0.01000 train_acc=92.18 test_acc=94.03
epoch=152/300 lr=0.01000 train_acc=92.72 test_acc=93.89
epoch=153/300 lr=0.01000 train_acc=93.18 test_acc=94.06
epoch=154/300 lr=0.01000 train_acc=93.13 test_acc=94.16
epoch=155/300 lr=0.01000 train_acc=93.27 test_acc=94.33
epoch=156/300 lr=0.01000 train_acc=93.39 test_acc=94.44
epoch=157/300 lr=0.01000 train_acc=93.59 test_acc=94.34
epoch=158/300 lr=0.01000 train_acc=93.62 test_acc=94.22
epoch=159/300 lr=0.01000 train_acc=93.50 test_acc=94.12
epoch=160/300 lr=0.01000 train_acc=93.61 test_acc=93.98
epoch=161/300 lr=0.01000 train_acc=93.79 test_acc=94.34
epoch=162/300 lr=0.01000 train_acc=93.65 test_acc=94.45
epoch=163/300 lr=0.01000 train_acc=93.80 test_acc=94.32
epoch=164/300 lr=0.01000 train_acc=93.85 test_acc=94.21
epoch=165/300 lr=0.01000 train_acc=93.75 test_acc=94.43
epoch=166/300 lr=0.01000 train_acc=93.89 test_acc=94.45
epoch=167/300 lr=0.01000 train_acc=94.08 test_acc=94.02
epoch=168/300 lr=0.01000 train_acc=93.84 test_acc=94.41
epoch=169/300 lr=0.01000 train_acc=93.91 test_acc=94.14
epoch=170/300 lr=0.01000 train_acc=93.84 test_acc=94.17
epoch=171/300 lr=0.01000 train_acc=93.80 test_acc=94.22
epoch=172/300 lr=0.01000 train_acc=93.84 test_acc=94.61
epoch=173/300 lr=0.01000 train_acc=93.97 test_acc=94.31
epoch=174/300 lr=0.01000 train_acc=93.78 test_acc=94.31
epoch=175/300 lr=0.01000 train_acc=93.89 test_acc=94.57
epoch=176/300 lr=0.01000 train_acc=93.88 test_acc=94.27
epoch=177/300 lr=0.01000 train_acc=93.87 test_acc=94.52
epoch=178/300 lr=0.01000 train_acc=93.88 test_acc=94.27
epoch=179/300 lr=0.01000 train_acc=93.83 test_acc=94.58
epoch=180/300 lr=0.01000 train_acc=93.83 test_acc=93.24
epoch=181/300 lr=0.01000 train_acc=93.81 test_acc=94.29
epoch=182/300 lr=0.01000 train_acc=93.92 test_acc=94.29
epoch=183/300 lr=0.01000 train_acc=93.97 test_acc=94.39
epoch=184/300 lr=0.01000 train_acc=93.90 test_acc=94.44
epoch=185/300 lr=0.01000 train_acc=93.78 test_acc=94.20
epoch=186/300 lr=0.01000 train_acc=93.86 test_acc=94.13
epoch=187/300 lr=0.01000 train_acc=93.94 test_acc=94.29
epoch=188/300 lr=0.01000 train_acc=93.99 test_acc=93.63
epoch=189/300 lr=0.01000 train_acc=93.86 test_acc=94.20
epoch=190/300 lr=0.01000 train_acc=93.97 test_acc=93.88
epoch=191/300 lr=0.01000 train_acc=93.95 test_acc=94.31
epoch=192/300 lr=0.01000 train_acc=93.87 test_acc=94.19
epoch=193/300 lr=0.01000 train_acc=93.98 test_acc=94.40
epoch=194/300 lr=0.01000 train_acc=94.02 test_acc=94.32
epoch=195/300 lr=0.01000 train_acc=94.11 test_acc=93.96
epoch=196/300 lr=0.01000 train_acc=93.90 test_acc=94.08
epoch=197/300 lr=0.01000 train_acc=94.00 test_acc=94.36
epoch=198/300 lr=0.01000 train_acc=93.92 test_acc=94.11
epoch=199/300 lr=0.01000 train_acc=93.75 test_acc=93.75
epoch=200/300 lr=0.01000 train_acc=94.00 test_acc=93.68
epoch=201/300 lr=0.01000 train_acc=94.03 test_acc=93.68
epoch=202/300 lr=0.01000 train_acc=94.00 test_acc=94.21
epoch=203/300 lr=0.01000 train_acc=93.98 test_acc=94.52
epoch=204/300 lr=0.01000 train_acc=93.97 test_acc=94.35
epoch=205/300 lr=0.01000 train_acc=94.01 test_acc=94.48
epoch=206/300 lr=0.01000 train_acc=94.02 test_acc=94.00
epoch=207/300 lr=0.01000 train_acc=94.05 test_acc=94.52
epoch=208/300 lr=0.01000 train_acc=93.88 test_acc=94.30
epoch=209/300 lr=0.01000 train_acc=94.08 test_acc=93.53
epoch=210/300 lr=0.01000 train_acc=94.10 test_acc=94.46
epoch=211/300 lr=0.01000 train_acc=94.05 test_acc=93.99
epoch=212/300 lr=0.01000 train_acc=94.01 test_acc=94.30
epoch=213/300 lr=0.01000 train_acc=94.18 test_acc=94.18
epoch=214/300 lr=0.01000 train_acc=94.23 test_acc=93.93
epoch=215/300 lr=0.01000 train_acc=94.14 test_acc=94.31
epoch=216/300 lr=0.01000 train_acc=94.09 test_acc=94.02
epoch=217/300 lr=0.01000 train_acc=94.08 test_acc=94.66
epoch=218/300 lr=0.01000 train_acc=94.25 test_acc=94.19
epoch=219/300 lr=0.01000 train_acc=94.22 test_acc=94.27
epoch=220/300 lr=0.01000 train_acc=94.22 test_acc=93.86
epoch=221/300 lr=0.01000 train_acc=94.19 test_acc=94.20
epoch=222/300 lr=0.01000 train_acc=94.13 test_acc=93.89
epoch=223/300 lr=0.01000 train_acc=94.18 test_acc=94.50
epoch=224/300 lr=0.01000 train_acc=94.16 test_acc=94.14
epoch=225/300 lr=0.01000 train_acc=94.07 test_acc=94.42
epoch=226/300 lr=0.00100 train_acc=95.28 test_acc=95.04
epoch=227/300 lr=0.00100 train_acc=95.60 test_acc=95.20
epoch=228/300 lr=0.00100 train_acc=95.72 test_acc=95.11
epoch=229/300 lr=0.00100 train_acc=95.85 test_acc=95.32
epoch=230/300 lr=0.00100 train_acc=95.89 test_acc=95.13
epoch=231/300 lr=0.00100 train_acc=95.97 test_acc=95.03
epoch=232/300 lr=0.00100 train_acc=96.13 test_acc=95.19
epoch=233/300 lr=0.00100 train_acc=96.12 test_acc=95.29
epoch=234/300 lr=0.00100 train_acc=96.18 test_acc=95.21
epoch=235/300 lr=0.00100 train_acc=96.15 test_acc=95.09
epoch=236/300 lr=0.00100 train_acc=96.18 test_acc=95.22
epoch=237/300 lr=0.00100 train_acc=96.14 test_acc=95.22
epoch=238/300 lr=0.00100 train_acc=96.19 test_acc=95.25
epoch=239/300 lr=0.00100 train_acc=96.25 test_acc=95.20
epoch=240/300 lr=0.00100 train_acc=96.30 test_acc=95.17
epoch=241/300 lr=0.00100 train_acc=96.37 test_acc=95.30
epoch=242/300 lr=0.00100 train_acc=96.37 test_acc=95.19
epoch=243/300 lr=0.00100 train_acc=96.36 test_acc=95.11
epoch=244/300 lr=0.00100 train_acc=96.33 test_acc=95.08
epoch=245/300 lr=0.00100 train_acc=96.39 test_acc=95.18
epoch=246/300 lr=0.00100 train_acc=96.50 test_acc=95.12
epoch=247/300 lr=0.00100 train_acc=96.53 test_acc=95.06
epoch=248/300 lr=0.00100 train_acc=96.47 test_acc=95.16
epoch=249/300 lr=0.00100 train_acc=96.60 test_acc=95.21
epoch=250/300 lr=0.00100 train_acc=96.45 test_acc=95.20
epoch=251/300 lr=0.00100 train_acc=96.57 test_acc=95.11
epoch=252/300 lr=0.00100 train_acc=96.54 test_acc=95.11
epoch=253/300 lr=0.00100 train_acc=96.59 test_acc=95.11
epoch=254/300 lr=0.00100 train_acc=96.63 test_acc=95.18
epoch=255/300 lr=0.00100 train_acc=96.67 test_acc=95.14
epoch=256/300 lr=0.00100 train_acc=96.64 test_acc=95.09
epoch=257/300 lr=0.00100 train_acc=96.72 test_acc=95.10
epoch=258/300 lr=0.00100 train_acc=96.56 test_acc=95.19
epoch=259/300 lr=0.00100 train_acc=96.68 test_acc=95.12
epoch=260/300 lr=0.00100 train_acc=96.68 test_acc=95.21
epoch=261/300 lr=0.00100 train_acc=96.69 test_acc=95.07
epoch=262/300 lr=0.00100 train_acc=96.73 test_acc=95.15
epoch=263/300 lr=0.00100 train_acc=96.67 test_acc=95.21
epoch=264/300 lr=0.00100 train_acc=96.79 test_acc=95.24
epoch=265/300 lr=0.00100 train_acc=96.74 test_acc=95.16
epoch=266/300 lr=0.00100 train_acc=96.68 test_acc=95.09
epoch=267/300 lr=0.00100 train_acc=96.80 test_acc=95.17
epoch=268/300 lr=0.00100 train_acc=96.84 test_acc=95.17
epoch=269/300 lr=0.00100 train_acc=96.67 test_acc=95.06
epoch=270/300 lr=0.00100 train_acc=96.86 test_acc=95.22
epoch=271/300 lr=0.00100 train_acc=96.87 test_acc=95.24
epoch=272/300 lr=0.00100 train_acc=96.90 test_acc=94.95
epoch=273/300 lr=0.00100 train_acc=96.89 test_acc=95.19
epoch=274/300 lr=0.00100 train_acc=96.87 test_acc=95.21
epoch=275/300 lr=0.00100 train_acc=96.95 test_acc=94.98
epoch=276/300 lr=0.00100 train_acc=96.91 test_acc=95.25
epoch=277/300 lr=0.00100 train_acc=96.96 test_acc=95.15
epoch=278/300 lr=0.00100 train_acc=96.84 test_acc=95.08
epoch=279/300 lr=0.00100 train_acc=96.95 test_acc=95.16
epoch=280/300 lr=0.00100 train_acc=96.89 test_acc=95.21
epoch=281/300 lr=0.00100 train_acc=97.06 test_acc=95.31
epoch=282/300 lr=0.00100 train_acc=96.94 test_acc=95.20
epoch=283/300 lr=0.00100 train_acc=97.03 test_acc=95.17
epoch=284/300 lr=0.00100 train_acc=96.94 test_acc=95.11
epoch=285/300 lr=0.00100 train_acc=97.00 test_acc=94.92
epoch=286/300 lr=0.00100 train_acc=96.96 test_acc=95.16
epoch=287/300 lr=0.00100 train_acc=97.02 test_acc=95.04
epoch=288/300 lr=0.00100 train_acc=96.86 test_acc=94.92
epoch=289/300 lr=0.00100 train_acc=97.07 test_acc=95.16
epoch=290/300 lr=0.00100 train_acc=97.11 test_acc=95.27
epoch=291/300 lr=0.00100 train_acc=97.08 test_acc=95.08
epoch=292/300 lr=0.00100 train_acc=97.11 test_acc=95.18
epoch=293/300 lr=0.00100 train_acc=96.97 test_acc=95.02
epoch=294/300 lr=0.00100 train_acc=97.04 test_acc=95.06
epoch=295/300 lr=0.00100 train_acc=97.06 test_acc=94.93
epoch=296/300 lr=0.00100 train_acc=97.11 test_acc=94.99
epoch=297/300 lr=0.00100 train_acc=97.08 test_acc=95.24
epoch=298/300 lr=0.00100 train_acc=97.00 test_acc=95.01
epoch=299/300 lr=0.00100 train_acc=97.18 test_acc=95.12
epoch=300/300 lr=0.00100 train_acc=97.11 test_acc=95.23
{
  "best_accuracy": 95.32,
  "best_error_rate": 4.680000000000007,
  "final_accuracy": 95.23,
  "final_error_rate": 4.769999999999996,
  "elapsed_seconds": 3244.35058259964,
  "is_paper_result": false,
  "note": "New reproduction result; compare against paper target separately."
}
start experiment=fashionmnist_resnet32_re_paper seed=1003
epoch=1/300 lr=0.10000 train_acc=68.47 test_acc=76.11
epoch=2/300 lr=0.10000 train_acc=80.30 test_acc=82.85
epoch=3/300 lr=0.10000 train_acc=83.61 test_acc=84.13
epoch=4/300 lr=0.10000 train_acc=85.17 test_acc=84.69
epoch=5/300 lr=0.10000 train_acc=85.97 test_acc=78.65
epoch=6/300 lr=0.10000 train_acc=86.19 test_acc=64.94
epoch=7/300 lr=0.10000 train_acc=86.64 test_acc=88.15
epoch=8/300 lr=0.10000 train_acc=86.84 test_acc=87.08
epoch=9/300 lr=0.10000 train_acc=87.22 test_acc=87.20
epoch=10/300 lr=0.10000 train_acc=87.46 test_acc=88.43
epoch=11/300 lr=0.10000 train_acc=87.56 test_acc=85.36
epoch=12/300 lr=0.10000 train_acc=87.75 test_acc=87.47
epoch=13/300 lr=0.10000 train_acc=87.64 test_acc=87.11
epoch=14/300 lr=0.10000 train_acc=87.80 test_acc=71.80
epoch=15/300 lr=0.10000 train_acc=87.83 test_acc=89.30
epoch=16/300 lr=0.10000 train_acc=88.22 test_acc=86.83
epoch=17/300 lr=0.10000 train_acc=87.89 test_acc=90.29
epoch=18/300 lr=0.10000 train_acc=88.06 test_acc=90.12
epoch=19/300 lr=0.10000 train_acc=88.14 test_acc=90.96
epoch=20/300 lr=0.10000 train_acc=88.13 test_acc=85.51
epoch=21/300 lr=0.10000 train_acc=88.38 test_acc=89.07
epoch=22/300 lr=0.10000 train_acc=88.26 test_acc=86.76
epoch=23/300 lr=0.10000 train_acc=88.30 test_acc=85.09
epoch=24/300 lr=0.10000 train_acc=88.23 test_acc=89.16
epoch=25/300 lr=0.10000 train_acc=88.58 test_acc=90.00
epoch=26/300 lr=0.10000 train_acc=88.44 test_acc=90.52
epoch=27/300 lr=0.10000 train_acc=88.55 test_acc=89.54
epoch=28/300 lr=0.10000 train_acc=88.52 test_acc=89.65
epoch=29/300 lr=0.10000 train_acc=88.64 test_acc=89.49
epoch=30/300 lr=0.10000 train_acc=88.60 test_acc=90.26
epoch=31/300 lr=0.10000 train_acc=88.88 test_acc=88.96
epoch=32/300 lr=0.10000 train_acc=88.60 test_acc=90.56
epoch=33/300 lr=0.10000 train_acc=88.83 test_acc=89.92
epoch=34/300 lr=0.10000 train_acc=88.66 test_acc=90.68
epoch=35/300 lr=0.10000 train_acc=88.56 test_acc=88.54
epoch=36/300 lr=0.10000 train_acc=88.68 test_acc=90.23
epoch=37/300 lr=0.10000 train_acc=89.00 test_acc=91.22
epoch=38/300 lr=0.10000 train_acc=89.00 test_acc=89.08
epoch=39/300 lr=0.10000 train_acc=88.79 test_acc=87.92
epoch=40/300 lr=0.10000 train_acc=89.05 test_acc=89.11
epoch=41/300 lr=0.10000 train_acc=88.95 test_acc=89.10
epoch=42/300 lr=0.10000 train_acc=89.03 test_acc=88.40
epoch=43/300 lr=0.10000 train_acc=88.93 test_acc=84.24
epoch=44/300 lr=0.10000 train_acc=88.82 test_acc=85.96
epoch=45/300 lr=0.10000 train_acc=89.10 test_acc=91.42
epoch=46/300 lr=0.10000 train_acc=89.34 test_acc=90.50
epoch=47/300 lr=0.10000 train_acc=89.10 test_acc=88.52
epoch=48/300 lr=0.10000 train_acc=89.20 test_acc=89.20
epoch=49/300 lr=0.10000 train_acc=89.03 test_acc=88.37
epoch=50/300 lr=0.10000 train_acc=89.08 test_acc=84.31
epoch=51/300 lr=0.10000 train_acc=89.25 test_acc=90.38
epoch=52/300 lr=0.10000 train_acc=89.13 test_acc=90.60
epoch=53/300 lr=0.10000 train_acc=89.13 test_acc=86.25
epoch=54/300 lr=0.10000 train_acc=89.11 test_acc=90.42
epoch=55/300 lr=0.10000 train_acc=89.31 test_acc=92.02
epoch=56/300 lr=0.10000 train_acc=89.25 test_acc=91.04
epoch=57/300 lr=0.10000 train_acc=89.12 test_acc=90.71
epoch=58/300 lr=0.10000 train_acc=89.19 test_acc=86.39
epoch=59/300 lr=0.10000 train_acc=89.35 test_acc=89.22
epoch=60/300 lr=0.10000 train_acc=89.25 test_acc=87.43
epoch=61/300 lr=0.10000 train_acc=89.20 test_acc=85.25
epoch=62/300 lr=0.10000 train_acc=89.53 test_acc=90.73
epoch=63/300 lr=0.10000 train_acc=89.16 test_acc=91.26
epoch=64/300 lr=0.10000 train_acc=89.26 test_acc=91.37
epoch=65/300 lr=0.10000 train_acc=89.34 test_acc=89.90
epoch=66/300 lr=0.10000 train_acc=89.35 test_acc=87.05
epoch=67/300 lr=0.10000 train_acc=89.41 test_acc=90.83
epoch=68/300 lr=0.10000 train_acc=89.14 test_acc=89.57
epoch=69/300 lr=0.10000 train_acc=89.55 test_acc=88.10
epoch=70/300 lr=0.10000 train_acc=89.31 test_acc=91.11
epoch=71/300 lr=0.10000 train_acc=89.31 test_acc=89.92
epoch=72/300 lr=0.10000 train_acc=89.50 test_acc=91.14
epoch=73/300 lr=0.10000 train_acc=89.35 test_acc=89.02
epoch=74/300 lr=0.10000 train_acc=89.33 test_acc=90.28
epoch=75/300 lr=0.10000 train_acc=89.42 test_acc=88.93
epoch=76/300 lr=0.10000 train_acc=89.39 test_acc=87.58
epoch=77/300 lr=0.10000 train_acc=89.50 test_acc=87.30
epoch=78/300 lr=0.10000 train_acc=89.36 test_acc=90.61
epoch=79/300 lr=0.10000 train_acc=89.07 test_acc=86.51
epoch=80/300 lr=0.10000 train_acc=89.37 test_acc=89.54
epoch=81/300 lr=0.10000 train_acc=89.32 test_acc=90.55
epoch=82/300 lr=0.10000 train_acc=89.36 test_acc=90.29
epoch=83/300 lr=0.10000 train_acc=89.29 test_acc=89.86
epoch=84/300 lr=0.10000 train_acc=89.20 test_acc=90.32
epoch=85/300 lr=0.10000 train_acc=89.42 test_acc=89.73
epoch=86/300 lr=0.10000 train_acc=89.40 test_acc=91.58
epoch=87/300 lr=0.10000 train_acc=89.39 test_acc=87.09
epoch=88/300 lr=0.10000 train_acc=89.26 test_acc=87.33
epoch=89/300 lr=0.10000 train_acc=89.17 test_acc=91.51
epoch=90/300 lr=0.10000 train_acc=89.45 test_acc=91.00
epoch=91/300 lr=0.10000 train_acc=89.33 test_acc=90.28
epoch=92/300 lr=0.10000 train_acc=89.50 test_acc=89.13
epoch=93/300 lr=0.10000 train_acc=89.50 test_acc=89.84
epoch=94/300 lr=0.10000 train_acc=89.58 test_acc=90.05
epoch=95/300 lr=0.10000 train_acc=89.43 test_acc=90.40
epoch=96/300 lr=0.10000 train_acc=89.52 test_acc=90.15
epoch=97/300 lr=0.10000 train_acc=89.56 test_acc=89.06
epoch=98/300 lr=0.10000 train_acc=89.45 test_acc=89.43
epoch=99/300 lr=0.10000 train_acc=89.56 test_acc=89.26
epoch=100/300 lr=0.10000 train_acc=89.61 test_acc=86.94
epoch=101/300 lr=0.10000 train_acc=89.59 test_acc=91.84
epoch=102/300 lr=0.10000 train_acc=89.42 test_acc=90.00
epoch=103/300 lr=0.10000 train_acc=89.52 test_acc=89.60
epoch=104/300 lr=0.10000 train_acc=89.42 test_acc=90.89
epoch=105/300 lr=0.10000 train_acc=89.71 test_acc=90.32
epoch=106/300 lr=0.10000 train_acc=89.55 test_acc=90.17
epoch=107/300 lr=0.10000 train_acc=89.31 test_acc=87.41
epoch=108/300 lr=0.10000 train_acc=89.40 test_acc=92.14
epoch=109/300 lr=0.10000 train_acc=89.51 test_acc=91.57
epoch=110/300 lr=0.10000 train_acc=89.63 test_acc=91.10
epoch=111/300 lr=0.10000 train_acc=89.43 test_acc=90.91
epoch=112/300 lr=0.10000 train_acc=89.66 test_acc=91.20
epoch=113/300 lr=0.10000 train_acc=89.53 test_acc=90.80
epoch=114/300 lr=0.10000 train_acc=89.54 test_acc=86.64
epoch=115/300 lr=0.10000 train_acc=89.48 test_acc=85.78
epoch=116/300 lr=0.10000 train_acc=89.60 test_acc=91.32
epoch=117/300 lr=0.10000 train_acc=89.53 test_acc=90.90
epoch=118/300 lr=0.10000 train_acc=89.50 test_acc=91.25
epoch=119/300 lr=0.10000 train_acc=89.65 test_acc=55.47
epoch=120/300 lr=0.10000 train_acc=89.67 test_acc=88.85
epoch=121/300 lr=0.10000 train_acc=89.30 test_acc=90.39
epoch=122/300 lr=0.10000 train_acc=89.64 test_acc=91.41
epoch=123/300 lr=0.10000 train_acc=89.50 test_acc=89.93
epoch=124/300 lr=0.10000 train_acc=89.52 test_acc=88.65
epoch=125/300 lr=0.10000 train_acc=89.61 test_acc=91.82
epoch=126/300 lr=0.10000 train_acc=89.66 test_acc=90.78
epoch=127/300 lr=0.10000 train_acc=89.46 test_acc=85.73
epoch=128/300 lr=0.10000 train_acc=89.87 test_acc=91.11
epoch=129/300 lr=0.10000 train_acc=89.62 test_acc=86.56
epoch=130/300 lr=0.10000 train_acc=89.62 test_acc=89.26
epoch=131/300 lr=0.10000 train_acc=89.68 test_acc=90.22
epoch=132/300 lr=0.10000 train_acc=89.72 test_acc=91.36
epoch=133/300 lr=0.10000 train_acc=89.55 test_acc=90.48
epoch=134/300 lr=0.10000 train_acc=89.58 test_acc=89.59
epoch=135/300 lr=0.10000 train_acc=89.58 test_acc=89.46
epoch=136/300 lr=0.10000 train_acc=89.35 test_acc=87.09
epoch=137/300 lr=0.10000 train_acc=89.49 test_acc=89.87
epoch=138/300 lr=0.10000 train_acc=89.25 test_acc=89.17
epoch=139/300 lr=0.10000 train_acc=89.65 test_acc=90.70
epoch=140/300 lr=0.10000 train_acc=89.67 test_acc=91.34
epoch=141/300 lr=0.10000 train_acc=89.69 test_acc=90.77
epoch=142/300 lr=0.10000 train_acc=89.56 test_acc=91.44
epoch=143/300 lr=0.10000 train_acc=89.44 test_acc=90.26
epoch=144/300 lr=0.10000 train_acc=89.40 test_acc=91.56
epoch=145/300 lr=0.10000 train_acc=89.59 test_acc=91.70
epoch=146/300 lr=0.10000 train_acc=89.90 test_acc=90.74
epoch=147/300 lr=0.10000 train_acc=89.65 test_acc=91.17
epoch=148/300 lr=0.10000 train_acc=89.62 test_acc=89.87
epoch=149/300 lr=0.10000 train_acc=89.46 test_acc=88.78
epoch=150/300 lr=0.10000 train_acc=89.69 test_acc=91.87
epoch=151/300 lr=0.01000 train_acc=92.10 test_acc=94.02
epoch=152/300 lr=0.01000 train_acc=92.82 test_acc=93.90
epoch=153/300 lr=0.01000 train_acc=93.00 test_acc=94.09
epoch=154/300 lr=0.01000 train_acc=93.33 test_acc=93.93
epoch=155/300 lr=0.01000 train_acc=93.40 test_acc=94.17
epoch=156/300 lr=0.01000 train_acc=93.44 test_acc=93.99
epoch=157/300 lr=0.01000 train_acc=93.51 test_acc=94.14
epoch=158/300 lr=0.01000 train_acc=93.51 test_acc=94.32
epoch=159/300 lr=0.01000 train_acc=93.60 test_acc=94.34
epoch=160/300 lr=0.01000 train_acc=93.61 test_acc=94.26
epoch=161/300 lr=0.01000 train_acc=93.80 test_acc=94.41
epoch=162/300 lr=0.01000 train_acc=93.84 test_acc=94.56
epoch=163/300 lr=0.01000 train_acc=93.87 test_acc=94.64
epoch=164/300 lr=0.01000 train_acc=93.81 test_acc=94.51
epoch=165/300 lr=0.01000 train_acc=93.86 test_acc=94.07
epoch=166/300 lr=0.01000 train_acc=93.80 test_acc=94.48
epoch=167/300 lr=0.01000 train_acc=93.88 test_acc=94.32
epoch=168/300 lr=0.01000 train_acc=94.03 test_acc=94.23
epoch=169/300 lr=0.01000 train_acc=93.99 test_acc=94.25
epoch=170/300 lr=0.01000 train_acc=94.03 test_acc=94.71
epoch=171/300 lr=0.01000 train_acc=93.87 test_acc=94.47
epoch=172/300 lr=0.01000 train_acc=94.05 test_acc=94.13
epoch=173/300 lr=0.01000 train_acc=94.07 test_acc=94.29
epoch=174/300 lr=0.01000 train_acc=93.95 test_acc=94.22
epoch=175/300 lr=0.01000 train_acc=94.12 test_acc=94.14
epoch=176/300 lr=0.01000 train_acc=94.06 test_acc=94.36
epoch=177/300 lr=0.01000 train_acc=93.97 test_acc=94.41
epoch=178/300 lr=0.01000 train_acc=93.93 test_acc=94.34
epoch=179/300 lr=0.01000 train_acc=94.02 test_acc=93.96
epoch=180/300 lr=0.01000 train_acc=93.92 test_acc=94.16
epoch=181/300 lr=0.01000 train_acc=94.08 test_acc=94.47
epoch=182/300 lr=0.01000 train_acc=93.99 test_acc=94.26
epoch=183/300 lr=0.01000 train_acc=94.03 test_acc=94.31
epoch=184/300 lr=0.01000 train_acc=94.20 test_acc=94.41
epoch=185/300 lr=0.01000 train_acc=93.96 test_acc=94.50
epoch=186/300 lr=0.01000 train_acc=93.89 test_acc=93.98
epoch=187/300 lr=0.01000 train_acc=93.99 test_acc=93.79
epoch=188/300 lr=0.01000 train_acc=94.01 test_acc=94.19
epoch=189/300 lr=0.01000 train_acc=94.00 test_acc=94.37
epoch=190/300 lr=0.01000 train_acc=94.14 test_acc=93.98
epoch=191/300 lr=0.01000 train_acc=94.00 test_acc=94.34
epoch=192/300 lr=0.01000 train_acc=94.01 test_acc=94.43
epoch=193/300 lr=0.01000 train_acc=93.99 test_acc=94.40
epoch=194/300 lr=0.01000 train_acc=94.02 test_acc=94.25
epoch=195/300 lr=0.01000 train_acc=93.93 test_acc=94.64
epoch=196/300 lr=0.01000 train_acc=93.97 test_acc=94.05
epoch=197/300 lr=0.01000 train_acc=94.14 test_acc=94.59
epoch=198/300 lr=0.01000 train_acc=93.91 test_acc=93.81
epoch=199/300 lr=0.01000 train_acc=93.96 test_acc=94.72
epoch=200/300 lr=0.01000 train_acc=94.10 test_acc=94.59
epoch=201/300 lr=0.01000 train_acc=94.12 test_acc=94.35
epoch=202/300 lr=0.01000 train_acc=94.11 test_acc=94.06
epoch=203/300 lr=0.01000 train_acc=93.99 test_acc=94.40
epoch=204/300 lr=0.01000 train_acc=94.02 test_acc=94.48
epoch=205/300 lr=0.01000 train_acc=93.97 test_acc=93.77
epoch=206/300 lr=0.01000 train_acc=94.04 test_acc=94.49
epoch=207/300 lr=0.01000 train_acc=94.15 test_acc=94.44
epoch=208/300 lr=0.01000 train_acc=94.20 test_acc=94.25
epoch=209/300 lr=0.01000 train_acc=94.20 test_acc=94.05
epoch=210/300 lr=0.01000 train_acc=94.06 test_acc=93.81
epoch=211/300 lr=0.01000 train_acc=94.20 test_acc=94.47
epoch=212/300 lr=0.01000 train_acc=93.99 test_acc=93.85
epoch=213/300 lr=0.01000 train_acc=94.19 test_acc=93.94
epoch=214/300 lr=0.01000 train_acc=94.14 test_acc=94.29
epoch=215/300 lr=0.01000 train_acc=94.18 test_acc=93.78
epoch=216/300 lr=0.01000 train_acc=94.30 test_acc=94.47
epoch=217/300 lr=0.01000 train_acc=94.19 test_acc=94.17
epoch=218/300 lr=0.01000 train_acc=94.32 test_acc=94.51
epoch=219/300 lr=0.01000 train_acc=94.27 test_acc=94.34
epoch=220/300 lr=0.01000 train_acc=94.20 test_acc=94.53
epoch=221/300 lr=0.01000 train_acc=94.25 test_acc=94.01
epoch=222/300 lr=0.01000 train_acc=94.32 test_acc=94.29
epoch=223/300 lr=0.01000 train_acc=94.14 test_acc=94.24
epoch=224/300 lr=0.01000 train_acc=94.24 test_acc=94.56
epoch=225/300 lr=0.01000 train_acc=94.27 test_acc=94.01
epoch=226/300 lr=0.00100 train_acc=95.37 test_acc=94.99
epoch=227/300 lr=0.00100 train_acc=95.62 test_acc=95.21
epoch=228/300 lr=0.00100 train_acc=95.78 test_acc=95.25
epoch=229/300 lr=0.00100 train_acc=95.93 test_acc=95.20
epoch=230/300 lr=0.00100 train_acc=96.06 test_acc=95.21
epoch=231/300 lr=0.00100 train_acc=96.09 test_acc=95.47
epoch=232/300 lr=0.00100 train_acc=96.08 test_acc=95.44
epoch=233/300 lr=0.00100 train_acc=96.13 test_acc=95.37
epoch=234/300 lr=0.00100 train_acc=96.13 test_acc=95.31
epoch=235/300 lr=0.00100 train_acc=96.23 test_acc=95.28
epoch=236/300 lr=0.00100 train_acc=96.25 test_acc=95.52
epoch=237/300 lr=0.00100 train_acc=96.31 test_acc=95.36
epoch=238/300 lr=0.00100 train_acc=96.31 test_acc=95.25
epoch=239/300 lr=0.00100 train_acc=96.41 test_acc=95.29
epoch=240/300 lr=0.00100 train_acc=96.31 test_acc=95.25
epoch=241/300 lr=0.00100 train_acc=96.31 test_acc=95.24
epoch=242/300 lr=0.00100 train_acc=96.45 test_acc=95.21
epoch=243/300 lr=0.00100 train_acc=96.53 test_acc=95.27
epoch=244/300 lr=0.00100 train_acc=96.49 test_acc=95.36
epoch=245/300 lr=0.00100 train_acc=96.56 test_acc=95.38
epoch=246/300 lr=0.00100 train_acc=96.53 test_acc=95.30
epoch=247/300 lr=0.00100 train_acc=96.58 test_acc=95.26
epoch=248/300 lr=0.00100 train_acc=96.60 test_acc=95.27
epoch=249/300 lr=0.00100 train_acc=96.53 test_acc=95.33
epoch=250/300 lr=0.00100 train_acc=96.61 test_acc=95.25
epoch=251/300 lr=0.00100 train_acc=96.65 test_acc=95.22
epoch=252/300 lr=0.00100 train_acc=96.70 test_acc=95.22
epoch=253/300 lr=0.00100 train_acc=96.65 test_acc=95.30
epoch=254/300 lr=0.00100 train_acc=96.68 test_acc=95.35
epoch=255/300 lr=0.00100 train_acc=96.68 test_acc=95.35
epoch=256/300 lr=0.00100 train_acc=96.65 test_acc=95.28
epoch=257/300 lr=0.00100 train_acc=96.79 test_acc=95.21
epoch=258/300 lr=0.00100 train_acc=96.70 test_acc=95.34
epoch=259/300 lr=0.00100 train_acc=96.84 test_acc=95.40
epoch=260/300 lr=0.00100 train_acc=96.77 test_acc=95.17
epoch=261/300 lr=0.00100 train_acc=96.83 test_acc=95.20
epoch=262/300 lr=0.00100 train_acc=96.82 test_acc=95.30
epoch=263/300 lr=0.00100 train_acc=96.83 test_acc=95.17
epoch=264/300 lr=0.00100 train_acc=96.76 test_acc=95.17
epoch=265/300 lr=0.00100 train_acc=96.94 test_acc=95.18
epoch=266/300 lr=0.00100 train_acc=96.92 test_acc=95.32
epoch=267/300 lr=0.00100 train_acc=96.77 test_acc=95.39
epoch=268/300 lr=0.00100 train_acc=96.83 test_acc=95.20
epoch=269/300 lr=0.00100 train_acc=97.01 test_acc=95.30
epoch=270/300 lr=0.00100 train_acc=96.89 test_acc=95.15
epoch=271/300 lr=0.00100 train_acc=96.93 test_acc=95.32
epoch=272/300 lr=0.00100 train_acc=96.84 test_acc=95.36
epoch=273/300 lr=0.00100 train_acc=96.95 test_acc=95.25
epoch=274/300 lr=0.00100 train_acc=96.91 test_acc=95.37
epoch=275/300 lr=0.00100 train_acc=96.96 test_acc=95.41
epoch=276/300 lr=0.00100 train_acc=97.00 test_acc=95.21
epoch=277/300 lr=0.00100 train_acc=96.99 test_acc=95.43
epoch=278/300 lr=0.00100 train_acc=96.99 test_acc=95.14
epoch=279/300 lr=0.00100 train_acc=97.00 test_acc=95.11
epoch=280/300 lr=0.00100 train_acc=96.94 test_acc=95.39
epoch=281/300 lr=0.00100 train_acc=97.14 test_acc=95.00
epoch=282/300 lr=0.00100 train_acc=97.03 test_acc=95.21
epoch=283/300 lr=0.00100 train_acc=97.03 test_acc=95.23
epoch=284/300 lr=0.00100 train_acc=97.05 test_acc=95.38
epoch=285/300 lr=0.00100 train_acc=97.04 test_acc=95.28
epoch=286/300 lr=0.00100 train_acc=97.07 test_acc=95.14
epoch=287/300 lr=0.00100 train_acc=97.14 test_acc=95.17
epoch=288/300 lr=0.00100 train_acc=97.09 test_acc=95.11
epoch=289/300 lr=0.00100 train_acc=97.03 test_acc=95.28
epoch=290/300 lr=0.00100 train_acc=97.20 test_acc=95.36
epoch=291/300 lr=0.00100 train_acc=97.13 test_acc=95.24
epoch=292/300 lr=0.00100 train_acc=97.27 test_acc=95.16
epoch=293/300 lr=0.00100 train_acc=97.19 test_acc=95.29
epoch=294/300 lr=0.00100 train_acc=97.16 test_acc=95.45
epoch=295/300 lr=0.00100 train_acc=97.13 test_acc=95.33
epoch=296/300 lr=0.00100 train_acc=97.19 test_acc=95.29
epoch=297/300 lr=0.00100 train_acc=97.20 test_acc=95.31
epoch=298/300 lr=0.00100 train_acc=97.16 test_acc=95.31
epoch=299/300 lr=0.00100 train_acc=97.08 test_acc=95.16
epoch=300/300 lr=0.00100 train_acc=97.09 test_acc=95.35
{
  "best_accuracy": 95.52,
  "best_error_rate": 4.480000000000004,
  "final_accuracy": 95.35,
  "final_error_rate": 4.650000000000006,
  "elapsed_seconds": 3261.3970544338226,
  "is_paper_result": false,
  "note": "New reproduction result; compare against paper target separately."
}
start experiment=fashionmnist_resnet32_re_paper seed=1004
epoch=1/300 lr=0.10000 train_acc=68.35 test_acc=79.96
epoch=2/300 lr=0.10000 train_acc=81.42 test_acc=83.19
epoch=3/300 lr=0.10000 train_acc=84.29 test_acc=87.83
epoch=4/300 lr=0.10000 train_acc=85.54 test_acc=86.96
epoch=5/300 lr=0.10000 train_acc=86.02 test_acc=87.60
epoch=6/300 lr=0.10000 train_acc=86.61 test_acc=86.43
epoch=7/300 lr=0.10000 train_acc=86.82 test_acc=87.43
epoch=8/300 lr=0.10000 train_acc=87.14 test_acc=88.67
epoch=9/300 lr=0.10000 train_acc=87.12 test_acc=89.07
epoch=10/300 lr=0.10000 train_acc=87.47 test_acc=80.10
epoch=11/300 lr=0.10000 train_acc=87.63 test_acc=89.46
epoch=12/300 lr=0.10000 train_acc=87.59 test_acc=88.71
epoch=13/300 lr=0.10000 train_acc=87.91 test_acc=68.84
epoch=14/300 lr=0.10000 train_acc=87.87 test_acc=79.51
epoch=15/300 lr=0.10000 train_acc=87.99 test_acc=87.81
epoch=16/300 lr=0.10000 train_acc=87.98 test_acc=87.84
epoch=17/300 lr=0.10000 train_acc=88.07 test_acc=87.05
epoch=18/300 lr=0.10000 train_acc=88.19 test_acc=85.17
epoch=19/300 lr=0.10000 train_acc=88.25 test_acc=89.66
epoch=20/300 lr=0.10000 train_acc=88.32 test_acc=88.98
epoch=21/300 lr=0.10000 train_acc=88.29 test_acc=89.93
epoch=22/300 lr=0.10000 train_acc=88.28 test_acc=87.57
epoch=23/300 lr=0.10000 train_acc=88.38 test_acc=91.18
epoch=24/300 lr=0.10000 train_acc=88.60 test_acc=89.69
epoch=25/300 lr=0.10000 train_acc=88.54 test_acc=89.90
epoch=26/300 lr=0.10000 train_acc=88.52 test_acc=88.19
epoch=27/300 lr=0.10000 train_acc=88.49 test_acc=88.22
epoch=28/300 lr=0.10000 train_acc=88.62 test_acc=88.63
epoch=29/300 lr=0.10000 train_acc=88.83 test_acc=84.63
epoch=30/300 lr=0.10000 train_acc=88.81 test_acc=88.87
epoch=31/300 lr=0.10000 train_acc=88.64 test_acc=86.23
epoch=32/300 lr=0.10000 train_acc=88.91 test_acc=91.04
epoch=33/300 lr=0.10000 train_acc=88.78 test_acc=88.96
epoch=34/300 lr=0.10000 train_acc=88.79 test_acc=89.10
epoch=35/300 lr=0.10000 train_acc=88.73 test_acc=88.68
epoch=36/300 lr=0.10000 train_acc=88.89 test_acc=90.65
epoch=37/300 lr=0.10000 train_acc=89.02 test_acc=90.23
epoch=38/300 lr=0.10000 train_acc=88.97 test_acc=88.32
epoch=39/300 lr=0.10000 train_acc=88.92 test_acc=90.12
epoch=40/300 lr=0.10000 train_acc=89.06 test_acc=85.11
epoch=41/300 lr=0.10000 train_acc=88.88 test_acc=84.04
epoch=42/300 lr=0.10000 train_acc=89.04 test_acc=90.57
epoch=43/300 lr=0.10000 train_acc=88.93 test_acc=86.57
epoch=44/300 lr=0.10000 train_acc=89.13 test_acc=90.34
epoch=45/300 lr=0.10000 train_acc=89.02 test_acc=89.23
epoch=46/300 lr=0.10000 train_acc=88.92 test_acc=91.20
epoch=47/300 lr=0.10000 train_acc=89.06 test_acc=90.00
epoch=48/300 lr=0.10000 train_acc=89.16 test_acc=90.94
epoch=49/300 lr=0.10000 train_acc=88.98 test_acc=89.33
epoch=50/300 lr=0.10000 train_acc=89.07 test_acc=86.21
epoch=51/300 lr=0.10000 train_acc=89.00 test_acc=89.94
epoch=52/300 lr=0.10000 train_acc=89.17 test_acc=90.02
epoch=53/300 lr=0.10000 train_acc=88.97 test_acc=89.66
epoch=54/300 lr=0.10000 train_acc=88.99 test_acc=87.78
epoch=55/300 lr=0.10000 train_acc=89.33 test_acc=91.51
epoch=56/300 lr=0.10000 train_acc=88.94 test_acc=90.47
epoch=57/300 lr=0.10000 train_acc=89.20 test_acc=86.57
epoch=58/300 lr=0.10000 train_acc=89.16 test_acc=90.65
epoch=59/300 lr=0.10000 train_acc=89.17 test_acc=89.73
epoch=60/300 lr=0.10000 train_acc=89.11 test_acc=89.27
epoch=61/300 lr=0.10000 train_acc=89.16 test_acc=89.18
epoch=62/300 lr=0.10000 train_acc=89.12 test_acc=89.45
epoch=63/300 lr=0.10000 train_acc=89.23 test_acc=90.43
epoch=64/300 lr=0.10000 train_acc=89.27 test_acc=89.25
epoch=65/300 lr=0.10000 train_acc=89.07 test_acc=89.52
epoch=66/300 lr=0.10000 train_acc=89.26 test_acc=89.62
epoch=67/300 lr=0.10000 train_acc=89.09 test_acc=85.02
epoch=68/300 lr=0.10000 train_acc=89.36 test_acc=90.28
epoch=69/300 lr=0.10000 train_acc=89.39 test_acc=91.40
epoch=70/300 lr=0.10000 train_acc=89.22 test_acc=71.01
epoch=71/300 lr=0.10000 train_acc=89.43 test_acc=90.75
epoch=72/300 lr=0.10000 train_acc=89.24 test_acc=91.27
epoch=73/300 lr=0.10000 train_acc=89.31 test_acc=88.37
epoch=74/300 lr=0.10000 train_acc=89.22 test_acc=87.54
epoch=75/300 lr=0.10000 train_acc=89.19 test_acc=91.63
epoch=76/300 lr=0.10000 train_acc=89.50 test_acc=90.18
epoch=77/300 lr=0.10000 train_acc=89.17 test_acc=88.50
epoch=78/300 lr=0.10000 train_acc=89.38 test_acc=89.59
epoch=79/300 lr=0.10000 train_acc=89.03 test_acc=89.39
epoch=80/300 lr=0.10000 train_acc=89.38 test_acc=89.78
epoch=81/300 lr=0.10000 train_acc=89.53 test_acc=90.25
epoch=82/300 lr=0.10000 train_acc=89.31 test_acc=88.80
epoch=83/300 lr=0.10000 train_acc=89.31 test_acc=87.57
epoch=84/300 lr=0.10000 train_acc=89.35 test_acc=90.06
epoch=85/300 lr=0.10000 train_acc=89.36 test_acc=87.54
epoch=86/300 lr=0.10000 train_acc=89.38 test_acc=90.87
epoch=87/300 lr=0.10000 train_acc=89.22 test_acc=91.31
epoch=88/300 lr=0.10000 train_acc=89.42 test_acc=90.63
epoch=89/300 lr=0.10000 train_acc=89.26 test_acc=91.08
epoch=90/300 lr=0.10000 train_acc=89.58 test_acc=81.54
epoch=91/300 lr=0.10000 train_acc=89.30 test_acc=87.71
epoch=92/300 lr=0.10000 train_acc=89.57 test_acc=90.50
epoch=93/300 lr=0.10000 train_acc=89.55 test_acc=89.15
epoch=94/300 lr=0.10000 train_acc=89.42 test_acc=89.62
epoch=95/300 lr=0.10000 train_acc=89.12 test_acc=91.19
epoch=96/300 lr=0.10000 train_acc=89.46 test_acc=90.74
epoch=97/300 lr=0.10000 train_acc=89.34 test_acc=91.35
epoch=98/300 lr=0.10000 train_acc=89.44 test_acc=89.90
epoch=99/300 lr=0.10000 train_acc=89.34 test_acc=90.49
epoch=100/300 lr=0.10000 train_acc=89.42 test_acc=84.40
epoch=101/300 lr=0.10000 train_acc=89.25 test_acc=85.42
epoch=102/300 lr=0.10000 train_acc=89.46 test_acc=86.12
epoch=103/300 lr=0.10000 train_acc=89.26 test_acc=89.37
epoch=104/300 lr=0.10000 train_acc=89.11 test_acc=90.61
epoch=105/300 lr=0.10000 train_acc=89.44 test_acc=90.98
epoch=106/300 lr=0.10000 train_acc=89.23 test_acc=91.59
epoch=107/300 lr=0.10000 train_acc=89.47 test_acc=89.43
epoch=108/300 lr=0.10000 train_acc=89.44 test_acc=90.69
epoch=109/300 lr=0.10000 train_acc=89.40 test_acc=90.41
epoch=110/300 lr=0.10000 train_acc=89.59 test_acc=86.96
epoch=111/300 lr=0.10000 train_acc=89.60 test_acc=88.57
epoch=112/300 lr=0.10000 train_acc=89.38 test_acc=89.14
epoch=113/300 lr=0.10000 train_acc=89.54 test_acc=88.95
epoch=114/300 lr=0.10000 train_acc=89.36 test_acc=88.87
epoch=115/300 lr=0.10000 train_acc=89.40 test_acc=91.78
epoch=116/300 lr=0.10000 train_acc=89.73 test_acc=91.01
epoch=117/300 lr=0.10000 train_acc=89.26 test_acc=90.74
epoch=118/300 lr=0.10000 train_acc=89.60 test_acc=89.44
epoch=119/300 lr=0.10000 train_acc=89.47 test_acc=90.60
epoch=120/300 lr=0.10000 train_acc=89.33 test_acc=89.59
epoch=121/300 lr=0.10000 train_acc=89.44 test_acc=88.72
epoch=122/300 lr=0.10000 train_acc=89.31 test_acc=90.96
epoch=123/300 lr=0.10000 train_acc=89.54 test_acc=91.65
epoch=124/300 lr=0.10000 train_acc=89.41 test_acc=90.72
epoch=125/300 lr=0.10000 train_acc=89.52 test_acc=90.93
epoch=126/300 lr=0.10000 train_acc=89.40 test_acc=83.94
epoch=127/300 lr=0.10000 train_acc=89.52 test_acc=89.36
epoch=128/300 lr=0.10000 train_acc=89.44 test_acc=91.93
epoch=129/300 lr=0.10000 train_acc=89.49 test_acc=89.76
epoch=130/300 lr=0.10000 train_acc=89.47 test_acc=88.08
epoch=131/300 lr=0.10000 train_acc=89.34 test_acc=91.05
epoch=132/300 lr=0.10000 train_acc=89.63 test_acc=89.21
epoch=133/300 lr=0.10000 train_acc=89.40 test_acc=90.98
epoch=134/300 lr=0.10000 train_acc=89.45 test_acc=88.84
epoch=135/300 lr=0.10000 train_acc=89.04 test_acc=89.53
epoch=136/300 lr=0.10000 train_acc=89.61 test_acc=89.95
epoch=137/300 lr=0.10000 train_acc=89.38 test_acc=85.50
epoch=138/300 lr=0.10000 train_acc=89.52 test_acc=90.29
epoch=139/300 lr=0.10000 train_acc=89.41 test_acc=88.10
epoch=140/300 lr=0.10000 train_acc=89.39 test_acc=87.64
epoch=141/300 lr=0.10000 train_acc=89.36 test_acc=86.83
epoch=142/300 lr=0.10000 train_acc=89.41 test_acc=92.10
epoch=143/300 lr=0.10000 train_acc=89.42 test_acc=87.90
epoch=144/300 lr=0.10000 train_acc=89.65 test_acc=90.85
epoch=145/300 lr=0.10000 train_acc=89.31 test_acc=90.04
epoch=146/300 lr=0.10000 train_acc=89.40 test_acc=90.08
epoch=147/300 lr=0.10000 train_acc=89.46 test_acc=88.62
epoch=148/300 lr=0.10000 train_acc=89.50 test_acc=89.50
epoch=149/300 lr=0.10000 train_acc=89.41 test_acc=89.53
epoch=150/300 lr=0.10000 train_acc=89.50 test_acc=91.61
epoch=151/300 lr=0.01000 train_acc=92.18 test_acc=93.64
epoch=152/300 lr=0.01000 train_acc=92.79 test_acc=93.70
epoch=153/300 lr=0.01000 train_acc=92.98 test_acc=94.08
epoch=154/300 lr=0.01000 train_acc=93.17 test_acc=94.05
epoch=155/300 lr=0.01000 train_acc=93.26 test_acc=94.24
epoch=156/300 lr=0.01000 train_acc=93.51 test_acc=94.22
epoch=157/300 lr=0.01000 train_acc=93.54 test_acc=93.92
epoch=158/300 lr=0.01000 train_acc=93.44 test_acc=94.29
epoch=159/300 lr=0.01000 train_acc=93.75 test_acc=94.34
epoch=160/300 lr=0.01000 train_acc=93.69 test_acc=94.27
epoch=161/300 lr=0.01000 train_acc=93.81 test_acc=94.43
epoch=162/300 lr=0.01000 train_acc=93.74 test_acc=94.22
epoch=163/300 lr=0.01000 train_acc=93.78 test_acc=94.15
epoch=164/300 lr=0.01000 train_acc=93.81 test_acc=93.99
epoch=165/300 lr=0.01000 train_acc=93.90 test_acc=93.80
epoch=166/300 lr=0.01000 train_acc=93.69 test_acc=94.22
epoch=167/300 lr=0.01000 train_acc=93.85 test_acc=94.13
epoch=168/300 lr=0.01000 train_acc=93.93 test_acc=94.26
epoch=169/300 lr=0.01000 train_acc=93.83 test_acc=94.28
epoch=170/300 lr=0.01000 train_acc=93.83 test_acc=94.18
epoch=171/300 lr=0.01000 train_acc=93.84 test_acc=94.06
epoch=172/300 lr=0.01000 train_acc=93.80 test_acc=94.38
epoch=173/300 lr=0.01000 train_acc=93.94 test_acc=94.21
epoch=174/300 lr=0.01000 train_acc=93.81 test_acc=94.30
epoch=175/300 lr=0.01000 train_acc=94.00 test_acc=94.18
epoch=176/300 lr=0.01000 train_acc=94.02 test_acc=94.11
epoch=177/300 lr=0.01000 train_acc=93.80 test_acc=94.20
epoch=178/300 lr=0.01000 train_acc=93.95 test_acc=94.41
epoch=179/300 lr=0.01000 train_acc=93.87 test_acc=94.25
epoch=180/300 lr=0.01000 train_acc=93.92 test_acc=93.65
epoch=181/300 lr=0.01000 train_acc=93.92 test_acc=94.38
epoch=182/300 lr=0.01000 train_acc=93.92 test_acc=93.70
epoch=183/300 lr=0.01000 train_acc=93.72 test_acc=93.83
epoch=184/300 lr=0.01000 train_acc=94.05 test_acc=94.51
epoch=185/300 lr=0.01000 train_acc=93.77 test_acc=93.97
epoch=186/300 lr=0.01000 train_acc=93.81 test_acc=94.38
epoch=187/300 lr=0.01000 train_acc=93.84 test_acc=94.34
epoch=188/300 lr=0.01000 train_acc=93.77 test_acc=94.40
epoch=189/300 lr=0.01000 train_acc=93.83 test_acc=94.24
epoch=190/300 lr=0.01000 train_acc=93.84 test_acc=93.86
epoch=191/300 lr=0.01000 train_acc=93.86 test_acc=94.45
epoch=192/300 lr=0.01000 train_acc=93.95 test_acc=94.39
epoch=193/300 lr=0.01000 train_acc=93.93 test_acc=94.43
epoch=194/300 lr=0.01000 train_acc=93.95 test_acc=94.02
epoch=195/300 lr=0.01000 train_acc=93.89 test_acc=93.66
epoch=196/300 lr=0.01000 train_acc=93.96 test_acc=94.01
epoch=197/300 lr=0.01000 train_acc=93.97 test_acc=94.28
epoch=198/300 lr=0.01000 train_acc=93.91 test_acc=94.35
epoch=199/300 lr=0.01000 train_acc=94.00 test_acc=93.92
epoch=200/300 lr=0.01000 train_acc=93.93 test_acc=94.17
epoch=201/300 lr=0.01000 train_acc=93.98 test_acc=94.38
epoch=202/300 lr=0.01000 train_acc=94.01 test_acc=94.00
epoch=203/300 lr=0.01000 train_acc=93.98 test_acc=94.46
epoch=204/300 lr=0.01000 train_acc=94.06 test_acc=93.28
epoch=205/300 lr=0.01000 train_acc=93.96 test_acc=94.20
epoch=206/300 lr=0.01000 train_acc=93.99 test_acc=94.27
epoch=207/300 lr=0.01000 train_acc=93.94 test_acc=94.40
epoch=208/300 lr=0.01000 train_acc=94.07 test_acc=94.05
epoch=209/300 lr=0.01000 train_acc=94.06 test_acc=93.91
epoch=210/300 lr=0.01000 train_acc=94.19 test_acc=94.49
epoch=211/300 lr=0.01000 train_acc=94.06 test_acc=94.10
epoch=212/300 lr=0.01000 train_acc=94.14 test_acc=93.72
epoch=213/300 lr=0.01000 train_acc=94.08 test_acc=94.08
epoch=214/300 lr=0.01000 train_acc=93.97 test_acc=94.22
epoch=215/300 lr=0.01000 train_acc=94.05 test_acc=94.64
epoch=216/300 lr=0.01000 train_acc=94.04 test_acc=93.92
epoch=217/300 lr=0.01000 train_acc=94.13 test_acc=94.43
epoch=218/300 lr=0.01000 train_acc=94.19 test_acc=93.82
epoch=219/300 lr=0.01000 train_acc=94.11 test_acc=94.39
epoch=220/300 lr=0.01000 train_acc=94.07 test_acc=93.28
epoch=221/300 lr=0.01000 train_acc=94.13 test_acc=94.01
epoch=222/300 lr=0.01000 train_acc=94.17 test_acc=94.38
epoch=223/300 lr=0.01000 train_acc=94.31 test_acc=94.63
epoch=224/300 lr=0.01000 train_acc=94.16 test_acc=94.36
epoch=225/300 lr=0.01000 train_acc=94.17 test_acc=94.37
epoch=226/300 lr=0.00100 train_acc=95.18 test_acc=95.08
epoch=227/300 lr=0.00100 train_acc=95.56 test_acc=95.24
epoch=228/300 lr=0.00100 train_acc=95.72 test_acc=95.16
epoch=229/300 lr=0.00100 train_acc=95.83 test_acc=95.25
epoch=230/300 lr=0.00100 train_acc=95.99 test_acc=95.20
epoch=231/300 lr=0.00100 train_acc=95.89 test_acc=95.25
epoch=232/300 lr=0.00100 train_acc=96.04 test_acc=95.04
epoch=233/300 lr=0.00100 train_acc=96.16 test_acc=95.20
epoch=234/300 lr=0.00100 train_acc=96.10 test_acc=95.25
epoch=235/300 lr=0.00100 train_acc=96.05 test_acc=95.20
epoch=236/300 lr=0.00100 train_acc=96.20 test_acc=95.29
epoch=237/300 lr=0.00100 train_acc=96.30 test_acc=95.20
epoch=238/300 lr=0.00100 train_acc=96.38 test_acc=95.33
epoch=239/300 lr=0.00100 train_acc=96.32 test_acc=95.18
epoch=240/300 lr=0.00100 train_acc=96.28 test_acc=95.13
epoch=241/300 lr=0.00100 train_acc=96.32 test_acc=95.23
epoch=242/300 lr=0.00100 train_acc=96.44 test_acc=95.24
epoch=243/300 lr=0.00100 train_acc=96.50 test_acc=95.32
epoch=244/300 lr=0.00100 train_acc=96.45 test_acc=95.22
epoch=245/300 lr=0.00100 train_acc=96.31 test_acc=95.45
epoch=246/300 lr=0.00100 train_acc=96.42 test_acc=95.30
epoch=247/300 lr=0.00100 train_acc=96.33 test_acc=95.16
epoch=248/300 lr=0.00100 train_acc=96.48 test_acc=95.13
epoch=249/300 lr=0.00100 train_acc=96.56 test_acc=95.16
epoch=250/300 lr=0.00100 train_acc=96.59 test_acc=95.19
epoch=251/300 lr=0.00100 train_acc=96.49 test_acc=95.29
epoch=252/300 lr=0.00100 train_acc=96.61 test_acc=95.32
epoch=253/300 lr=0.00100 train_acc=96.53 test_acc=95.16
epoch=254/300 lr=0.00100 train_acc=96.57 test_acc=95.17
epoch=255/300 lr=0.00100 train_acc=96.57 test_acc=95.31
epoch=256/300 lr=0.00100 train_acc=96.74 test_acc=95.21
epoch=257/300 lr=0.00100 train_acc=96.67 test_acc=95.37
epoch=258/300 lr=0.00100 train_acc=96.58 test_acc=95.44
epoch=259/300 lr=0.00100 train_acc=96.67 test_acc=95.25
epoch=260/300 lr=0.00100 train_acc=96.66 test_acc=95.22
epoch=261/300 lr=0.00100 train_acc=96.69 test_acc=95.22
epoch=262/300 lr=0.00100 train_acc=96.63 test_acc=95.32
epoch=263/300 lr=0.00100 train_acc=96.82 test_acc=95.33
epoch=264/300 lr=0.00100 train_acc=96.78 test_acc=95.26
epoch=265/300 lr=0.00100 train_acc=96.84 test_acc=95.24
epoch=266/300 lr=0.00100 train_acc=96.69 test_acc=95.25
epoch=267/300 lr=0.00100 train_acc=96.86 test_acc=95.31
epoch=268/300 lr=0.00100 train_acc=96.86 test_acc=95.29
epoch=269/300 lr=0.00100 train_acc=96.83 test_acc=95.36
epoch=270/300 lr=0.00100 train_acc=96.89 test_acc=95.30
epoch=271/300 lr=0.00100 train_acc=96.89 test_acc=95.22
epoch=272/300 lr=0.00100 train_acc=96.86 test_acc=95.35
epoch=273/300 lr=0.00100 train_acc=96.81 test_acc=95.29
epoch=274/300 lr=0.00100 train_acc=96.90 test_acc=95.34
epoch=275/300 lr=0.00100 train_acc=96.80 test_acc=95.32
epoch=276/300 lr=0.00100 train_acc=96.84 test_acc=95.34
epoch=277/300 lr=0.00100 train_acc=96.74 test_acc=95.30
epoch=278/300 lr=0.00100 train_acc=96.98 test_acc=95.14
epoch=279/300 lr=0.00100 train_acc=96.97 test_acc=95.03
epoch=280/300 lr=0.00100 train_acc=96.96 test_acc=95.14
epoch=281/300 lr=0.00100 train_acc=96.98 test_acc=95.12
epoch=282/300 lr=0.00100 train_acc=96.92 test_acc=95.28
epoch=283/300 lr=0.00100 train_acc=96.89 test_acc=95.31
epoch=284/300 lr=0.00100 train_acc=96.95 test_acc=95.29
epoch=285/300 lr=0.00100 train_acc=96.95 test_acc=95.32
epoch=286/300 lr=0.00100 train_acc=96.95 test_acc=95.32
epoch=287/300 lr=0.00100 train_acc=96.96 test_acc=95.27
epoch=288/300 lr=0.00100 train_acc=96.96 test_acc=95.16
epoch=289/300 lr=0.00100 train_acc=97.04 test_acc=95.22
epoch=290/300 lr=0.00100 train_acc=97.08 test_acc=95.11
epoch=291/300 lr=0.00100 train_acc=97.07 test_acc=95.19
epoch=292/300 lr=0.00100 train_acc=97.02 test_acc=95.47
epoch=293/300 lr=0.00100 train_acc=97.11 test_acc=95.25
epoch=294/300 lr=0.00100 train_acc=97.01 test_acc=95.11
epoch=295/300 lr=0.00100 train_acc=97.01 test_acc=95.23
epoch=296/300 lr=0.00100 train_acc=97.06 test_acc=95.21
epoch=297/300 lr=0.00100 train_acc=97.03 test_acc=95.16
epoch=298/300 lr=0.00100 train_acc=97.23 test_acc=95.12
epoch=299/300 lr=0.00100 train_acc=97.09 test_acc=95.11
epoch=300/300 lr=0.00100 train_acc=97.11 test_acc=95.45
{
  "best_accuracy": 95.47,
  "best_error_rate": 4.530000000000001,
  "final_accuracy": 95.45,
  "final_error_rate": 4.549999999999997,
  "elapsed_seconds": 3301.0167298316956,
  "is_paper_result": false,
  "note": "New reproduction result; compare against paper target separately."
}
start experiment=fashionmnist_resnet32_re_paper seed=1005
epoch=1/300 lr=0.10000 train_acc=67.58 test_acc=79.67
epoch=2/300 lr=0.10000 train_acc=81.19 test_acc=85.30
epoch=3/300 lr=0.10000 train_acc=84.32 test_acc=86.37
epoch=4/300 lr=0.10000 train_acc=85.14 test_acc=87.03
epoch=5/300 lr=0.10000 train_acc=85.78 test_acc=82.09
epoch=6/300 lr=0.10000 train_acc=86.28 test_acc=86.40
epoch=7/300 lr=0.10000 train_acc=86.61 test_acc=88.79
epoch=8/300 lr=0.10000 train_acc=87.12 test_acc=87.20
epoch=9/300 lr=0.10000 train_acc=86.97 test_acc=85.83
epoch=10/300 lr=0.10000 train_acc=87.38 test_acc=89.69
epoch=11/300 lr=0.10000 train_acc=87.57 test_acc=83.06
epoch=12/300 lr=0.10000 train_acc=87.78 test_acc=81.05
epoch=13/300 lr=0.10000 train_acc=87.87 test_acc=88.42
epoch=14/300 lr=0.10000 train_acc=87.78 test_acc=87.12
epoch=15/300 lr=0.10000 train_acc=88.17 test_acc=88.17
epoch=16/300 lr=0.10000 train_acc=88.17 test_acc=87.67
epoch=17/300 lr=0.10000 train_acc=88.03 test_acc=89.67
epoch=18/300 lr=0.10000 train_acc=88.07 test_acc=88.04
epoch=19/300 lr=0.10000 train_acc=88.34 test_acc=88.98
epoch=20/300 lr=0.10000 train_acc=88.41 test_acc=87.32
epoch=21/300 lr=0.10000 train_acc=88.49 test_acc=87.70
epoch=22/300 lr=0.10000 train_acc=88.57 test_acc=86.64
epoch=23/300 lr=0.10000 train_acc=88.56 test_acc=88.85
epoch=24/300 lr=0.10000 train_acc=88.69 test_acc=88.87
epoch=25/300 lr=0.10000 train_acc=88.65 test_acc=87.92
epoch=26/300 lr=0.10000 train_acc=88.53 test_acc=87.36
epoch=27/300 lr=0.10000 train_acc=88.37 test_acc=89.24
epoch=28/300 lr=0.10000 train_acc=88.73 test_acc=91.15
epoch=29/300 lr=0.10000 train_acc=88.77 test_acc=91.24
epoch=30/300 lr=0.10000 train_acc=88.87 test_acc=89.67
epoch=31/300 lr=0.10000 train_acc=89.06 test_acc=89.10
epoch=32/300 lr=0.10000 train_acc=88.92 test_acc=59.09
epoch=33/300 lr=0.10000 train_acc=88.82 test_acc=87.53
epoch=34/300 lr=0.10000 train_acc=88.86 test_acc=90.41
epoch=35/300 lr=0.10000 train_acc=88.93 test_acc=89.79
epoch=36/300 lr=0.10000 train_acc=89.10 test_acc=89.15
epoch=37/300 lr=0.10000 train_acc=88.94 test_acc=87.85
epoch=38/300 lr=0.10000 train_acc=89.14 test_acc=90.93
epoch=39/300 lr=0.10000 train_acc=89.35 test_acc=85.13
epoch=40/300 lr=0.10000 train_acc=89.06 test_acc=89.69
epoch=41/300 lr=0.10000 train_acc=89.04 test_acc=89.46
epoch=42/300 lr=0.10000 train_acc=89.20 test_acc=89.86
epoch=43/300 lr=0.10000 train_acc=89.12 test_acc=89.83
epoch=44/300 lr=0.10000 train_acc=88.95 test_acc=86.83
epoch=45/300 lr=0.10000 train_acc=89.02 test_acc=89.30
epoch=46/300 lr=0.10000 train_acc=89.22 test_acc=90.65
epoch=47/300 lr=0.10000 train_acc=89.11 test_acc=89.32
epoch=48/300 lr=0.10000 train_acc=89.22 test_acc=91.95
epoch=49/300 lr=0.10000 train_acc=89.30 test_acc=90.34
epoch=50/300 lr=0.10000 train_acc=89.17 test_acc=89.33
epoch=51/300 lr=0.10000 train_acc=89.03 test_acc=86.69
epoch=52/300 lr=0.10000 train_acc=89.15 test_acc=90.19
epoch=53/300 lr=0.10000 train_acc=89.25 test_acc=91.02
epoch=54/300 lr=0.10000 train_acc=89.05 test_acc=90.98
epoch=55/300 lr=0.10000 train_acc=89.36 test_acc=90.42
epoch=56/300 lr=0.10000 train_acc=89.23 test_acc=81.75
epoch=57/300 lr=0.10000 train_acc=89.25 test_acc=90.85
epoch=58/300 lr=0.10000 train_acc=89.25 test_acc=90.38
epoch=59/300 lr=0.10000 train_acc=89.09 test_acc=89.22
epoch=60/300 lr=0.10000 train_acc=89.34 test_acc=91.70
epoch=61/300 lr=0.10000 train_acc=89.22 test_acc=89.85
epoch=62/300 lr=0.10000 train_acc=89.46 test_acc=90.12
epoch=63/300 lr=0.10000 train_acc=89.50 test_acc=91.40
epoch=64/300 lr=0.10000 train_acc=89.33 test_acc=89.67
epoch=65/300 lr=0.10000 train_acc=89.35 test_acc=90.88
epoch=66/300 lr=0.10000 train_acc=89.40 test_acc=91.01
epoch=67/300 lr=0.10000 train_acc=89.27 test_acc=91.49
epoch=68/300 lr=0.10000 train_acc=89.42 test_acc=88.56
epoch=69/300 lr=0.10000 train_acc=89.29 test_acc=87.12
epoch=70/300 lr=0.10000 train_acc=89.27 test_acc=87.41
epoch=71/300 lr=0.10000 train_acc=89.35 test_acc=89.14
epoch=72/300 lr=0.10000 train_acc=89.46 test_acc=90.39
epoch=73/300 lr=0.10000 train_acc=89.41 test_acc=87.71
epoch=74/300 lr=0.10000 train_acc=89.24 test_acc=90.21
epoch=75/300 lr=0.10000 train_acc=89.26 test_acc=90.23
epoch=76/300 lr=0.10000 train_acc=89.56 test_acc=89.12
epoch=77/300 lr=0.10000 train_acc=89.42 test_acc=88.18
epoch=78/300 lr=0.10000 train_acc=89.57 test_acc=88.20
epoch=79/300 lr=0.10000 train_acc=89.22 test_acc=89.41
epoch=80/300 lr=0.10000 train_acc=89.25 test_acc=91.01
epoch=81/300 lr=0.10000 train_acc=89.42 test_acc=91.38
epoch=82/300 lr=0.10000 train_acc=89.19 test_acc=90.62
epoch=83/300 lr=0.10000 train_acc=89.23 test_acc=90.22
epoch=84/300 lr=0.10000 train_acc=89.28 test_acc=89.36
epoch=85/300 lr=0.10000 train_acc=89.63 test_acc=90.84
epoch=86/300 lr=0.10000 train_acc=89.47 test_acc=91.80
epoch=87/300 lr=0.10000 train_acc=89.42 test_acc=90.17
epoch=88/300 lr=0.10000 train_acc=89.53 test_acc=87.81
epoch=89/300 lr=0.10000 train_acc=89.64 test_acc=91.37
epoch=90/300 lr=0.10000 train_acc=89.43 test_acc=90.71
epoch=91/300 lr=0.10000 train_acc=89.26 test_acc=89.89
epoch=92/300 lr=0.10000 train_acc=89.45 test_acc=91.36
epoch=93/300 lr=0.10000 train_acc=89.50 test_acc=90.57
epoch=94/300 lr=0.10000 train_acc=89.40 test_acc=90.95
epoch=95/300 lr=0.10000 train_acc=89.48 test_acc=91.38
epoch=96/300 lr=0.10000 train_acc=89.34 test_acc=87.48
epoch=97/300 lr=0.10000 train_acc=89.52 test_acc=91.67
epoch=98/300 lr=0.10000 train_acc=89.33 test_acc=85.43
epoch=99/300 lr=0.10000 train_acc=89.50 test_acc=91.04
epoch=100/300 lr=0.10000 train_acc=89.59 test_acc=91.15
epoch=101/300 lr=0.10000 train_acc=89.47 test_acc=91.64
epoch=102/300 lr=0.10000 train_acc=89.42 test_acc=91.52
epoch=103/300 lr=0.10000 train_acc=89.46 test_acc=87.07
epoch=104/300 lr=0.10000 train_acc=89.62 test_acc=90.73
epoch=105/300 lr=0.10000 train_acc=89.55 test_acc=91.16
epoch=106/300 lr=0.10000 train_acc=89.54 test_acc=90.70
epoch=107/300 lr=0.10000 train_acc=89.56 test_acc=91.55
epoch=108/300 lr=0.10000 train_acc=89.47 test_acc=90.16
epoch=109/300 lr=0.10000 train_acc=89.58 test_acc=91.28
epoch=110/300 lr=0.10000 train_acc=89.53 test_acc=90.14
epoch=111/300 lr=0.10000 train_acc=89.59 test_acc=88.99
epoch=112/300 lr=0.10000 train_acc=89.35 test_acc=90.01
epoch=113/300 lr=0.10000 train_acc=89.62 test_acc=86.74
epoch=114/300 lr=0.10000 train_acc=89.80 test_acc=90.61
epoch=115/300 lr=0.10000 train_acc=89.39 test_acc=90.33
epoch=116/300 lr=0.10000 train_acc=89.49 test_acc=92.29
epoch=117/300 lr=0.10000 train_acc=89.59 test_acc=85.27
epoch=118/300 lr=0.10000 train_acc=89.36 test_acc=91.80
epoch=119/300 lr=0.10000 train_acc=89.55 test_acc=89.84
epoch=120/300 lr=0.10000 train_acc=89.61 test_acc=90.60
epoch=121/300 lr=0.10000 train_acc=89.50 test_acc=91.07
epoch=122/300 lr=0.10000 train_acc=89.49 test_acc=89.85
epoch=123/300 lr=0.10000 train_acc=89.72 test_acc=91.32
epoch=124/300 lr=0.10000 train_acc=89.55 test_acc=90.97
epoch=125/300 lr=0.10000 train_acc=89.66 test_acc=89.74
epoch=126/300 lr=0.10000 train_acc=89.58 test_acc=86.26
epoch=127/300 lr=0.10000 train_acc=89.44 test_acc=88.72
epoch=128/300 lr=0.10000 train_acc=89.37 test_acc=90.48
epoch=129/300 lr=0.10000 train_acc=89.62 test_acc=86.08
epoch=130/300 lr=0.10000 train_acc=89.50 test_acc=91.84
epoch=131/300 lr=0.10000 train_acc=89.50 test_acc=88.62
epoch=132/300 lr=0.10000 train_acc=89.54 test_acc=88.18
epoch=133/300 lr=0.10000 train_acc=89.54 test_acc=89.60
epoch=134/300 lr=0.10000 train_acc=89.78 test_acc=88.96
epoch=135/300 lr=0.10000 train_acc=89.53 test_acc=84.88
epoch=136/300 lr=0.10000 train_acc=89.53 test_acc=91.43
epoch=137/300 lr=0.10000 train_acc=89.61 test_acc=89.66
epoch=138/300 lr=0.10000 train_acc=89.39 test_acc=90.80
epoch=139/300 lr=0.10000 train_acc=89.64 test_acc=89.82
epoch=140/300 lr=0.10000 train_acc=89.51 test_acc=87.14
epoch=141/300 lr=0.10000 train_acc=89.51 test_acc=92.19
epoch=142/300 lr=0.10000 train_acc=89.61 test_acc=89.62
epoch=143/300 lr=0.10000 train_acc=89.42 test_acc=90.84
epoch=144/300 lr=0.10000 train_acc=89.50 test_acc=90.71
epoch=145/300 lr=0.10000 train_acc=89.57 test_acc=91.20
epoch=146/300 lr=0.10000 train_acc=89.47 test_acc=88.55
epoch=147/300 lr=0.10000 train_acc=89.49 test_acc=89.24
epoch=148/300 lr=0.10000 train_acc=89.78 test_acc=90.83
epoch=149/300 lr=0.10000 train_acc=89.61 test_acc=89.69
epoch=150/300 lr=0.10000 train_acc=89.49 test_acc=88.65
epoch=151/300 lr=0.01000 train_acc=92.13 test_acc=93.76
epoch=152/300 lr=0.01000 train_acc=92.96 test_acc=94.17
epoch=153/300 lr=0.01000 train_acc=92.97 test_acc=94.31
epoch=154/300 lr=0.01000 train_acc=93.16 test_acc=94.11
epoch=155/300 lr=0.01000 train_acc=93.30 test_acc=94.19
epoch=156/300 lr=0.01000 train_acc=93.52 test_acc=94.28
epoch=157/300 lr=0.01000 train_acc=93.50 test_acc=94.47
epoch=158/300 lr=0.01000 train_acc=93.72 test_acc=94.38
epoch=159/300 lr=0.01000 train_acc=93.72 test_acc=94.24
epoch=160/300 lr=0.01000 train_acc=93.56 test_acc=94.65
epoch=161/300 lr=0.01000 train_acc=93.70 test_acc=94.48
epoch=162/300 lr=0.01000 train_acc=93.82 test_acc=93.98
epoch=163/300 lr=0.01000 train_acc=93.86 test_acc=94.42
epoch=164/300 lr=0.01000 train_acc=93.92 test_acc=94.54
epoch=165/300 lr=0.01000 train_acc=93.94 test_acc=94.49
epoch=166/300 lr=0.01000 train_acc=93.78 test_acc=94.59
epoch=167/300 lr=0.01000 train_acc=93.95 test_acc=94.51
epoch=168/300 lr=0.01000 train_acc=93.77 test_acc=94.30
epoch=169/300 lr=0.01000 train_acc=94.04 test_acc=93.75
epoch=170/300 lr=0.01000 train_acc=93.80 test_acc=94.40
epoch=171/300 lr=0.01000 train_acc=93.79 test_acc=94.16
epoch=172/300 lr=0.01000 train_acc=94.03 test_acc=94.41
epoch=173/300 lr=0.01000 train_acc=94.03 test_acc=93.99
epoch=174/300 lr=0.01000 train_acc=93.87 test_acc=94.60
epoch=175/300 lr=0.01000 train_acc=93.95 test_acc=94.35
epoch=176/300 lr=0.01000 train_acc=93.98 test_acc=94.18
epoch=177/300 lr=0.01000 train_acc=93.95 test_acc=94.55
epoch=178/300 lr=0.01000 train_acc=93.98 test_acc=94.43
epoch=179/300 lr=0.01000 train_acc=93.84 test_acc=94.06
epoch=180/300 lr=0.01000 train_acc=93.94 test_acc=94.56
epoch=181/300 lr=0.01000 train_acc=93.91 test_acc=94.40
epoch=182/300 lr=0.01000 train_acc=93.85 test_acc=94.75
epoch=183/300 lr=0.01000 train_acc=93.91 test_acc=94.50
epoch=184/300 lr=0.01000 train_acc=93.88 test_acc=94.29
epoch=185/300 lr=0.01000 train_acc=93.86 test_acc=94.61
epoch=186/300 lr=0.01000 train_acc=93.94 test_acc=94.51
epoch=187/300 lr=0.01000 train_acc=94.00 test_acc=94.23
epoch=188/300 lr=0.01000 train_acc=93.85 test_acc=93.88
epoch=189/300 lr=0.01000 train_acc=94.02 test_acc=94.31
epoch=190/300 lr=0.01000 train_acc=94.11 test_acc=93.82
epoch=191/300 lr=0.01000 train_acc=94.03 test_acc=93.79
epoch=192/300 lr=0.01000 train_acc=93.95 test_acc=94.40
epoch=193/300 lr=0.01000 train_acc=94.02 test_acc=94.20
epoch=194/300 lr=0.01000 train_acc=93.99 test_acc=94.26
epoch=195/300 lr=0.01000 train_acc=94.03 test_acc=94.19
epoch=196/300 lr=0.01000 train_acc=93.86 test_acc=94.44
epoch=197/300 lr=0.01000 train_acc=93.97 test_acc=94.63
epoch=198/300 lr=0.01000 train_acc=94.13 test_acc=94.22
epoch=199/300 lr=0.01000 train_acc=94.09 test_acc=94.19
epoch=200/300 lr=0.01000 train_acc=94.00 test_acc=94.03
epoch=201/300 lr=0.01000 train_acc=94.03 test_acc=94.13
epoch=202/300 lr=0.01000 train_acc=94.20 test_acc=94.40
epoch=203/300 lr=0.01000 train_acc=94.17 test_acc=94.20
epoch=204/300 lr=0.01000 train_acc=93.94 test_acc=94.26
epoch=205/300 lr=0.01000 train_acc=94.07 test_acc=94.48
epoch=206/300 lr=0.01000 train_acc=94.03 test_acc=93.54
epoch=207/300 lr=0.01000 train_acc=94.21 test_acc=94.35
epoch=208/300 lr=0.01000 train_acc=94.16 test_acc=94.19
epoch=209/300 lr=0.01000 train_acc=93.97 test_acc=94.14
epoch=210/300 lr=0.01000 train_acc=94.01 test_acc=94.21
epoch=211/300 lr=0.01000 train_acc=94.18 test_acc=94.57
epoch=212/300 lr=0.01000 train_acc=94.11 test_acc=94.35
epoch=213/300 lr=0.01000 train_acc=94.06 test_acc=94.86
epoch=214/300 lr=0.01000 train_acc=94.17 test_acc=93.74
epoch=215/300 lr=0.01000 train_acc=94.22 test_acc=94.55
epoch=216/300 lr=0.01000 train_acc=94.22 test_acc=94.03
epoch=217/300 lr=0.01000 train_acc=94.04 test_acc=94.22
epoch=218/300 lr=0.01000 train_acc=94.13 test_acc=94.16
epoch=219/300 lr=0.01000 train_acc=94.31 test_acc=94.49
epoch=220/300 lr=0.01000 train_acc=94.17 test_acc=94.58
epoch=221/300 lr=0.01000 train_acc=94.26 test_acc=94.48
epoch=222/300 lr=0.01000 train_acc=94.18 test_acc=94.34
epoch=223/300 lr=0.01000 train_acc=94.06 test_acc=94.39
epoch=224/300 lr=0.01000 train_acc=94.24 test_acc=93.54
epoch=225/300 lr=0.01000 train_acc=94.14 test_acc=94.48
epoch=226/300 lr=0.00100 train_acc=95.26 test_acc=95.13
epoch=227/300 lr=0.00100 train_acc=95.52 test_acc=95.22
epoch=228/300 lr=0.00100 train_acc=95.74 test_acc=95.20
epoch=229/300 lr=0.00100 train_acc=95.86 test_acc=95.24
epoch=230/300 lr=0.00100 train_acc=95.86 test_acc=95.31
epoch=231/300 lr=0.00100 train_acc=96.05 test_acc=95.25
epoch=232/300 lr=0.00100 train_acc=95.97 test_acc=95.30
epoch=233/300 lr=0.00100 train_acc=96.18 test_acc=95.22
epoch=234/300 lr=0.00100 train_acc=96.22 test_acc=95.19
epoch=235/300 lr=0.00100 train_acc=96.19 test_acc=95.33
epoch=236/300 lr=0.00100 train_acc=96.20 test_acc=95.31
epoch=237/300 lr=0.00100 train_acc=96.23 test_acc=95.34
epoch=238/300 lr=0.00100 train_acc=96.20 test_acc=95.33
epoch=239/300 lr=0.00100 train_acc=96.28 test_acc=95.20
epoch=240/300 lr=0.00100 train_acc=96.32 test_acc=95.20
epoch=241/300 lr=0.00100 train_acc=96.28 test_acc=95.20
epoch=242/300 lr=0.00100 train_acc=96.42 test_acc=95.22
epoch=243/300 lr=0.00100 train_acc=96.50 test_acc=95.23
epoch=244/300 lr=0.00100 train_acc=96.34 test_acc=95.21
epoch=245/300 lr=0.00100 train_acc=96.52 test_acc=95.15
epoch=246/300 lr=0.00100 train_acc=96.45 test_acc=95.13
epoch=247/300 lr=0.00100 train_acc=96.61 test_acc=95.25
epoch=248/300 lr=0.00100 train_acc=96.38 test_acc=95.27
epoch=249/300 lr=0.00100 train_acc=96.56 test_acc=95.23
epoch=250/300 lr=0.00100 train_acc=96.71 test_acc=95.22
epoch=251/300 lr=0.00100 train_acc=96.54 test_acc=95.16
epoch=252/300 lr=0.00100 train_acc=96.56 test_acc=95.27
epoch=253/300 lr=0.00100 train_acc=96.63 test_acc=95.20
epoch=254/300 lr=0.00100 train_acc=96.62 test_acc=95.23
epoch=255/300 lr=0.00100 train_acc=96.65 test_acc=95.14
epoch=256/300 lr=0.00100 train_acc=96.77 test_acc=95.19
epoch=257/300 lr=0.00100 train_acc=96.60 test_acc=95.04
epoch=258/300 lr=0.00100 train_acc=96.66 test_acc=95.23
epoch=259/300 lr=0.00100 train_acc=96.75 test_acc=95.28
epoch=260/300 lr=0.00100 train_acc=96.82 test_acc=95.08
epoch=261/300 lr=0.00100 train_acc=96.83 test_acc=95.09
epoch=262/300 lr=0.00100 train_acc=96.72 test_acc=95.15
epoch=263/300 lr=0.00100 train_acc=96.67 test_acc=95.13
epoch=264/300 lr=0.00100 train_acc=96.90 test_acc=95.03
epoch=265/300 lr=0.00100 train_acc=96.73 test_acc=95.12
epoch=266/300 lr=0.00100 train_acc=96.70 test_acc=95.13
epoch=267/300 lr=0.00100 train_acc=96.86 test_acc=95.23
epoch=268/300 lr=0.00100 train_acc=96.80 test_acc=95.18
epoch=269/300 lr=0.00100 train_acc=96.87 test_acc=95.06
epoch=270/300 lr=0.00100 train_acc=96.89 test_acc=95.24
epoch=271/300 lr=0.00100 train_acc=96.77 test_acc=95.23
epoch=272/300 lr=0.00100 train_acc=96.93 test_acc=95.15
epoch=273/300 lr=0.00100 train_acc=96.96 test_acc=95.00
epoch=274/300 lr=0.00100 train_acc=96.91 test_acc=95.21
epoch=275/300 lr=0.00100 train_acc=96.97 test_acc=95.21
epoch=276/300 lr=0.00100 train_acc=96.79 test_acc=95.11
epoch=277/300 lr=0.00100 train_acc=96.95 test_acc=95.18
epoch=278/300 lr=0.00100 train_acc=96.84 test_acc=95.07
epoch=279/300 lr=0.00100 train_acc=96.86 test_acc=95.14
epoch=280/300 lr=0.00100 train_acc=96.95 test_acc=95.32
epoch=281/300 lr=0.00100 train_acc=96.97 test_acc=95.19
epoch=282/300 lr=0.00100 train_acc=96.92 test_acc=95.15
epoch=283/300 lr=0.00100 train_acc=96.96 test_acc=95.19
epoch=284/300 lr=0.00100 train_acc=96.94 test_acc=95.22
epoch=285/300 lr=0.00100 train_acc=97.01 test_acc=95.03
epoch=286/300 lr=0.00100 train_acc=97.06 test_acc=95.09
epoch=287/300 lr=0.00100 train_acc=97.14 test_acc=95.11
epoch=288/300 lr=0.00100 train_acc=96.97 test_acc=95.01
epoch=289/300 lr=0.00100 train_acc=97.08 test_acc=95.14
epoch=290/300 lr=0.00100 train_acc=97.14 test_acc=95.02
epoch=291/300 lr=0.00100 train_acc=97.06 test_acc=94.98
epoch=292/300 lr=0.00100 train_acc=97.09 test_acc=95.24
epoch=293/300 lr=0.00100 train_acc=97.06 test_acc=94.98
epoch=294/300 lr=0.00100 train_acc=97.10 test_acc=95.18
epoch=295/300 lr=0.00100 train_acc=97.11 test_acc=95.18
epoch=296/300 lr=0.00100 train_acc=97.08 test_acc=95.18
epoch=297/300 lr=0.00100 train_acc=97.06 test_acc=95.17
epoch=298/300 lr=0.00100 train_acc=97.17 test_acc=95.15
epoch=299/300 lr=0.00100 train_acc=97.17 test_acc=95.09
epoch=300/300 lr=0.00100 train_acc=97.13 test_acc=94.95
{
  "best_accuracy": 95.34,
  "best_error_rate": 4.659999999999997,
  "final_accuracy": 94.95,
  "final_error_rate": 5.049999999999997,
  "elapsed_seconds": 3231.758339881897,
  "is_paper_result": false,
  "note": "New reproduction result; compare against paper target separately."
}
{
  "experiment": "fashionmnist_resnet32_re_paper",
  "seeds": [
    1001,
    1002,
    1003,
    1004,
    1005
  ],
  "smoke": false,
  "is_paper_result": false,
  "best_error_rate": {
    "values": [
      4.510000000000005,
      4.680000000000007,
      4.480000000000004,
      4.530000000000001,
      4.659999999999997
    ],
    "mean": 4.572000000000003,
    "population_std": 0.08182909018191442,
    "sample_std": 0.09148770409186063
  },
  "final_error_rate": {
    "values": [
      4.810000000000002,
      4.769999999999996,
      4.650000000000006,
      4.549999999999997,
      5.049999999999997
    ],
    "mean": 4.766,
    "population_std": 0.1689496966555421,
    "sample_std": 0.1888915032498805
  },
  "note": "New reproduction aggregate; paper does not state best-vs-final or std convention."
}
